Reg_No,Internal,External,Total,Grade,Time,Year,Type,Code,Credit,Title,Cut-Off-S,Cut-Off-A,Cut-Off-B,Cut-Off-C,Cut-Off-D,Cut-Off-E,Directory,Absentees,Malpractices,Detentions,NA,appeared
201600188,28.30,AB,0.00,I,JUNE_JULY,2018,SUPP,BA1106,3.0,COMMUNICATION SKILLS _BA1106_,80.000000,71.000000,62.000000,53.000000,44.000000,35.000000,JUNE_JULY_2018,0,0,0,0,0
201700039,11.30,19.5,31.00,F,JUNE_JULY,2018,SUPP,BA1106,3.0,COMMUNICATION SKILLS _BA1106_,80.000000,71.000000,62.000000,53.000000,44.000000,35.000000,JUNE_JULY_2018,0,0,0,0,0
201700193,17.20,28,46.00,D,JUNE_JULY,2018,SUPP,BA1106,3.0,COMMUNICATION SKILLS _BA1106_,80.000000,71.000000,62.000000,53.000000,44.000000,35.000000,JUNE_JULY_2018,0,0,0,0,0
201700246,15.30,27,43.00,E,JUNE_JULY,2018,SUPP,BA1106,3.0,COMMUNICATION SKILLS _BA1106_,80.000000,71.000000,62.000000,53.000000,44.000000,35.000000,JUNE_JULY_2018,0,0,0,0,0
201700472,15.30,19,35.00,E,JUNE_JULY,2018,SUPP,BA1106,3.0,COMMUNICATION SKILLS _BA1106_,80.000000,71.000000,62.000000,53.000000,44.000000,35.000000,JUNE_JULY_2018,0,0,0,0,0
201700247,15.70,11,27.00,F,JUNE_JULY,2018,SUPP,BA1106,3.0,COMMUNICATION SKILLS _BA1106_,80.000000,71.000000,62.000000,53.000000,44.000000,35.000000,JUNE_JULY_2018,0,0,0,0,0
