Reg_No,Internal,External,Total,Grade,Time,Year,Type,Code,Credit,Title,Cut-Off-S,Cut-Off-A,Cut-Off-B,Cut-Off-C,Cut-Off-D,Cut-Off-E,Directory,Absentees,Malpractices,Detentions,NA,appeared
201700193,23.10,24.5,48.00,D,JUNE_JULY,2018,SUPP,BA1215_BA1261,1.0,UNIVERSAL HUMAN VALUE & PROFESSIONAL ETHICS II,80.000000,71.000000,62.000000,53.000000,44.000000,35.000000,JUNE_JULY_2018,0,0,0,0,0
201700298,22.20,AB,0.00,I,JUNE_JULY,2018,SUPP,BA1215_BA1261,1.0,UNIVERSAL HUMAN VALUE & PROFESSIONAL ETHICS II,80.000000,71.000000,62.000000,53.000000,44.000000,35.000000,JUNE_JULY_2018,0,0,0,0,0
201700459,26.85,16,43.00,E,JUNE_JULY,2018,SUPP,BA1215_BA1261,1.0,UNIVERSAL HUMAN VALUE & PROFESSIONAL ETHICS II,80.000000,71.000000,62.000000,53.000000,44.000000,35.000000,JUNE_JULY_2018,0,0,0,0,0
201700499,31.15,29,61.00,C,JUNE_JULY,2018,SUPP,BA1215_BA1261,1.0,UNIVERSAL HUMAN VALUE & PROFESSIONAL ETHICS II,80.000000,71.000000,62.000000,53.000000,44.000000,35.000000,JUNE_JULY_2018,0,0,0,0,0
201700559,33.63,15,49.00,D,JUNE_JULY,2018,SUPP,BA1215_BA1261,1.0,UNIVERSAL HUMAN VALUE & PROFESSIONAL ETHICS II,80.000000,71.000000,62.000000,53.000000,44.000000,35.000000,JUNE_JULY_2018,0,0,0,0,0
201600055,15.52,MP,0.00,MP,JUNE_JULY,2018,SUPP,BA1215_BA1261,1.0,UNIVERSAL HUMAN VALUE & PROFESSIONAL ETHICS II,80.000000,71.000000,62.000000,53.000000,44.000000,35.000000,JUNE_JULY_2018,0,0,0,0,0
