Reg_No,Internal,External,Total,Grade,Time,Year,Type,Code,Credit,Title,Cut-Off-S,Cut-Off-A,Cut-Off-B,Cut-Off-C,Cut-Off-D,Cut-Off-E,Directory,Absentees,Malpractices,Detentions,NA,appeared
201432007,34.50,13,48.00,D,JUNE_JULY,2018,SUPP,BA1210,4.0,ACCOUNTING & FINANCIAL MANAGEMENT _BA1210_,80.000000,71.000000,62.000000,53.000000,44.000000,35.000000,JUNE_JULY_2018,0,0,0,0,0
201616007,11.40,17,29.00,F,JUNE_JULY,2018,SUPP,BA1210,4.0,ACCOUNTING & FINANCIAL MANAGEMENT _BA1210_,80.000000,71.000000,62.000000,53.000000,44.000000,35.000000,JUNE_JULY_2018,0,0,0,0,0
201716008,25.80,15,41.00,E,JUNE_JULY,2018,SUPP,BA1210,4.0,ACCOUNTING & FINANCIAL MANAGEMENT _BA1210_,80.000000,71.000000,62.000000,53.000000,44.000000,35.000000,JUNE_JULY_2018,0,0,0,0,0
201716016,23.20,11.5,35.00,E,JUNE_JULY,2018,SUPP,BA1210,4.0,ACCOUNTING & FINANCIAL MANAGEMENT _BA1210_,80.000000,71.000000,62.000000,53.000000,44.000000,35.000000,JUNE_JULY_2018,0,0,0,0,0
201716029,18.70,4.5,24.00,F,JUNE_JULY,2018,SUPP,BA1210,4.0,ACCOUNTING & FINANCIAL MANAGEMENT _BA1210_,80.000000,71.000000,62.000000,53.000000,44.000000,35.000000,JUNE_JULY_2018,0,0,0,0,0
201716030,23.90,10.5,35.00,E,JUNE_JULY,2018,SUPP,BA1210,4.0,ACCOUNTING & FINANCIAL MANAGEMENT _BA1210_,80.000000,71.000000,62.000000,53.000000,44.000000,35.000000,JUNE_JULY_2018,0,0,0,0,0
201716034,23.45,23.5,47.00,D,JUNE_JULY,2018,SUPP,BA1210,4.0,ACCOUNTING & FINANCIAL MANAGEMENT _BA1210_,80.000000,71.000000,62.000000,53.000000,44.000000,35.000000,JUNE_JULY_2018,0,0,0,0,0
