Reg_No,Internal,External,Total,Grade,Time,Year,Type,Code,Credit,Title,Cut-Off-S,Cut-Off-A,Cut-Off-B,Cut-Off-C,Cut-Off-D,Cut-Off-E,Directory,Absentees,Malpractices,Detentions,NA,appeared
201419011,11.35,26,38.00,E,JUNE_JULY,2018,SUPP,BA1402,4.0,MARKETING RESEARCH _13 14 15 16_,90.000000,79.000000,68.000000,57.000000,46.000000,35.000000,JUNE_JULY_2018,0,0,0,0,0
201419017,10.65,35,46.00,D,JUNE_JULY,2018,SUPP,BA1402,4.0,MARKETING RESEARCH _13 14 15 16_,90.000000,79.000000,68.000000,57.000000,46.000000,35.000000,JUNE_JULY_2018,0,0,0,0,0
201419019,13.80,26,40.00,E,JUNE_JULY,2018,SUPP,BA1402,4.0,MARKETING RESEARCH _13 14 15 16_,90.000000,79.000000,68.000000,57.000000,46.000000,35.000000,JUNE_JULY_2018,0,0,0,0,0
201519039,13.65,36,50.00,D,JUNE_JULY,2018,SUPP,BA1402,4.0,MARKETING RESEARCH _13 14 15 16_,90.000000,79.000000,68.000000,57.000000,46.000000,35.000000,JUNE_JULY_2018,0,0,0,0,0
201619031,10.00,33,43.00,E,JUNE_JULY,2018,SUPP,BA1402,4.0,MARKETING RESEARCH _13 14 15 16_,90.000000,79.000000,68.000000,57.000000,46.000000,35.000000,JUNE_JULY_2018,0,0,0,0,0
