Reg_No,Internal,External,Total,Grade,Time,Year,Type,Code,Credit,Title,Cut-Off-S,Cut-Off-A,Cut-Off-B,Cut-Off-C,Cut-Off-D,Cut-Off-E,Directory,Absentees,Malpractices,Detentions,NA,appeared
20130493,14.40,33.5,48.00,D,JUNE_JULY,2018,SUPP,BA1511,4.0,ENGINEERING ECONOMICS & ACCOUNTANCY _10 11 12 13 14_,80.000000,71.000000,62.000000,53.000000,44.000000,35.000000,JUNE_JULY_2018,0,0,0,0,0
20130457,15.40,21,37.00,E,JUNE_JULY,2018,SUPP,BA1511,4.0,ENGINEERING ECONOMICS & ACCOUNTANCY _10 11 12 13 14_,80.000000,71.000000,62.000000,53.000000,44.000000,35.000000,JUNE_JULY_2018,0,0,0,0,0
20130507,22.15,23,46.00,D,JUNE_JULY,2018,SUPP,BA1511,4.0,ENGINEERING ECONOMICS & ACCOUNTANCY _10 11 12 13 14_,80.000000,71.000000,62.000000,53.000000,44.000000,35.000000,JUNE_JULY_2018,0,0,0,0,0
20140130,14.45,AB,0.00,I,JUNE_JULY,2018,SUPP,BA1511,4.0,ENGINEERING ECONOMICS & ACCOUNTANCY _10 11 12 13 14_,80.000000,71.000000,62.000000,53.000000,44.000000,35.000000,JUNE_JULY_2018,0,0,0,0,0
