Reg_No,Internal,External,Total,Grade,Time,Year,Type,Code,Credit,Title,Cut-Off-S,Cut-Off-A,Cut-Off-B,Cut-Off-C,Cut-Off-D,Cut-Off-E,Directory,Absentees,Malpractices,Detentions,NA,appeared
20140097,22.30,24.5,47.00,D,JUNE_JULY,2018,SUPP,BA1510,4.0,INDUSTRIAL MANAGEMENT _BA1510_,80.000000,71.000000,62.000000,53.000000,44.000000,35.000000,JUNE_JULY_2018,0,0,0,0,0
20130647,5.00,AB,0.00,I,JUNE_JULY,2018,SUPP,BA1510,4.0,INDUSTRIAL MANAGEMENT _BA1510_,80.000000,71.000000,62.000000,53.000000,44.000000,35.000000,JUNE_JULY_2018,0,0,0,0,0
20140122,15.10,30,46.00,D,JUNE_JULY,2018,SUPP,BA1510,4.0,INDUSTRIAL MANAGEMENT _BA1510_,80.000000,71.000000,62.000000,53.000000,44.000000,35.000000,JUNE_JULY_2018,0,0,0,0,0
201500030,12.90,AB,0.00,I,JUNE_JULY,2018,SUPP,BA1510,4.0,INDUSTRIAL MANAGEMENT _BA1510_,80.000000,71.000000,62.000000,53.000000,44.000000,35.000000,JUNE_JULY_2018,0,0,0,0,0
20130460,12.50,AB,0.00,I,JUNE_JULY,2018,SUPP,BA1510,4.0,INDUSTRIAL MANAGEMENT _BA1510_,80.000000,71.000000,62.000000,53.000000,44.000000,35.000000,JUNE_JULY_2018,0,0,0,0,0
