Reg_No,Internal,External,Total,Grade,Time,Year,Type,Code,Credit,Title,Cut-Off-S,Cut-Off-A,Cut-Off-B,Cut-Off-C,Cut-Off-D,Cut-Off-E,Directory,Absentees,Malpractices,Detentions,NA,appeared
201519015,8.90,32.5,42.00,E,JUNE_JULY,2018,SUPP,BA1636,3.0,TAX PLANNING & TAX MANAGEMENT,80.000000,71.000000,62.000000,53.000000,44.000000,35.000000,JUNE_JULY_2018,0,0,0,0,0
201519016,16.50,31.5,48.00,D,JUNE_JULY,2018,SUPP,BA1636,3.0,TAX PLANNING & TAX MANAGEMENT,80.000000,71.000000,62.000000,53.000000,44.000000,35.000000,JUNE_JULY_2018,0,0,0,0,0
201519019,18.80,32.5,52.00,D,JUNE_JULY,2018,SUPP,BA1636,3.0,TAX PLANNING & TAX MANAGEMENT,80.000000,71.000000,62.000000,53.000000,44.000000,35.000000,JUNE_JULY_2018,0,0,0,0,0
201519020,11.00,10,21.00,F,JUNE_JULY,2018,SUPP,BA1636,3.0,TAX PLANNING & TAX MANAGEMENT,80.000000,71.000000,62.000000,53.000000,44.000000,35.000000,JUNE_JULY_2018,0,0,0,0,0
201519035,11.10,36,48.00,D,JUNE_JULY,2018,SUPP,BA1636,3.0,TAX PLANNING & TAX MANAGEMENT,80.000000,71.000000,62.000000,53.000000,44.000000,35.000000,JUNE_JULY_2018,0,0,0,0,0
