Reg_No,Internal,External,Total,Grade,Time,Year,Type,Code,Credit,Title,Cut-Off-S,Cut-Off-A,Cut-Off-B,Cut-Off-C,Cut-Off-D,Cut-Off-E,Directory,Absentees,Malpractices,Detentions,NA,appeared
201316013,13.85,14.75,29.00,F,JUNE_JULY,2018,SUPP,CA1202,4.0,C PROGRAMMING II,83.000000,73.000000,64.000000,54.000000,45.000000,35.000000,JUNE_JULY_2018,0,0,0,0,0
201616015,20.05,17,38.00,E,JUNE_JULY,2018,SUPP,CA1202,4.0,C PROGRAMMING II,83.000000,73.000000,64.000000,54.000000,45.000000,35.000000,JUNE_JULY_2018,0,0,0,0,0
201616026,15.45,35,51.00,D,JUNE_JULY,2018,SUPP,CA1202,4.0,C PROGRAMMING II,83.000000,73.000000,64.000000,54.000000,45.000000,35.000000,JUNE_JULY_2018,0,0,0,0,0
201716008,17.90,19.5,38.00,E,JUNE_JULY,2018,SUPP,CA1202,4.0,C PROGRAMMING II,83.000000,73.000000,64.000000,54.000000,45.000000,35.000000,JUNE_JULY_2018,0,0,0,0,0
201716016,22.20,12,35.00,E,JUNE_JULY,2018,SUPP,CA1202,4.0,C PROGRAMMING II,83.000000,73.000000,64.000000,54.000000,45.000000,35.000000,JUNE_JULY_2018,0,0,0,0,0
201716030,19.90,0,20.00,F,JUNE_JULY,2018,SUPP,CA1202,4.0,C PROGRAMMING II,83.000000,73.000000,64.000000,54.000000,45.000000,35.000000,JUNE_JULY_2018,0,0,0,0,0
201716034,18.30,8.5,27.00,F,JUNE_JULY,2018,SUPP,CA1202,4.0,C PROGRAMMING II,83.000000,73.000000,64.000000,54.000000,45.000000,35.000000,JUNE_JULY_2018,0,0,0,0,0
