Reg_No,Internal,External,Total,Grade,Time,Year,Type,Code,Credit,Title,Cut-Off-S,Cut-Off-A,Cut-Off-B,Cut-Off-C,Cut-Off-D,Cut-Off-E,Directory,Absentees,Malpractices,Detentions,NA,appeared
201316013,17.25,17.5,35.00,E,JUNE_JULY,2018,SUPP,CA1204,4.0,HTML & SCRIPTING FOR WEB PAGE DESIGNING,90.000000,79.000000,68.000000,57.000000,46.000000,35.000000,JUNE_JULY_2018,0,0,0,0,0
201316016,15.10,20.25,36.00,E,JUNE_JULY,2018,SUPP,CA1204,4.0,HTML & SCRIPTING FOR WEB PAGE DESIGNING,90.000000,79.000000,68.000000,57.000000,46.000000,35.000000,JUNE_JULY_2018,0,0,0,0,0
201716028,16.75,8,25.00,F,JUNE_JULY,2018,SUPP,CA1204,4.0,HTML & SCRIPTING FOR WEB PAGE DESIGNING,90.000000,79.000000,68.000000,57.000000,46.000000,35.000000,JUNE_JULY_2018,0,0,0,0,0
201716029,13.80,12,26.00,F,JUNE_JULY,2018,SUPP,CA1204,4.0,HTML & SCRIPTING FOR WEB PAGE DESIGNING,90.000000,79.000000,68.000000,57.000000,46.000000,35.000000,JUNE_JULY_2018,0,0,0,0,0
201716030,16.10,10,27.00,F,JUNE_JULY,2018,SUPP,CA1204,4.0,HTML & SCRIPTING FOR WEB PAGE DESIGNING,90.000000,79.000000,68.000000,57.000000,46.000000,35.000000,JUNE_JULY_2018,0,0,0,0,0
201716034,20.95,19,40.00,E,JUNE_JULY,2018,SUPP,CA1204,4.0,HTML & SCRIPTING FOR WEB PAGE DESIGNING,90.000000,79.000000,68.000000,57.000000,46.000000,35.000000,JUNE_JULY_2018,0,0,0,0,0
