Reg_No,Internal,External,Total,Grade,Time,Year,Type,Code,Credit,Title,Cut-Off-S,Cut-Off-A,Cut-Off-B,Cut-Off-C,Cut-Off-D,Cut-Off-E,Directory,Absentees,Malpractices,Detentions,NA,appeared
201516004,12.60,15.5,29.00,F,JUNE_JULY,2018,SUPP,CA1205,4.0,PRINCIPLES OF PROGRAMMING LANGUAGE,81.000000,72.000000,63.000000,53.000000,44.000000,35.000000,JUNE_JULY_2018,0,0,0,0,0
201616015,18.90,18.5,38.00,E,JUNE_JULY,2018,SUPP,CA1205,4.0,PRINCIPLES OF PROGRAMMING LANGUAGE,81.000000,72.000000,63.000000,53.000000,44.000000,35.000000,JUNE_JULY_2018,0,0,0,0,0
201716028,19.70,18.5,39.00,E,JUNE_JULY,2018,SUPP,CA1205,4.0,PRINCIPLES OF PROGRAMMING LANGUAGE,81.000000,72.000000,63.000000,53.000000,44.000000,35.000000,JUNE_JULY_2018,0,0,0,0,0
201716030,15.20,22.5,38.00,E,JUNE_JULY,2018,SUPP,CA1205,4.0,PRINCIPLES OF PROGRAMMING LANGUAGE,81.000000,72.000000,63.000000,53.000000,44.000000,35.000000,JUNE_JULY_2018,0,0,0,0,0
201716034,22.50,14,37.00,E,JUNE_JULY,2018,SUPP,CA1205,4.0,PRINCIPLES OF PROGRAMMING LANGUAGE,81.000000,72.000000,63.000000,53.000000,44.000000,35.000000,JUNE_JULY_2018,0,0,0,0,0
