Reg_No,Internal,External,Total,Grade,Time,Year,Type,Code,Credit,Title,Cut-Off-S,Cut-Off-A,Cut-Off-B,Cut-Off-C,Cut-Off-D,Cut-Off-E,Directory,Absentees,Malpractices,Detentions,NA,appeared
20140261,8.70,AB,0.00,I,JUNE_JULY,2018,SUPP,CE1304,4.0,BUILDING SCIENCE & TECHNOLOGY,81.000000,72.000000,63.000000,53.000000,44.000000,35.000000,JUNE_JULY_2018,0,0,0,0,0
20140198,4.30,AB,0.00,I,JUNE_JULY,2018,SUPP,CE1304,4.0,BUILDING SCIENCE & TECHNOLOGY,81.000000,72.000000,63.000000,53.000000,44.000000,35.000000,JUNE_JULY_2018,0,0,0,0,0
201500121,12.80,29.5,43.00,E,JUNE_JULY,2018,SUPP,CE1304,4.0,BUILDING SCIENCE & TECHNOLOGY,81.000000,72.000000,63.000000,53.000000,44.000000,35.000000,JUNE_JULY_2018,0,0,0,0,0
201500136,15.65,18.5,35.00,E,JUNE_JULY,2018,SUPP,CE1304,4.0,BUILDING SCIENCE & TECHNOLOGY,81.000000,72.000000,63.000000,53.000000,44.000000,35.000000,JUNE_JULY_2018,0,0,0,0,0
201500148,13.93,22,36.00,E,JUNE_JULY,2018,SUPP,CE1304,4.0,BUILDING SCIENCE & TECHNOLOGY,81.000000,72.000000,63.000000,53.000000,44.000000,35.000000,JUNE_JULY_2018,0,0,0,0,0
201600191,24.20,40.5,65.00,B,JUNE_JULY,2018,SUPP,CE1304,4.0,BUILDING SCIENCE & TECHNOLOGY,81.000000,72.000000,63.000000,53.000000,44.000000,35.000000,JUNE_JULY_2018,0,0,0,0,0
201600197,13.65,AB,0.00,I,JUNE_JULY,2018,SUPP,CE1304,4.0,BUILDING SCIENCE & TECHNOLOGY,81.000000,72.000000,63.000000,53.000000,44.000000,35.000000,JUNE_JULY_2018,0,0,0,0,0
