Reg_No,Internal,External,Total,Grade,Time,Year,Type,Code,Credit,Title,Cut-Off-S,Cut-Off-A,Cut-Off-B,Cut-Off-C,Cut-Off-D,Cut-Off-E,Directory,Absentees,Malpractices,Detentions,NA,appeared
20140148,10.40,MP,0.00,MP,JUNE_JULY,2018,SUPP,CE1302,4.0,FLUID MECHANICS I,80.000000,71.000000,62.000000,53.000000,44.000000,35.000000,JUNE_JULY_2018,0,0,0,0,0
201600282,14.75,28.25,43.00,E,JUNE_JULY,2018,SUPP,CE1302,4.0,FLUID MECHANICS I,80.000000,71.000000,62.000000,53.000000,44.000000,35.000000,JUNE_JULY_2018,0,0,0,0,0
201718504,17.30,33,51.00,D,JUNE_JULY,2018,SUPP,CE1302,4.0,FLUID MECHANICS I,80.000000,71.000000,62.000000,53.000000,44.000000,35.000000,JUNE_JULY_2018,0,0,0,0,0
201718505,14.20,7,22.00,F,JUNE_JULY,2018,SUPP,CE1302,4.0,FLUID MECHANICS I,80.000000,71.000000,62.000000,53.000000,44.000000,35.000000,JUNE_JULY_2018,0,0,0,0,0
201718533,22.30,23,46.00,D,JUNE_JULY,2018,SUPP,CE1302,4.0,FLUID MECHANICS I,80.000000,71.000000,62.000000,53.000000,44.000000,35.000000,JUNE_JULY_2018,0,0,0,0,0
201718534,10.30,24.5,35.00,E,JUNE_JULY,2018,SUPP,CE1302,4.0,FLUID MECHANICS I,80.000000,71.000000,62.000000,53.000000,44.000000,35.000000,JUNE_JULY_2018,0,0,0,0,0
201718535,15.85,22,38.00,E,JUNE_JULY,2018,SUPP,CE1302,4.0,FLUID MECHANICS I,80.000000,71.000000,62.000000,53.000000,44.000000,35.000000,JUNE_JULY_2018,0,0,0,0,0
201718536,16.10,11.5,28.00,F,JUNE_JULY,2018,SUPP,CE1302,4.0,FLUID MECHANICS I,80.000000,71.000000,62.000000,53.000000,44.000000,35.000000,JUNE_JULY_2018,0,0,0,0,0
