Reg_No,Internal,External,Total,Grade,Time,Year,Type,Code,Credit,Title,Cut-Off-S,Cut-Off-A,Cut-Off-B,Cut-Off-C,Cut-Off-D,Cut-Off-E,Directory,Absentees,Malpractices,Detentions,NA,appeared
20140542,11.40,23.5,35.00,E,JUNE_JULY,2018,SUPP,CE1401,4.0,NUMERICAL METHODS IN CIVIL ENGINEERING _15 16_,90.000000,79.000000,68.000000,57.000000,46.000000,35.000000,JUNE_JULY_2018,0,0,0,0,0
201518520,22.70,21.5,45.00,E,JUNE_JULY,2018,SUPP,CE1401,4.0,NUMERICAL METHODS IN CIVIL ENGINEERING _15 16_,90.000000,79.000000,68.000000,57.000000,46.000000,35.000000,JUNE_JULY_2018,0,0,0,0,0
201618509,16.20,27,44.00,E,JUNE_JULY,2018,SUPP,CE1401,4.0,NUMERICAL METHODS IN CIVIL ENGINEERING _15 16_,90.000000,79.000000,68.000000,57.000000,46.000000,35.000000,JUNE_JULY_2018,0,0,0,0,0
201618518,16.00,20,36.00,E,JUNE_JULY,2018,SUPP,CE1401,4.0,NUMERICAL METHODS IN CIVIL ENGINEERING _15 16_,90.000000,79.000000,68.000000,57.000000,46.000000,35.000000,JUNE_JULY_2018,0,0,0,0,0
201600191,26.20,40,67.00,C,JUNE_JULY,2018,SUPP,CE1401,4.0,NUMERICAL METHODS IN CIVIL ENGINEERING _15 16_,90.000000,79.000000,68.000000,57.000000,46.000000,35.000000,JUNE_JULY_2018,0,0,0,0,0
201718512,31.70,40.5,73.00,B,JUNE_JULY,2018,SUPP,CE1401,4.0,NUMERICAL METHODS IN CIVIL ENGINEERING _15 16_,90.000000,79.000000,68.000000,57.000000,46.000000,35.000000,JUNE_JULY_2018,0,0,0,0,0
201718514,10.30,26.5,37.00,E,JUNE_JULY,2018,SUPP,CE1401,4.0,NUMERICAL METHODS IN CIVIL ENGINEERING _15 16_,90.000000,79.000000,68.000000,57.000000,46.000000,35.000000,JUNE_JULY_2018,0,0,0,0,0
201718534,16.20,22.5,39.00,E,JUNE_JULY,2018,SUPP,CE1401,4.0,NUMERICAL METHODS IN CIVIL ENGINEERING _15 16_,90.000000,79.000000,68.000000,57.000000,46.000000,35.000000,JUNE_JULY_2018,0,0,0,0,0
201718539,10.10,20.5,31.00,F,JUNE_JULY,2018,SUPP,CE1401,4.0,NUMERICAL METHODS IN CIVIL ENGINEERING _15 16_,90.000000,79.000000,68.000000,57.000000,46.000000,35.000000,JUNE_JULY_2018,0,0,0,0,0
