Reg_No,Internal,External,Total,Grade,Time,Year,Type,Code,Credit,Title,Cut-Off-S,Cut-Off-A,Cut-Off-B,Cut-Off-C,Cut-Off-D,Cut-Off-E,Directory,Absentees,Malpractices,Detentions,NA,appeared
20140020,56.80,11,68.00,C,JUNE_JULY,2018,SUPP,CE1461,1.5,FLUID MECHANICS LAB,90.000000,82.000000,74.000000,66.000000,58.000000,50.000000,JUNE_JULY_2018,0,0,0,0,0
20140196,53.30,11,65.00,D,JUNE_JULY,2018,SUPP,CE1461,1.5,FLUID MECHANICS LAB,90.000000,82.000000,74.000000,66.000000,58.000000,50.000000,JUNE_JULY_2018,0,0,0,0,0
20140657,62.80,19,82.00,A,JUNE_JULY,2018,SUPP,CE1461,1.5,FLUID MECHANICS LAB,90.000000,82.000000,74.000000,66.000000,58.000000,50.000000,JUNE_JULY_2018,0,0,0,0,0
201600186,76.80,20,97.00,S,JUNE_JULY,2018,SUPP,CE1461,1.5,FLUID MECHANICS LAB,90.000000,82.000000,74.000000,66.000000,58.000000,50.000000,JUNE_JULY_2018,0,0,0,0,0
