Reg_No,Internal,External,Total,Grade,Time,Year,Type,Code,Credit,Title,Cut-Off-S,Cut-Off-A,Cut-Off-B,Cut-Off-C,Cut-Off-D,Cut-Off-E,Directory,Absentees,Malpractices,Detentions,NA,appeared
20130035,10.20,32,43.00,E,JUNE_JULY,2018,SUPP,CE1506,4.0,TRANSPORTATION ENGINEERING I,81.000000,72.000000,63.000000,53.000000,44.000000,35.000000,JUNE_JULY_2018,0,0,0,0,0
201500148,8.60,18.5,28.00,F,JUNE_JULY,2018,SUPP,CE1506,4.0,TRANSPORTATION ENGINEERING I,81.000000,72.000000,63.000000,53.000000,44.000000,35.000000,JUNE_JULY_2018,0,0,0,0,0
201518520,17.90,23.5,42.00,E,JUNE_JULY,2018,SUPP,CE1506,4.0,TRANSPORTATION ENGINEERING I,81.000000,72.000000,63.000000,53.000000,44.000000,35.000000,JUNE_JULY_2018,0,0,0,0,0
201618521,15.70,33,49.00,D,JUNE_JULY,2018,SUPP,CE1506,4.0,TRANSPORTATION ENGINEERING I,81.000000,72.000000,63.000000,53.000000,44.000000,35.000000,JUNE_JULY_2018,0,0,0,0,0
201618530,12.50,26.5,39.00,E,JUNE_JULY,2018,SUPP,CE1506,4.0,TRANSPORTATION ENGINEERING I,81.000000,72.000000,63.000000,53.000000,44.000000,35.000000,JUNE_JULY_2018,0,0,0,0,0
201618532,12.40,26.5,39.00,E,JUNE_JULY,2018,SUPP,CE1506,4.0,TRANSPORTATION ENGINEERING I,81.000000,72.000000,63.000000,53.000000,44.000000,35.000000,JUNE_JULY_2018,0,0,0,0,0
201618534,15.70,24,40.00,E,JUNE_JULY,2018,SUPP,CE1506,4.0,TRANSPORTATION ENGINEERING I,81.000000,72.000000,63.000000,53.000000,44.000000,35.000000,JUNE_JULY_2018,0,0,0,0,0
201618535,11.20,30,42.00,E,JUNE_JULY,2018,SUPP,CE1506,4.0,TRANSPORTATION ENGINEERING I,81.000000,72.000000,63.000000,53.000000,44.000000,35.000000,JUNE_JULY_2018,0,0,0,0,0
