Reg_No,Internal,External,Total,Grade,Time,Year,Type,Code,Credit,Title,Cut-Off-S,Cut-Off-A,Cut-Off-B,Cut-Off-C,Cut-Off-D,Cut-Off-E,Directory,Absentees,Malpractices,Detentions,NA,appeared
20120181,7.40,AB,0.00,I,JUNE_JULY,2018,SUPP,CE1604,4.0,TRANSPORTATION ENGINEERING II,83.000000,73.000000,64.000000,54.000000,45.000000,35.000000,JUNE_JULY_2018,0,0,0,0,0
20140008,24.30,15,40.00,E,JUNE_JULY,2018,SUPP,CE1604,4.0,TRANSPORTATION ENGINEERING II,83.000000,73.000000,64.000000,54.000000,45.000000,35.000000,JUNE_JULY_2018,0,0,0,0,0
20140369,6.00,14.5,21.00,F,JUNE_JULY,2018,SUPP,CE1604,4.0,TRANSPORTATION ENGINEERING II,83.000000,73.000000,64.000000,54.000000,45.000000,35.000000,JUNE_JULY_2018,0,0,0,0,0
20140665,23.60,18.5,43.00,E,JUNE_JULY,2018,SUPP,CE1604,4.0,TRANSPORTATION ENGINEERING II,83.000000,73.000000,64.000000,54.000000,45.000000,35.000000,JUNE_JULY_2018,0,0,0,0,0
201500121,10.85,29,40.00,E,JUNE_JULY,2018,SUPP,CE1604,4.0,TRANSPORTATION ENGINEERING II,83.000000,73.000000,64.000000,54.000000,45.000000,35.000000,JUNE_JULY_2018,0,0,0,0,0
201518514,7.95,27,35.00,E,JUNE_JULY,2018,SUPP,CE1604,4.0,TRANSPORTATION ENGINEERING II,83.000000,73.000000,64.000000,54.000000,45.000000,35.000000,JUNE_JULY_2018,0,0,0,0,0
201618507,27.60,AB,0.00,I,JUNE_JULY,2018,SUPP,CE1604,4.0,TRANSPORTATION ENGINEERING II,83.000000,73.000000,64.000000,54.000000,45.000000,35.000000,JUNE_JULY_2018,0,0,0,0,0
201618521,29.60,34.5,65.00,B,JUNE_JULY,2018,SUPP,CE1604,4.0,TRANSPORTATION ENGINEERING II,83.000000,73.000000,64.000000,54.000000,45.000000,35.000000,JUNE_JULY_2018,0,0,0,0,0
201618535,27.15,18,46.00,D,JUNE_JULY,2018,SUPP,CE1604,4.0,TRANSPORTATION ENGINEERING II,83.000000,73.000000,64.000000,54.000000,45.000000,35.000000,JUNE_JULY_2018,0,0,0,0,0
