Reg_No,Internal,External,Total,Grade,Time,Year,Type,Code,Credit,Title,Cut-Off-S,Cut-Off-A,Cut-Off-B,Cut-Off-C,Cut-Off-D,Cut-Off-E,Directory,Absentees,Malpractices,Detentions,NA,appeared
20120181,10.40,AB,0.00,I,JUNE_JULY,2018,SUPP,CE1603,4.0,ENVIRONMENTAL ENGINEERING II,84.000000,74.000000,64.000000,55.000000,45.000000,35.000000,JUNE_JULY_2018,0,0,0,0,0
20130105,16.50,22.5,39.00,E,JUNE_JULY,2018,SUPP,CE1603,4.0,ENVIRONMENTAL ENGINEERING II,84.000000,74.000000,64.000000,55.000000,45.000000,35.000000,JUNE_JULY_2018,0,0,0,0,0
20140665,17.08,19.5,37.00,E,JUNE_JULY,2018,SUPP,CE1603,4.0,ENVIRONMENTAL ENGINEERING II,84.000000,74.000000,64.000000,55.000000,45.000000,35.000000,JUNE_JULY_2018,0,0,0,0,0
201518508,14.30,26,41.00,E,JUNE_JULY,2018,SUPP,CE1603,4.0,ENVIRONMENTAL ENGINEERING II,84.000000,74.000000,64.000000,55.000000,45.000000,35.000000,JUNE_JULY_2018,0,0,0,0,0
20140089,14.60,AB,0.00,I,JUNE_JULY,2018,SUPP,CE1603,4.0,ENVIRONMENTAL ENGINEERING II,84.000000,74.000000,64.000000,55.000000,45.000000,35.000000,JUNE_JULY_2018,0,0,0,0,0
201500121,2.50,8,11.00,F,JUNE_JULY,2018,SUPP,CE1603,4.0,ENVIRONMENTAL ENGINEERING II,84.000000,74.000000,64.000000,55.000000,45.000000,35.000000,JUNE_JULY_2018,0,0,0,0,0
201518514,5.75,AB,0.00,I,JUNE_JULY,2018,SUPP,CE1603,4.0,ENVIRONMENTAL ENGINEERING II,84.000000,74.000000,64.000000,55.000000,45.000000,35.000000,JUNE_JULY_2018,0,0,0,0,0
201618507,19.35,AB,0.00,I,JUNE_JULY,2018,SUPP,CE1603,4.0,ENVIRONMENTAL ENGINEERING II,84.000000,74.000000,64.000000,55.000000,45.000000,35.000000,JUNE_JULY_2018,0,0,0,0,0
201618535,15.70,25,41.00,E,JUNE_JULY,2018,SUPP,CE1603,4.0,ENVIRONMENTAL ENGINEERING II,84.000000,74.000000,64.000000,55.000000,45.000000,35.000000,JUNE_JULY_2018,0,0,0,0,0
