Reg_No,Internal,External,Total,Grade,Time,Year,Type,Code,Credit,Title,Cut-Off-S,Cut-Off-A,Cut-Off-B,Cut-Off-C,Cut-Off-D,Cut-Off-E,Directory,Absentees,Malpractices,Detentions,NA,appeared
201500003,33.70,44.5,79.00,A,JUNE_JULY,2018,SUPP,CE1602,4.0,DESIGN OF STEEL STRUCTURES,80.000000,71.000000,62.000000,53.000000,44.000000,35.000000,JUNE_JULY_2018,0,0,0,0,0
201500121,8.00,18,26.00,F,JUNE_JULY,2018,SUPP,CE1602,4.0,DESIGN OF STEEL STRUCTURES,80.000000,71.000000,62.000000,53.000000,44.000000,35.000000,JUNE_JULY_2018,0,0,0,0,0
201518514,14.10,20.5,35.00,E,JUNE_JULY,2018,SUPP,CE1602,4.0,DESIGN OF STEEL STRUCTURES,80.000000,71.000000,62.000000,53.000000,44.000000,35.000000,JUNE_JULY_2018,0,0,0,0,0
201618535,29.60,15,45.00,D,JUNE_JULY,2018,SUPP,CE1602,4.0,DESIGN OF STEEL STRUCTURES,80.000000,71.000000,62.000000,53.000000,44.000000,35.000000,JUNE_JULY_2018,0,0,0,0,0
