Reg_No,Internal,External,Total,Grade,Time,Year,Type,Code,Credit,Title,Cut-Off-S,Cut-Off-A,Cut-Off-B,Cut-Off-C,Cut-Off-D,Cut-Off-E,Directory,Absentees,Malpractices,Detentions,NA,appeared
20140177,22.20,16,39.00,E,JUNE_JULY,2018,SUPP,CE1701,4.0,ESTIMATING  COSTING & VALUATION _10 11 12 13 14_,80.000000,71.000000,62.000000,53.000000,44.000000,35.000000,JUNE_JULY_2018,0,0,0,0,0
20140261,19.10,25,45.00,D,JUNE_JULY,2018,SUPP,CE1701,4.0,ESTIMATING  COSTING & VALUATION _10 11 12 13 14_,80.000000,71.000000,62.000000,53.000000,44.000000,35.000000,JUNE_JULY_2018,0,0,0,0,0
20140369,26.80,14,41.00,E,JUNE_JULY,2018,SUPP,CE1701,4.0,ESTIMATING  COSTING & VALUATION _10 11 12 13 14_,80.000000,71.000000,62.000000,53.000000,44.000000,35.000000,JUNE_JULY_2018,0,0,0,0,0
20140710,21.40,23,45.00,D,JUNE_JULY,2018,SUPP,CE1701,4.0,ESTIMATING  COSTING & VALUATION _10 11 12 13 14_,80.000000,71.000000,62.000000,53.000000,44.000000,35.000000,JUNE_JULY_2018,0,0,0,0,0
