Reg_No,Internal,External,Total,Grade,Time,Year,Type,Code,Credit,Title,Cut-Off-S,Cut-Off-A,Cut-Off-B,Cut-Off-C,Cut-Off-D,Cut-Off-E,Directory,Absentees,Malpractices,Detentions,NA,appeared
20130035,17.00,27,44.00,D,JUNE_JULY,2018,SUPP,CE1704,4.0,DESIGN OF PRE STRESSED CONCRETE STRUCTURES,80.000000,71.000000,62.000000,53.000000,44.000000,35.000000,JUNE_JULY_2018,0,0,0,0,0
20130105,19.90,24,44.00,D,JUNE_JULY,2018,SUPP,CE1704,4.0,DESIGN OF PRE STRESSED CONCRETE STRUCTURES,80.000000,71.000000,62.000000,53.000000,44.000000,35.000000,JUNE_JULY_2018,0,0,0,0,0
20140207,30.40,21.5,52.00,D,JUNE_JULY,2018,SUPP,CE1704,4.0,DESIGN OF PRE STRESSED CONCRETE STRUCTURES,80.000000,71.000000,62.000000,53.000000,44.000000,35.000000,JUNE_JULY_2018,0,0,0,0,0
20140261,29.20,15,45.00,D,JUNE_JULY,2018,SUPP,CE1704,4.0,DESIGN OF PRE STRESSED CONCRETE STRUCTURES,80.000000,71.000000,62.000000,53.000000,44.000000,35.000000,JUNE_JULY_2018,0,0,0,0,0
20140369,23.60,17,41.00,E,JUNE_JULY,2018,SUPP,CE1704,4.0,DESIGN OF PRE STRESSED CONCRETE STRUCTURES,80.000000,71.000000,62.000000,53.000000,44.000000,35.000000,JUNE_JULY_2018,0,0,0,0,0
20140710,22.50,25.5,48.00,D,JUNE_JULY,2018,SUPP,CE1704,4.0,DESIGN OF PRE STRESSED CONCRETE STRUCTURES,80.000000,71.000000,62.000000,53.000000,44.000000,35.000000,JUNE_JULY_2018,0,0,0,0,0
201518508,13.70,27,41.00,E,JUNE_JULY,2018,SUPP,CE1704,4.0,DESIGN OF PRE STRESSED CONCRETE STRUCTURES,80.000000,71.000000,62.000000,53.000000,44.000000,35.000000,JUNE_JULY_2018,0,0,0,0,0
20140071,15.40,24.9,41.00,E,JUNE_JULY,2018,SUPP,CE1704,4.0,DESIGN OF PRE STRESSED CONCRETE STRUCTURES,80.000000,71.000000,62.000000,53.000000,44.000000,35.000000,JUNE_JULY_2018,0,0,0,0,0
