Reg_No,Internal,External,Total,Grade,Time,Year,Type,Code,Credit,Title,Cut-Off-S,Cut-Off-A,Cut-Off-B,Cut-Off-C,Cut-Off-D,Cut-Off-E,Directory,Absentees,Malpractices,Detentions,NA,appeared
201633007,14.35,33.5,48.00,D,JUNE_JULY,2018,SUPP,CE2231,4.0,ADVANCED DESIGN OF RCC STRUCTURES _ELECTIVE I_,80.000000,71.000000,62.000000,53.000000,44.000000,35.000000,JUNE_JULY_2018,0,0,0,0,0
201633014,8.30,33,42.00,E,JUNE_JULY,2018,SUPP,CE2231,4.0,ADVANCED DESIGN OF RCC STRUCTURES _ELECTIVE I_,80.000000,71.000000,62.000000,53.000000,44.000000,35.000000,JUNE_JULY_2018,0,0,0,0,0
201633018,15.00,AB,0.00,I,JUNE_JULY,2018,SUPP,CE2231,4.0,ADVANCED DESIGN OF RCC STRUCTURES _ELECTIVE I_,80.000000,71.000000,62.000000,53.000000,44.000000,35.000000,JUNE_JULY_2018,0,0,0,0,0
201733003,14.55,23,38.00,E,JUNE_JULY,2018,SUPP,CE2231,4.0,ADVANCED DESIGN OF RCC STRUCTURES _ELECTIVE I_,80.000000,71.000000,62.000000,53.000000,44.000000,35.000000,JUNE_JULY_2018,0,0,0,0,0
201733005,16.50,22,39.00,E,JUNE_JULY,2018,SUPP,CE2231,4.0,ADVANCED DESIGN OF RCC STRUCTURES _ELECTIVE I_,80.000000,71.000000,62.000000,53.000000,44.000000,35.000000,JUNE_JULY_2018,0,0,0,0,0
201733013,21.75,32.5,55.00,C,JUNE_JULY,2018,SUPP,CE2231,4.0,ADVANCED DESIGN OF RCC STRUCTURES _ELECTIVE I_,80.000000,71.000000,62.000000,53.000000,44.000000,35.000000,JUNE_JULY_2018,0,0,0,0,0
201733019,19.80,30,50.00,D,JUNE_JULY,2018,SUPP,CE2231,4.0,ADVANCED DESIGN OF RCC STRUCTURES _ELECTIVE I_,80.000000,71.000000,62.000000,53.000000,44.000000,35.000000,JUNE_JULY_2018,0,0,0,0,0
