Reg_No,Internal,External,Total,Grade,Time,Year,Type,Code,Credit,Title,Cut-Off-S,Cut-Off-A,Cut-Off-B,Cut-Off-C,Cut-Off-D,Cut-Off-E,Directory,Absentees,Malpractices,Detentions,NA,appeared
201500206,47.75,22,70.00,C,JUNE_JULY,2018,SUPP,CH1163,1.5,ENGINEERING CHEMISTRY LAB,90.000000,82.000000,74.000000,66.000000,58.000000,50.000000,JUNE_JULY_2018,0,0,0,0,0
201700125,52.50,26.5,79.00,B,JUNE_JULY,2018,SUPP,CH1163,1.5,ENGINEERING CHEMISTRY LAB,90.000000,82.000000,74.000000,66.000000,58.000000,50.000000,JUNE_JULY_2018,0,0,0,0,0
201700392,57.80,35,93.00,S,JUNE_JULY,2018,SUPP,CH1163,1.5,ENGINEERING CHEMISTRY LAB,90.000000,82.000000,74.000000,66.000000,58.000000,50.000000,JUNE_JULY_2018,0,0,0,0,0
201700515,54.25,33.5,88.00,A,JUNE_JULY,2018,SUPP,CH1163,1.5,ENGINEERING CHEMISTRY LAB,90.000000,82.000000,74.000000,66.000000,58.000000,50.000000,JUNE_JULY_2018,0,0,0,0,0
