Reg_No,Internal,External,Total,Grade,Time,Year,Type,Code,Credit,Title,Cut-Off-S,Cut-Off-A,Cut-Off-B,Cut-Off-C,Cut-Off-D,Cut-Off-E,Directory,Absentees,Malpractices,Detentions,NA,appeared
20140253,48.83,12,61.00,C,JUNE_JULY,2018,SUPP,CS1164,1.5,COMPUTER PROGRAMMING LAB,90.000000,79.000000,69.000000,58.000000,48.000000,37.000000,JUNE_JULY_2018,0,0,0,0,0
201500206,59.67,14,74.00,B,JUNE_JULY,2018,SUPP,CS1164,1.5,COMPUTER PROGRAMMING LAB,90.000000,79.000000,69.000000,58.000000,48.000000,37.000000,JUNE_JULY_2018,0,0,0,0,0
201600194,51.79,9,61.00,C,JUNE_JULY,2018,SUPP,CS1164,1.5,COMPUTER PROGRAMMING LAB,90.000000,79.000000,69.000000,58.000000,48.000000,37.000000,JUNE_JULY_2018,0,0,0,0,0
201700125,39.00,15,54.00,D,JUNE_JULY,2018,SUPP,CS1164,1.5,COMPUTER PROGRAMMING LAB,90.000000,79.000000,69.000000,58.000000,48.000000,37.000000,JUNE_JULY_2018,0,0,0,0,0
201700392,42.36,28,71.00,B,JUNE_JULY,2018,SUPP,CS1164,1.5,COMPUTER PROGRAMMING LAB,90.000000,79.000000,69.000000,58.000000,48.000000,37.000000,JUNE_JULY_2018,0,0,0,0,0
201700475,42.78,23,66.00,C,JUNE_JULY,2018,SUPP,CS1164,1.5,COMPUTER PROGRAMMING LAB,90.000000,79.000000,69.000000,58.000000,48.000000,37.000000,JUNE_JULY_2018,0,0,0,0,0
201700515,41.88,26,68.00,C,JUNE_JULY,2018,SUPP,CS1164,1.5,COMPUTER PROGRAMMING LAB,90.000000,79.000000,69.000000,58.000000,48.000000,37.000000,JUNE_JULY_2018,0,0,0,0,0
