Reg_No,Internal,External,Total,Grade,Time,Year,Type,Code,Credit,Title,Cut-Off-S,Cut-Off-A,Cut-Off-B,Cut-Off-C,Cut-Off-D,Cut-Off-E,Directory,Absentees,Malpractices,Detentions,NA,appeared
20130305,57.00,19,76.00,B,JUNE_JULY,2018,SUPP,CS1464,1.5,ADVANCED PROGRAMMING LAB,90.000000,82.000000,74.000000,66.000000,58.000000,50.000000,JUNE_JULY_2018,0,0,0,0,0
20130437,51.60,6,58.00,D,JUNE_JULY,2018,SUPP,CS1464,1.5,ADVANCED PROGRAMMING LAB,90.000000,82.000000,74.000000,66.000000,58.000000,50.000000,JUNE_JULY_2018,0,0,0,0,0
20140515,50.40,10.5,61.00,D,JUNE_JULY,2018,SUPP,CS1464,1.5,ADVANCED PROGRAMMING LAB,90.000000,82.000000,74.000000,66.000000,58.000000,50.000000,JUNE_JULY_2018,0,0,0,0,0
201500445,51.00,20,71.00,C,JUNE_JULY,2018,SUPP,CS1464,1.5,ADVANCED PROGRAMMING LAB,90.000000,82.000000,74.000000,66.000000,58.000000,50.000000,JUNE_JULY_2018,0,0,0,0,0
201600055,49.80,11.5,62.00,D,JUNE_JULY,2018,SUPP,CS1464,1.5,ADVANCED PROGRAMMING LAB,90.000000,82.000000,74.000000,66.000000,58.000000,50.000000,JUNE_JULY_2018,0,0,0,0,0
201600144,57.35,20,78.00,B,JUNE_JULY,2018,SUPP,CS1464,1.5,ADVANCED PROGRAMMING LAB,90.000000,82.000000,74.000000,66.000000,58.000000,50.000000,JUNE_JULY_2018,0,0,0,0,0
201711501,57.00,8,65.00,D,JUNE_JULY,2018,SUPP,CS1464,1.5,ADVANCED PROGRAMMING LAB,90.000000,82.000000,74.000000,66.000000,58.000000,50.000000,JUNE_JULY_2018,0,0,0,0,0
