Reg_No,Internal,External,Total,Grade,Time,Year,Type,Code,Credit,Title,Cut-Off-S,Cut-Off-A,Cut-Off-B,Cut-Off-C,Cut-Off-D,Cut-Off-E,Directory,Absentees,Malpractices,Detentions,NA,appeared
20120673,10.80,27,38.00,E,JUNE_JULY,2018,SUPP,CS1404,4.0,COMPUTER GRAPHICS,80.000000,71.000000,62.000000,53.000000,44.000000,35.000000,JUNE_JULY_2018,0,0,0,0,0
20140129,13.00,AB,0.00,I,JUNE_JULY,2018,SUPP,CS1404,4.0,COMPUTER GRAPHICS,80.000000,71.000000,62.000000,53.000000,44.000000,35.000000,JUNE_JULY_2018,0,0,0,0,0
20140348,18.75,29.5,49.00,D,JUNE_JULY,2018,SUPP,CS1404,4.0,COMPUTER GRAPHICS,80.000000,71.000000,62.000000,53.000000,44.000000,35.000000,JUNE_JULY_2018,0,0,0,0,0
20140395,9.95,38.5,49.00,D,JUNE_JULY,2018,SUPP,CS1404,4.0,COMPUTER GRAPHICS,80.000000,71.000000,62.000000,53.000000,44.000000,35.000000,JUNE_JULY_2018,0,0,0,0,0
20140495,10.90,30.5,42.00,E,JUNE_JULY,2018,SUPP,CS1404,4.0,COMPUTER GRAPHICS,80.000000,71.000000,62.000000,53.000000,44.000000,35.000000,JUNE_JULY_2018,0,0,0,0,0
20140658,11.95,0,12.00,F,JUNE_JULY,2018,SUPP,CS1404,4.0,COMPUTER GRAPHICS,80.000000,71.000000,62.000000,53.000000,44.000000,35.000000,JUNE_JULY_2018,0,0,0,0,0
