Reg_No,Internal,External,Total,Grade,Time,Year,Type,Code,Credit,Title,Cut-Off-S,Cut-Off-A,Cut-Off-B,Cut-Off-C,Cut-Off-D,Cut-Off-E,Directory,Absentees,Malpractices,Detentions,NA,appeared
20130305,48.12,5,54.00,D,JUNE_JULY,2018,SUPP,CS1465,1.5,ALGORITHM LAB,87.000000,78.000000,69.000000,60.000000,51.000000,42.000000,JUNE_JULY_2018,0,0,0,0,0
20130437,48.24,3,52.00,D,JUNE_JULY,2018,SUPP,CS1465,1.5,ALGORITHM LAB,87.000000,78.000000,69.000000,60.000000,51.000000,42.000000,JUNE_JULY_2018,0,0,0,0,0
20140515,42.36,9,52.00,D,JUNE_JULY,2018,SUPP,CS1465,1.5,ALGORITHM LAB,87.000000,78.000000,69.000000,60.000000,51.000000,42.000000,JUNE_JULY_2018,0,0,0,0,0
20140556,49.20,4,54.00,D,JUNE_JULY,2018,SUPP,CS1465,1.5,ALGORITHM LAB,87.000000,78.000000,69.000000,60.000000,51.000000,42.000000,JUNE_JULY_2018,0,0,0,0,0
201500082,45.66,20,66.00,C,JUNE_JULY,2018,SUPP,CS1465,1.5,ALGORITHM LAB,87.000000,78.000000,69.000000,60.000000,51.000000,42.000000,JUNE_JULY_2018,0,0,0,0,0
201500445,44.16,17,62.00,C,JUNE_JULY,2018,SUPP,CS1465,1.5,ALGORITHM LAB,87.000000,78.000000,69.000000,60.000000,51.000000,42.000000,JUNE_JULY_2018,0,0,0,0,0
201600144,55.60,17,73.00,B,JUNE_JULY,2018,SUPP,CS1465,1.5,ALGORITHM LAB,87.000000,78.000000,69.000000,60.000000,51.000000,42.000000,JUNE_JULY_2018,0,0,0,0,0
201600215,62.52,20,83.00,A,JUNE_JULY,2018,SUPP,CS1465,1.5,ALGORITHM LAB,87.000000,78.000000,69.000000,60.000000,51.000000,42.000000,JUNE_JULY_2018,0,0,0,0,0
201711501,50.64,4,55.00,D,JUNE_JULY,2018,SUPP,CS1465,1.5,ALGORITHM LAB,87.000000,78.000000,69.000000,60.000000,51.000000,42.000000,JUNE_JULY_2018,0,0,0,0,0
