Reg_No,Internal,External,Total,Grade,Time,Year,Type,Code,Credit,Title,Cut-Off-S,Cut-Off-A,Cut-Off-B,Cut-Off-C,Cut-Off-D,Cut-Off-E,Directory,Absentees,Malpractices,Detentions,NA,appeared
20140448,10.35,AB,0.00,I,JUNE_JULY,2018,SUPP,CS1633,4.0,DIGITAL IMAGE PROCESSING _ELECTIVE_,81.000000,72.000000,63.000000,53.000000,44.000000,35.000000,JUNE_JULY_2018,0,0,0,0,0
20140556,12.35,5,18.00,F,JUNE_JULY,2018,SUPP,CS1633,4.0,DIGITAL IMAGE PROCESSING _ELECTIVE_,81.000000,72.000000,63.000000,53.000000,44.000000,35.000000,JUNE_JULY_2018,0,0,0,0,0
201500057,20.70,16,37.00,E,JUNE_JULY,2018,SUPP,CS1633,4.0,DIGITAL IMAGE PROCESSING _ELECTIVE_,81.000000,72.000000,63.000000,53.000000,44.000000,35.000000,JUNE_JULY_2018,0,0,0,0,0
201500239,24.30,21,46.00,D,JUNE_JULY,2018,SUPP,CS1633,4.0,DIGITAL IMAGE PROCESSING _ELECTIVE_,81.000000,72.000000,63.000000,53.000000,44.000000,35.000000,JUNE_JULY_2018,0,0,0,0,0
201500294,13.50,9.5,23.00,F,JUNE_JULY,2018,SUPP,CS1633,4.0,DIGITAL IMAGE PROCESSING _ELECTIVE_,81.000000,72.000000,63.000000,53.000000,44.000000,35.000000,JUNE_JULY_2018,0,0,0,0,0
201711540,11.70,17.5,30.00,F,JUNE_JULY,2018,SUPP,CS1633,4.0,DIGITAL IMAGE PROCESSING _ELECTIVE_,81.000000,72.000000,63.000000,53.000000,44.000000,35.000000,JUNE_JULY_2018,0,0,0,0,0
