Reg_No,Internal,External,Total,Grade,Time,Year,Type,Code,Credit,Title,Cut-Off-S,Cut-Off-A,Cut-Off-B,Cut-Off-C,Cut-Off-D,Cut-Off-E,Directory,Absentees,Malpractices,Detentions,NA,appeared
20120357,11.30,26.5,38.00,E,JUNE_JULY,2018,SUPP,CS1605_CS1602,4.0,UNIX INT & SHELL PROGG _15_ _ UNIX_LINUX INTERNALS _11 12 13 14_,83.000000,74.000000,64.000000,55.000000,45.000000,36.000000,JUNE_JULY_2018,0,0,0,0,0
201500057,33.70,33.5,68.00,B,JUNE_JULY,2018,SUPP,CS1605_CS1602,4.0,UNIX INT & SHELL PROGG _15_ _ UNIX_LINUX INTERNALS _11 12 13 14_,83.000000,74.000000,64.000000,55.000000,45.000000,36.000000,JUNE_JULY_2018,0,0,0,0,0
201500076,19.15,19,39.00,E,JUNE_JULY,2018,SUPP,CS1605_CS1602,4.0,UNIX INT & SHELL PROGG _15_ _ UNIX_LINUX INTERNALS _11 12 13 14_,83.000000,74.000000,64.000000,55.000000,45.000000,36.000000,JUNE_JULY_2018,0,0,0,0,0
201500106,27.80,37.5,66.00,B,JUNE_JULY,2018,SUPP,CS1605_CS1602,4.0,UNIX INT & SHELL PROGG _15_ _ UNIX_LINUX INTERNALS _11 12 13 14_,83.000000,74.000000,64.000000,55.000000,45.000000,36.000000,JUNE_JULY_2018,0,0,0,0,0
201500371,19.10,28,48.00,D,JUNE_JULY,2018,SUPP,CS1605_CS1602,4.0,UNIX INT & SHELL PROGG _15_ _ UNIX_LINUX INTERNALS _11 12 13 14_,83.000000,74.000000,64.000000,55.000000,45.000000,36.000000,JUNE_JULY_2018,0,0,0,0,0
201611502,25.30,20,46.00,D,JUNE_JULY,2018,SUPP,CS1605_CS1602,4.0,UNIX INT & SHELL PROGG _15_ _ UNIX_LINUX INTERNALS _11 12 13 14_,83.000000,74.000000,64.000000,55.000000,45.000000,36.000000,JUNE_JULY_2018,0,0,0,0,0
20140515,7.45,32.5,40.00,E,JUNE_JULY,2018,SUPP,CS1605_CS1602,4.0,UNIX INT & SHELL PROGG _15_ _ UNIX_LINUX INTERNALS _11 12 13 14_,83.000000,74.000000,64.000000,55.000000,45.000000,36.000000,JUNE_JULY_2018,0,0,0,0,0
