Reg_No,Internal,External,Total,Grade,Time,Year,Type,Code,Credit,Title,Cut-Off-S,Cut-Off-A,Cut-Off-B,Cut-Off-C,Cut-Off-D,Cut-Off-E,Directory,Absentees,Malpractices,Detentions,NA,appeared
20130194,15.30,11.5,27.00,F,JUNE_JULY,2018,SUPP,CS1702,4.0,SOFT COMPUTING _11 12 13 14_,80.000000,71.000000,62.000000,53.000000,44.000000,35.000000,JUNE_JULY_2018,0,0,0,0,0
20130590,14.90,AB,0.00,I,JUNE_JULY,2018,SUPP,CS1702,4.0,SOFT COMPUTING _11 12 13 14_,80.000000,71.000000,62.000000,53.000000,44.000000,35.000000,JUNE_JULY_2018,0,0,0,0,0
201311506,15.60,AB,0.00,I,JUNE_JULY,2018,SUPP,CS1702,4.0,SOFT COMPUTING _11 12 13 14_,80.000000,71.000000,62.000000,53.000000,44.000000,35.000000,JUNE_JULY_2018,0,0,0,0,0
20140073,11.50,17.5,29.00,F,JUNE_JULY,2018,SUPP,CS1702,4.0,SOFT COMPUTING _11 12 13 14_,80.000000,71.000000,62.000000,53.000000,44.000000,35.000000,JUNE_JULY_2018,0,0,0,0,0
20140395,14.20,15.5,30.00,F,JUNE_JULY,2018,SUPP,CS1702,4.0,SOFT COMPUTING _11 12 13 14_,80.000000,71.000000,62.000000,53.000000,44.000000,35.000000,JUNE_JULY_2018,0,0,0,0,0
20140454,20.45,15.5,36.00,E,JUNE_JULY,2018,SUPP,CS1702,4.0,SOFT COMPUTING _11 12 13 14_,80.000000,71.000000,62.000000,53.000000,44.000000,35.000000,JUNE_JULY_2018,0,0,0,0,0
20140555,20.95,14,35.00,E,JUNE_JULY,2018,SUPP,CS1702,4.0,SOFT COMPUTING _11 12 13 14_,80.000000,71.000000,62.000000,53.000000,44.000000,35.000000,JUNE_JULY_2018,0,0,0,0,0
201511504,17.30,8,26.00,F,JUNE_JULY,2018,SUPP,CS1702,4.0,SOFT COMPUTING _11 12 13 14_,80.000000,71.000000,62.000000,53.000000,44.000000,35.000000,JUNE_JULY_2018,0,0,0,0,0
