Reg_No,Internal,External,Total,Grade,Time,Year,Type,Code,Credit,Title,Cut-Off-S,Cut-Off-A,Cut-Off-B,Cut-Off-C,Cut-Off-D,Cut-Off-E,Directory,Absentees,Malpractices,Detentions,NA,appeared
20140754,33.48,27.33,61.00,C,JUNE_JULY,2018,SUPP,CS1771,2.0,MINI PROJECT,80.000000,74.000000,68.000000,61.000000,55.000000,49.000000,JUNE_JULY_2018,0,0,0,0,0
20140759,36.32,29.00,66.00,C,JUNE_JULY,2018,SUPP,CS1771,2.0,MINI PROJECT,80.000000,74.000000,68.000000,61.000000,55.000000,49.000000,JUNE_JULY_2018,0,0,0,0,0
20140544,33.86,27.00,61.00,C,JUNE_JULY,2018,SUPP,CS1771,2.0,MINI PROJECT,80.000000,74.000000,68.000000,61.000000,55.000000,49.000000,JUNE_JULY_2018,0,0,0,0,0
20140253,28.68,24.11,53.00,E,JUNE_JULY,2018,SUPP,CS1771,2.0,MINI PROJECT,80.000000,74.000000,68.000000,61.000000,55.000000,49.000000,JUNE_JULY_2018,0,0,0,0,0
