Reg_No,Internal,External,Total,Grade,Time,Year,Type,Code,Credit,Title,Cut-Off-S,Cut-Off-A,Cut-Off-B,Cut-Off-C,Cut-Off-D,Cut-Off-E,Directory,Absentees,Malpractices,Detentions,NA,appeared
20140159,15.30,23,39.00,E,JUNE_JULY,2018,SUPP,EC1408,4.0,ANALOG ELECTRONICS & INTEGRATED CIRCUITS _15 16_,81.000000,72.000000,63.000000,53.000000,44.000000,35.000000,JUNE_JULY_2018,0,0,0,0,0
201500048,13.00,35.5,49.00,D,JUNE_JULY,2018,SUPP,EC1408,4.0,ANALOG ELECTRONICS & INTEGRATED CIRCUITS _15 16_,81.000000,72.000000,63.000000,53.000000,44.000000,35.000000,JUNE_JULY_2018,0,0,0,0,0
201500332,15.70,AB,0.00,I,JUNE_JULY,2018,SUPP,EC1408,4.0,ANALOG ELECTRONICS & INTEGRATED CIRCUITS _15 16_,81.000000,72.000000,63.000000,53.000000,44.000000,35.000000,JUNE_JULY_2018,0,0,0,0,0
201500296,15.40,AB,0.00,I,JUNE_JULY,2018,SUPP,EC1408,4.0,ANALOG ELECTRONICS & INTEGRATED CIRCUITS _15 16_,81.000000,72.000000,63.000000,53.000000,44.000000,35.000000,JUNE_JULY_2018,0,0,0,0,0
201600153,16.70,AB,0.00,I,JUNE_JULY,2018,SUPP,EC1408,4.0,ANALOG ELECTRONICS & INTEGRATED CIRCUITS _15 16_,81.000000,72.000000,63.000000,53.000000,44.000000,35.000000,JUNE_JULY_2018,0,0,0,0,0
201600185,17.60,38.5,57.00,C,JUNE_JULY,2018,SUPP,EC1408,4.0,ANALOG ELECTRONICS & INTEGRATED CIRCUITS _15 16_,81.000000,72.000000,63.000000,53.000000,44.000000,35.000000,JUNE_JULY_2018,0,0,0,0,0
201600274,17.30,26.5,44.00,D,JUNE_JULY,2018,SUPP,EC1408,4.0,ANALOG ELECTRONICS & INTEGRATED CIRCUITS _15 16_,81.000000,72.000000,63.000000,53.000000,44.000000,35.000000,JUNE_JULY_2018,0,0,0,0,0
201600615,21.90,30.75,53.00,C,JUNE_JULY,2018,SUPP,EC1408,4.0,ANALOG ELECTRONICS & INTEGRATED CIRCUITS _15 16_,81.000000,72.000000,63.000000,53.000000,44.000000,35.000000,JUNE_JULY_2018,0,0,0,0,0
201712502,22.80,29,52.00,D,JUNE_JULY,2018,SUPP,EC1408,4.0,ANALOG ELECTRONICS & INTEGRATED CIRCUITS _15 16_,81.000000,72.000000,63.000000,53.000000,44.000000,35.000000,JUNE_JULY_2018,0,0,0,0,0
