Reg_No,Internal,External,Total,Grade,Time,Year,Type,Code,Credit,Title,Cut-Off-S,Cut-Off-A,Cut-Off-B,Cut-Off-C,Cut-Off-D,Cut-Off-E,Directory,Absentees,Malpractices,Detentions,NA,appeared
20130460,12.50,AB,0.00,I,JUNE_JULY,2018,SUPP,EC1406,4.0,DESIGN & ANALYSIS OF DIGITAL SYSTEMS,85.000000,75.000000,65.000000,55.000000,45.000000,35.000000,JUNE_JULY_2018,0,0,0,0,0
20130544,14.40,16.5,31.00,F,JUNE_JULY,2018,SUPP,EC1406,4.0,DESIGN & ANALYSIS OF DIGITAL SYSTEMS,85.000000,75.000000,65.000000,55.000000,45.000000,35.000000,JUNE_JULY_2018,0,0,0,0,0
201500048,13.00,30,43.00,E,JUNE_JULY,2018,SUPP,EC1406,4.0,DESIGN & ANALYSIS OF DIGITAL SYSTEMS,85.000000,75.000000,65.000000,55.000000,45.000000,35.000000,JUNE_JULY_2018,0,0,0,0,0
201600153,13.30,9,23.00,F,JUNE_JULY,2018,SUPP,EC1406,4.0,DESIGN & ANALYSIS OF DIGITAL SYSTEMS,85.000000,75.000000,65.000000,55.000000,45.000000,35.000000,JUNE_JULY_2018,0,0,0,0,0
201712501,14.60,29,44.00,E,JUNE_JULY,2018,SUPP,EC1406,4.0,DESIGN & ANALYSIS OF DIGITAL SYSTEMS,85.000000,75.000000,65.000000,55.000000,45.000000,35.000000,JUNE_JULY_2018,0,0,0,0,0
