Reg_No,Internal,External,Total,Grade,Time,Year,Type,Code,Credit,Title,Cut-Off-S,Cut-Off-A,Cut-Off-B,Cut-Off-C,Cut-Off-D,Cut-Off-E,Directory,Absentees,Malpractices,Detentions,NA,appeared
20120360,15.90,29,45.00,E,JUNE_JULY,2018,SUPP,EC1409_EC1503,4.0,ANALOG COMMUNICATION,89.000000,78.000000,67.000000,57.000000,46.000000,35.000000,JUNE_JULY_2018,0,0,0,0,0
20140097,15.90,32,48.00,D,JUNE_JULY,2018,SUPP,EC1409_EC1503,4.0,ANALOG COMMUNICATION,89.000000,78.000000,67.000000,57.000000,46.000000,35.000000,JUNE_JULY_2018,0,0,0,0,0
20140114,12.90,26.5,40.00,E,JUNE_JULY,2018,SUPP,EC1409_EC1503,4.0,ANALOG COMMUNICATION,89.000000,78.000000,67.000000,57.000000,46.000000,35.000000,JUNE_JULY_2018,0,0,0,0,0
20130031,6.00,10.5,17.00,F,JUNE_JULY,2018,SUPP,EC1409_EC1503,4.0,ANALOG COMMUNICATION,89.000000,78.000000,67.000000,57.000000,46.000000,35.000000,JUNE_JULY_2018,0,0,0,0,0
20140159,16.60,32,49.00,D,JUNE_JULY,2018,SUPP,EC1409_EC1503,4.0,ANALOG COMMUNICATION,89.000000,78.000000,67.000000,57.000000,46.000000,35.000000,JUNE_JULY_2018,0,0,0,0,0
201500024,18.80,27,46.00,D,JUNE_JULY,2018,SUPP,EC1409_EC1503,4.0,ANALOG COMMUNICATION,89.000000,78.000000,67.000000,57.000000,46.000000,35.000000,JUNE_JULY_2018,0,0,0,0,0
201500048,13.00,22,35.00,E,JUNE_JULY,2018,SUPP,EC1409_EC1503,4.0,ANALOG COMMUNICATION,89.000000,78.000000,67.000000,57.000000,46.000000,35.000000,JUNE_JULY_2018,0,0,0,0,0
201512501,12.55,9,22.00,F,JUNE_JULY,2018,SUPP,EC1409_EC1503,4.0,ANALOG COMMUNICATION,89.000000,78.000000,67.000000,57.000000,46.000000,35.000000,JUNE_JULY_2018,0,0,0,0,0
