Reg_No,Internal,External,Total,Grade,Time,Year,Type,Code,Credit,Title,Cut-Off-S,Cut-Off-A,Cut-Off-B,Cut-Off-C,Cut-Off-D,Cut-Off-E,Directory,Absentees,Malpractices,Detentions,NA,appeared
20140332,12.70,25.5,39.00,E,JUNE_JULY,2018,SUPP,EC1405,0,NETWORK ANALYSIS AND SYNTHESIS,80.000000,71.000000,62.000000,53.000000,44.000000,35.000000,JUNE_JULY_2018,0,0,0,0,0
20140509,14.70,27.5,43.00,E,JUNE_JULY,2018,SUPP,EC1405,0,NETWORK ANALYSIS AND SYNTHESIS,80.000000,71.000000,62.000000,53.000000,44.000000,35.000000,JUNE_JULY_2018,0,0,0,0,0
20140511,13.60,30,44.00,D,JUNE_JULY,2018,SUPP,EC1405,0,NETWORK ANALYSIS AND SYNTHESIS,80.000000,71.000000,62.000000,53.000000,44.000000,35.000000,JUNE_JULY_2018,0,0,0,0,0
20140681,9.70,26,36.00,E,JUNE_JULY,2018,SUPP,EC1405,0,NETWORK ANALYSIS AND SYNTHESIS,80.000000,71.000000,62.000000,53.000000,44.000000,35.000000,JUNE_JULY_2018,0,0,0,0,0
20140131,9.80,18,28.00,F,JUNE_JULY,2018,SUPP,EC1405,0,NETWORK ANALYSIS AND SYNTHESIS,80.000000,71.000000,62.000000,53.000000,44.000000,35.000000,JUNE_JULY_2018,0,0,0,0,0
20140122,17.40,0.5,18.00,F,JUNE_JULY,2018,SUPP,EC1405,0,NETWORK ANALYSIS AND SYNTHESIS,80.000000,71.000000,62.000000,53.000000,44.000000,35.000000,JUNE_JULY_2018,0,0,0,0,0
