Reg_No,Internal,External,Total,Grade,Time,Year,Type,Code,Credit,Title,Cut-Off-S,Cut-Off-A,Cut-Off-B,Cut-Off-C,Cut-Off-D,Cut-Off-E,Directory,Absentees,Malpractices,Detentions,NA,appeared
20130460,10.20,AB,0.00,I,JUNE_JULY,2018,SUPP,EC1601,4.0,MICROWAVE ENGINEERING _10 11 12 13 14 15_,85.000000,75.000000,65.000000,55.000000,45.000000,35.000000,JUNE_JULY_2018,0,0,0,0,0
20130625,16.90,17.75,35.00,E,JUNE_JULY,2018,SUPP,EC1601,4.0,MICROWAVE ENGINEERING _10 11 12 13 14 15_,85.000000,75.000000,65.000000,55.000000,45.000000,35.000000,JUNE_JULY_2018,0,0,0,0,0
20140122,14.35,2,17.00,F,JUNE_JULY,2018,SUPP,EC1601,4.0,MICROWAVE ENGINEERING _10 11 12 13 14 15_,85.000000,75.000000,65.000000,55.000000,45.000000,35.000000,JUNE_JULY_2018,0,0,0,0,0
201500068,37.80,36.5,75.00,A,JUNE_JULY,2018,SUPP,EC1601,4.0,MICROWAVE ENGINEERING _10 11 12 13 14 15_,85.000000,75.000000,65.000000,55.000000,45.000000,35.000000,JUNE_JULY_2018,0,0,0,0,0
201500215,27.10,AB,0.00,I,JUNE_JULY,2018,SUPP,EC1601,4.0,MICROWAVE ENGINEERING _10 11 12 13 14 15_,85.000000,75.000000,65.000000,55.000000,45.000000,35.000000,JUNE_JULY_2018,0,0,0,0,0
201612504,17.90,18.5,37.00,E,JUNE_JULY,2018,SUPP,EC1601,4.0,MICROWAVE ENGINEERING _10 11 12 13 14 15_,85.000000,75.000000,65.000000,55.000000,45.000000,35.000000,JUNE_JULY_2018,0,0,0,0,0
