Reg_No,Internal,External,Total,Grade,Time,Year,Type,Code,Credit,Title,Cut-Off-S,Cut-Off-A,Cut-Off-B,Cut-Off-C,Cut-Off-D,Cut-Off-E,Directory,Absentees,Malpractices,Detentions,NA,appeared
20130460,2.00,AB,0.00,I,JUNE_JULY,2018,SUPP,EC1605,4,POWER ELECTRONICS,82.000000,73.000000,63.000000,54.000000,44.000000,35.000000,JUNE_JULY_2018,0,0,0,0,0
20130554,10.20,13.5,24.00,F,JUNE_JULY,2018,SUPP,EC1605,4,POWER ELECTRONICS,82.000000,73.000000,63.000000,54.000000,44.000000,35.000000,JUNE_JULY_2018,0,0,0,0,0
20120192,18.30,19.5,38.00,E,JUNE_JULY,2018,SUPP,EC1605,4,POWER ELECTRONICS,82.000000,73.000000,63.000000,54.000000,44.000000,35.000000,JUNE_JULY_2018,0,0,0,0,0
20130306,13.30,17,31.00,F,JUNE_JULY,2018,SUPP,EC1605,4,POWER ELECTRONICS,82.000000,73.000000,63.000000,54.000000,44.000000,35.000000,JUNE_JULY_2018,0,0,0,0,0
20140226,12.80,25.5,39.00,E,JUNE_JULY,2018,SUPP,EC1605,4,POWER ELECTRONICS,82.000000,73.000000,63.000000,54.000000,44.000000,35.000000,JUNE_JULY_2018,0,0,0,0,0
20140358,25.20,31.5,57.00,C,JUNE_JULY,2018,SUPP,EC1605,4,POWER ELECTRONICS,82.000000,73.000000,63.000000,54.000000,44.000000,35.000000,JUNE_JULY_2018,0,0,0,0,0
