Reg_No,Internal,External,Total,Grade,Time,Year,Type,Code,Credit,Title,Cut-Off-S,Cut-Off-A,Cut-Off-B,Cut-Off-C,Cut-Off-D,Cut-Off-E,Directory,Absentees,Malpractices,Detentions,NA,appeared
20130460,10.30,AB,0.00,I,JUNE_JULY,2018,SUPP,EC1604,4.0,DIGITAL COMMUNICATION,86.000000,76.000000,66.000000,55.000000,45.000000,35.000000,JUNE_JULY_2018,0,0,0,0,0
20130544,8.90,33,42.00,E,JUNE_JULY,2018,SUPP,EC1604,4.0,DIGITAL COMMUNICATION,86.000000,76.000000,66.000000,55.000000,45.000000,35.000000,JUNE_JULY_2018,0,0,0,0,0
20140615,12.60,30,43.00,E,JUNE_JULY,2018,SUPP,EC1604,4.0,DIGITAL COMMUNICATION,86.000000,76.000000,66.000000,55.000000,45.000000,35.000000,JUNE_JULY_2018,0,0,0,0,0
20140685,15.70,31.5,48.00,D,JUNE_JULY,2018,SUPP,EC1604,4.0,DIGITAL COMMUNICATION,86.000000,76.000000,66.000000,55.000000,45.000000,35.000000,JUNE_JULY_2018,0,0,0,0,0
