Reg_No,Internal,External,Total,Grade,Time,Year,Type,Code,Credit,Title,Cut-Off-S,Cut-Off-A,Cut-Off-B,Cut-Off-C,Cut-Off-D,Cut-Off-E,Directory,Absentees,Malpractices,Detentions,NA,appeared
20120192,0.00,68,68.00,C,JUNE_JULY,2018,SUPP,EC1781,1.0,INDUSTRIAL TRAINING & SEMINAR,85.000000,77.000000,69.000000,60.000000,52.000000,44.000000,JUNE_JULY_2018,0,0,0,0,0
20130031,0.00,73,73.00,B,JUNE_JULY,2018,SUPP,EC1781,1.0,INDUSTRIAL TRAINING & SEMINAR,85.000000,77.000000,69.000000,60.000000,52.000000,44.000000,JUNE_JULY_2018,0,0,0,0,0
20130306,0.00,68,68.00,C,JUNE_JULY,2018,SUPP,EC1781,1.0,INDUSTRIAL TRAINING & SEMINAR,85.000000,77.000000,69.000000,60.000000,52.000000,44.000000,JUNE_JULY_2018,0,0,0,0,0
20140181,0.00,69,69.00,B,JUNE_JULY,2018,SUPP,EC1781,1.0,INDUSTRIAL TRAINING & SEMINAR,85.000000,77.000000,69.000000,60.000000,52.000000,44.000000,JUNE_JULY_2018,0,0,0,0,0
20110536,0.00,60,60.00,C,JUNE_JULY,2018,SUPP,EC1781,1.0,INDUSTRIAL TRAINING & SEMINAR,85.000000,77.000000,69.000000,60.000000,52.000000,44.000000,JUNE_JULY_2018,0,0,0,0,0
