Reg_No,Internal,External,Total,Grade,Time,Year,Type,Code,Credit,Title,Cut-Off-S,Cut-Off-A,Cut-Off-B,Cut-Off-C,Cut-Off-D,Cut-Off-E,Directory,Absentees,Malpractices,Detentions,NA,appeared
20130460,11.30,AB,0.00,I,JUNE_JULY,2018,SUPP,EC1701,4.0,SATELLITE & OPTICAL COMMUNICATION SYSTEM _10 11 12 13 14_,85.000000,75.000000,65.000000,55.000000,45.000000,35.000000,JUNE_JULY_2018,0,0,0,0,0
20130031,25.60,20,46.00,D,JUNE_JULY,2018,SUPP,EC1701,4.0,SATELLITE & OPTICAL COMMUNICATION SYSTEM _10 11 12 13 14_,85.000000,75.000000,65.000000,55.000000,45.000000,35.000000,JUNE_JULY_2018,0,0,0,0,0
20130696,14.60,6,21.00,F,JUNE_JULY,2018,SUPP,EC1701,4.0,SATELLITE & OPTICAL COMMUNICATION SYSTEM _10 11 12 13 14_,85.000000,75.000000,65.000000,55.000000,45.000000,35.000000,JUNE_JULY_2018,0,0,0,0,0
20140358,27.80,30.5,59.00,C,JUNE_JULY,2018,SUPP,EC1701,4.0,SATELLITE & OPTICAL COMMUNICATION SYSTEM _10 11 12 13 14_,85.000000,75.000000,65.000000,55.000000,45.000000,35.000000,JUNE_JULY_2018,0,0,0,0,0
20140587,23.70,19,43.00,E,JUNE_JULY,2018,SUPP,EC1701,4.0,SATELLITE & OPTICAL COMMUNICATION SYSTEM _10 11 12 13 14_,85.000000,75.000000,65.000000,55.000000,45.000000,35.000000,JUNE_JULY_2018,0,0,0,0,0
