Reg_No,Internal,External,Total,Grade,Time,Year,Type,Code,Credit,Title,Cut-Off-S,Cut-Off-A,Cut-Off-B,Cut-Off-C,Cut-Off-D,Cut-Off-E,Directory,Absentees,Malpractices,Detentions,NA,appeared
20130460,10.00,AB,0.00,I,JUNE_JULY,2018,SUPP,EC1705,4.0,MOBILE COMMUNICATION,80.000000,71.000000,62.000000,53.000000,44.000000,35.000000,JUNE_JULY_2018,0,0,0,0,0
20130031,21.30,30,52.00,D,JUNE_JULY,2018,SUPP,EC1705,4.0,MOBILE COMMUNICATION,80.000000,71.000000,62.000000,53.000000,44.000000,35.000000,JUNE_JULY_2018,0,0,0,0,0
20130306,18.50,27,46.00,D,JUNE_JULY,2018,SUPP,EC1705,4.0,MOBILE COMMUNICATION,80.000000,71.000000,62.000000,53.000000,44.000000,35.000000,JUNE_JULY_2018,0,0,0,0,0
20130696,23.40,11.5,35.00,E,JUNE_JULY,2018,SUPP,EC1705,4.0,MOBILE COMMUNICATION,80.000000,71.000000,62.000000,53.000000,44.000000,35.000000,JUNE_JULY_2018,0,0,0,0,0
20140097,12.90,35,48.00,D,JUNE_JULY,2018,SUPP,EC1705,4.0,MOBILE COMMUNICATION,80.000000,71.000000,62.000000,53.000000,44.000000,35.000000,JUNE_JULY_2018,0,0,0,0,0
20140189,20.00,28.5,49.00,D,JUNE_JULY,2018,SUPP,EC1705,4.0,MOBILE COMMUNICATION,80.000000,71.000000,62.000000,53.000000,44.000000,35.000000,JUNE_JULY_2018,0,0,0,0,0
20140226,15.60,16,32.00,F,JUNE_JULY,2018,SUPP,EC1705,4.0,MOBILE COMMUNICATION,80.000000,71.000000,62.000000,53.000000,44.000000,35.000000,JUNE_JULY_2018,0,0,0,0,0
20140358,22.60,36.5,60.00,C,JUNE_JULY,2018,SUPP,EC1705,4.0,MOBILE COMMUNICATION,80.000000,71.000000,62.000000,53.000000,44.000000,35.000000,JUNE_JULY_2018,0,0,0,0,0
20140587,17.50,22,40.00,E,JUNE_JULY,2018,SUPP,EC1705,4.0,MOBILE COMMUNICATION,80.000000,71.000000,62.000000,53.000000,44.000000,35.000000,JUNE_JULY_2018,0,0,0,0,0
