Reg_No,Internal,External,Total,Grade,Time,Year,Type,Code,Credit,Title,Cut-Off-S,Cut-Off-A,Cut-Off-B,Cut-Off-C,Cut-Off-D,Cut-Off-E,Directory,Absentees,Malpractices,Detentions,NA,appeared
20140219,15.35,15,31.00,F,JUNE_JULY,2018,SUPP,EE1307,4.0,ELECTRO TECHNOLOGY _EE1307_,80.000000,71.000000,62.000000,53.000000,44.000000,35.000000,JUNE_JULY_2018,0,0,0,0,0
20140465,13.20,21,35.00,E,JUNE_JULY,2018,SUPP,EE1307,4.0,ELECTRO TECHNOLOGY _EE1307_,80.000000,71.000000,62.000000,53.000000,44.000000,35.000000,JUNE_JULY_2018,0,0,0,0,0
20140477,17.60,17,35.00,E,JUNE_JULY,2018,SUPP,EE1307,4.0,ELECTRO TECHNOLOGY _EE1307_,80.000000,71.000000,62.000000,53.000000,44.000000,35.000000,JUNE_JULY_2018,0,0,0,0,0
201500281,12.20,13,26.00,F,JUNE_JULY,2018,SUPP,EE1307,4.0,ELECTRO TECHNOLOGY _EE1307_,80.000000,71.000000,62.000000,53.000000,44.000000,35.000000,JUNE_JULY_2018,0,0,0,0,0
201500443,15.50,AB,0.00,I,JUNE_JULY,2018,SUPP,EE1307,4.0,ELECTRO TECHNOLOGY _EE1307_,80.000000,71.000000,62.000000,53.000000,44.000000,35.000000,JUNE_JULY_2018,0,0,0,0,0
201500458,13.00,AB,0.00,I,JUNE_JULY,2018,SUPP,EE1307,4.0,ELECTRO TECHNOLOGY _EE1307_,80.000000,71.000000,62.000000,53.000000,44.000000,35.000000,JUNE_JULY_2018,0,0,0,0,0
201500363,12.20,AB,0.00,I,JUNE_JULY,2018,SUPP,EE1307,4.0,ELECTRO TECHNOLOGY _EE1307_,80.000000,71.000000,62.000000,53.000000,44.000000,35.000000,JUNE_JULY_2018,0,0,0,0,0
