Reg_No,Internal,External,Total,Grade,Time,Year,Type,Code,Credit,Title,Cut-Off-S,Cut-Off-A,Cut-Off-B,Cut-Off-C,Cut-Off-D,Cut-Off-E,Directory,Absentees,Malpractices,Detentions,NA,appeared
20110327,14.40,20,35.00,E,JUNE_JULY,2018,SUPP,EE1306,4.0,ANALOG ELECTRONIC CIRCUIT,82.000000,73.000000,63.000000,54.000000,44.000000,35.000000,JUNE_JULY_2018,0,0,0,0,0
20140375,20.60,26,47.00,D,JUNE_JULY,2018,SUPP,EE1306,4.0,ANALOG ELECTRONIC CIRCUIT,82.000000,73.000000,63.000000,54.000000,44.000000,35.000000,JUNE_JULY_2018,0,0,0,0,0
20130647,14.90,27.5,43.00,E,JUNE_JULY,2018,SUPP,EE1306,4.0,ANALOG ELECTRONIC CIRCUIT,82.000000,73.000000,63.000000,54.000000,44.000000,35.000000,JUNE_JULY_2018,0,0,0,0,0
201600131,11.80,AB,0.00,I,JUNE_JULY,2018,SUPP,EE1306,4.0,ANALOG ELECTRONIC CIRCUIT,82.000000,73.000000,63.000000,54.000000,44.000000,35.000000,JUNE_JULY_2018,0,0,0,0,0
