Reg_No,Internal,External,Total,Grade,Time,Year,Type,Code,Credit,Title,Cut-Off-S,Cut-Off-A,Cut-Off-B,Cut-Off-C,Cut-Off-D,Cut-Off-E,Directory,Absentees,Malpractices,Detentions,NA,appeared
201500406,7.50,19,27.00,F,JUNE_JULY,2018,SUPP,EE1305,4.0,DIGITAL ELECTRONICS,80.000000,71.000000,62.000000,53.000000,44.000000,35.000000,JUNE_JULY_2018,0,0,0,0,0
201613504,10.90,9,20.00,F,JUNE_JULY,2018,SUPP,EE1305,4.0,DIGITAL ELECTRONICS,80.000000,71.000000,62.000000,53.000000,44.000000,35.000000,JUNE_JULY_2018,0,0,0,0,0
201600244,15.90,AB,0.00,I,JUNE_JULY,2018,SUPP,EE1305,4.0,DIGITAL ELECTRONICS,80.000000,71.000000,62.000000,53.000000,44.000000,35.000000,JUNE_JULY_2018,0,0,0,0,0
201713506,15.00,10.5,26.00,F,JUNE_JULY,2018,SUPP,EE1305,4.0,DIGITAL ELECTRONICS,80.000000,71.000000,62.000000,53.000000,44.000000,35.000000,JUNE_JULY_2018,0,0,0,0,0
201713509,14.90,19.5,35.00,E,JUNE_JULY,2018,SUPP,EE1305,4.0,DIGITAL ELECTRONICS,80.000000,71.000000,62.000000,53.000000,44.000000,35.000000,JUNE_JULY_2018,0,0,0,0,0
