Reg_No,Internal,External,Total,Grade,Time,Year,Type,Code,Credit,Title,Cut-Off-S,Cut-Off-A,Cut-Off-B,Cut-Off-C,Cut-Off-D,Cut-Off-E,Directory,Absentees,Malpractices,Detentions,NA,appeared
20140132,21.30,19,41.00,E,JUNE_JULY,2018,SUPP,EE1402,4.0,SIGNALS & SYSTEMS,80.000000,71.000000,62.000000,53.000000,44.000000,35.000000,JUNE_JULY_2018,0,0,0,0,0
201513501,14.80,21,36.00,E,JUNE_JULY,2018,SUPP,EE1402,4.0,SIGNALS & SYSTEMS,80.000000,71.000000,62.000000,53.000000,44.000000,35.000000,JUNE_JULY_2018,0,0,0,0,0
201513503,10.50,25,36.00,E,JUNE_JULY,2018,SUPP,EE1402,4.0,SIGNALS & SYSTEMS,80.000000,71.000000,62.000000,53.000000,44.000000,35.000000,JUNE_JULY_2018,0,0,0,0,0
201500406,12.00,18.5,31.00,F,JUNE_JULY,2018,SUPP,EE1402,4.0,SIGNALS & SYSTEMS,80.000000,71.000000,62.000000,53.000000,44.000000,35.000000,JUNE_JULY_2018,0,0,0,0,0
201713501,14.70,13.5,29.00,F,JUNE_JULY,2018,SUPP,EE1402,4.0,SIGNALS & SYSTEMS,80.000000,71.000000,62.000000,53.000000,44.000000,35.000000,JUNE_JULY_2018,0,0,0,0,0
201713504,15.00,02,17.00,F,JUNE_JULY,2018,SUPP,EE1402,4.0,SIGNALS & SYSTEMS,80.000000,71.000000,62.000000,53.000000,44.000000,35.000000,JUNE_JULY_2018,0,0,0,0,0
201713510,12.20,AB,0.00,I,JUNE_JULY,2018,SUPP,EE1402,4.0,SIGNALS & SYSTEMS,80.000000,71.000000,62.000000,53.000000,44.000000,35.000000,JUNE_JULY_2018,0,0,0,0,0
