Reg_No,Internal,External,Total,Grade,Time,Year,Type,Code,Credit,Title,Cut-Off-S,Cut-Off-A,Cut-Off-B,Cut-Off-C,Cut-Off-D,Cut-Off-E,Directory,Absentees,Malpractices,Detentions,NA,appeared
20110327,27.30,7,35.00,E,JUNE_JULY,2018,SUPP,EE1406,4.0,ANALOG SYSTEMS DESIGN,81.000000,72.000000,63.000000,53.000000,44.000000,35.000000,JUNE_JULY_2018,0,0,0,0,0
20130034,19.20,29.5,49.00,D,JUNE_JULY,2018,SUPP,EE1406,4.0,ANALOG SYSTEMS DESIGN,81.000000,72.000000,63.000000,53.000000,44.000000,35.000000,JUNE_JULY_2018,0,0,0,0,0
201513507,24.40,19,44.00,D,JUNE_JULY,2018,SUPP,EE1406,4.0,ANALOG SYSTEMS DESIGN,81.000000,72.000000,63.000000,53.000000,44.000000,35.000000,JUNE_JULY_2018,0,0,0,0,0
20130647,24.80,15.5,41.00,E,JUNE_JULY,2018,SUPP,EE1406,4.0,ANALOG SYSTEMS DESIGN,81.000000,72.000000,63.000000,53.000000,44.000000,35.000000,JUNE_JULY_2018,0,0,0,0,0
