Reg_No,Internal,External,Total,Grade,Time,Year,Type,Code,Credit,Title,Cut-Off-S,Cut-Off-A,Cut-Off-B,Cut-Off-C,Cut-Off-D,Cut-Off-E,Directory,Absentees,Malpractices,Detentions,NA,appeared
20120283,12.10,25.5,38.00,E,JUNE_JULY,2018,SUPP,EE1403,4.0,ELECTRICAL MACHINES II,80.000000,71.000000,62.000000,53.000000,44.000000,35.000000,JUNE_JULY_2018,0,0,0,0,0
20140680,15.50,4,20.00,F,JUNE_JULY,2018,SUPP,EE1403,4.0,ELECTRICAL MACHINES II,80.000000,71.000000,62.000000,53.000000,44.000000,35.000000,JUNE_JULY_2018,0,0,0,0,0
20140183,10.60,AB,0.00,I,JUNE_JULY,2018,SUPP,EE1403,4.0,ELECTRICAL MACHINES II,80.000000,71.000000,62.000000,53.000000,44.000000,35.000000,JUNE_JULY_2018,0,0,0,0,0
201500096,14.40,23.5,38.00,E,JUNE_JULY,2018,SUPP,EE1403,4.0,ELECTRICAL MACHINES II,80.000000,71.000000,62.000000,53.000000,44.000000,35.000000,JUNE_JULY_2018,0,0,0,0,0
201500248,13.40,24.5,38.00,E,JUNE_JULY,2018,SUPP,EE1403,4.0,ELECTRICAL MACHINES II,80.000000,71.000000,62.000000,53.000000,44.000000,35.000000,JUNE_JULY_2018,0,0,0,0,0
