Reg_No,Internal,External,Total,Grade,Time,Year,Type,Code,Credit,Title,Cut-Off-S,Cut-Off-A,Cut-Off-B,Cut-Off-C,Cut-Off-D,Cut-Off-E,Directory,Absentees,Malpractices,Detentions,NA,appeared
20130034,15.30,25.5,41.00,E,JUNE_JULY,2018,SUPP,EE1503,4.0,MICROPROCESSOR & MICROCONTROLLER,80.000000,71.000000,62.000000,53.000000,44.000000,35.000000,JUNE_JULY_2018,0,0,0,0,0
20140597,16.00,32,48.00,D,JUNE_JULY,2018,SUPP,EE1503,4.0,MICROPROCESSOR & MICROCONTROLLER,80.000000,71.000000,62.000000,53.000000,44.000000,35.000000,JUNE_JULY_2018,0,0,0,0,0
20130647,18.30,21,40.00,E,JUNE_JULY,2018,SUPP,EE1503,4.0,MICROPROCESSOR & MICROCONTROLLER,80.000000,71.000000,62.000000,53.000000,44.000000,35.000000,JUNE_JULY_2018,0,0,0,0,0
20140183,15.50,23.5,39.00,E,JUNE_JULY,2018,SUPP,EE1503,4.0,MICROPROCESSOR & MICROCONTROLLER,80.000000,71.000000,62.000000,53.000000,44.000000,35.000000,JUNE_JULY_2018,0,0,0,0,0
201500248,15.40,19,35.00,E,JUNE_JULY,2018,SUPP,EE1503,4.0,MICROPROCESSOR & MICROCONTROLLER,80.000000,71.000000,62.000000,53.000000,44.000000,35.000000,JUNE_JULY_2018,0,0,0,0,0
201500406,14.30,32.5,47.00,D,JUNE_JULY,2018,SUPP,EE1503,4.0,MICROPROCESSOR & MICROCONTROLLER,80.000000,71.000000,62.000000,53.000000,44.000000,35.000000,JUNE_JULY_2018,0,0,0,0,0
