Reg_No,Internal,External,Total,Grade,Time,Year,Type,Code,Credit,Title,Cut-Off-S,Cut-Off-A,Cut-Off-B,Cut-Off-C,Cut-Off-D,Cut-Off-E,Directory,Absentees,Malpractices,Detentions,NA,appeared
20130544,13.60,22.5,37.00,E,JUNE_JULY,2018,SUPP,IT1506,4.0,OBJECT ORIENTED PROGRAMMING _IT1506_,90.000000,79.000000,68.000000,57.000000,46.000000,35.000000,JUNE_JULY_2018,0,0,0,0,0
20140259,14.61,AB,0.00,I,JUNE_JULY,2018,SUPP,IT1506,4.0,OBJECT ORIENTED PROGRAMMING _IT1506_,90.000000,79.000000,68.000000,57.000000,46.000000,35.000000,JUNE_JULY_2018,0,0,0,0,0
201612504,14.30,20.5,35.00,E,JUNE_JULY,2018,SUPP,IT1506,4.0,OBJECT ORIENTED PROGRAMMING _IT1506_,90.000000,79.000000,68.000000,57.000000,46.000000,35.000000,JUNE_JULY_2018,0,0,0,0,0
20140097,21.46,30,52.00,D,JUNE_JULY,2018,SUPP,IT1506,4.0,OBJECT ORIENTED PROGRAMMING _IT1506_,90.000000,79.000000,68.000000,57.000000,46.000000,35.000000,JUNE_JULY_2018,0,0,0,0,0
