Reg_No,Internal,External,Total,Grade,Time,Year,Type,Code,Credit,Title,Cut-Off-S,Cut-Off-A,Cut-Off-B,Cut-Off-C,Cut-Off-D,Cut-Off-E,Directory,Absentees,Malpractices,Detentions,NA,appeared
201316013,12.00,3.5,16.00,F,JUNE_JULY,2018,SUPP,MA1104,4.0,MATHEMATICS I _MA1104_,86.000000,76.000000,66.000000,55.000000,45.000000,35.000000,JUNE_JULY_2018,0,0,0,0,0
201416004,10.10,7.5,18.00,F,JUNE_JULY,2018,SUPP,MA1104,4.0,MATHEMATICS I _MA1104_,86.000000,76.000000,66.000000,55.000000,45.000000,35.000000,JUNE_JULY_2018,0,0,0,0,0
201616022,10.10,3,14.00,F,JUNE_JULY,2018,SUPP,MA1104,4.0,MATHEMATICS I _MA1104_,86.000000,76.000000,66.000000,55.000000,45.000000,35.000000,JUNE_JULY_2018,0,0,0,0,0
201716008,17.10,19,37.00,E,JUNE_JULY,2018,SUPP,MA1104,4.0,MATHEMATICS I _MA1104_,86.000000,76.000000,66.000000,55.000000,45.000000,35.000000,JUNE_JULY_2018,0,0,0,0,0
201716018,14.00,3,17.00,F,JUNE_JULY,2018,SUPP,MA1104,4.0,MATHEMATICS I _MA1104_,86.000000,76.000000,66.000000,55.000000,45.000000,35.000000,JUNE_JULY_2018,0,0,0,0,0
201716026,25.60,1.5,28.00,F,JUNE_JULY,2018,SUPP,MA1104,4.0,MATHEMATICS I _MA1104_,86.000000,76.000000,66.000000,55.000000,45.000000,35.000000,JUNE_JULY_2018,0,0,0,0,0
