Reg_No,Internal,External,Total,Grade,Time,Year,Type,Code,Credit,Title,Cut-Off-S,Cut-Off-A,Cut-Off-B,Cut-Off-C,Cut-Off-D,Cut-Off-E,Directory,Absentees,Malpractices,Detentions,NA,appeared
201316023,17.20,2,20.00,F,JUNE_JULY,2018,SUPP,MA1204,4.0,MATHEMATICS II _MA1204_,88.000000,77.000000,67.000000,56.000000,46.000000,35.000000,JUNE_JULY_2018,0,0,0,0,0
201316016,10.60,23.5,35.00,E,JUNE_JULY,2018,SUPP,MA1204,4.0,MATHEMATICS II _MA1204_,88.000000,77.000000,67.000000,56.000000,46.000000,35.000000,JUNE_JULY_2018,0,0,0,0,0
201416004,21.10,16.5,38.00,E,JUNE_JULY,2018,SUPP,MA1204,4.0,MATHEMATICS II _MA1204_,88.000000,77.000000,67.000000,56.000000,46.000000,35.000000,JUNE_JULY_2018,0,0,0,0,0
201516009,19.60,29.5,50.00,D,JUNE_JULY,2018,SUPP,MA1204,4.0,MATHEMATICS II _MA1204_,88.000000,77.000000,67.000000,56.000000,46.000000,35.000000,JUNE_JULY_2018,0,0,0,0,0
201616025,14.50,13,28.00,F,JUNE_JULY,2018,SUPP,MA1204,4.0,MATHEMATICS II _MA1204_,88.000000,77.000000,67.000000,56.000000,46.000000,35.000000,JUNE_JULY_2018,0,0,0,0,0
201716029,19.40,15,35.00,E,JUNE_JULY,2018,SUPP,MA1204,4.0,MATHEMATICS II _MA1204_,88.000000,77.000000,67.000000,56.000000,46.000000,35.000000,JUNE_JULY_2018,0,0,0,0,0
201716034,29.20,19,49.00,D,JUNE_JULY,2018,SUPP,MA1204,4.0,MATHEMATICS II _MA1204_,88.000000,77.000000,67.000000,56.000000,46.000000,35.000000,JUNE_JULY_2018,0,0,0,0,0
