Reg_No,Internal,External,Total,Grade,Time,Year,Type,Code,Credit,Title,Cut-Off-S,Cut-Off-A,Cut-Off-B,Cut-Off-C,Cut-Off-D,Cut-Off-E,Directory,Absentees,Malpractices,Detentions,NA,appeared
201316023,16.80,9,26.00,F,JUNE_JULY,2018,SUPP,MA1304,4.0,MATHEMATICS III _MA1304_,80.000000,71.000000,62.000000,53.000000,44.000000,35.000000,JUNE_JULY_2018,0,0,0,0,0
201416004,17.90,17,35.00,E,JUNE_JULY,2018,SUPP,MA1304,4.0,MATHEMATICS III _MA1304_,80.000000,71.000000,62.000000,53.000000,44.000000,35.000000,JUNE_JULY_2018,0,0,0,0,0
20121912,9.00,12,21.00,F,JUNE_JULY,2018,SUPP,MA1304,4.0,MATHEMATICS III _MA1304_,80.000000,71.000000,62.000000,53.000000,44.000000,35.000000,JUNE_JULY_2018,0,0,0,0,0
201516004,16.40,6.5,23.00,F,JUNE_JULY,2018,SUPP,MA1304,4.0,MATHEMATICS III _MA1304_,80.000000,71.000000,62.000000,53.000000,44.000000,35.000000,JUNE_JULY_2018,0,0,0,0,0
