Reg_No,Internal,External,Total,Grade,Time,Year,Type,Code,Credit,Title,Cut-Off-S,Cut-Off-A,Cut-Off-B,Cut-Off-C,Cut-Off-D,Cut-Off-E,Directory,Absentees,Malpractices,Detentions,NA,appeared
20140465,17.60,9.5,28.00,F,JUNE_JULY,2018,SUPP,MA1305,4.0,ENGINEERING MATHEMATICS III _MA1305_,86.000000,76.000000,66.000000,55.000000,45.000000,35.000000,JUNE_JULY_2018,0,0,0,0,0
20140477,18.40,6.5,25.00,F,JUNE_JULY,2018,SUPP,MA1305,4.0,ENGINEERING MATHEMATICS III _MA1305_,86.000000,76.000000,66.000000,55.000000,45.000000,35.000000,JUNE_JULY_2018,0,0,0,0,0
201500141,12.50,AB,0.00,I,JUNE_JULY,2018,SUPP,MA1305,4.0,ENGINEERING MATHEMATICS III _MA1305_,86.000000,76.000000,66.000000,55.000000,45.000000,35.000000,JUNE_JULY_2018,0,0,0,0,0
201500443,11.60,AB,0.00,I,JUNE_JULY,2018,SUPP,MA1305,4.0,ENGINEERING MATHEMATICS III _MA1305_,86.000000,76.000000,66.000000,55.000000,45.000000,35.000000,JUNE_JULY_2018,0,0,0,0,0
201600698,23.40,AB,0.00,I,JUNE_JULY,2018,SUPP,MA1305,4.0,ENGINEERING MATHEMATICS III _MA1305_,86.000000,76.000000,66.000000,55.000000,45.000000,35.000000,JUNE_JULY_2018,0,0,0,0,0
20120032,9.60,25,35.00,E,JUNE_JULY,2018,SUPP,MA1305,4.0,ENGINEERING MATHEMATICS III _MA1305_,86.000000,76.000000,66.000000,55.000000,45.000000,35.000000,JUNE_JULY_2018,0,0,0,0,0
