Reg_No,Internal,External,Total,Grade,Time,Year,Type,Code,Credit,Title,Cut-Off-S,Cut-Off-A,Cut-Off-B,Cut-Off-C,Cut-Off-D,Cut-Off-E,Directory,Absentees,Malpractices,Detentions,NA,appeared
20140002,9.00,AB,0.00,I,JUNE_JULY,2018,SUPP,MA1402,4.0,ENGINEERING MATHEMATICS IV _MA1402_,89.000000,78.000000,67.000000,57.000000,46.000000,35.000000,JUNE_JULY_2018,0,0,0,0,0
20140252,17.80,25,43.00,E,JUNE_JULY,2018,SUPP,MA1402,4.0,ENGINEERING MATHEMATICS IV _MA1402_,89.000000,78.000000,67.000000,57.000000,46.000000,35.000000,JUNE_JULY_2018,0,0,0,0,0
201500048,15.00,20,35.00,E,JUNE_JULY,2018,SUPP,MA1402,4.0,ENGINEERING MATHEMATICS IV _MA1402_,89.000000,78.000000,67.000000,57.000000,46.000000,35.000000,JUNE_JULY_2018,0,0,0,0,0
201500104,17.40,8.5,26.00,F,JUNE_JULY,2018,SUPP,MA1402,4.0,ENGINEERING MATHEMATICS IV _MA1402_,89.000000,78.000000,67.000000,57.000000,46.000000,35.000000,JUNE_JULY_2018,0,0,0,0,0
201512501,11.10,15.5,27.00,F,JUNE_JULY,2018,SUPP,MA1402,4.0,ENGINEERING MATHEMATICS IV _MA1402_,89.000000,78.000000,67.000000,57.000000,46.000000,35.000000,JUNE_JULY_2018,0,0,0,0,0
201612505,10.80,AB,0.00,I,JUNE_JULY,2018,SUPP,MA1402,4.0,ENGINEERING MATHEMATICS IV _MA1402_,89.000000,78.000000,67.000000,57.000000,46.000000,35.000000,JUNE_JULY_2018,0,0,0,0,0
20121721,11.00,12.5,24.00,F,JUNE_JULY,2018,SUPP,MA1402,4.0,ENGINEERING MATHEMATICS IV _MA1402_,89.000000,78.000000,67.000000,57.000000,46.000000,35.000000,JUNE_JULY_2018,0,0,0,0,0
