Reg_No,Internal,External,Total,Grade,Time,Year,Type,Code,Credit,Title,Cut-Off-S,Cut-Off-A,Cut-Off-B,Cut-Off-C,Cut-Off-D,Cut-Off-E,Directory,Absentees,Malpractices,Detentions,NA,appeared
20130716,18.90,3.5,23.00,F,JUNE_JULY,2018,SUPP,MA1404,4.0,PROBABILITY & STATISTICS _12 13 14 15 16_,82.000000,73.000000,63.000000,54.000000,44.000000,35.000000,JUNE_JULY_2018,0,0,0,0,0
20140631,13.60,23,37.00,E,JUNE_JULY,2018,SUPP,MA1404,4.0,PROBABILITY & STATISTICS _12 13 14 15 16_,82.000000,73.000000,63.000000,54.000000,44.000000,35.000000,JUNE_JULY_2018,0,0,0,0,0
20140676,10.90,14.5,26.00,F,JUNE_JULY,2018,SUPP,MA1404,4.0,PROBABILITY & STATISTICS _12 13 14 15 16_,82.000000,73.000000,63.000000,54.000000,44.000000,35.000000,JUNE_JULY_2018,0,0,0,0,0
20140692,22.80,AB,0.00,I,JUNE_JULY,2018,SUPP,MA1404,4.0,PROBABILITY & STATISTICS _12 13 14 15 16_,82.000000,73.000000,63.000000,54.000000,44.000000,35.000000,JUNE_JULY_2018,0,0,0,0,0
201600118,29.70,20.5,51.00,D,JUNE_JULY,2018,SUPP,MA1404,4.0,PROBABILITY & STATISTICS _12 13 14 15 16_,82.000000,73.000000,63.000000,54.000000,44.000000,35.000000,JUNE_JULY_2018,0,0,0,0,0
