Reg_No,Internal,External,Total,Grade,Time,Year,Type,Code,Credit,Title,Cut-Off-S,Cut-Off-A,Cut-Off-B,Cut-Off-C,Cut-Off-D,Cut-Off-E,Directory,Absentees,Malpractices,Detentions,NA,appeared
20130144,6.14,30,37.00,F,JUNE_JULY,2018,SUPP,ME1305,4.0,MECHANICAL DRAWING,84.000000,76.000000,68.000000,59.000000,51.000000,43.000000,JUNE_JULY_2018,0,0,0,0,0
20140018,0.00,27.5,28.00,F,JUNE_JULY,2018,SUPP,ME1305,4.0,MECHANICAL DRAWING,84.000000,76.000000,68.000000,59.000000,51.000000,43.000000,JUNE_JULY_2018,0,0,0,0,0
20140219,11.90,21,33.00,F,JUNE_JULY,2018,SUPP,ME1305,4.0,MECHANICAL DRAWING,84.000000,76.000000,68.000000,59.000000,51.000000,43.000000,JUNE_JULY_2018,0,0,0,0,0
201500363,25.60,AB,0.00,I,JUNE_JULY,2018,SUPP,ME1305,4.0,MECHANICAL DRAWING,84.000000,76.000000,68.000000,59.000000,51.000000,43.000000,JUNE_JULY_2018,0,0,0,0,0
201600154,25.25,AB,0.00,I,JUNE_JULY,2018,SUPP,ME1305,4.0,MECHANICAL DRAWING,84.000000,76.000000,68.000000,59.000000,51.000000,43.000000,JUNE_JULY_2018,0,0,0,0,0
