Reg_No,Internal,External,Total,Grade,Time,Year,Type,Code,Credit,Title,Cut-Off-S,Cut-Off-A,Cut-Off-B,Cut-Off-C,Cut-Off-D,Cut-Off-E,Directory,Absentees,Malpractices,Detentions,NA,appeared
201500108,15.40,15,31.00,F,JUNE_JULY,2018,SUPP,ME1309,4.0,STRENGTH OF MATERIALS,90.000000,79.000000,68.000000,57.000000,46.000000,35.000000,JUNE_JULY_2018,0,0,0,0,0
201500458,25.60,16,42.00,E,JUNE_JULY,2018,SUPP,ME1309,4.0,STRENGTH OF MATERIALS,90.000000,79.000000,68.000000,57.000000,46.000000,35.000000,JUNE_JULY_2018,0,0,0,0,0
201500363,15.10,AB,0.00,I,JUNE_JULY,2018,SUPP,ME1309,4.0,STRENGTH OF MATERIALS,90.000000,79.000000,68.000000,57.000000,46.000000,35.000000,JUNE_JULY_2018,0,0,0,0,0
201600154,15.20,AB,0.00,I,JUNE_JULY,2018,SUPP,ME1309,4.0,STRENGTH OF MATERIALS,90.000000,79.000000,68.000000,57.000000,46.000000,35.000000,JUNE_JULY_2018,0,0,0,0,0
