Reg_No,Internal,External,Total,Grade,Time,Year,Type,Code,Credit,Title,Cut-Off-S,Cut-Off-A,Cut-Off-B,Cut-Off-C,Cut-Off-D,Cut-Off-E,Directory,Absentees,Malpractices,Detentions,NA,appeared
20140130,13.30,AB,0.00,I,JUNE_JULY,2018,SUPP,ME1307_ME1302,4.0,ENGINEERING THERMODYNAMICS_BASIC THERMODYNAMICS,85.000000,75.000000,65.000000,55.000000,45.000000,35.000000,JUNE_JULY_2018,0,0,0,0,0
20140742,12.80,AB,0.00,I,JUNE_JULY,2018,SUPP,ME1307_ME1302,4.0,ENGINEERING THERMODYNAMICS_BASIC THERMODYNAMICS,85.000000,75.000000,65.000000,55.000000,45.000000,35.000000,JUNE_JULY_2018,0,0,0,0,0
20140018,22.20,29,52.00,D,JUNE_JULY,2018,SUPP,ME1307_ME1302,4.0,ENGINEERING THERMODYNAMICS_BASIC THERMODYNAMICS,85.000000,75.000000,65.000000,55.000000,45.000000,35.000000,JUNE_JULY_2018,0,0,0,0,0
201500163,14.40,22.5,37.00,E,JUNE_JULY,2018,SUPP,ME1307_ME1302,4.0,ENGINEERING THERMODYNAMICS_BASIC THERMODYNAMICS,85.000000,75.000000,65.000000,55.000000,45.000000,35.000000,JUNE_JULY_2018,0,0,0,0,0
201615507,15.70,20,36.00,E,JUNE_JULY,2018,SUPP,ME1307_ME1302,4.0,ENGINEERING THERMODYNAMICS_BASIC THERMODYNAMICS,85.000000,75.000000,65.000000,55.000000,45.000000,35.000000,JUNE_JULY_2018,0,0,0,0,0
201500363,20.10,AB,0.00,I,JUNE_JULY,2018,SUPP,ME1307_ME1302,4.0,ENGINEERING THERMODYNAMICS_BASIC THERMODYNAMICS,85.000000,75.000000,65.000000,55.000000,45.000000,35.000000,JUNE_JULY_2018,0,0,0,0,0
201600194,16.00,33,49.00,D,JUNE_JULY,2018,SUPP,ME1307_ME1302,4.0,ENGINEERING THERMODYNAMICS_BASIC THERMODYNAMICS,85.000000,75.000000,65.000000,55.000000,45.000000,35.000000,JUNE_JULY_2018,0,0,0,0,0
201500108,10.20,24,35.00,E,JUNE_JULY,2018,SUPP,ME1307_ME1302,4.0,ENGINEERING THERMODYNAMICS_BASIC THERMODYNAMICS,85.000000,75.000000,65.000000,55.000000,45.000000,35.000000,JUNE_JULY_2018,0,0,0,0,0
201500195,15.90,1,17.00,F,JUNE_JULY,2018,SUPP,ME1307_ME1302,4.0,ENGINEERING THERMODYNAMICS_BASIC THERMODYNAMICS,85.000000,75.000000,65.000000,55.000000,45.000000,35.000000,JUNE_JULY_2018,0,0,0,0,0
