Reg_No,Internal,External,Total,Grade,Time,Year,Type,Code,Credit,Title,Cut-Off-S,Cut-Off-A,Cut-Off-B,Cut-Off-C,Cut-Off-D,Cut-Off-E,Directory,Absentees,Malpractices,Detentions,NA,appeared
20140565,7.35,AB,0.00,I,JUNE_JULY,2018,SUPP,ME1405,4.0,MATERIAL SCIENCE,80.000000,71.000000,62.000000,53.000000,44.000000,35.000000,JUNE_JULY_2018,0,0,0,0,0
201500060,22.05,14.5,37.00,E,JUNE_JULY,2018,SUPP,ME1405,4.0,MATERIAL SCIENCE,80.000000,71.000000,62.000000,53.000000,44.000000,35.000000,JUNE_JULY_2018,0,0,0,0,0
201500071,23.40,16,40.00,E,JUNE_JULY,2018,SUPP,ME1405,4.0,MATERIAL SCIENCE,80.000000,71.000000,62.000000,53.000000,44.000000,35.000000,JUNE_JULY_2018,0,0,0,0,0
201500163,17.00,9,26.00,F,JUNE_JULY,2018,SUPP,ME1405,4.0,MATERIAL SCIENCE,80.000000,71.000000,62.000000,53.000000,44.000000,35.000000,JUNE_JULY_2018,0,0,0,0,0
201600024,19.30,AB,0.00,I,JUNE_JULY,2018,SUPP,ME1405,4.0,MATERIAL SCIENCE,80.000000,71.000000,62.000000,53.000000,44.000000,35.000000,JUNE_JULY_2018,0,0,0,0,0
201600154,15.10,AB,0.00,I,JUNE_JULY,2018,SUPP,ME1405,4.0,MATERIAL SCIENCE,80.000000,71.000000,62.000000,53.000000,44.000000,35.000000,JUNE_JULY_2018,0,0,0,0,0
201600300,17.90,AB,0.00,I,JUNE_JULY,2018,SUPP,ME1405,4.0,MATERIAL SCIENCE,80.000000,71.000000,62.000000,53.000000,44.000000,35.000000,JUNE_JULY_2018,0,0,0,0,0
201600485,10.40,15.5,26.00,F,JUNE_JULY,2018,SUPP,ME1405,4.0,MATERIAL SCIENCE,80.000000,71.000000,62.000000,53.000000,44.000000,35.000000,JUNE_JULY_2018,0,0,0,0,0
