Reg_No,Internal,External,Total,Grade,Time,Year,Type,Code,Credit,Title,Cut-Off-S,Cut-Off-A,Cut-Off-B,Cut-Off-C,Cut-Off-D,Cut-Off-E,Directory,Absentees,Malpractices,Detentions,NA,appeared
20120727,12.70,13.5,27.00,F,JUNE_JULY,2018,SUPP,ME1505,4.0,METROLOGY,84.000000,74.000000,64.000000,55.000000,45.000000,35.000000,JUNE_JULY_2018,0,0,0,0,0
20140463,16.20,AB,0.00,I,JUNE_JULY,2018,SUPP,ME1505,4.0,METROLOGY,84.000000,74.000000,64.000000,55.000000,45.000000,35.000000,JUNE_JULY_2018,0,0,0,0,0
201500071,17.30,24.5,42.00,E,JUNE_JULY,2018,SUPP,ME1505,4.0,METROLOGY,84.000000,74.000000,64.000000,55.000000,45.000000,35.000000,JUNE_JULY_2018,0,0,0,0,0
201500141,14.80,14,29.00,F,JUNE_JULY,2018,SUPP,ME1505,4.0,METROLOGY,84.000000,74.000000,64.000000,55.000000,45.000000,35.000000,JUNE_JULY_2018,0,0,0,0,0
201500281,11.85,8.5,21.00,F,JUNE_JULY,2018,SUPP,ME1505,4.0,METROLOGY,84.000000,74.000000,64.000000,55.000000,45.000000,35.000000,JUNE_JULY_2018,0,0,0,0,0
201500674,15.05,AB,0.00,I,JUNE_JULY,2018,SUPP,ME1505,4.0,METROLOGY,84.000000,74.000000,64.000000,55.000000,45.000000,35.000000,JUNE_JULY_2018,0,0,0,0,0
