Reg_No,Internal,External,Total,Grade,Time,Year,Type,Code,Credit,Title,Cut-Off-S,Cut-Off-A,Cut-Off-B,Cut-Off-C,Cut-Off-D,Cut-Off-E,Directory,Absentees,Malpractices,Detentions,NA,appeared
201500141,13.50,4.5,18.00,F,JUNE_JULY,2018,SUPP,ME1511,4.0,MECHANICS OF SOLID I,90.000000,79.000000,68.000000,57.000000,46.000000,35.000000,JUNE_JULY_2018,0,0,0,0,0
201500249,16.60,17.5,35.00,E,JUNE_JULY,2018,SUPP,ME1511,4.0,MECHANICS OF SOLID I,90.000000,79.000000,68.000000,57.000000,46.000000,35.000000,JUNE_JULY_2018,0,0,0,0,0
201500263,18.00,21.5,40.00,E,JUNE_JULY,2018,SUPP,ME1511,4.0,MECHANICS OF SOLID I,90.000000,79.000000,68.000000,57.000000,46.000000,35.000000,JUNE_JULY_2018,0,0,0,0,0
201500281,16.20,13,30.00,F,JUNE_JULY,2018,SUPP,ME1511,4.0,MECHANICS OF SOLID I,90.000000,79.000000,68.000000,57.000000,46.000000,35.000000,JUNE_JULY_2018,0,0,0,0,0
201500443,19.30,19,39.00,E,JUNE_JULY,2018,SUPP,ME1511,4.0,MECHANICS OF SOLID I,90.000000,79.000000,68.000000,57.000000,46.000000,35.000000,JUNE_JULY_2018,0,0,0,0,0
