Reg_No,Internal,External,Total,Grade,Time,Year,Type,Code,Credit,Title,Cut-Off-S,Cut-Off-A,Cut-Off-B,Cut-Off-C,Cut-Off-D,Cut-Off-E,Directory,Absentees,Malpractices,Detentions,NA,appeared
20130070,10.00,25,35.00,E,JUNE_JULY,2018,SUPP,ME1610_ME1606,4.0,NON TRAD MACH PROCESS,83.000000,73.000000,64.000000,54.000000,45.000000,35.000000,JUNE_JULY_2018,0,0,0,0,0
20140055,8.80,21,30.00,F,JUNE_JULY,2018,SUPP,ME1610_ME1606,4.0,NON TRAD MACH PROCESS,83.000000,73.000000,64.000000,54.000000,45.000000,35.000000,JUNE_JULY_2018,0,0,0,0,0
20140130,10.50,AB,0.00,I,JUNE_JULY,2018,SUPP,ME1610_ME1606,4.0,NON TRAD MACH PROCESS,83.000000,73.000000,64.000000,54.000000,45.000000,35.000000,JUNE_JULY_2018,0,0,0,0,0
201500071,21.70,1.5,24.00,F,JUNE_JULY,2018,SUPP,ME1610_ME1606,4.0,NON TRAD MACH PROCESS,83.000000,73.000000,64.000000,54.000000,45.000000,35.000000,JUNE_JULY_2018,0,0,0,0,0
201500144,30.20,16,47.00,D,JUNE_JULY,2018,SUPP,ME1610_ME1606,4.0,NON TRAD MACH PROCESS,83.000000,73.000000,64.000000,54.000000,45.000000,35.000000,JUNE_JULY_2018,0,0,0,0,0
201500443,24.20,22.5,47.00,D,JUNE_JULY,2018,SUPP,ME1610_ME1606,4.0,NON TRAD MACH PROCESS,83.000000,73.000000,64.000000,54.000000,45.000000,35.000000,JUNE_JULY_2018,0,0,0,0,0
201500674,15.60,AB,0.00,I,JUNE_JULY,2018,SUPP,ME1610_ME1606,4.0,NON TRAD MACH PROCESS,83.000000,73.000000,64.000000,54.000000,45.000000,35.000000,JUNE_JULY_2018,0,0,0,0,0
201500704,27.70,19.5,48.00,D,JUNE_JULY,2018,SUPP,ME1610_ME1606,4.0,NON TRAD MACH PROCESS,83.000000,73.000000,64.000000,54.000000,45.000000,35.000000,JUNE_JULY_2018,0,0,0,0,0
201615507,21.10,13.5,35.00,E,JUNE_JULY,2018,SUPP,ME1610_ME1606,4.0,NON TRAD MACH PROCESS,83.000000,73.000000,64.000000,54.000000,45.000000,35.000000,JUNE_JULY_2018,0,0,0,0,0
