Reg_No,Internal,External,Total,Grade,Time,Year,Type,Code,Credit,Title,Cut-Off-S,Cut-Off-A,Cut-Off-B,Cut-Off-C,Cut-Off-D,Cut-Off-E,Directory,Absentees,Malpractices,Detentions,NA,appeared
20120498,12.05,26,39.00,E,JUNE_JULY,2018,SUPP,ME1605,4.0,MECHATRONICS,80.000000,71.000000,62.000000,53.000000,44.000000,35.000000,JUNE_JULY_2018,0,0,0,0,0
20140380,24.00,24,48.00,D,JUNE_JULY,2018,SUPP,ME1605,4.0,MECHATRONICS,80.000000,71.000000,62.000000,53.000000,44.000000,35.000000,JUNE_JULY_2018,0,0,0,0,0
20140433,15.80,18.5,35.00,E,JUNE_JULY,2018,SUPP,ME1605,4.0,MECHATRONICS,80.000000,71.000000,62.000000,53.000000,44.000000,35.000000,JUNE_JULY_2018,0,0,0,0,0
20140463,17.40,17.5,35.00,E,JUNE_JULY,2018,SUPP,ME1605,4.0,MECHATRONICS,80.000000,71.000000,62.000000,53.000000,44.000000,35.000000,JUNE_JULY_2018,0,0,0,0,0
20140736,17.70,31,49.00,D,JUNE_JULY,2018,SUPP,ME1605,4.0,MECHATRONICS,80.000000,71.000000,62.000000,53.000000,44.000000,35.000000,JUNE_JULY_2018,0,0,0,0,0
201500144,31.00,25,56.00,C,JUNE_JULY,2018,SUPP,ME1605,4.0,MECHATRONICS,80.000000,71.000000,62.000000,53.000000,44.000000,35.000000,JUNE_JULY_2018,0,0,0,0,0
201500281,15.90,14,30.00,F,JUNE_JULY,2018,SUPP,ME1605,4.0,MECHATRONICS,80.000000,71.000000,62.000000,53.000000,44.000000,35.000000,JUNE_JULY_2018,0,0,0,0,0
201500704,28.10,22.5,51.00,D,JUNE_JULY,2018,SUPP,ME1605,4.0,MECHATRONICS,80.000000,71.000000,62.000000,53.000000,44.000000,35.000000,JUNE_JULY_2018,0,0,0,0,0
201615507,19.90,20.5,41.00,E,JUNE_JULY,2018,SUPP,ME1605,4.0,MECHATRONICS,80.000000,71.000000,62.000000,53.000000,44.000000,35.000000,JUNE_JULY_2018,0,0,0,0,0
