Reg_No,Internal,External,Total,Grade,Time,Year,Type,Code,Credit,Title,Cut-Off-S,Cut-Off-A,Cut-Off-B,Cut-Off-C,Cut-Off-D,Cut-Off-E,Directory,Absentees,Malpractices,Detentions,NA,appeared
201500141,17.10,20,38.00,E,JUNE_JULY,2018,SUPP,ME1607,4.0,THERMAL ENGINEERING II,82.000000,73.000000,63.000000,54.000000,44.000000,35.000000,JUNE_JULY_2018,0,0,0,0,0
201500144,25.40,29,55.00,C,JUNE_JULY,2018,SUPP,ME1607,4.0,THERMAL ENGINEERING II,82.000000,73.000000,63.000000,54.000000,44.000000,35.000000,JUNE_JULY_2018,0,0,0,0,0
201500281,12.60,3,16.00,F,JUNE_JULY,2018,SUPP,ME1607,4.0,THERMAL ENGINEERING II,82.000000,73.000000,63.000000,54.000000,44.000000,35.000000,JUNE_JULY_2018,0,0,0,0,0
201500443,15.50,24,40.00,E,JUNE_JULY,2018,SUPP,ME1607,4.0,THERMAL ENGINEERING II,82.000000,73.000000,63.000000,54.000000,44.000000,35.000000,JUNE_JULY_2018,0,0,0,0,0
201500704,25.40,14.5,40.00,E,JUNE_JULY,2018,SUPP,ME1607,4.0,THERMAL ENGINEERING II,82.000000,73.000000,63.000000,54.000000,44.000000,35.000000,JUNE_JULY_2018,0,0,0,0,0
