Reg_No,Internal,External,Total,Grade,Time,Year,Type,Code,Credit,Title,Cut-Off-S,Cut-Off-A,Cut-Off-B,Cut-Off-C,Cut-Off-D,Cut-Off-E,Directory,Absentees,Malpractices,Detentions,NA,appeared
20130070,13.50,23.5,37.00,E,JUNE_JULY,2018,SUPP,ME1702,4.0,OPERATIONS RESEARCH & MANAGEMENT,82.000000,73.000000,63.000000,54.000000,44.000000,35.000000,JUNE_JULY_2018,0,0,0,0,0
20140055,10.90,10.5,22.00,F,JUNE_JULY,2018,SUPP,ME1702,4.0,OPERATIONS RESEARCH & MANAGEMENT,82.000000,73.000000,63.000000,54.000000,44.000000,35.000000,JUNE_JULY_2018,0,0,0,0,0
20140234,14.40,AB,0.00,I,JUNE_JULY,2018,SUPP,ME1702,4.0,OPERATIONS RESEARCH & MANAGEMENT,82.000000,73.000000,63.000000,54.000000,44.000000,35.000000,JUNE_JULY_2018,0,0,0,0,0
201515501,24.80,21,46.00,D,JUNE_JULY,2018,SUPP,ME1702,4.0,OPERATIONS RESEARCH & MANAGEMENT,82.000000,73.000000,63.000000,54.000000,44.000000,35.000000,JUNE_JULY_2018,0,0,0,0,0
201515506,18.10,27.5,46.00,D,JUNE_JULY,2018,SUPP,ME1702,4.0,OPERATIONS RESEARCH & MANAGEMENT,82.000000,73.000000,63.000000,54.000000,44.000000,35.000000,JUNE_JULY_2018,0,0,0,0,0
