Reg_No,Internal,External,Total,Grade,Time,Year,Type,Code,Credit,Title,Cut-Off-S,Cut-Off-A,Cut-Off-B,Cut-Off-C,Cut-Off-D,Cut-Off-E,Directory,Absentees,Malpractices,Detentions,NA,appeared
20140151,43.80,17,61.00,D,JUNE_JULY,2018,SUPP,PH1162,1.5,ENGINEERING PHYSICS LAB,89.000000,81.000000,72.000000,64.000000,55.000000,47.000000,JUNE_JULY_2018,0,0,0,0,0
201600199,51.30,4,56.00,D,JUNE_JULY,2018,SUPP,PH1162,1.5,ENGINEERING PHYSICS LAB,89.000000,81.000000,72.000000,64.000000,55.000000,47.000000,JUNE_JULY_2018,0,0,0,0,0
201700105,41.40,19.5,61.00,D,JUNE_JULY,2018,SUPP,PH1162,1.5,ENGINEERING PHYSICS LAB,89.000000,81.000000,72.000000,64.000000,55.000000,47.000000,JUNE_JULY_2018,0,0,0,0,0
201700163,40.80,19,60.00,D,JUNE_JULY,2018,SUPP,PH1162,1.5,ENGINEERING PHYSICS LAB,89.000000,81.000000,72.000000,64.000000,55.000000,47.000000,JUNE_JULY_2018,0,0,0,0,0
201700224,48.45,26,75.00,B,JUNE_JULY,2018,SUPP,PH1162,1.5,ENGINEERING PHYSICS LAB,89.000000,81.000000,72.000000,64.000000,55.000000,47.000000,JUNE_JULY_2018,0,0,0,0,0
201700486,47.40,17.5,65.00,C,JUNE_JULY,2018,SUPP,PH1162,1.5,ENGINEERING PHYSICS LAB,89.000000,81.000000,72.000000,64.000000,55.000000,47.000000,JUNE_JULY_2018,0,0,0,0,0
201700561,46.35,25,72.00,B,JUNE_JULY,2018,SUPP,PH1162,1.5,ENGINEERING PHYSICS LAB,89.000000,81.000000,72.000000,64.000000,55.000000,47.000000,JUNE_JULY_2018,0,0,0,0,0
