Reg_No,Internal,External,Total,Grade,Time,Year,Type,Code,Credit,Title,Cut-Off-S,Cut-Off-A,Cut-Off-B,Cut-Off-C,Cut-Off-D,Cut-Off-E,Directory,Absentees,Malpractices,Detentions,NA,appeared
20140674,28.95,16.5,46.00,D,NOV_DEC,2017,NORMAL,BA1510,4.0,INDUSTRIAL MANAGEMENT _BA1510_,80.000000,71.000000,62.000000,53.000000,44.000000,35.000000,NOV_DEC_2017,0,0,0,0,8
20140692,19.60,18,38.00,E,NOV_DEC,2017,NORMAL,BA1510,4.0,INDUSTRIAL MANAGEMENT _BA1510_,80.000000,71.000000,62.000000,53.000000,44.000000,35.000000,NOV_DEC_2017,0,0,0,0,8
201500009,29.80,18,48.00,D,NOV_DEC,2017,NORMAL,BA1510,4.0,INDUSTRIAL MANAGEMENT _BA1510_,80.000000,71.000000,62.000000,53.000000,44.000000,35.000000,NOV_DEC_2017,0,0,0,0,8
201500022,41.75,41.5,84.00,S,NOV_DEC,2017,NORMAL,BA1510,4.0,INDUSTRIAL MANAGEMENT _BA1510_,80.000000,71.000000,62.000000,53.000000,44.000000,35.000000,NOV_DEC_2017,0,0,0,0,8
201500301,30.50,22,53.00,C,NOV_DEC,2017,NORMAL,BA1510,4.0,INDUSTRIAL MANAGEMENT _BA1510_,80.000000,71.000000,62.000000,53.000000,44.000000,35.000000,NOV_DEC_2017,0,0,0,0,8
201500413,33.35,19,53.00,C,NOV_DEC,2017,NORMAL,BA1510,4.0,INDUSTRIAL MANAGEMENT _BA1510_,80.000000,71.000000,62.000000,53.000000,44.000000,35.000000,NOV_DEC_2017,0,0,0,0,8
201500417,31.70,27.5,60.00,C,NOV_DEC,2017,NORMAL,BA1510,4.0,INDUSTRIAL MANAGEMENT _BA1510_,80.000000,71.000000,62.000000,53.000000,44.000000,35.000000,NOV_DEC_2017,0,0,0,0,8
201500529,34.80,24.5,60.00,C,NOV_DEC,2017,NORMAL,BA1510,4.0,INDUSTRIAL MANAGEMENT _BA1510_,80.000000,71.000000,62.000000,53.000000,44.000000,35.000000,NOV_DEC_2017,0,0,0,0,8
