Reg_No,Internal,External,Total,Grade,Time,Year,Type,Code,Credit,Title,Cut-Off-S,Cut-Off-A,Cut-Off-B,Cut-Off-C,Cut-Off-D,Cut-Off-E,Directory,Absentees,Malpractices,Detentions,NA,appeared
20140020,14.50,24.5,39.00,E,NOV_DEC,2017,BACK,CE1304,4.0,BUILDING SCIENCE & TECHNOLOGY _11 12 13 14 15 16_,81.000000,72.000000,62.000000,53.000000,44.000000,35.000000,NOV_DEC_2017,0,0,0,0,0
20140213,13.75,21.5,36.00,E,NOV_DEC,2017,BACK,CE1304,4.0,BUILDING SCIENCE & TECHNOLOGY _11 12 13 14 15 16_,81.000000,72.000000,62.000000,53.000000,44.000000,35.000000,NOV_DEC_2017,0,0,0,0,0
20140236,11.00,29,40.00,E,NOV_DEC,2017,BACK,CE1304,4.0,BUILDING SCIENCE & TECHNOLOGY _11 12 13 14 15 16_,81.000000,72.000000,62.000000,53.000000,44.000000,35.000000,NOV_DEC_2017,0,0,0,0,0
201500121,12.80,AB,0.00,I,NOV_DEC,2017,BACK,CE1304,4.0,BUILDING SCIENCE & TECHNOLOGY _11 12 13 14 15 16_,81.000000,72.000000,62.000000,53.000000,44.000000,35.000000,NOV_DEC_2017,0,0,0,0,0
