Reg_No,Internal,External,Total,Grade,Time,Year,Type,Code,Credit,Title,Cut-Off-S,Cut-Off-A,Cut-Off-B,Cut-Off-C,Cut-Off-D,Cut-Off-E,Directory,Absentees,Malpractices,Detentions,NA,appeared
20140020,6.30,30.5,37.00,E,NOV_DEC,2017,BACK,CE1305,4.0,SURVEYING I _10 11 12 13 14 15 16_,85.000000,75.000000,65.000000,55.000000,45.000000,35.000000,NOV_DEC_2017,0,0,0,0,0
20140213,13.20,9.5,23.00,F,NOV_DEC,2017,BACK,CE1305,4.0,SURVEYING I _10 11 12 13 14 15 16_,85.000000,75.000000,65.000000,55.000000,45.000000,35.000000,NOV_DEC_2017,0,0,0,0,0
20140542,18.65,11.5,31.00,F,NOV_DEC,2017,BACK,CE1305,4.0,SURVEYING I _10 11 12 13 14 15 16_,85.000000,75.000000,65.000000,55.000000,45.000000,35.000000,NOV_DEC_2017,0,0,0,0,0
