Reg_No,Internal,External,Total,Grade,Time,Year,Type,Code,Credit,Title,Cut-Off-S,Cut-Off-A,Cut-Off-B,Cut-Off-C,Cut-Off-D,Cut-Off-E,Directory,Absentees,Malpractices,Detentions,NA,appeared
20140236,8.50,11.5,20.00,F,NOV_DEC,2017,BACK,CE1303,4.0,STRUCTURAL ANALYSIS I _10 11 12 13 14 15 16_,80.000000,71.000000,62.000000,53.000000,44.000000,35.000000,NOV_DEC_2017,0,0,0,0,0
201618503,13.90,06,20.00,F,NOV_DEC,2017,BACK,CE1303,4.0,STRUCTURAL ANALYSIS I _10 11 12 13 14 15 16_,80.000000,71.000000,62.000000,53.000000,44.000000,35.000000,NOV_DEC_2017,0,0,0,0,0
201618505,10.80,AB,0.00,I,NOV_DEC,2017,BACK,CE1303,4.0,STRUCTURAL ANALYSIS I _10 11 12 13 14 15 16_,80.000000,71.000000,62.000000,53.000000,44.000000,35.000000,NOV_DEC_2017,0,0,0,0,0
201618522,9.50,AB,0.00,I,NOV_DEC,2017,BACK,CE1303,4.0,STRUCTURAL ANALYSIS I _10 11 12 13 14 15 16_,80.000000,71.000000,62.000000,53.000000,44.000000,35.000000,NOV_DEC_2017,0,0,0,0,0
