Reg_No,Internal,External,Total,Grade,Time,Year,Type,Code,Credit,Title,Cut-Off-S,Cut-Off-A,Cut-Off-B,Cut-Off-C,Cut-Off-D,Cut-Off-E,Directory,Absentees,Malpractices,Detentions,NA,appeared
20140218,19.25,23,43.00,E,NOV_DEC,2017,BACK,CE1306,4.0,ENGINEERING GEOLOGY _10 11 12 13 14 15 16_,80.000000,71.000000,62.000000,53.000000,44.000000,35.000000,NOV_DEC_2017,0,0,0,0,0
20140238,14.50,08,23.00,F,NOV_DEC,2017,BACK,CE1306,4.0,ENGINEERING GEOLOGY _10 11 12 13 14 15 16_,80.000000,71.000000,62.000000,53.000000,44.000000,35.000000,NOV_DEC_2017,0,0,0,0,0
20140542,17.80,10.5,29.00,F,NOV_DEC,2017,BACK,CE1306,4.0,ENGINEERING GEOLOGY _10 11 12 13 14 15 16_,80.000000,71.000000,62.000000,53.000000,44.000000,35.000000,NOV_DEC_2017,0,0,0,0,0
20140594,16.20,21.75,38.00,E,NOV_DEC,2017,BACK,CE1306,4.0,ENGINEERING GEOLOGY _10 11 12 13 14 15 16_,80.000000,71.000000,62.000000,53.000000,44.000000,35.000000,NOV_DEC_2017,0,0,0,0,0
20140638,16.10,27,44.00,D,NOV_DEC,2017,BACK,CE1306,4.0,ENGINEERING GEOLOGY _10 11 12 13 14 15 16_,80.000000,71.000000,62.000000,53.000000,44.000000,35.000000,NOV_DEC_2017,0,0,0,0,0
20140657,14.00,27.5,42.00,E,NOV_DEC,2017,BACK,CE1306,4.0,ENGINEERING GEOLOGY _10 11 12 13 14 15 16_,80.000000,71.000000,62.000000,53.000000,44.000000,35.000000,NOV_DEC_2017,0,0,0,0,0
201500224,11.50,AB,0.00,I,NOV_DEC,2017,BACK,CE1306,4.0,ENGINEERING GEOLOGY _10 11 12 13 14 15 16_,80.000000,71.000000,62.000000,53.000000,44.000000,35.000000,NOV_DEC_2017,0,0,0,0,0
201518503,9.80,14,24.00,F,NOV_DEC,2017,BACK,CE1306,4.0,ENGINEERING GEOLOGY _10 11 12 13 14 15 16_,80.000000,71.000000,62.000000,53.000000,44.000000,35.000000,NOV_DEC_2017,0,0,0,0,0
