Reg_No,Internal,External,Total,Grade,Time,Year,Type,Code,Credit,Title,Cut-Off-S,Cut-Off-A,Cut-Off-B,Cut-Off-C,Cut-Off-D,Cut-Off-E,Directory,Absentees,Malpractices,Detentions,NA,appeared
20130585,8.50,1.5,10.00,F,NOV_DEC,2017,BACK,CE1504,4.0,WATER RESOURCES ENGINEERING _10 11 12 13 14_,80.000000,71.000000,62.000000,53.000000,44.000000,35.000000,NOV_DEC_2017,0,0,0,0,0
20140197,15.30,12.5,28.00,F,NOV_DEC,2017,BACK,CE1504,4.0,WATER RESOURCES ENGINEERING _10 11 12 13 14_,80.000000,71.000000,62.000000,53.000000,44.000000,35.000000,NOV_DEC_2017,0,0,0,0,0
20140243,11.70,AB,0.00,I,NOV_DEC,2017,BACK,CE1504,4.0,WATER RESOURCES ENGINEERING _10 11 12 13 14_,80.000000,71.000000,62.000000,53.000000,44.000000,35.000000,NOV_DEC_2017,0,0,0,0,0
201518503,8.00,18,26.00,F,NOV_DEC,2017,BACK,CE1504,4.0,WATER RESOURCES ENGINEERING _10 11 12 13 14_,80.000000,71.000000,62.000000,53.000000,44.000000,35.000000,NOV_DEC_2017,0,0,0,0,0
201518504,13.80,09,23.00,F,NOV_DEC,2017,BACK,CE1504,4.0,WATER RESOURCES ENGINEERING _10 11 12 13 14_,80.000000,71.000000,62.000000,53.000000,44.000000,35.000000,NOV_DEC_2017,0,0,0,0,0
201518508,5.00,3.5,9.00,F,NOV_DEC,2017,BACK,CE1504,4.0,WATER RESOURCES ENGINEERING _10 11 12 13 14_,80.000000,71.000000,62.000000,53.000000,44.000000,35.000000,NOV_DEC_2017,0,0,0,0,0
