Reg_No,Internal,External,Total,Grade,Time,Year,Type,Code,Credit,Title,Cut-Off-S,Cut-Off-A,Cut-Off-B,Cut-Off-C,Cut-Off-D,Cut-Off-E,Directory,Absentees,Malpractices,Detentions,NA,appeared
201600067,17.55,6.25,24.00,F,NOV_DEC,2017,BACK,CH1108,4.0,ENGINEERING CHEMISTRY _16 17_,89.000000,78.000000,68.000000,57.000000,46.000000,35.000000,NOV_DEC_2017,0,0,0,0,0
201600158,15.25,4.75,20.00,F,NOV_DEC,2017,BACK,CH1108,4.0,ENGINEERING CHEMISTRY _16 17_,89.000000,78.000000,68.000000,57.000000,46.000000,35.000000,NOV_DEC_2017,0,0,0,0,0
201600294,14.65,22,37.00,E,NOV_DEC,2017,BACK,CH1108,4.0,ENGINEERING CHEMISTRY _16 17_,89.000000,78.000000,68.000000,57.000000,46.000000,35.000000,NOV_DEC_2017,0,0,0,0,0
201600441,17.75,10.25,28.00,F,NOV_DEC,2017,BACK,CH1108,4.0,ENGINEERING CHEMISTRY _16 17_,89.000000,78.000000,68.000000,57.000000,46.000000,35.000000,NOV_DEC_2017,0,0,0,0,0
201600513,16.85,19.5,37.00,E,NOV_DEC,2017,BACK,CH1108,4.0,ENGINEERING CHEMISTRY _16 17_,89.000000,78.000000,68.000000,57.000000,46.000000,35.000000,NOV_DEC_2017,0,0,0,0,0
