Reg_No,Internal,External,Total,Grade,Time,Year,Type,Code,Credit,Title,Cut-Off-S,Cut-Off-A,Cut-Off-B,Cut-Off-C,Cut-Off-D,Cut-Off-E,Directory,Absentees,Malpractices,Detentions,NA,appeared
20140384,6.85,AB,0.00,I,NOV_DEC,2017,BACK,CS1303,4.0,PROGRAMMING WITH C++ _11 12 13 14 15 16_,90.000000,79.000000,68.000000,57.000000,46.000000,35.000000,NOV_DEC_2017,0,0,0,0,0
20140494,11.85,AB,0.00,I,NOV_DEC,2017,BACK,CS1303,4.0,PROGRAMMING WITH C++ _11 12 13 14 15 16_,90.000000,79.000000,68.000000,57.000000,46.000000,35.000000,NOV_DEC_2017,0,0,0,0,0
20140654,14.80,17.5,33.00,F,NOV_DEC,2017,BACK,CS1303,4.0,PROGRAMMING WITH C++ _11 12 13 14 15 16_,90.000000,79.000000,68.000000,57.000000,46.000000,35.000000,NOV_DEC_2017,0,0,0,0,0
201500289,27.30,15,43.00,E,NOV_DEC,2017,BACK,CS1303,4.0,PROGRAMMING WITH C++ _11 12 13 14 15 16_,90.000000,79.000000,68.000000,57.000000,46.000000,35.000000,NOV_DEC_2017,0,0,0,0,0
