Reg_No,Internal,External,Total,Grade,Time,Year,Type,Code,Credit,Title,Cut-Off-S,Cut-Off-A,Cut-Off-B,Cut-Off-C,Cut-Off-D,Cut-Off-E,Directory,Absentees,Malpractices,Detentions,NA,appeared
20120666,11.85,AB,0.00,I,NOV_DEC,2017,BACK,CS1504,4.0,SOFTWARE ENGINEERING _10 11 12 13 14 15_,80.000000,71.000000,62.000000,53.000000,44.000000,35.000000,NOV_DEC_2017,0,0,0,0,0
20140145,15.10,6.5,22.00,F,NOV_DEC,2017,BACK,CS1504,4.0,SOFTWARE ENGINEERING _10 11 12 13 14 15_,80.000000,71.000000,62.000000,53.000000,44.000000,35.000000,NOV_DEC_2017,0,0,0,0,0
20140444,14.50,0.5,15.00,F,NOV_DEC,2017,BACK,CS1504,4.0,SOFTWARE ENGINEERING _10 11 12 13 14 15_,80.000000,71.000000,62.000000,53.000000,44.000000,35.000000,NOV_DEC_2017,0,0,0,0,0
