Reg_No,Internal,External,Total,Grade,Time,Year,Type,Code,Credit,Title,Cut-Off-S,Cut-Off-A,Cut-Off-B,Cut-Off-C,Cut-Off-D,Cut-Off-E,Directory,Absentees,Malpractices,Detentions,NA,appeared
20120357,13.90,AB,0.00,I,NOV_DEC,2017,BACK,CS1703,4.0,COMPILER DESIGN _11 12 13 14_,82.000000,72.000000,63.000000,53.000000,44.000000,35.000000,NOV_DEC_2017,0,0,0,0,0
20120593,16.20,AB,0.00,I,NOV_DEC,2017,BACK,CS1703,4.0,COMPILER DESIGN _11 12 13 14_,82.000000,72.000000,63.000000,53.000000,44.000000,35.000000,NOV_DEC_2017,0,0,0,0,0
20120666,11.20,05,17.00,F,NOV_DEC,2017,BACK,CS1703,4.0,COMPILER DESIGN _11 12 13 14_,82.000000,72.000000,63.000000,53.000000,44.000000,35.000000,NOV_DEC_2017,0,0,0,0,0
20130248,11.10,33.5,45.00,D,NOV_DEC,2017,BACK,CS1703,4.0,COMPILER DESIGN _11 12 13 14_,82.000000,72.000000,63.000000,53.000000,44.000000,35.000000,NOV_DEC_2017,0,0,0,0,0
20130478,12.15,23.5,36.00,E,NOV_DEC,2017,BACK,CS1703,4.0,COMPILER DESIGN _11 12 13 14_,82.000000,72.000000,63.000000,53.000000,44.000000,35.000000,NOV_DEC_2017,0,0,0,0,0
20130590,16.40,AB,0.00,I,NOV_DEC,2017,BACK,CS1703,4.0,COMPILER DESIGN _11 12 13 14_,82.000000,72.000000,63.000000,53.000000,44.000000,35.000000,NOV_DEC_2017,0,0,0,0,0
20130649,18.40,26,45.00,D,NOV_DEC,2017,BACK,CS1703,4.0,COMPILER DESIGN _11 12 13 14_,82.000000,72.000000,63.000000,53.000000,44.000000,35.000000,NOV_DEC_2017,0,0,0,0,0
