Reg_No,Internal,External,Total,Grade,Time,Year,Type,Code,Credit,Title,Cut-Off-S,Cut-Off-A,Cut-Off-B,Cut-Off-C,Cut-Off-D,Cut-Off-E,Directory,Absentees,Malpractices,Detentions,NA,appeared
20120478,15.75,AB,0.00,I,NOV_DEC,2017,BACK,EC1306,4.0,DIGITAL ELECTRONICS _11 12 13 14 15 16_,85.000000,75.000000,65.000000,55.000000,45.000000,35.000000,NOV_DEC_2017,0,0,0,0,0
20130696,15.40,00,16.00,F,NOV_DEC,2017,BACK,EC1306,4.0,DIGITAL ELECTRONICS _11 12 13 14 15 16_,85.000000,75.000000,65.000000,55.000000,45.000000,35.000000,NOV_DEC_2017,0,0,0,0,0
20140180,12.55,10,23.00,F,NOV_DEC,2017,BACK,EC1306,4.0,DIGITAL ELECTRONICS _11 12 13 14 15 16_,85.000000,75.000000,65.000000,55.000000,45.000000,35.000000,NOV_DEC_2017,0,0,0,0,0
20140355,15.25,AB,0.00,I,NOV_DEC,2017,BACK,EC1306,4.0,DIGITAL ELECTRONICS _11 12 13 14 15 16_,85.000000,75.000000,65.000000,55.000000,45.000000,35.000000,NOV_DEC_2017,0,0,0,0,0
20140587,14.00,16.5,31.00,F,NOV_DEC,2017,BACK,EC1306,4.0,DIGITAL ELECTRONICS _11 12 13 14 15 16_,85.000000,75.000000,65.000000,55.000000,45.000000,35.000000,NOV_DEC_2017,0,0,0,0,0
20140685,10.10,AB,0.00,I,NOV_DEC,2017,BACK,EC1306,4.0,DIGITAL ELECTRONICS _11 12 13 14 15 16_,85.000000,75.000000,65.000000,55.000000,45.000000,35.000000,NOV_DEC_2017,0,0,0,0,0
