Reg_No,Internal,External,Total,Grade,Time,Year,Type,Code,Credit,Title,Cut-Off-S,Cut-Off-A,Cut-Off-B,Cut-Off-C,Cut-Off-D,Cut-Off-E,Directory,Absentees,Malpractices,Detentions,NA,appeared
20140685,11.80,AB,0.00,I,NOV_DEC,2017,BACK,EC1308,4.0,NETWORK ANALYSIS & SYNTHESIS _15 16_,88.000000,78.000000,67.000000,57.000000,46.000000,35.000000,NOV_DEC_2017,0,0,0,0,0
20140511,13.60,17,31.00,F,NOV_DEC,2017,BACK,EC1308,4.0,NETWORK ANALYSIS & SYNTHESIS _15 16_,88.000000,78.000000,67.000000,57.000000,46.000000,35.000000,NOV_DEC_2017,0,0,0,0,0
20140581,9.10,16,26.00,F,NOV_DEC,2017,BACK,EC1308,4.0,NETWORK ANALYSIS & SYNTHESIS _15 16_,88.000000,78.000000,67.000000,57.000000,46.000000,35.000000,NOV_DEC_2017,0,0,0,0,0
20140681,9.70,AB,0.00,I,NOV_DEC,2017,BACK,EC1308,4.0,NETWORK ANALYSIS & SYNTHESIS _15 16_,88.000000,78.000000,67.000000,57.000000,46.000000,35.000000,NOV_DEC_2017,0,0,0,0,0
201412505,15.80,6.5,23.00,F,NOV_DEC,2017,BACK,EC1308,4.0,NETWORK ANALYSIS & SYNTHESIS _15 16_,88.000000,78.000000,67.000000,57.000000,46.000000,35.000000,NOV_DEC_2017,0,0,0,0,0
