Reg_No,Internal,External,Total,Grade,Time,Year,Type,Code,Credit,Title,Cut-Off-S,Cut-Off-A,Cut-Off-B,Cut-Off-C,Cut-Off-D,Cut-Off-E,Directory,Absentees,Malpractices,Detentions,NA,appeared
20120478,17.60,30,48.00,D,NOV_DEC,2017,BACK,EC1305,4.0,SIGNALS & SYSTEM _10 11 12 13 14 15 16_,89.000000,78.000000,68.000000,57.000000,46.000000,35.000000,NOV_DEC_2017,0,0,0,0,0
20140002,6.90,AB,0.00,I,NOV_DEC,2017,BACK,EC1305,4.0,SIGNALS & SYSTEM _10 11 12 13 14 15 16_,89.000000,78.000000,68.000000,57.000000,46.000000,35.000000,NOV_DEC_2017,0,0,0,0,0
20140587,19.70,00,20.00,F,NOV_DEC,2017,BACK,EC1305,4.0,SIGNALS & SYSTEM _10 11 12 13 14 15 16_,89.000000,78.000000,68.000000,57.000000,46.000000,35.000000,NOV_DEC_2017,0,0,0,0,0
201500206,12.55,07,20.00,F,NOV_DEC,2017,BACK,EC1305,4.0,SIGNALS & SYSTEM _10 11 12 13 14 15 16_,89.000000,78.000000,68.000000,57.000000,46.000000,35.000000,NOV_DEC_2017,0,0,0,0,0
201500303,15.95,16.5,33.00,F,NOV_DEC,2017,BACK,EC1305,4.0,SIGNALS & SYSTEM _10 11 12 13 14 15 16_,89.000000,78.000000,68.000000,57.000000,46.000000,35.000000,NOV_DEC_2017,0,0,0,0,0
201500414,10.30,27.5,38.00,E,NOV_DEC,2017,BACK,EC1305,4.0,SIGNALS & SYSTEM _10 11 12 13 14 15 16_,89.000000,78.000000,68.000000,57.000000,46.000000,35.000000,NOV_DEC_2017,0,0,0,0,0
201612501,12.75,2.5,16.00,F,NOV_DEC,2017,BACK,EC1305,4.0,SIGNALS & SYSTEM _10 11 12 13 14 15 16_,89.000000,78.000000,68.000000,57.000000,46.000000,35.000000,NOV_DEC_2017,0,0,0,0,0
201612502,14.90,00,15.00,F,NOV_DEC,2017,BACK,EC1305,4.0,SIGNALS & SYSTEM _10 11 12 13 14 15 16_,89.000000,78.000000,68.000000,57.000000,46.000000,35.000000,NOV_DEC_2017,0,0,0,0,0
