Reg_No,Internal,External,Total,Grade,Time,Year,Type,Code,Credit,Title,Cut-Off-S,Cut-Off-A,Cut-Off-B,Cut-Off-C,Cut-Off-D,Cut-Off-E,Directory,Absentees,Malpractices,Detentions,NA,appeared
20140018,14.30,18,33.00,F,NOV_DEC,2017,BACK,EE1307,4.0,ELECTRO TECHNOLOGY _15 16_,80.000000,71.000000,62.000000,53.000000,44.000000,35.000000,NOV_DEC_2017,0,0,0,0,0
20140477,17.60,13,31.00,F,NOV_DEC,2017,BACK,EE1307,4.0,ELECTRO TECHNOLOGY _15 16_,80.000000,71.000000,62.000000,53.000000,44.000000,35.000000,NOV_DEC_2017,0,0,0,0,0
201500143,16.50,AB,0.00,I,NOV_DEC,2017,BACK,EE1307,4.0,ELECTRO TECHNOLOGY _15 16_,80.000000,71.000000,62.000000,53.000000,44.000000,35.000000,NOV_DEC_2017,0,0,0,0,0
201500182,14.70,23.5,39.00,E,NOV_DEC,2017,BACK,EE1307,4.0,ELECTRO TECHNOLOGY _15 16_,80.000000,71.000000,62.000000,53.000000,44.000000,35.000000,NOV_DEC_2017,0,0,0,0,0
201500281,12.20,14,27.00,F,NOV_DEC,2017,BACK,EE1307,4.0,ELECTRO TECHNOLOGY _15 16_,80.000000,71.000000,62.000000,53.000000,44.000000,35.000000,NOV_DEC_2017,0,0,0,0,0
