Reg_No,Internal,External,Total,Grade,Time,Year,Type,Code,Credit,Title,Cut-Off-S,Cut-Off-A,Cut-Off-B,Cut-Off-C,Cut-Off-D,Cut-Off-E,Directory,Absentees,Malpractices,Detentions,NA,appeared
20140674,56.10,16,73.00,C,NOV_DEC,2017,NORMAL,IT1561,1.5,COMPUTER GRAPHICS LAB,90.000000,82.000000,74.000000,66.000000,58.000000,50.000000,NOV_DEC_2017,0,0,0,0,8
20140692,55.60,11,67.00,C,NOV_DEC,2017,NORMAL,IT1561,1.5,COMPUTER GRAPHICS LAB,90.000000,82.000000,74.000000,66.000000,58.000000,50.000000,NOV_DEC_2017,0,0,0,0,8
201500009,63.85,20,84.00,A,NOV_DEC,2017,NORMAL,IT1561,1.5,COMPUTER GRAPHICS LAB,90.000000,82.000000,74.000000,66.000000,58.000000,50.000000,NOV_DEC_2017,0,0,0,0,8
201500022,70.50,18,89.00,A,NOV_DEC,2017,NORMAL,IT1561,1.5,COMPUTER GRAPHICS LAB,90.000000,82.000000,74.000000,66.000000,58.000000,50.000000,NOV_DEC_2017,0,0,0,0,8
201500301,70.75,11,82.00,A,NOV_DEC,2017,NORMAL,IT1561,1.5,COMPUTER GRAPHICS LAB,90.000000,82.000000,74.000000,66.000000,58.000000,50.000000,NOV_DEC_2017,0,0,0,0,8
201500413,58.25,14,73.00,C,NOV_DEC,2017,NORMAL,IT1561,1.5,COMPUTER GRAPHICS LAB,90.000000,82.000000,74.000000,66.000000,58.000000,50.000000,NOV_DEC_2017,0,0,0,0,8
201500417,68.25,17,86.00,A,NOV_DEC,2017,NORMAL,IT1561,1.5,COMPUTER GRAPHICS LAB,90.000000,82.000000,74.000000,66.000000,58.000000,50.000000,NOV_DEC_2017,0,0,0,0,8
201500529,63.85,15,79.00,B,NOV_DEC,2017,NORMAL,IT1561,1.5,COMPUTER GRAPHICS LAB,90.000000,82.000000,74.000000,66.000000,58.000000,50.000000,NOV_DEC_2017,0,0,0,0,8
