Reg_No,Internal,External,Total,Grade,Time,Year,Type,Code,Credit,Title,Cut-Off-S,Cut-Off-A,Cut-Off-B,Cut-Off-C,Cut-Off-D,Cut-Off-E,Directory,Absentees,Malpractices,Detentions,NA,appeared
20140674,55.50,10,66.00,C,NOV_DEC,2017,NORMAL,IT1562,1.5,MICROPROCESSOR LAB,90.000000,82.000000,74.000000,66.000000,58.000000,50.000000,NOV_DEC_2017,0,0,0,0,8
20140692,54.25,10,65.00,D,NOV_DEC,2017,NORMAL,IT1562,1.5,MICROPROCESSOR LAB,90.000000,82.000000,74.000000,66.000000,58.000000,50.000000,NOV_DEC_2017,0,0,0,0,8
201500009,63.00,19,82.00,A,NOV_DEC,2017,NORMAL,IT1562,1.5,MICROPROCESSOR LAB,90.000000,82.000000,74.000000,66.000000,58.000000,50.000000,NOV_DEC_2017,0,0,0,0,8
201500022,70.75,20,91.00,S,NOV_DEC,2017,NORMAL,IT1562,1.5,MICROPROCESSOR LAB,90.000000,82.000000,74.000000,66.000000,58.000000,50.000000,NOV_DEC_2017,0,0,0,0,8
201500301,69.25,17,87.00,A,NOV_DEC,2017,NORMAL,IT1562,1.5,MICROPROCESSOR LAB,90.000000,82.000000,74.000000,66.000000,58.000000,50.000000,NOV_DEC_2017,0,0,0,0,8
201500413,71.25,21,93.00,S,NOV_DEC,2017,NORMAL,IT1562,1.5,MICROPROCESSOR LAB,90.000000,82.000000,74.000000,66.000000,58.000000,50.000000,NOV_DEC_2017,0,0,0,0,8
201500417,62.00,16,78.00,B,NOV_DEC,2017,NORMAL,IT1562,1.5,MICROPROCESSOR LAB,90.000000,82.000000,74.000000,66.000000,58.000000,50.000000,NOV_DEC_2017,0,0,0,0,8
201500529,65.00,19,84.00,A,NOV_DEC,2017,NORMAL,IT1562,1.5,MICROPROCESSOR LAB,90.000000,82.000000,74.000000,66.000000,58.000000,50.000000,NOV_DEC_2017,0,0,0,0,8
