Reg_No,Internal,External,Total,Grade,Time,Year,Type,Code,Credit,Title,Cut-Off-S,Cut-Off-A,Cut-Off-B,Cut-Off-C,Cut-Off-D,Cut-Off-E,Directory,Absentees,Malpractices,Detentions,NA,appeared
20140674,53.00,10,63.00,C,NOV_DEC,2017,NORMAL,IT1563,1.5,OPERATING SYSTEMS LAB,80.000000,74.000000,68.000000,62.000000,56.000000,50.000000,NOV_DEC_2017,0,0,0,0,8
20140692,54.00,10,64.00,C,NOV_DEC,2017,NORMAL,IT1563,1.5,OPERATING SYSTEMS LAB,80.000000,74.000000,68.000000,62.000000,56.000000,50.000000,NOV_DEC_2017,0,0,0,0,8
201500009,56.00,11,67.00,C,NOV_DEC,2017,NORMAL,IT1563,1.5,OPERATING SYSTEMS LAB,80.000000,74.000000,68.000000,62.000000,56.000000,50.000000,NOV_DEC_2017,0,0,0,0,8
201500022,58.00,11,69.00,B,NOV_DEC,2017,NORMAL,IT1563,1.5,OPERATING SYSTEMS LAB,80.000000,74.000000,68.000000,62.000000,56.000000,50.000000,NOV_DEC_2017,0,0,0,0,8
201500301,55.00,16,71.00,B,NOV_DEC,2017,NORMAL,IT1563,1.5,OPERATING SYSTEMS LAB,80.000000,74.000000,68.000000,62.000000,56.000000,50.000000,NOV_DEC_2017,0,0,0,0,8
201500413,57.00,18,75.00,A,NOV_DEC,2017,NORMAL,IT1563,1.5,OPERATING SYSTEMS LAB,80.000000,74.000000,68.000000,62.000000,56.000000,50.000000,NOV_DEC_2017,0,0,0,0,8
201500417,58.00,20,78.00,A,NOV_DEC,2017,NORMAL,IT1563,1.5,OPERATING SYSTEMS LAB,80.000000,74.000000,68.000000,62.000000,56.000000,50.000000,NOV_DEC_2017,0,0,0,0,8
201500529,54.00,16,70.00,B,NOV_DEC,2017,NORMAL,IT1563,1.5,OPERATING SYSTEMS LAB,80.000000,74.000000,68.000000,62.000000,56.000000,50.000000,NOV_DEC_2017,0,0,0,0,8
