Reg_No,Internal,External,Total,Grade,Time,Year,Type,Code,Credit,Title,Cut-Off-S,Cut-Off-A,Cut-Off-B,Cut-Off-C,Cut-Off-D,Cut-Off-E,Directory,Absentees,Malpractices,Detentions,NA,appeared
20140674,25.80,25.5,52.00,D,NOV_DEC,2017,NORMAL,IT1503,4.0,MICROPROCESSOR,85.000000,77.000000,69.000000,60.000000,52.000000,44.000000,NOV_DEC_2017,0,0,0,0,8
20140692,26.25,26.5,53.00,D,NOV_DEC,2017,NORMAL,IT1503,4.0,MICROPROCESSOR,85.000000,77.000000,69.000000,60.000000,52.000000,44.000000,NOV_DEC_2017,0,0,0,0,8
201500009,32.80,32.75,66.00,C,NOV_DEC,2017,NORMAL,IT1503,4.0,MICROPROCESSOR,85.000000,77.000000,69.000000,60.000000,52.000000,44.000000,NOV_DEC_2017,0,0,0,0,8
201500022,41.50,46,88.00,S,NOV_DEC,2017,NORMAL,IT1503,4.0,MICROPROCESSOR,85.000000,77.000000,69.000000,60.000000,52.000000,44.000000,NOV_DEC_2017,0,0,0,0,8
201500301,32.95,33.5,67.00,C,NOV_DEC,2017,NORMAL,IT1503,4.0,MICROPROCESSOR,85.000000,77.000000,69.000000,60.000000,52.000000,44.000000,NOV_DEC_2017,0,0,0,0,8
201500413,38.65,39.25,78.00,A,NOV_DEC,2017,NORMAL,IT1503,4.0,MICROPROCESSOR,85.000000,77.000000,69.000000,60.000000,52.000000,44.000000,NOV_DEC_2017,0,0,0,0,8
201500417,34.55,32.5,68.00,C,NOV_DEC,2017,NORMAL,IT1503,4.0,MICROPROCESSOR,85.000000,77.000000,69.000000,60.000000,52.000000,44.000000,NOV_DEC_2017,0,0,0,0,8
201500529,30.60,35.5,67.00,C,NOV_DEC,2017,NORMAL,IT1503,4.0,MICROPROCESSOR,85.000000,77.000000,69.000000,60.000000,52.000000,44.000000,NOV_DEC_2017,0,0,0,0,8
