Reg_No,Internal,External,Total,Grade,Time,Year,Type,Code,Credit,Title,Cut-Off-S,Cut-Off-A,Cut-Off-B,Cut-Off-C,Cut-Off-D,Cut-Off-E,Directory,Absentees,Malpractices,Detentions,NA,appeared
20140674,33.00,36,69.00,C,NOV_DEC,2017,NORMAL,IT1501,4.0,ARTIFICIAL INTELLIGENCE,90.000000,81.000000,72.000000,63.000000,54.000000,45.000000,NOV_DEC_2017,0,0,0,0,8
20140692,32.10,24,57.00,D,NOV_DEC,2017,NORMAL,IT1501,4.0,ARTIFICIAL INTELLIGENCE,90.000000,81.000000,72.000000,63.000000,54.000000,45.000000,NOV_DEC_2017,0,0,0,0,8
201500009,36.20,36,73.00,B,NOV_DEC,2017,NORMAL,IT1501,4.0,ARTIFICIAL INTELLIGENCE,90.000000,81.000000,72.000000,63.000000,54.000000,45.000000,NOV_DEC_2017,0,0,0,0,8
201500022,48.10,48,97.00,S,NOV_DEC,2017,NORMAL,IT1501,4.0,ARTIFICIAL INTELLIGENCE,90.000000,81.000000,72.000000,63.000000,54.000000,45.000000,NOV_DEC_2017,0,0,0,0,8
201500301,38.15,35,74.00,B,NOV_DEC,2017,NORMAL,IT1501,4.0,ARTIFICIAL INTELLIGENCE,90.000000,81.000000,72.000000,63.000000,54.000000,45.000000,NOV_DEC_2017,0,0,0,0,8
201500413,42.80,40,83.00,A,NOV_DEC,2017,NORMAL,IT1501,4.0,ARTIFICIAL INTELLIGENCE,90.000000,81.000000,72.000000,63.000000,54.000000,45.000000,NOV_DEC_2017,0,0,0,0,8
201500417,35.90,40,76.00,B,NOV_DEC,2017,NORMAL,IT1501,4.0,ARTIFICIAL INTELLIGENCE,90.000000,81.000000,72.000000,63.000000,54.000000,45.000000,NOV_DEC_2017,0,0,0,0,8
201500529,33.20,30,64.00,C,NOV_DEC,2017,NORMAL,IT1501,4.0,ARTIFICIAL INTELLIGENCE,90.000000,81.000000,72.000000,63.000000,54.000000,45.000000,NOV_DEC_2017,0,0,0,0,8
