Reg_No,Internal,External,Total,Grade,Time,Year,Type,Code,Credit,Title,Cut-Off-S,Cut-Off-A,Cut-Off-B,Cut-Off-C,Cut-Off-D,Cut-Off-E,Directory,Absentees,Malpractices,Detentions,NA,appeared
20140674,29.80,34.5,65.00,B,NOV_DEC,2017,NORMAL,IT1504,4.0,OPERATING SYSTEMS,80.000000,71.000000,62.000000,53.000000,44.000000,35.000000,NOV_DEC_2017,0,0,0,0,8
20140692,23.50,18,42.00,E,NOV_DEC,2017,NORMAL,IT1504,4.0,OPERATING SYSTEMS,80.000000,71.000000,62.000000,53.000000,44.000000,35.000000,NOV_DEC_2017,0,0,0,0,8
201500009,28.40,19,48.00,D,NOV_DEC,2017,NORMAL,IT1504,4.0,OPERATING SYSTEMS,80.000000,71.000000,62.000000,53.000000,44.000000,35.000000,NOV_DEC_2017,0,0,0,0,8
201500022,39.60,40,80.00,S,NOV_DEC,2017,NORMAL,IT1504,4.0,OPERATING SYSTEMS,80.000000,71.000000,62.000000,53.000000,44.000000,35.000000,NOV_DEC_2017,0,0,0,0,8
201500301,27.90,22,50.00,D,NOV_DEC,2017,NORMAL,IT1504,4.0,OPERATING SYSTEMS,80.000000,71.000000,62.000000,53.000000,44.000000,35.000000,NOV_DEC_2017,0,0,0,0,8
201500413,26.70,25.5,53.00,C,NOV_DEC,2017,NORMAL,IT1504,4.0,OPERATING SYSTEMS,80.000000,71.000000,62.000000,53.000000,44.000000,35.000000,NOV_DEC_2017,0,0,0,0,8
201500417,34.20,35.5,70.00,B,NOV_DEC,2017,NORMAL,IT1504,4.0,OPERATING SYSTEMS,80.000000,71.000000,62.000000,53.000000,44.000000,35.000000,NOV_DEC_2017,0,0,0,0,8
201500529,24.00,26.5,51.00,D,NOV_DEC,2017,NORMAL,IT1504,4.0,OPERATING SYSTEMS,80.000000,71.000000,62.000000,53.000000,44.000000,35.000000,NOV_DEC_2017,0,0,0,0,8
