Reg_No,Internal,External,Total,Grade,Time,Year,Type,Code,Credit,Title,Cut-Off-S,Cut-Off-A,Cut-Off-B,Cut-Off-C,Cut-Off-D,Cut-Off-E,Directory,Absentees,Malpractices,Detentions,NA,appeared
20140674,29.35,35,65.00,C,NOV_DEC,2017,NORMAL,IT1505,4.0,DESIGN & ANALYSIS OF ALGORITHMS,90.000000,81.000000,72.000000,63.000000,54.000000,45.000000,NOV_DEC_2017,0,0,0,0,8
20140692,24.45,34.5,59.00,D,NOV_DEC,2017,NORMAL,IT1505,4.0,DESIGN & ANALYSIS OF ALGORITHMS,90.000000,81.000000,72.000000,63.000000,54.000000,45.000000,NOV_DEC_2017,0,0,0,0,8
201500009,40.85,44.5,86.00,A,NOV_DEC,2017,NORMAL,IT1505,4.0,DESIGN & ANALYSIS OF ALGORITHMS,90.000000,81.000000,72.000000,63.000000,54.000000,45.000000,NOV_DEC_2017,0,0,0,0,8
201500022,45.20,49.5,95.00,S,NOV_DEC,2017,NORMAL,IT1505,4.0,DESIGN & ANALYSIS OF ALGORITHMS,90.000000,81.000000,72.000000,63.000000,54.000000,45.000000,NOV_DEC_2017,0,0,0,0,8
201500301,38.50,41.5,80.00,B,NOV_DEC,2017,NORMAL,IT1505,4.0,DESIGN & ANALYSIS OF ALGORITHMS,90.000000,81.000000,72.000000,63.000000,54.000000,45.000000,NOV_DEC_2017,0,0,0,0,8
201500413,42.75,49,92.00,S,NOV_DEC,2017,NORMAL,IT1505,4.0,DESIGN & ANALYSIS OF ALGORITHMS,90.000000,81.000000,72.000000,63.000000,54.000000,45.000000,NOV_DEC_2017,0,0,0,0,8
201500417,33.20,41,75.00,B,NOV_DEC,2017,NORMAL,IT1505,4.0,DESIGN & ANALYSIS OF ALGORITHMS,90.000000,81.000000,72.000000,63.000000,54.000000,45.000000,NOV_DEC_2017,0,0,0,0,8
201500529,42.25,38,81.00,A,NOV_DEC,2017,NORMAL,IT1505,4.0,DESIGN & ANALYSIS OF ALGORITHMS,90.000000,81.000000,72.000000,63.000000,54.000000,45.000000,NOV_DEC_2017,0,0,0,0,8
