Reg_No,Internal,External,Total,Grade,Time,Year,Type,Code,Credit,Title,Cut-Off-S,Cut-Off-A,Cut-Off-B,Cut-Off-C,Cut-Off-D,Cut-Off-E,Directory,Absentees,Malpractices,Detentions,NA,appeared
201500220,11.70,10.5,23.00,F,NOV_DEC,2017,BACK,MA1306,4.0,ENGINEERING MATHEMATICS III _15 16_,80.000000,71.000000,62.000000,53.000000,44.000000,35.000000,NOV_DEC_2017,0,0,0,0,0
201500235,7.20,19,27.00,F,NOV_DEC,2017,BACK,MA1306,4.0,ENGINEERING MATHEMATICS III _15 16_,80.000000,71.000000,62.000000,53.000000,44.000000,35.000000,NOV_DEC_2017,0,0,0,0,0
201500254,7.70,01,9.00,F,NOV_DEC,2017,BACK,MA1306,4.0,ENGINEERING MATHEMATICS III _15 16_,80.000000,71.000000,62.000000,53.000000,44.000000,35.000000,NOV_DEC_2017,0,0,0,0,0
201500266,16.40,00,17.00,F,NOV_DEC,2017,BACK,MA1306,4.0,ENGINEERING MATHEMATICS III _15 16_,80.000000,71.000000,62.000000,53.000000,44.000000,35.000000,NOV_DEC_2017,0,0,0,0,0
201500267,17.90,13,31.00,F,NOV_DEC,2017,BACK,MA1306,4.0,ENGINEERING MATHEMATICS III _15 16_,80.000000,71.000000,62.000000,53.000000,44.000000,35.000000,NOV_DEC_2017,0,0,0,0,0
201500358,22.30,15,38.00,E,NOV_DEC,2017,BACK,MA1306,4.0,ENGINEERING MATHEMATICS III _15 16_,80.000000,71.000000,62.000000,53.000000,44.000000,35.000000,NOV_DEC_2017,0,0,0,0,0
201500412,17.10,3.5,21.00,F,NOV_DEC,2017,BACK,MA1306,4.0,ENGINEERING MATHEMATICS III _15 16_,80.000000,71.000000,62.000000,53.000000,44.000000,35.000000,NOV_DEC_2017,0,0,0,0,0
