Reg_No,Internal,External,Total,Grade,Time,Year,Type,Code,Credit,Title,Cut-Off-S,Cut-Off-A,Cut-Off-B,Cut-Off-C,Cut-Off-D,Cut-Off-E,Directory,Absentees,Malpractices,Detentions,NA,appeared
20120032,9.60,19,29.00,F,NOV_DEC,2017,BACK,MA1305,4.0,ENGINEERING MATHEMATICS III _15 16_ _ME 2015 batch onward_,86.000000,76.000000,65.000000,55.000000,45.000000,35.000000,NOV_DEC_2017,0,0,0,0,0
201415502,14.60,00,15.00,F,NOV_DEC,2017,BACK,MA1305,4.0,ENGINEERING MATHEMATICS III _15 16_ _ME 2015 batch onward_,86.000000,76.000000,65.000000,55.000000,45.000000,35.000000,NOV_DEC_2017,0,0,0,0,0
20140463,17.50,AB,0.00,I,NOV_DEC,2017,BACK,MA1305,4.0,ENGINEERING MATHEMATICS III _15 16_ _ME 2015 batch onward_,86.000000,76.000000,65.000000,55.000000,45.000000,35.000000,NOV_DEC_2017,0,0,0,0,0
20140477,18.40,5.5,24.00,F,NOV_DEC,2017,BACK,MA1305,4.0,ENGINEERING MATHEMATICS III _15 16_ _ME 2015 batch onward_,86.000000,76.000000,65.000000,55.000000,45.000000,35.000000,NOV_DEC_2017,0,0,0,0,0
20140736,15.50,AB,0.00,I,NOV_DEC,2017,BACK,MA1305,4.0,ENGINEERING MATHEMATICS III _15 16_ _ME 2015 batch onward_,86.000000,76.000000,65.000000,55.000000,45.000000,35.000000,NOV_DEC_2017,0,0,0,0,0
201500182,19.00,04,23.00,F,NOV_DEC,2017,BACK,MA1305,4.0,ENGINEERING MATHEMATICS III _15 16_ _ME 2015 batch onward_,86.000000,76.000000,65.000000,55.000000,45.000000,35.000000,NOV_DEC_2017,0,0,0,0,0
201500270,16.50,14.5,31.00,F,NOV_DEC,2017,BACK,MA1305,4.0,ENGINEERING MATHEMATICS III _15 16_ _ME 2015 batch onward_,86.000000,76.000000,65.000000,55.000000,45.000000,35.000000,NOV_DEC_2017,0,0,0,0,0
201500427,18.00,21,39.00,E,NOV_DEC,2017,BACK,MA1305,4.0,ENGINEERING MATHEMATICS III _15 16_ _ME 2015 batch onward_,86.000000,76.000000,65.000000,55.000000,45.000000,35.000000,NOV_DEC_2017,0,0,0,0,0
