Reg_No,Internal,External,Total,Grade,Time,Year,Type,Code,Credit,Title,Cut-Off-S,Cut-Off-A,Cut-Off-B,Cut-Off-C,Cut-Off-D,Cut-Off-E,Directory,Absentees,Malpractices,Detentions,NA,appeared
20130513,14.10,06,21.00,F,NOV_DEC,2017,BACK,MA1301,4.0,ENGINEERING MATHEMATICS III _10 11 12 13 14 15 16_,82.000000,72.000000,63.000000,53.000000,44.000000,35.000000,NOV_DEC_2017,0,0,0,0,0
20130585,10.90,16.5,28.00,F,NOV_DEC,2017,BACK,MA1301,4.0,ENGINEERING MATHEMATICS III _10 11 12 13 14 15 16_,82.000000,72.000000,63.000000,53.000000,44.000000,35.000000,NOV_DEC_2017,0,0,0,0,0
20131002,8.70,AB,0.00,I,NOV_DEC,2017,BACK,MA1301,4.0,ENGINEERING MATHEMATICS III _10 11 12 13 14 15 16_,82.000000,72.000000,63.000000,53.000000,44.000000,35.000000,NOV_DEC_2017,0,0,0,0,0
20140243,13.90,08,22.00,F,NOV_DEC,2017,BACK,MA1301,4.0,ENGINEERING MATHEMATICS III _10 11 12 13 14 15 16_,82.000000,72.000000,63.000000,53.000000,44.000000,35.000000,NOV_DEC_2017,0,0,0,0,0
20140542,19.10,08,28.00,F,NOV_DEC,2017,BACK,MA1301,4.0,ENGINEERING MATHEMATICS III _10 11 12 13 14 15 16_,82.000000,72.000000,63.000000,53.000000,44.000000,35.000000,NOV_DEC_2017,0,0,0,0,0
201518503,13.90,12,26.00,F,NOV_DEC,2017,BACK,MA1301,4.0,ENGINEERING MATHEMATICS III _10 11 12 13 14 15 16_,82.000000,72.000000,63.000000,53.000000,44.000000,35.000000,NOV_DEC_2017,0,0,0,0,0
