Reg_No,Internal,External,Total,Grade,Time,Year,Type,Code,Credit,Title,Cut-Off-S,Cut-Off-A,Cut-Off-B,Cut-Off-C,Cut-Off-D,Cut-Off-E,Directory,Absentees,Malpractices,Detentions,NA,appeared
20140188,14.90,21.5,37.00,E,NOV_DEC,2017,BACK,ME1506,4.0,MECHANICS OF SOLIDS II _11 12 13 14_,80.000000,71.000000,62.000000,53.000000,44.000000,35.000000,NOV_DEC_2017,0,0,0,0,0
20140538,19.70,18.5,39.00,E,NOV_DEC,2017,BACK,ME1506,4.0,MECHANICS OF SOLIDS II _11 12 13 14_,80.000000,71.000000,62.000000,53.000000,44.000000,35.000000,NOV_DEC_2017,0,0,0,0,0
20140603,18.20,23,42.00,E,NOV_DEC,2017,BACK,ME1506,4.0,MECHANICS OF SOLIDS II _11 12 13 14_,80.000000,71.000000,62.000000,53.000000,44.000000,35.000000,NOV_DEC_2017,0,0,0,0,0
20140701,16.50,24.5,41.00,E,NOV_DEC,2017,BACK,ME1506,4.0,MECHANICS OF SOLIDS II _11 12 13 14_,80.000000,71.000000,62.000000,53.000000,44.000000,35.000000,NOV_DEC_2017,0,0,0,0,0
20120587,33.60,9,43.00,E,NOV_DEC,2017,BACK,ME1506,4.0,MECHANICS OF SOLIDS II _11 12 13 14_,80.000000,71.000000,62.000000,53.000000,44.000000,35.000000,NOV_DEC_2017,0,0,0,0,0
20130070,34.30,00,35.00,E,NOV_DEC,2017,BACK,ME1506,4.0,MECHANICS OF SOLIDS II _11 12 13 14_,80.000000,71.000000,62.000000,53.000000,44.000000,35.000000,NOV_DEC_2017,0,0,0,0,0
20130457,31.60,17.5,50.00,D,NOV_DEC,2017,BACK,ME1506,4.0,MECHANICS OF SOLIDS II _11 12 13 14_,80.000000,71.000000,62.000000,53.000000,44.000000,35.000000,NOV_DEC_2017,0,0,0,0,0
20130507,38.00,26,64.00,B,NOV_DEC,2017,BACK,ME1506,4.0,MECHANICS OF SOLIDS II _11 12 13 14_,80.000000,71.000000,62.000000,53.000000,44.000000,35.000000,NOV_DEC_2017,0,0,0,0,0
20140608,37.40,20.5,58.00,C,NOV_DEC,2017,BACK,ME1506,4.0,MECHANICS OF SOLIDS II _11 12 13 14_,80.000000,71.000000,62.000000,53.000000,44.000000,35.000000,NOV_DEC_2017,0,0,0,0,0
