Reg_No,Internal,External,Total,Grade,Time,Year,Type,Code,Credit,Title,Cut-Off-S,Cut-Off-A,Cut-Off-B,Cut-Off-C,Cut-Off-D,Cut-Off-E,Directory,Absentees,Malpractices,Detentions,NA,appeared
20120159,11.00,11,22.00,F,NOV_DEC,2017,BACK,ME1701,4.0,MECHANICAL VIBRATIONS _10 11 12 13 14_,80.000000,71.000000,62.000000,53.000000,44.000000,35.000000,NOV_DEC_2017,0,0,0,0,0
20130536,12.70,6.5,20.00,F,NOV_DEC,2017,BACK,ME1701,4.0,MECHANICAL VIBRATIONS _10 11 12 13 14_,80.000000,71.000000,62.000000,53.000000,44.000000,35.000000,NOV_DEC_2017,0,0,0,0,0
201415502,13.70,00,14.00,F,NOV_DEC,2017,BACK,ME1701,4.0,MECHANICAL VIBRATIONS _10 11 12 13 14_,80.000000,71.000000,62.000000,53.000000,44.000000,35.000000,NOV_DEC_2017,0,0,0,0,0
