Reg_No,Internal,External,Total,Grade,Time,Year,Type,Code,Credit,Title,Cut-Off-S,Cut-Off-A,Cut-Off-B,Cut-Off-C,Cut-Off-D,Cut-Off-E,Directory,Absentees,Malpractices,Detentions,NA,appeared
201319006,16.20,16,33.00,F,JAN,2014,MAKE,BBA105,4.0,BUSINESS ECONOMICS,80.000000,71.000000,62.000000,53.000000,44.000000,35.000000,JAN_2014,0,0,0,0,0
201319010,13.80,19.5,34.00,F,JAN,2014,MAKE,BBA105,4.0,BUSINESS ECONOMICS,80.000000,71.000000,62.000000,53.000000,44.000000,35.000000,JAN_2014,0,0,0,0,0
201319026,19.20,AB,0.00,I,JAN,2014,MAKE,BBA105,4.0,BUSINESS ECONOMICS,80.000000,71.000000,62.000000,53.000000,44.000000,35.000000,JAN_2014,0,0,0,0,0
