Reg_No,Internal,External,Total,Grade,Time,Year,Type,Code,Credit,Title,Cut-Off-S,Cut-Off-A,Cut-Off-B,Cut-Off-C,Cut-Off-D,Cut-Off-E,Directory,Absentees,Malpractices,Detentions,NA,appeared
201119023,9.40,AB,0.00,I,JAN,2014,MAKE,BBA512_BBA_HR_503_,3.0,WAGE & SALARY ADMINISTRATION,80.000000,71.000000,62.000000,53.000000,44.000000,35.000000,JAN_2014,0,0,0,0,0
201119042,20.40,21.25,42.00,E,JAN,2014,MAKE,BBA512_BBA_HR_503_,3.0,WAGE & SALARY ADMINISTRATION,80.000000,71.000000,62.000000,53.000000,44.000000,35.000000,JAN_2014,0,0,0,0,0
201119049,11.30,17.5,29.00,F,JAN,2014,MAKE,BBA512_BBA_HR_503_,3.0,WAGE & SALARY ADMINISTRATION,80.000000,71.000000,62.000000,53.000000,44.000000,35.000000,JAN_2014,0,0,0,0,0
201119050,17.90,AB,0.00,I,JAN,2014,MAKE,BBA512_BBA_HR_503_,3.0,WAGE & SALARY ADMINISTRATION,80.000000,71.000000,62.000000,53.000000,44.000000,35.000000,JAN_2014,0,0,0,0,0
201119057,3.00,AB,0.00,I,JAN,2014,MAKE,BBA512_BBA_HR_503_,3.0,WAGE & SALARY ADMINISTRATION,80.000000,71.000000,62.000000,53.000000,44.000000,35.000000,JAN_2014,0,0,0,0,0
