Reg_No,Internal,External,Total,Grade,Time,Year,Type,Code,Credit,Title,Cut-Off-S,Cut-Off-A,Cut-Off-B,Cut-Off-C,Cut-Off-D,Cut-Off-E,Directory,Absentees,Malpractices,Detentions,NA,appeared
201119042,19.80,22.25,43.00,E,JAN,2014,MAKE,BBA511,3.0,TRAINING & DEVELOPMENT,80.000000,71.000000,62.000000,53.000000,44.000000,35.000000,JAN_2014,0,0,0,0,0
201119046,12.85,AB,0.00,I,JAN,2014,MAKE,BBA511,3.0,TRAINING & DEVELOPMENT,80.000000,71.000000,62.000000,53.000000,44.000000,35.000000,JAN_2014,0,0,0,0,0
201119049,25.70,23.25,49.00,D,JAN,2014,MAKE,BBA511,3.0,TRAINING & DEVELOPMENT,80.000000,71.000000,62.000000,53.000000,44.000000,35.000000,JAN_2014,0,0,0,0,0
201119050,18.05,AB,0.00,I,JAN,2014,MAKE,BBA511,3.0,TRAINING & DEVELOPMENT,80.000000,71.000000,62.000000,53.000000,44.000000,35.000000,JAN_2014,0,0,0,0,0
