Reg_No,Internal,External,Total,Grade,Time,Year,Type,Code,Credit,Title,Cut-Off-S,Cut-Off-A,Cut-Off-B,Cut-Off-C,Cut-Off-D,Cut-Off-E,Directory,Absentees,Malpractices,Detentions,NA,appeared
201016014,21.80,21,43.00,E,JAN,2014,MAKE,BCA301,4.0,MATHEMATICS III,80.000000,71.000000,62.000000,53.000000,44.000000,35.000000,JAN_2014,0,0,0,0,0
201016020,9.00,AB,0.00,I,JAN,2014,MAKE,BCA301,4.0,MATHEMATICS III,80.000000,71.000000,62.000000,53.000000,44.000000,35.000000,JAN_2014,0,0,0,0,0
201116021,22.50,10,33.00,F,JAN,2014,MAKE,BCA301,4.0,MATHEMATICS III,80.000000,71.000000,62.000000,53.000000,44.000000,35.000000,JAN_2014,0,0,0,0,0
201116034,18.70,AB,0.00,I,JAN,2014,MAKE,BCA301,4.0,MATHEMATICS III,80.000000,71.000000,62.000000,53.000000,44.000000,35.000000,JAN_2014,0,0,0,0,0
201116042,23.80,06,30.00,F,JAN,2014,MAKE,BCA301,4.0,MATHEMATICS III,80.000000,71.000000,62.000000,53.000000,44.000000,35.000000,JAN_2014,0,0,0,0,0
201116056,19.50,AB,0.00,I,JAN,2014,MAKE,BCA301,4.0,MATHEMATICS III,80.000000,71.000000,62.000000,53.000000,44.000000,35.000000,JAN_2014,0,0,0,0,0
20121901,17.90,18.5,37.00,E,JAN,2014,MAKE,BCA301,4.0,MATHEMATICS III,80.000000,71.000000,62.000000,53.000000,44.000000,35.000000,JAN_2014,0,0,0,0,0
20121918,24.10,25,50.00,D,JAN,2014,MAKE,BCA301,4.0,MATHEMATICS III,80.000000,71.000000,62.000000,53.000000,44.000000,35.000000,JAN_2014,0,0,0,0,0
20121935,15.60,17.5,34.00,F,JAN,2014,MAKE,BCA301,4.0,MATHEMATICS III,80.000000,71.000000,62.000000,53.000000,44.000000,35.000000,JAN_2014,0,0,0,0,0
