Reg_No,Internal,External,Total,Grade,Time,Year,Type,Code,Credit,Title,Cut-Off-S,Cut-Off-A,Cut-Off-B,Cut-Off-C,Cut-Off-D,Cut-Off-E,Directory,Absentees,Malpractices,Detentions,NA,appeared
20121910,28.35,22.5,51.00,D,JAN,2014,MAKE,BCA304,4.0,OBJECT ORIENTED PROGRAMMING,80.000000,71.000000,62.000000,53.000000,44.000000,35.000000,JAN_2014,0,0,0,0,0
20121919,23.95,13,37.00,F,JAN,2014,MAKE,BCA304,4.0,OBJECT ORIENTED PROGRAMMING,80.000000,71.000000,62.000000,53.000000,44.000000,35.000000,JAN_2014,0,0,0,0,0
20121923,21.55,23.5,46.00,D,JAN,2014,MAKE,BCA304,4.0,OBJECT ORIENTED PROGRAMMING,80.000000,71.000000,62.000000,53.000000,44.000000,35.000000,JAN_2014,0,0,0,0,0
20121924,18.25,22.25,41.00,E,JAN,2014,MAKE,BCA304,4.0,OBJECT ORIENTED PROGRAMMING,80.000000,71.000000,62.000000,53.000000,44.000000,35.000000,JAN_2014,0,0,0,0,0
20121929,22.25,24.75,47.00,D,JAN,2014,MAKE,BCA304,4.0,OBJECT ORIENTED PROGRAMMING,80.000000,71.000000,62.000000,53.000000,44.000000,35.000000,JAN_2014,0,0,0,0,0
