Reg_No,Internal,External,Total,Grade,Time,Year,Type,Code,Credit,Title,Cut-Off-S,Cut-Off-A,Cut-Off-B,Cut-Off-C,Cut-Off-D,Cut-Off-E,Directory,Absentees,Malpractices,Detentions,NA,appeared
201116034,21.80,24.5,47.00,D,JAN,2014,MAKE,BCA505,4.0,ADVANCED DATA STRUCTURES & ALGORITHMS,80.000000,71.000000,62.000000,53.000000,44.000000,35.000000,JAN_2014,0,0,0,0,0
201116039,23.20,13.5,37.00,F,JAN,2014,MAKE,BCA505,4.0,ADVANCED DATA STRUCTURES & ALGORITHMS,80.000000,71.000000,62.000000,53.000000,44.000000,35.000000,JAN_2014,0,0,0,0,0
201116041,27.10,23.5,51.00,D,JAN,2014,MAKE,BCA505,4.0,ADVANCED DATA STRUCTURES & ALGORITHMS,80.000000,71.000000,62.000000,53.000000,44.000000,35.000000,JAN_2014,0,0,0,0,0
201116045,23.60,9.5,34.00,F,JAN,2014,MAKE,BCA505,4.0,ADVANCED DATA STRUCTURES & ALGORITHMS,80.000000,71.000000,62.000000,53.000000,44.000000,35.000000,JAN_2014,0,0,0,0,0
