Reg_No,Internal,External,Total,Grade,Time,Year,Type,Code,Credit,Title,Cut-Off-S,Cut-Off-A,Cut-Off-B,Cut-Off-C,Cut-Off-D,Cut-Off-E,Directory,Absentees,Malpractices,Detentions,NA,appeared
Subject,Title,:,SURVEYING,I,JAN,2014,MAKE,CE305,4.0,SURVEYING I,84.000000,74.000000,64.000000,55.000000,45.000000,35.000000,JAN_2014,0,0,0,0,0
20110141,28.70,AB,0.00,I,JAN,2014,MAKE,CE305,4.0,SURVEYING I,84.000000,74.000000,64.000000,55.000000,45.000000,35.000000,JAN_2014,0,0,0,0,0
20111011,23.60,14,38.00,F,JAN,2014,MAKE,CE305,4.0,SURVEYING I,84.000000,74.000000,64.000000,55.000000,45.000000,35.000000,JAN_2014,0,0,0,0,0
20120183,25.80,17,43.00,F,JAN,2014,MAKE,CE305,4.0,SURVEYING I,84.000000,74.000000,64.000000,55.000000,45.000000,35.000000,JAN_2014,0,0,0,0,0
20120274,14.20,05,20.00,F,JAN,2014,MAKE,CE305,4.0,SURVEYING I,84.000000,74.000000,64.000000,55.000000,45.000000,35.000000,JAN_2014,0,0,0,0,0
20120326,25.80,10,36.00,F,JAN,2014,MAKE,CE305,4.0,SURVEYING I,84.000000,74.000000,64.000000,55.000000,45.000000,35.000000,JAN_2014,0,0,0,0,0
201318514,22.90,AB,0.00,I,JAN,2014,MAKE,CE305,4.0,SURVEYING I,84.000000,74.000000,64.000000,55.000000,45.000000,35.000000,JAN_2014,0,0,0,0,0
