Reg_No,Internal,External,Total,Grade,Time,Year,Type,Code,Credit,Title,Cut-Off-S,Cut-Off-A,Cut-Off-B,Cut-Off-C,Cut-Off-D,Cut-Off-E,Directory,Absentees,Malpractices,Detentions,NA,appeared
20111011,27.60,AB,0.00,I,JAN,2014,MAKE,CE302,4.0,FLUID MECHANICS I,80.000000,71.000000,62.000000,53.000000,44.000000,35.000000,JAN_2014,0,0,0,0,0
20120022,22.70,40,63.00,B,JAN,2014,MAKE,CE302,4.0,FLUID MECHANICS I,80.000000,71.000000,62.000000,53.000000,44.000000,35.000000,JAN_2014,0,0,0,0,0
20120123,17.20,29.5,47.00,D,JAN,2014,MAKE,CE302,4.0,FLUID MECHANICS I,80.000000,71.000000,62.000000,53.000000,44.000000,35.000000,JAN_2014,0,0,0,0,0
20120183,26.30,17.5,44.00,D,JAN,2014,MAKE,CE302,4.0,FLUID MECHANICS I,80.000000,71.000000,62.000000,53.000000,44.000000,35.000000,JAN_2014,0,0,0,0,0
20120225,22.40,AB,0.00,I,JAN,2014,MAKE,CE302,4.0,FLUID MECHANICS I,80.000000,71.000000,62.000000,53.000000,44.000000,35.000000,JAN_2014,0,0,0,0,0
20120274,19.20,25.5,45.00,D,JAN,2014,MAKE,CE302,4.0,FLUID MECHANICS I,80.000000,71.000000,62.000000,53.000000,44.000000,35.000000,JAN_2014,0,0,0,0,0
20120326,24.30,17.5,42.00,E,JAN,2014,MAKE,CE302,4.0,FLUID MECHANICS I,80.000000,71.000000,62.000000,53.000000,44.000000,35.000000,JAN_2014,0,0,0,0,0
