Reg_No,Internal,External,Total,Grade,Time,Year,Type,Code,Credit,Title,Cut-Off-S,Cut-Off-A,Cut-Off-B,Cut-Off-C,Cut-Off-D,Cut-Off-E,Directory,Absentees,Malpractices,Detentions,NA,appeared
20110310,30.40,40.5,71.00,B,JAN,2014,MAKE,CE505,4.0,ENVIRONMENTAL ENGINEERING I,89.000000,78.000000,67.000000,57.000000,46.000000,35.000000,JAN_2014,0,0,0,0,0
20110396,22.20,AB,0.00,I,JAN,2014,MAKE,CE505,4.0,ENVIRONMENTAL ENGINEERING I,89.000000,78.000000,67.000000,57.000000,46.000000,35.000000,JAN_2014,0,0,0,0,0
20111013,22.60,21.5,45.00,E,JAN,2014,MAKE,CE505,4.0,ENVIRONMENTAL ENGINEERING I,89.000000,78.000000,67.000000,57.000000,46.000000,35.000000,JAN_2014,0,0,0,0,0
20111108,27.70,28,56.00,D,JAN,2014,MAKE,CE505,4.0,ENVIRONMENTAL ENGINEERING I,89.000000,78.000000,67.000000,57.000000,46.000000,35.000000,JAN_2014,0,0,0,0,0
