Reg_No,Internal,External,Total,Grade,Time,Year,Type,Code,Credit,Title,Cut-Off-S,Cut-Off-A,Cut-Off-B,Cut-Off-C,Cut-Off-D,Cut-Off-E,Directory,Absentees,Malpractices,Detentions,NA,appeared
20110061,12.50,AB,0.00,I,JAN,2014,MAKE,CE506,4.0,TRANSPORTATION ENGINEERING I,84.000000,74.000000,64.000000,55.000000,45.000000,35.000000,JAN_2014,0,0,0,0,0
20110141,24.10,AB,0.00,I,JAN,2014,MAKE,CE506,4.0,TRANSPORTATION ENGINEERING I,84.000000,74.000000,64.000000,55.000000,45.000000,35.000000,JAN_2014,0,0,0,0,0
20110396,20.20,AB,0.00,I,JAN,2014,MAKE,CE506,4.0,TRANSPORTATION ENGINEERING I,84.000000,74.000000,64.000000,55.000000,45.000000,35.000000,JAN_2014,0,0,0,0,0
201018019,19.80,AB,0.00,I,JAN,2014,MAKE,CE506,4.0,TRANSPORTATION ENGINEERING I,84.000000,74.000000,64.000000,55.000000,45.000000,35.000000,JAN_2014,0,0,0,0,0
