Reg_No,Internal,External,Total,Grade,Time,Year,Type,Code,Credit,Title,Cut-Off-S,Cut-Off-A,Cut-Off-B,Cut-Off-C,Cut-Off-D,Cut-Off-E,Directory,Absentees,Malpractices,Detentions,NA,appeared
20110061,12.30,AB,0.00,I,JAN,2014,MAKE,CE501,4.0,GEOTECHNICAL ENGINEERING I,85.000000,75.000000,65.000000,55.000000,45.000000,35.000000,JAN_2014,0,0,0,0,0
20110141,12.20,AB,0.00,I,JAN,2014,MAKE,CE501,4.0,GEOTECHNICAL ENGINEERING I,85.000000,75.000000,65.000000,55.000000,45.000000,35.000000,JAN_2014,0,0,0,0,0
20110541,18.20,10,29.00,F,JAN,2014,MAKE,CE501,4.0,GEOTECHNICAL ENGINEERING I,85.000000,75.000000,65.000000,55.000000,45.000000,35.000000,JAN_2014,0,0,0,0,0
20121804,16.80,AB,0.00,I,JAN,2014,MAKE,CE501,4.0,GEOTECHNICAL ENGINEERING I,85.000000,75.000000,65.000000,55.000000,45.000000,35.000000,JAN_2014,0,0,0,0,0
201018014,17.70,00,18.00,F,JAN,2014,MAKE,CE501,4.0,GEOTECHNICAL ENGINEERING I,85.000000,75.000000,65.000000,55.000000,45.000000,35.000000,JAN_2014,0,0,0,0,0
201018019,11.00,AB,0.00,I,JAN,2014,MAKE,CE501,4.0,GEOTECHNICAL ENGINEERING I,85.000000,75.000000,65.000000,55.000000,45.000000,35.000000,JAN_2014,0,0,0,0,0
201118510,13.50,AB,0.00,I,JAN,2014,MAKE,CE501,4.0,GEOTECHNICAL ENGINEERING I,85.000000,75.000000,65.000000,55.000000,45.000000,35.000000,JAN_2014,0,0,0,0,0
