Reg_No,Internal,External,Total,Grade,Time,Year,Type,Code,Credit,Title,Cut-Off-S,Cut-Off-A,Cut-Off-B,Cut-Off-C,Cut-Off-D,Cut-Off-E,Directory,Absentees,Malpractices,Detentions,NA,appeared
20110061,11.40,AB,0.00,I,JAN,2014,MAKE,CE502,4.0,DESIGN OF ADVANCED RC STRUCTURES,90.000000,79.000000,68.000000,57.000000,46.000000,35.000000,JAN_2014,0,0,0,0,0
20110369,16.80,20.5,38.00,E,JAN,2014,MAKE,CE502,4.0,DESIGN OF ADVANCED RC STRUCTURES,90.000000,79.000000,68.000000,57.000000,46.000000,35.000000,JAN_2014,0,0,0,0,0
20110370,17.70,28,46.00,D,JAN,2014,MAKE,CE502,4.0,DESIGN OF ADVANCED RC STRUCTURES,90.000000,79.000000,68.000000,57.000000,46.000000,35.000000,JAN_2014,0,0,0,0,0
20110541,14.10,11.5,26.00,F,JAN,2014,MAKE,CE502,4.0,DESIGN OF ADVANCED RC STRUCTURES,90.000000,79.000000,68.000000,57.000000,46.000000,35.000000,JAN_2014,0,0,0,0,0
20121804,23.10,AB,0.00,I,JAN,2014,MAKE,CE502,4.0,DESIGN OF ADVANCED RC STRUCTURES,90.000000,79.000000,68.000000,57.000000,46.000000,35.000000,JAN_2014,0,0,0,0,0
20121806,3.60,05,9.00,F,JAN,2014,MAKE,CE502,4.0,DESIGN OF ADVANCED RC STRUCTURES,90.000000,79.000000,68.000000,57.000000,46.000000,35.000000,JAN_2014,0,0,0,0,0
201118510,10.80,1.5,13.00,F,JAN,2014,MAKE,CE502,4.0,DESIGN OF ADVANCED RC STRUCTURES,90.000000,79.000000,68.000000,57.000000,46.000000,35.000000,JAN_2014,0,0,0,0,0
