Reg_No,Internal,External,Total,Grade,Time,Year,Type,Code,Credit,Title,Cut-Off-S,Cut-Off-A,Cut-Off-B,Cut-Off-C,Cut-Off-D,Cut-Off-E,Directory,Absentees,Malpractices,Detentions,NA,appeared
200918015,22.00,AB,0.00,I,JAN,2014,MAKE,CE701,4.0,ESTIMATING  COSTING & VALUATION,90.000000,79.000000,69.000000,58.000000,48.000000,37.000000,JAN_2014,0,0,0,0,0
201018003,20.30,24.5,45.00,E,JAN,2014,MAKE,CE701,4.0,ESTIMATING  COSTING & VALUATION,90.000000,79.000000,69.000000,58.000000,48.000000,37.000000,JAN_2014,0,0,0,0,0
201018019,16.90,AB,0.00,I,JAN,2014,MAKE,CE701,4.0,ESTIMATING  COSTING & VALUATION,90.000000,79.000000,69.000000,58.000000,48.000000,37.000000,JAN_2014,0,0,0,0,0
201018027,12.50,24.5,37.00,E,JAN,2014,MAKE,CE701,4.0,ESTIMATING  COSTING & VALUATION,90.000000,79.000000,69.000000,58.000000,48.000000,37.000000,JAN_2014,0,0,0,0,0
