Reg_No,Internal,External,Total,Grade,Time,Year,Type,Code,Credit,Title,Cut-Off-S,Cut-Off-A,Cut-Off-B,Cut-Off-C,Cut-Off-D,Cut-Off-E,Directory,Absentees,Malpractices,Detentions,NA,appeared
200918015,16.00,05,21.00,F,JAN,2014,MAKE,CE703,4.0,ENGINEERING ECONOMICS & MANAGEMENT,83.000000,73.000000,64.000000,54.000000,45.000000,35.000000,JAN_2014,0,0,0,0,0
200918055,22.15,AB,0.00,I,JAN,2014,MAKE,CE703,4.0,ENGINEERING ECONOMICS & MANAGEMENT,83.000000,73.000000,64.000000,54.000000,45.000000,35.000000,JAN_2014,0,0,0,0,0
201018019,13.70,AB,0.00,I,JAN,2014,MAKE,CE703,4.0,ENGINEERING ECONOMICS & MANAGEMENT,83.000000,73.000000,64.000000,54.000000,45.000000,35.000000,JAN_2014,0,0,0,0,0
201018028,23.15,20.5,44.00,E,JAN,2014,MAKE,CE703,4.0,ENGINEERING ECONOMICS & MANAGEMENT,83.000000,73.000000,64.000000,54.000000,45.000000,35.000000,JAN_2014,0,0,0,0,0
201118502,14.85,AB,0.00,I,JAN,2014,MAKE,CE703,4.0,ENGINEERING ECONOMICS & MANAGEMENT,83.000000,73.000000,64.000000,54.000000,45.000000,35.000000,JAN_2014,0,0,0,0,0
