Reg_No,Internal,External,Total,Grade,Time,Year,Type,Code,Credit,Title,Cut-Off-S,Cut-Off-A,Cut-Off-B,Cut-Off-C,Cut-Off-D,Cut-Off-E,Directory,Absentees,Malpractices,Detentions,NA,appeared
20110320,18.40,12.5,31.00,F,JAN,2014,MAKE,CSE304,4.0,DIGITAL CIRCUITS & LOGIC DESIGN,83.000000,74.000000,65.000000,56.000000,47.000000,38.000000,JAN_2014,0,0,0,0,0
20110337,15.40,AB,0.00,I,JAN,2014,MAKE,CSE304,4.0,DIGITAL CIRCUITS & LOGIC DESIGN,83.000000,74.000000,65.000000,56.000000,47.000000,38.000000,JAN_2014,0,0,0,0,0
20110444,20.80,8.5,30.00,F,JAN,2014,MAKE,CSE304,4.0,DIGITAL CIRCUITS & LOGIC DESIGN,83.000000,74.000000,65.000000,56.000000,47.000000,38.000000,JAN_2014,0,0,0,0,0
20120357,17.05,AB,0.00,I,JAN,2014,MAKE,CSE304,4.0,DIGITAL CIRCUITS & LOGIC DESIGN,83.000000,74.000000,65.000000,56.000000,47.000000,38.000000,JAN_2014,0,0,0,0,0
201311506,21.80,12,34.00,F,JAN,2014,MAKE,CSE304,4.0,DIGITAL CIRCUITS & LOGIC DESIGN,83.000000,74.000000,65.000000,56.000000,47.000000,38.000000,JAN_2014,0,0,0,0,0
