Reg_No,Internal,External,Total,Grade,Time,Year,Type,Code,Credit,Title,Cut-Off-S,Cut-Off-A,Cut-Off-B,Cut-Off-C,Cut-Off-D,Cut-Off-E,Directory,Absentees,Malpractices,Detentions,NA,appeared
20120357,13.90,19.5,34.00,F,JAN,2014,MAKE,CSE302,4.0,DATA STRUCTURES,80.000000,71.000000,62.000000,53.000000,44.000000,35.000000,JAN_2014,0,0,0,0,0
20120701,23.63,7.5,32.00,F,JAN,2014,MAKE,CSE302,4.0,DATA STRUCTURES,80.000000,71.000000,62.000000,53.000000,44.000000,35.000000,JAN_2014,0,0,0,0,0
201011032,23.40,04,28.00,F,JAN,2014,MAKE,CSE302,4.0,DATA STRUCTURES,80.000000,71.000000,62.000000,53.000000,44.000000,35.000000,JAN_2014,0,0,0,0,0
201011106,14.75,AB,0.00,I,JAN,2014,MAKE,CSE302,4.0,DATA STRUCTURES,80.000000,71.000000,62.000000,53.000000,44.000000,35.000000,JAN_2014,0,0,0,0,0
201311505,16.85,11.5,29.00,F,JAN,2014,MAKE,CSE302,4.0,DATA STRUCTURES,80.000000,71.000000,62.000000,53.000000,44.000000,35.000000,JAN_2014,0,0,0,0,0
201311506,16.03,19.5,36.00,E,JAN,2014,MAKE,CSE302,4.0,DATA STRUCTURES,80.000000,71.000000,62.000000,53.000000,44.000000,35.000000,JAN_2014,0,0,0,0,0
