Reg_No,Internal,External,Total,Grade,Time,Year,Type,Code,Credit,Title,Cut-Off-S,Cut-Off-A,Cut-Off-B,Cut-Off-C,Cut-Off-D,Cut-Off-E,Directory,Absentees,Malpractices,Detentions,NA,appeared
20110200,17.20,22,40.00,E,JAN,2014,MAKE,CSE306,4.0,COMPUTER ORGANIZATION & ARCHITECTURE,83.000000,73.000000,64.000000,54.000000,45.000000,35.000000,JAN_2014,0,0,0,0,0
20110258,18.00,AB,0.00,I,JAN,2014,MAKE,CSE306,4.0,COMPUTER ORGANIZATION & ARCHITECTURE,83.000000,73.000000,64.000000,54.000000,45.000000,35.000000,JAN_2014,0,0,0,0,0
20120357,12.65,AB,0.00,I,JAN,2014,MAKE,CSE306,4.0,COMPUTER ORGANIZATION & ARCHITECTURE,83.000000,73.000000,64.000000,54.000000,45.000000,35.000000,JAN_2014,0,0,0,0,0
20120593,19.10,09,29.00,F,JAN,2014,MAKE,CSE306,4.0,COMPUTER ORGANIZATION & ARCHITECTURE,83.000000,73.000000,64.000000,54.000000,45.000000,35.000000,JAN_2014,0,0,0,0,0
20120670,17.20,19,37.00,E,JAN,2014,MAKE,CSE306,4.0,COMPUTER ORGANIZATION & ARCHITECTURE,83.000000,73.000000,64.000000,54.000000,45.000000,35.000000,JAN_2014,0,0,0,0,0
20120700,14.25,11,26.00,F,JAN,2014,MAKE,CSE306,4.0,COMPUTER ORGANIZATION & ARCHITECTURE,83.000000,73.000000,64.000000,54.000000,45.000000,35.000000,JAN_2014,0,0,0,0,0
201311505,19.50,9.5,29.00,F,JAN,2014,MAKE,CSE306,4.0,COMPUTER ORGANIZATION & ARCHITECTURE,83.000000,73.000000,64.000000,54.000000,45.000000,35.000000,JAN_2014,0,0,0,0,0
