Reg_No,Internal,External,Total,Grade,Time,Year,Type,Code,Credit,Title,Cut-Off-S,Cut-Off-A,Cut-Off-B,Cut-Off-C,Cut-Off-D,Cut-Off-E,Directory,Absentees,Malpractices,Detentions,NA,appeared
200911067,17.10,6.5,24.00,F,JAN,2014,MAKE,CSE505,4.0,FORMAL LANGUAGE & AUTOMATA THEORY,80.000000,71.000000,62.000000,53.000000,44.000000,35.000000,JAN_2014,0,0,0,0,0
201011051,12.50,AB,0.00,I,JAN,2014,MAKE,CSE505,4.0,FORMAL LANGUAGE & AUTOMATA THEORY,80.000000,71.000000,62.000000,53.000000,44.000000,35.000000,JAN_2014,0,0,0,0,0
201011082,16.30,8.5,25.00,F,JAN,2014,MAKE,CSE505,4.0,FORMAL LANGUAGE & AUTOMATA THEORY,80.000000,71.000000,62.000000,53.000000,44.000000,35.000000,JAN_2014,0,0,0,0,0
201011124,14.30,13,28.00,F,JAN,2014,MAKE,CSE505,4.0,FORMAL LANGUAGE & AUTOMATA THEORY,80.000000,71.000000,62.000000,53.000000,44.000000,35.000000,JAN_2014,0,0,0,0,0
