Reg_No,Internal,External,Total,Grade,Time,Year,Type,Code,Credit,Title,Cut-Off-S,Cut-Off-A,Cut-Off-B,Cut-Off-C,Cut-Off-D,Cut-Off-E,Directory,Absentees,Malpractices,Detentions,NA,appeared
20110070,41.30,38,80.00,A,JAN,2014,MAKE,CSE502,4.0,OPERATING SYSTEMS,89.000000,80.000000,70.000000,61.000000,51.000000,42.000000,JAN_2014,0,0,0,0,0
20110155,21.50,AB,0.00,I,JAN,2014,MAKE,CSE502,4.0,OPERATING SYSTEMS,89.000000,80.000000,70.000000,61.000000,51.000000,42.000000,JAN_2014,0,0,0,0,0
20110444,21.10,17.5,39.00,F,JAN,2014,MAKE,CSE502,4.0,OPERATING SYSTEMS,89.000000,80.000000,70.000000,61.000000,51.000000,42.000000,JAN_2014,0,0,0,0,0
