Reg_No,Internal,External,Total,Grade,Time,Year,Type,Code,Credit,Title,Cut-Off-S,Cut-Off-A,Cut-Off-B,Cut-Off-C,Cut-Off-D,Cut-Off-E,Directory,Absentees,Malpractices,Detentions,NA,appeared
200811003,26.30,28,55.00,D,JAN,2014,MAKE,CSE702,4.0,ARTIFICIAL INTELLIGENCE,83.000000,74.000000,65.000000,57.000000,48.000000,39.000000,JAN_2014,0,0,0,0,0
201011008,22.90,15.5,39.00,F,JAN,2014,MAKE,CSE702,4.0,ARTIFICIAL INTELLIGENCE,83.000000,74.000000,65.000000,57.000000,48.000000,39.000000,JAN_2014,0,0,0,0,0
201011025,18.00,27.5,46.00,E,JAN,2014,MAKE,CSE702,4.0,ARTIFICIAL INTELLIGENCE,83.000000,74.000000,65.000000,57.000000,48.000000,39.000000,JAN_2014,0,0,0,0,0
201011033,19.40,20.5,40.00,E,JAN,2014,MAKE,CSE702,4.0,ARTIFICIAL INTELLIGENCE,83.000000,74.000000,65.000000,57.000000,48.000000,39.000000,JAN_2014,0,0,0,0,0
201011052,23.10,25,49.00,D,JAN,2014,MAKE,CSE702,4.0,ARTIFICIAL INTELLIGENCE,83.000000,74.000000,65.000000,57.000000,48.000000,39.000000,JAN_2014,0,0,0,0,0
201011088,28.20,34.5,63.00,C,JAN,2014,MAKE,CSE702,4.0,ARTIFICIAL INTELLIGENCE,83.000000,74.000000,65.000000,57.000000,48.000000,39.000000,JAN_2014,0,0,0,0,0
201011115,22.30,21.5,44.00,E,JAN,2014,MAKE,CSE702,4.0,ARTIFICIAL INTELLIGENCE,83.000000,74.000000,65.000000,57.000000,48.000000,39.000000,JAN_2014,0,0,0,0,0
201011511,19.85,14.5,35.00,F,JAN,2014,MAKE,CSE702,4.0,ARTIFICIAL INTELLIGENCE,83.000000,74.000000,65.000000,57.000000,48.000000,39.000000,JAN_2014,0,0,0,0,0
