Reg_No,Internal,External,Total,Grade,Time,Year,Type,Code,Credit,Title,Cut-Off-S,Cut-Off-A,Cut-Off-B,Cut-Off-C,Cut-Off-D,Cut-Off-E,Directory,Absentees,Malpractices,Detentions,NA,appeared
20120400,19.65,12.75,33.00,F,JAN,2014,MAKE,EC302,3.0,ANALOG ELECTRONIC CIRCUITS,83.000000,73.000000,64.000000,54.000000,45.000000,35.000000,JAN_2014,0,0,0,0,0
20120571,23.10,20.75,44.00,E,JAN,2014,MAKE,EC302,3.0,ANALOG ELECTRONIC CIRCUITS,83.000000,73.000000,64.000000,54.000000,45.000000,35.000000,JAN_2014,0,0,0,0,0
20120582,20.65,26.75,48.00,D,JAN,2014,MAKE,EC302,3.0,ANALOG ELECTRONIC CIRCUITS,83.000000,73.000000,64.000000,54.000000,45.000000,35.000000,JAN_2014,0,0,0,0,0
20120585,17.90,23.75,42.00,E,JAN,2014,MAKE,EC302,3.0,ANALOG ELECTRONIC CIRCUITS,83.000000,73.000000,64.000000,54.000000,45.000000,35.000000,JAN_2014,0,0,0,0,0
20120653,23.35,26.75,51.00,D,JAN,2014,MAKE,EC302,3.0,ANALOG ELECTRONIC CIRCUITS,83.000000,73.000000,64.000000,54.000000,45.000000,35.000000,JAN_2014,0,0,0,0,0
20121721,18.50,15.25,34.00,F,JAN,2014,MAKE,EC302,3.0,ANALOG ELECTRONIC CIRCUITS,83.000000,73.000000,64.000000,54.000000,45.000000,35.000000,JAN_2014,0,0,0,0,0
201312502,20.70,03,24.00,F,JAN,2014,MAKE,EC302,3.0,ANALOG ELECTRONIC CIRCUITS,83.000000,73.000000,64.000000,54.000000,45.000000,35.000000,JAN_2014,0,0,0,0,0
