Reg_No,Internal,External,Total,Grade,Time,Year,Type,Code,Credit,Title,Cut-Off-S,Cut-Off-A,Cut-Off-B,Cut-Off-C,Cut-Off-D,Cut-Off-E,Directory,Absentees,Malpractices,Detentions,NA,appeared
200912068,12.40,25.5,38.00,E,JAN,2014,MAKE,EC505,4.0,NETWORK ANALYSIS,80.000000,71.000000,62.000000,53.000000,44.000000,35.000000,JAN_2014,0,0,0,0,0
201012011,15.90,0.5,17.00,F,JAN,2014,MAKE,EC505,4.0,NETWORK ANALYSIS,80.000000,71.000000,62.000000,53.000000,44.000000,35.000000,JAN_2014,0,0,0,0,0
201012036,13.20,AB,0.00,I,JAN,2014,MAKE,EC505,4.0,NETWORK ANALYSIS,80.000000,71.000000,62.000000,53.000000,44.000000,35.000000,JAN_2014,0,0,0,0,0
201112505,15.30,2.5,18.00,F,JAN,2014,MAKE,EC505,4.0,NETWORK ANALYSIS,80.000000,71.000000,62.000000,53.000000,44.000000,35.000000,JAN_2014,0,0,0,0,0
