Reg_No,Internal,External,Total,Grade,Time,Year,Type,Code,Credit,Title,Cut-Off-S,Cut-Off-A,Cut-Off-B,Cut-Off-C,Cut-Off-D,Cut-Off-E,Directory,Absentees,Malpractices,Detentions,NA,appeared
200812028,13.90,22.5,37.00,E,JAN,2014,MAKE,EC702,3.0,INDUSTRIAL MANAGEMENT,80.000000,71.000000,63.000000,54.000000,46.000000,37.000000,JAN_2014,0,0,0,0,0
200912095,13.80,28,42.00,E,JAN,2014,MAKE,EC702,3.0,INDUSTRIAL MANAGEMENT,80.000000,71.000000,63.000000,54.000000,46.000000,37.000000,JAN_2014,0,0,0,0,0
201012008,16.58,AB,0.00,I,JAN,2014,MAKE,EC702,3.0,INDUSTRIAL MANAGEMENT,80.000000,71.000000,63.000000,54.000000,46.000000,37.000000,JAN_2014,0,0,0,0,0
201012088,18.98,20,39.00,E,JAN,2014,MAKE,EC702,3.0,INDUSTRIAL MANAGEMENT,80.000000,71.000000,63.000000,54.000000,46.000000,37.000000,JAN_2014,0,0,0,0,0
201012107,20.73,24,45.00,E,JAN,2014,MAKE,EC702,3.0,INDUSTRIAL MANAGEMENT,80.000000,71.000000,63.000000,54.000000,46.000000,37.000000,JAN_2014,0,0,0,0,0
