Reg_No,Internal,External,Total,Grade,Time,Year,Type,Code,Credit,Title,Cut-Off-S,Cut-Off-A,Cut-Off-B,Cut-Off-C,Cut-Off-D,Cut-Off-E,Directory,Absentees,Malpractices,Detentions,NA,appeared
20110327,22.00,AB,0.00,I,JAN,2014,MAKE,EE304,4.0,ELECTRICAL MEASUREMENT,81.000000,72.000000,63.000000,53.000000,44.000000,35.000000,JAN_2014,0,0,0,0,0
20120164,23.20,AB,0.00,I,JAN,2014,MAKE,EE304,4.0,ELECTRICAL MEASUREMENT,81.000000,72.000000,63.000000,53.000000,44.000000,35.000000,JAN_2014,0,0,0,0,0
20120452,22.50,30.5,53.00,C,JAN,2014,MAKE,EE304,4.0,ELECTRICAL MEASUREMENT,81.000000,72.000000,63.000000,53.000000,44.000000,35.000000,JAN_2014,0,0,0,0,0
20120487,14.80,03,18.00,F,JAN,2014,MAKE,EE304,4.0,ELECTRICAL MEASUREMENT,81.000000,72.000000,63.000000,53.000000,44.000000,35.000000,JAN_2014,0,0,0,0,0
20120520,12.90,AB,0.00,I,JAN,2014,MAKE,EE304,4.0,ELECTRICAL MEASUREMENT,81.000000,72.000000,63.000000,53.000000,44.000000,35.000000,JAN_2014,0,0,0,0,0
200813025,28.00,AB,0.00,I,JAN,2014,MAKE,EE304,4.0,ELECTRICAL MEASUREMENT,81.000000,72.000000,63.000000,53.000000,44.000000,35.000000,JAN_2014,0,0,0,0,0
201113510,36.00,AB,0.00,I,JAN,2014,MAKE,EE304,4.0,ELECTRICAL MEASUREMENT,81.000000,72.000000,63.000000,53.000000,44.000000,35.000000,JAN_2014,0,0,0,0,0
