Reg_No,Internal,External,Total,Grade,Time,Year,Type,Code,Credit,Title,Cut-Off-S,Cut-Off-A,Cut-Off-B,Cut-Off-C,Cut-Off-D,Cut-Off-E,Directory,Absentees,Malpractices,Detentions,NA,appeared
20110300,33.50,33,67.00,B,JAN,2014,MAKE,EE501,4.0,POWER ELECTRONICS,80.000000,71.000000,62.000000,53.000000,44.000000,35.000000,JAN_2014,0,0,0,0,0
20110322,18.10,AB,0.00,I,JAN,2014,MAKE,EE501,4.0,POWER ELECTRONICS,80.000000,71.000000,62.000000,53.000000,44.000000,35.000000,JAN_2014,0,0,0,0,0
20110373,13.20,24.5,38.00,E,JAN,2014,MAKE,EE501,4.0,POWER ELECTRONICS,80.000000,71.000000,62.000000,53.000000,44.000000,35.000000,JAN_2014,0,0,0,0,0
20121758,16.10,20.5,37.00,E,JAN,2014,MAKE,EE501,4.0,POWER ELECTRONICS,80.000000,71.000000,62.000000,53.000000,44.000000,35.000000,JAN_2014,0,0,0,0,0
200613043,17.60,18,36.00,E,JAN,2014,MAKE,EE501,4.0,POWER ELECTRONICS,80.000000,71.000000,62.000000,53.000000,44.000000,35.000000,JAN_2014,0,0,0,0,0
200913079,16.30,00,17.00,F,JAN,2014,MAKE,EE501,4.0,POWER ELECTRONICS,80.000000,71.000000,62.000000,53.000000,44.000000,35.000000,JAN_2014,0,0,0,0,0
200913501,19.90,1.5,22.00,F,JAN,2014,MAKE,EE501,4.0,POWER ELECTRONICS,80.000000,71.000000,62.000000,53.000000,44.000000,35.000000,JAN_2014,0,0,0,0,0
201013058,20.25,11.5,32.00,F,JAN,2014,MAKE,EE501,4.0,POWER ELECTRONICS,80.000000,71.000000,62.000000,53.000000,44.000000,35.000000,JAN_2014,0,0,0,0,0
