Reg_No,Internal,External,Total,Grade,Time,Year,Type,Code,Credit,Title,Cut-Off-S,Cut-Off-A,Cut-Off-B,Cut-Off-C,Cut-Off-D,Cut-Off-E,Directory,Absentees,Malpractices,Detentions,NA,appeared
200913053,19.18,5.5,25.00,F,JAN,2014,MAKE,EE703,4.0,ADVANCED MICROPROCESSOR & EMBEDDED SYSTEMS,80.000000,71.000000,62.000000,53.000000,44.000000,35.000000,JAN_2014,0,0,0,0,0
200913058,17.15,15,33.00,F,JAN,2014,MAKE,EE703,4.0,ADVANCED MICROPROCESSOR & EMBEDDED SYSTEMS,80.000000,71.000000,62.000000,53.000000,44.000000,35.000000,JAN_2014,0,0,0,0,0
201013042,26.15,26.5,53.00,C,JAN,2014,MAKE,EE703,4.0,ADVANCED MICROPROCESSOR & EMBEDDED SYSTEMS,80.000000,71.000000,62.000000,53.000000,44.000000,35.000000,JAN_2014,0,0,0,0,0
201013058,11.70,AB,0.00,I,JAN,2014,MAKE,EE703,4.0,ADVANCED MICROPROCESSOR & EMBEDDED SYSTEMS,80.000000,71.000000,62.000000,53.000000,44.000000,35.000000,JAN_2014,0,0,0,0,0
201013059,23.00,33.5,57.00,C,JAN,2014,MAKE,EE703,4.0,ADVANCED MICROPROCESSOR & EMBEDDED SYSTEMS,80.000000,71.000000,62.000000,53.000000,44.000000,35.000000,JAN_2014,0,0,0,0,0
201013072,18.85,18.5,38.00,E,JAN,2014,MAKE,EE703,4.0,ADVANCED MICROPROCESSOR & EMBEDDED SYSTEMS,80.000000,71.000000,62.000000,53.000000,44.000000,35.000000,JAN_2014,0,0,0,0,0
201013077,18.70,AB,0.00,I,JAN,2014,MAKE,EE703,4.0,ADVANCED MICROPROCESSOR & EMBEDDED SYSTEMS,80.000000,71.000000,62.000000,53.000000,44.000000,35.000000,JAN_2014,0,0,0,0,0
201013096,24.60,23,48.00,D,JAN,2014,MAKE,EE703,4.0,ADVANCED MICROPROCESSOR & EMBEDDED SYSTEMS,80.000000,71.000000,62.000000,53.000000,44.000000,35.000000,JAN_2014,0,0,0,0,0
