Reg_No,Internal,External,Total,Grade,Time,Year,Type,Code,Credit,Title,Cut-Off-S,Cut-Off-A,Cut-Off-B,Cut-Off-C,Cut-Off-D,Cut-Off-E,Directory,Absentees,Malpractices,Detentions,NA,appeared
20110402,16.80,07,24.00,F,JAN,2014,MAKE,IE304,4.0,DIGITAL ELECTRONIC CIRCUITS,80.000000,71.000000,62.000000,53.000000,44.000000,35.000000,JAN_2014,0,0,0,0,0
20110605,25.35,13.25,39.00,F,JAN,2014,MAKE,IE304,4.0,DIGITAL ELECTRONIC CIRCUITS,80.000000,71.000000,62.000000,53.000000,44.000000,35.000000,JAN_2014,0,0,0,0,0
20120269,21.05,17.75,39.00,E,JAN,2014,MAKE,IE304,4.0,DIGITAL ELECTRONIC CIRCUITS,80.000000,71.000000,62.000000,53.000000,44.000000,35.000000,JAN_2014,0,0,0,0,0
201028018,19.10,12.75,32.00,F,JAN,2014,MAKE,IE304,4.0,DIGITAL ELECTRONIC CIRCUITS,80.000000,71.000000,62.000000,53.000000,44.000000,35.000000,JAN_2014,0,0,0,0,0
