Reg_No,Internal,External,Total,Grade,Time,Year,Type,Code,Credit,Title,Cut-Off-S,Cut-Off-A,Cut-Off-B,Cut-Off-C,Cut-Off-D,Cut-Off-E,Directory,Absentees,Malpractices,Detentions,NA,appeared
20110402,18.75,17.75,37.00,E,JAN,2014,MAKE,IE503,4.0,PROCESS CONTROL I,84.000000,74.000000,64.000000,55.000000,45.000000,35.000000,JAN_2014,0,0,0,0,0
20110479,24.95,21.25,47.00,D,JAN,2014,MAKE,IE503,4.0,PROCESS CONTROL I,84.000000,74.000000,64.000000,55.000000,45.000000,35.000000,JAN_2014,0,0,0,0,0
20110490,18.25,AB,0.00,I,JAN,2014,MAKE,IE503,4.0,PROCESS CONTROL I,84.000000,74.000000,64.000000,55.000000,45.000000,35.000000,JAN_2014,0,0,0,0,0
20110503,29.40,26.5,56.00,C,JAN,2014,MAKE,IE503,4.0,PROCESS CONTROL I,84.000000,74.000000,64.000000,55.000000,45.000000,35.000000,JAN_2014,0,0,0,0,0
