Reg_No,Internal,External,Total,Grade,Time,Year,Type,Code,Credit,Title,Cut-Off-S,Cut-Off-A,Cut-Off-B,Cut-Off-C,Cut-Off-D,Cut-Off-E,Directory,Absentees,Malpractices,Detentions,NA,appeared
20110499,18.85,17.5,37.00,E,JAN,2014,MAKE,IE506,4.0,ADVANCED SENSORS,80.000000,71.000000,62.000000,53.000000,44.000000,35.000000,JAN_2014,0,0,0,0,0
20110503,18.85,01,20.00,F,JAN,2014,MAKE,IE506,4.0,ADVANCED SENSORS,80.000000,71.000000,62.000000,53.000000,44.000000,35.000000,JAN_2014,0,0,0,0,0
20110605,20.40,3.5,24.00,F,JAN,2014,MAKE,IE506,4.0,ADVANCED SENSORS,80.000000,71.000000,62.000000,53.000000,44.000000,35.000000,JAN_2014,0,0,0,0,0
201028004,19.30,AB,0.00,I,JAN,2014,MAKE,IE506,4.0,ADVANCED SENSORS,80.000000,71.000000,62.000000,53.000000,44.000000,35.000000,JAN_2014,0,0,0,0,0
