Reg_No,Internal,External,Total,Grade,Time,Year,Type,Code,Credit,Title,Cut-Off-S,Cut-Off-A,Cut-Off-B,Cut-Off-C,Cut-Off-D,Cut-Off-E,Directory,Absentees,Malpractices,Detentions,NA,appeared
200928002,21.65,22,44.00,D,JAN,2014,MAKE,IE702,4.0,BIOMEDICAL INSTRUMENTATION,82.000000,73.000000,63.000000,54.000000,44.000000,35.000000,JAN_2014,0,0,0,0,0
200928035,27.20,29.75,57.00,C,JAN,2014,MAKE,IE702,4.0,BIOMEDICAL INSTRUMENTATION,82.000000,73.000000,63.000000,54.000000,44.000000,35.000000,JAN_2014,0,0,0,0,0
201028019,21.65,28.5,51.00,D,JAN,2014,MAKE,IE702,4.0,BIOMEDICAL INSTRUMENTATION,82.000000,73.000000,63.000000,54.000000,44.000000,35.000000,JAN_2014,0,0,0,0,0
201028022,21.00,20.75,42.00,E,JAN,2014,MAKE,IE702,4.0,BIOMEDICAL INSTRUMENTATION,82.000000,73.000000,63.000000,54.000000,44.000000,35.000000,JAN_2014,0,0,0,0,0
201028036,26.45,29,56.00,C,JAN,2014,MAKE,IE702,4.0,BIOMEDICAL INSTRUMENTATION,82.000000,73.000000,63.000000,54.000000,44.000000,35.000000,JAN_2014,0,0,0,0,0
