Reg_No,Internal,External,Total,Grade,Time,Year,Type,Code,Credit,Title,Cut-Off-S,Cut-Off-A,Cut-Off-B,Cut-Off-C,Cut-Off-D,Cut-Off-E,Directory,Absentees,Malpractices,Detentions,NA,appeared
200928007,16.10,35.5,52.00,D,JAN,2014,MAKE,IE705,4.0,INDUSTRIAL INSTRUMENTATION,80.000000,71.000000,62.000000,53.000000,44.000000,35.000000,JAN_2014,0,0,0,0,0
200928035,14.20,AB,0.00,I,JAN,2014,MAKE,IE705,4.0,INDUSTRIAL INSTRUMENTATION,80.000000,71.000000,62.000000,53.000000,44.000000,35.000000,JAN_2014,0,0,0,0,0
201028020,25.45,33,59.00,C,JAN,2014,MAKE,IE705,4.0,INDUSTRIAL INSTRUMENTATION,80.000000,71.000000,62.000000,53.000000,44.000000,35.000000,JAN_2014,0,0,0,0,0
201028036,23.10,18,42.00,E,JAN,2014,MAKE,IE705,4.0,INDUSTRIAL INSTRUMENTATION,80.000000,71.000000,62.000000,53.000000,44.000000,35.000000,JAN_2014,0,0,0,0,0
201128502,35.50,47,83.00,S,JAN,2014,MAKE,IE705,4.0,INDUSTRIAL INSTRUMENTATION,80.000000,71.000000,62.000000,53.000000,44.000000,35.000000,JAN_2014,0,0,0,0,0
