Reg_No,Internal,External,Total,Grade,Time,Year,Type,Code,Credit,Title,Cut-Off-S,Cut-Off-A,Cut-Off-B,Cut-Off-C,Cut-Off-D,Cut-Off-E,Directory,Absentees,Malpractices,Detentions,NA,appeared
200614021,21.10,05,27.00,F,JAN,2014,MAKE,IT301,4.0,ENGINEERING MATHEMATICS III IT,80.000000,71.000000,62.000000,53.000000,44.000000,35.000000,JAN_2014,0,0,0,0,0
201014501,18.50,10,29.00,F,JAN,2014,MAKE,IT301,4.0,ENGINEERING MATHEMATICS III IT,80.000000,71.000000,62.000000,53.000000,44.000000,35.000000,JAN_2014,0,0,0,0,0
200814015,13.40,15,29.00,F,JAN,2014,MAKE,IT301,4.0,ENGINEERING MATHEMATICS III IT,80.000000,71.000000,62.000000,53.000000,44.000000,35.000000,JAN_2014,0,0,0,0,0
200914060,13.30,3.5,17.00,F,JAN,2014,MAKE,IT301,4.0,ENGINEERING MATHEMATICS III IT,80.000000,71.000000,62.000000,53.000000,44.000000,35.000000,JAN_2014,0,0,0,0,0
201014056,14.90,6.5,22.00,F,JAN,2014,MAKE,IT301,4.0,ENGINEERING MATHEMATICS III IT,80.000000,71.000000,62.000000,53.000000,44.000000,35.000000,JAN_2014,0,0,0,0,0
201014058,16.10,04,21.00,F,JAN,2014,MAKE,IT301,4.0,ENGINEERING MATHEMATICS III IT,80.000000,71.000000,62.000000,53.000000,44.000000,35.000000,JAN_2014,0,0,0,0,0
