Reg_No,Internal,External,Total,Grade,Time,Year,Type,Code,Credit,Title,Cut-Off-S,Cut-Off-A,Cut-Off-B,Cut-Off-C,Cut-Off-D,Cut-Off-E,Directory,Absentees,Malpractices,Detentions,NA,appeared
20110477,23.80,24,48.00,D,JAN,2014,MAKE,IT504,4.0,OPERATING SYSTEMS,89.000000,78.000000,67.000000,57.000000,46.000000,35.000000,JAN_2014,0,0,0,0,0
20110509,17.20,25.5,43.00,E,JAN,2014,MAKE,IT504,4.0,OPERATING SYSTEMS,89.000000,78.000000,67.000000,57.000000,46.000000,35.000000,JAN_2014,0,0,0,0,0
20111105,22.80,21.5,45.00,E,JAN,2014,MAKE,IT504,4.0,OPERATING SYSTEMS,89.000000,78.000000,67.000000,57.000000,46.000000,35.000000,JAN_2014,0,0,0,0,0
