Reg_No,Internal,External,Total,Grade,Time,Year,Type,Code,Credit,Title,Cut-Off-S,Cut-Off-A,Cut-Off-B,Cut-Off-C,Cut-Off-D,Cut-Off-E,Directory,Absentees,Malpractices,Detentions,NA,appeared
20110385,23.20,10,34.00,F,JAN,2014,MAKE,IT505,4.0,SOFTWARE ENGINEERING,80.000000,71.000000,62.000000,53.000000,44.000000,35.000000,JAN_2014,0,0,0,0,0
200914001,32.80,27.5,61.00,C,JAN,2014,MAKE,IT505,4.0,SOFTWARE ENGINEERING,80.000000,71.000000,62.000000,53.000000,44.000000,35.000000,JAN_2014,0,0,0,0,0
201014025,16.10,22,39.00,E,JAN,2014,MAKE,IT505,4.0,SOFTWARE ENGINEERING,80.000000,71.000000,62.000000,53.000000,44.000000,35.000000,JAN_2014,0,0,0,0,0
201014040,25.45,AB,0.00,I,JAN,2014,MAKE,IT505,4.0,SOFTWARE ENGINEERING,80.000000,71.000000,62.000000,53.000000,44.000000,35.000000,JAN_2014,0,0,0,0,0
201114501,14.80,23,38.00,E,JAN,2014,MAKE,IT505,4.0,SOFTWARE ENGINEERING,80.000000,71.000000,62.000000,53.000000,44.000000,35.000000,JAN_2014,0,0,0,0,0
201114502,22.20,23.5,46.00,D,JAN,2014,MAKE,IT505,4.0,SOFTWARE ENGINEERING,80.000000,71.000000,62.000000,53.000000,44.000000,35.000000,JAN_2014,0,0,0,0,0
