Reg_No,Internal,External,Total,Grade,Time,Year,Type,Code,Credit,Title,Cut-Off-S,Cut-Off-A,Cut-Off-B,Cut-Off-C,Cut-Off-D,Cut-Off-E,Directory,Absentees,Malpractices,Detentions,NA,appeared
200814020,17.40,00,18.00,F,JAN,2014,MAKE,IT701,4.0,CRYPTOGRAPHY & NETWORK SECURITY,80.000000,71.000000,62.000000,53.000000,44.000000,35.000000,JAN_2014,0,0,0,0,0
200914001,22.75,19,42.00,E,JAN,2014,MAKE,IT701,4.0,CRYPTOGRAPHY & NETWORK SECURITY,80.000000,71.000000,62.000000,53.000000,44.000000,35.000000,JAN_2014,0,0,0,0,0
200914060,12.65,25.5,39.00,E,JAN,2014,MAKE,IT701,4.0,CRYPTOGRAPHY & NETWORK SECURITY,80.000000,71.000000,62.000000,53.000000,44.000000,35.000000,JAN_2014,0,0,0,0,0
201014014,27.90,38,66.00,B,JAN,2014,MAKE,IT701,4.0,CRYPTOGRAPHY & NETWORK SECURITY,80.000000,71.000000,62.000000,53.000000,44.000000,35.000000,JAN_2014,0,0,0,0,0
201014025,23.00,18.5,42.00,E,JAN,2014,MAKE,IT701,4.0,CRYPTOGRAPHY & NETWORK SECURITY,80.000000,71.000000,62.000000,53.000000,44.000000,35.000000,JAN_2014,0,0,0,0,0
201014058,19.15,AB,0.00,I,JAN,2014,MAKE,IT701,4.0,CRYPTOGRAPHY & NETWORK SECURITY,80.000000,71.000000,62.000000,53.000000,44.000000,35.000000,JAN_2014,0,0,0,0,0
201014060,15.65,31,47.00,D,JAN,2014,MAKE,IT701,4.0,CRYPTOGRAPHY & NETWORK SECURITY,80.000000,71.000000,62.000000,53.000000,44.000000,35.000000,JAN_2014,0,0,0,0,0
201014502,13.05,AB,0.00,I,JAN,2014,MAKE,IT701,4.0,CRYPTOGRAPHY & NETWORK SECURITY,80.000000,71.000000,62.000000,53.000000,44.000000,35.000000,JAN_2014,0,0,0,0,0
