Reg_No,Internal,External,Total,Grade,Time,Year,Type,Code,Credit,Title,Cut-Off-S,Cut-Off-A,Cut-Off-B,Cut-Off-C,Cut-Off-D,Cut-Off-E,Directory,Absentees,Malpractices,Detentions,NA,appeared
200814020,16.70,17.5,35.00,E,JAN,2014,MAKE,IT702,4.0,WEB TECHNOLOGY & WEB SERVICES,82.000000,73.000000,63.000000,54.000000,44.000000,35.000000,JAN_2014,0,0,0,0,0
200914060,22.90,20,43.00,E,JAN,2014,MAKE,IT702,4.0,WEB TECHNOLOGY & WEB SERVICES,82.000000,73.000000,63.000000,54.000000,44.000000,35.000000,JAN_2014,0,0,0,0,0
201014032,20.50,21,42.00,E,JAN,2014,MAKE,IT702,4.0,WEB TECHNOLOGY & WEB SERVICES,82.000000,73.000000,63.000000,54.000000,44.000000,35.000000,JAN_2014,0,0,0,0,0
201014035,28.10,21,50.00,D,JAN,2014,MAKE,IT702,4.0,WEB TECHNOLOGY & WEB SERVICES,82.000000,73.000000,63.000000,54.000000,44.000000,35.000000,JAN_2014,0,0,0,0,0
201014080,21.20,AB,0.00,I,JAN,2014,MAKE,IT702,4.0,WEB TECHNOLOGY & WEB SERVICES,82.000000,73.000000,63.000000,54.000000,44.000000,35.000000,JAN_2014,0,0,0,0,0
