Reg_No,Internal,External,Total,Grade,Time,Year,Type,Code,Credit,Title,Cut-Off-S,Cut-Off-A,Cut-Off-B,Cut-Off-C,Cut-Off-D,Cut-Off-E,Directory,Absentees,Malpractices,Detentions,NA,appeared
20121304,18.70,20.5,40.00,E,JAN,2014,MAKE,MCA301,4.0,NUMERICAL ANALYSIS _ A SOFTWARE APPROACH,80.000000,71.000000,62.000000,53.000000,44.000000,35.000000,JAN_2014,0,0,0,0,0
20121307,22.90,26.5,50.00,D,JAN,2014,MAKE,MCA301,4.0,NUMERICAL ANALYSIS _ A SOFTWARE APPROACH,80.000000,71.000000,62.000000,53.000000,44.000000,35.000000,JAN_2014,0,0,0,0,0
20121308,18.90,20,39.00,E,JAN,2014,MAKE,MCA301,4.0,NUMERICAL ANALYSIS _ A SOFTWARE APPROACH,80.000000,71.000000,62.000000,53.000000,44.000000,35.000000,JAN_2014,0,0,0,0,0
20121316,22.00,18,40.00,E,JAN,2014,MAKE,MCA301,4.0,NUMERICAL ANALYSIS _ A SOFTWARE APPROACH,80.000000,71.000000,62.000000,53.000000,44.000000,35.000000,JAN_2014,0,0,0,0,0
20121320,15.50,17.5,33.00,F,JAN,2014,MAKE,MCA301,4.0,NUMERICAL ANALYSIS _ A SOFTWARE APPROACH,80.000000,71.000000,62.000000,53.000000,44.000000,35.000000,JAN_2014,0,0,0,0,0
