Reg_No,Internal,External,Total,Grade,Time,Year,Type,Code,Credit,Title,Cut-Off-S,Cut-Off-A,Cut-Off-B,Cut-Off-C,Cut-Off-D,Cut-Off-E,Directory,Absentees,Malpractices,Detentions,NA,appeared
200915022,20.50,AB,0.00,I,JAN,2014,MAKE,ME301,4.0,ENGINEERING MATHEMATICS III ME,80.000000,71.000000,62.000000,53.000000,44.000000,35.000000,JAN_2014,0,0,0,0,0
200915052,18.60,7.5,27.00,F,JAN,2014,MAKE,ME301,4.0,ENGINEERING MATHEMATICS III ME,80.000000,71.000000,62.000000,53.000000,44.000000,35.000000,JAN_2014,0,0,0,0,0
201015003,21.20,AB,0.00,I,JAN,2014,MAKE,ME301,4.0,ENGINEERING MATHEMATICS III ME,80.000000,71.000000,62.000000,53.000000,44.000000,35.000000,JAN_2014,0,0,0,0,0
201015027,25.00,AB,0.00,I,JAN,2014,MAKE,ME301,4.0,ENGINEERING MATHEMATICS III ME,80.000000,71.000000,62.000000,53.000000,44.000000,35.000000,JAN_2014,0,0,0,0,0
201015043,16.30,9.5,26.00,F,JAN,2014,MAKE,ME301,4.0,ENGINEERING MATHEMATICS III ME,80.000000,71.000000,62.000000,53.000000,44.000000,35.000000,JAN_2014,0,0,0,0,0
20110025,14.40,17.5,32.00,F,JAN,2014,MAKE,ME301,4.0,ENGINEERING MATHEMATICS III ME,80.000000,71.000000,62.000000,53.000000,44.000000,35.000000,JAN_2014,0,0,0,0,0
20110284,21.90,AB,0.00,I,JAN,2014,MAKE,ME301,4.0,ENGINEERING MATHEMATICS III ME,80.000000,71.000000,62.000000,53.000000,44.000000,35.000000,JAN_2014,0,0,0,0,0
20110285,21.90,19.5,42.00,E,JAN,2014,MAKE,ME301,4.0,ENGINEERING MATHEMATICS III ME,80.000000,71.000000,62.000000,53.000000,44.000000,35.000000,JAN_2014,0,0,0,0,0
20111007,12.10,AB,0.00,I,JAN,2014,MAKE,ME301,4.0,ENGINEERING MATHEMATICS III ME,80.000000,71.000000,62.000000,53.000000,44.000000,35.000000,JAN_2014,0,0,0,0,0
