Reg_No,Internal,External,Total,Grade,Time,Year,Type,Code,Credit,Title,Cut-Off-S,Cut-Off-A,Cut-Off-B,Cut-Off-C,Cut-Off-D,Cut-Off-E,Directory,Absentees,Malpractices,Detentions,NA,appeared
20110008,25.70,28.5,55.00,D,JAN,2014,MAKE,ME303,4.0,MANUFACTURING PROCESS I,90.000000,81.000000,72.000000,62.000000,53.000000,44.000000,JAN_2014,0,0,0,0,0
20110150,14.00,36,50.00,E,JAN,2014,MAKE,ME303,4.0,MANUFACTURING PROCESS I,90.000000,81.000000,72.000000,62.000000,53.000000,44.000000,JAN_2014,0,0,0,0,0
20110276,13.40,AB,0.00,I,JAN,2014,MAKE,ME303,4.0,MANUFACTURING PROCESS I,90.000000,81.000000,72.000000,62.000000,53.000000,44.000000,JAN_2014,0,0,0,0,0
20110284,37.10,17.5,55.00,D,JAN,2014,MAKE,ME303,4.0,MANUFACTURING PROCESS I,90.000000,81.000000,72.000000,62.000000,53.000000,44.000000,JAN_2014,0,0,0,0,0
20120032,20.40,11.5,32.00,F,JAN,2014,MAKE,ME303,4.0,MANUFACTURING PROCESS I,90.000000,81.000000,72.000000,62.000000,53.000000,44.000000,JAN_2014,0,0,0,0,0
20120159,25.50,AB,0.00,I,JAN,2014,MAKE,ME303,4.0,MANUFACTURING PROCESS I,90.000000,81.000000,72.000000,62.000000,53.000000,44.000000,JAN_2014,0,0,0,0,0
201315503,34.60,36.5,72.00,B,JAN,2014,MAKE,ME303,4.0,MANUFACTURING PROCESS I,90.000000,81.000000,72.000000,62.000000,53.000000,44.000000,JAN_2014,0,0,0,0,0
