Reg_No,Internal,External,Total,Grade,Time,Year,Type,Code,Credit,Title,Cut-Off-S,Cut-Off-A,Cut-Off-B,Cut-Off-C,Cut-Off-D,Cut-Off-E,Directory,Absentees,Malpractices,Detentions,NA,appeared
201015003,15.50,22,38.00,E,JAN,2014,MAKE,ME506,4.0,MECHANICS OF SOLID II_NEW__MECHANICS OF SOLIDS _OLD_,90.000000,79.000000,68.000000,57.000000,46.000000,35.000000,JAN_2014,0,0,0,0,0
20110025,17.00,AB,0.00,I,JAN,2014,MAKE,ME506,4.0,MECHANICS OF SOLID II_NEW__MECHANICS OF SOLIDS _OLD_,90.000000,79.000000,68.000000,57.000000,46.000000,35.000000,JAN_2014,0,0,0,0,0
20110107,27.80,31.5,60.00,C,JAN,2014,MAKE,ME506,4.0,MECHANICS OF SOLID II_NEW__MECHANICS OF SOLIDS _OLD_,90.000000,79.000000,68.000000,57.000000,46.000000,35.000000,JAN_2014,0,0,0,0,0
20110535,22.50,AB,0.00,I,JAN,2014,MAKE,ME506,4.0,MECHANICS OF SOLID II_NEW__MECHANICS OF SOLIDS _OLD_,90.000000,79.000000,68.000000,57.000000,46.000000,35.000000,JAN_2014,0,0,0,0,0
20121781,18.90,AB,0.00,I,JAN,2014,MAKE,ME506,4.0,MECHANICS OF SOLID II_NEW__MECHANICS OF SOLIDS _OLD_,90.000000,79.000000,68.000000,57.000000,46.000000,35.000000,JAN_2014,0,0,0,0,0
20121783,30.80,AB,0.00,I,JAN,2014,MAKE,ME506,4.0,MECHANICS OF SOLID II_NEW__MECHANICS OF SOLIDS _OLD_,90.000000,79.000000,68.000000,57.000000,46.000000,35.000000,JAN_2014,0,0,0,0,0
20121789,25.10,20.5,46.00,D,JAN,2014,MAKE,ME506,4.0,MECHANICS OF SOLID II_NEW__MECHANICS OF SOLIDS _OLD_,90.000000,79.000000,68.000000,57.000000,46.000000,35.000000,JAN_2014,0,0,0,0,0
20121791,31.20,19,51.00,D,JAN,2014,MAKE,ME506,4.0,MECHANICS OF SOLID II_NEW__MECHANICS OF SOLIDS _OLD_,90.000000,79.000000,68.000000,57.000000,46.000000,35.000000,JAN_2014,0,0,0,0,0
201015006,21.60,17.5,40.00,E,JAN,2014,MAKE,ME506,4.0,MECHANICS OF SOLID II_NEW__MECHANICS OF SOLIDS _OLD_,90.000000,79.000000,68.000000,57.000000,46.000000,35.000000,JAN_2014,0,0,0,0,0
