Reg_No,Internal,External,Total,Grade,Time,Year,Type,Code,Credit,Title,Cut-Off-S,Cut-Off-A,Cut-Off-B,Cut-Off-C,Cut-Off-D,Cut-Off-E,Directory,Absentees,Malpractices,Detentions,NA,appeared
20110212,23.70,00,24.00,F,JAN,2014,MAKE,ME505,4.0,METROLOGY,89.000000,79.000000,69.000000,58.000000,48.000000,38.000000,JAN_2014,0,0,0,0,0
20110284,25.40,AB,0.00,I,JAN,2014,MAKE,ME505,4.0,METROLOGY,89.000000,79.000000,69.000000,58.000000,48.000000,38.000000,JAN_2014,0,0,0,0,0
20111007,22.00,12,34.00,F,JAN,2014,MAKE,ME505,4.0,METROLOGY,89.000000,79.000000,69.000000,58.000000,48.000000,38.000000,JAN_2014,0,0,0,0,0
20111012,27.90,24.5,53.00,D,JAN,2014,MAKE,ME505,4.0,METROLOGY,89.000000,79.000000,69.000000,58.000000,48.000000,38.000000,JAN_2014,0,0,0,0,0
200915015,24.50,AB,0.00,I,JAN,2014,MAKE,ME505,4.0,METROLOGY,89.000000,79.000000,69.000000,58.000000,48.000000,38.000000,JAN_2014,0,0,0,0,0
