Reg_No,Internal,External,Total,Grade,Time,Year,Type,Code,Credit,Title,Cut-Off-S,Cut-Off-A,Cut-Off-B,Cut-Off-C,Cut-Off-D,Cut-Off-E,Directory,Absentees,Malpractices,Detentions,NA,appeared
201015026,16.80,19.5,37.00,E,JAN,2014,MAKE,ME704,4.0,AUTOMOBILE ENGINEERING,80.000000,71.000000,63.000000,54.000000,46.000000,37.000000,JAN_2014,0,0,0,0,0
201015061,29.45,30,60.00,C,JAN,2014,MAKE,ME704,4.0,AUTOMOBILE ENGINEERING,80.000000,71.000000,63.000000,54.000000,46.000000,37.000000,JAN_2014,0,0,0,0,0
201015063,24.45,29,54.00,D,JAN,2014,MAKE,ME704,4.0,AUTOMOBILE ENGINEERING,80.000000,71.000000,63.000000,54.000000,46.000000,37.000000,JAN_2014,0,0,0,0,0
