Reg_No,Internal,External,Total,Grade,Time,Year,Type,Code,Credit,Title,Cut-Off-S,Cut-Off-A,Cut-Off-B,Cut-Off-C,Cut-Off-D,Cut-Off-E,Directory,Absentees,Malpractices,Detentions,NA,appeared
20121204,21.94,16.5,39.00,F,JAN,2014,MAKE,MGT301,4.0,BUSINESS PROCESS MODELS,80.000000,71.000000,62.000000,53.000000,44.000000,35.000000,JAN_2014,0,0,0,0,0
20121221,22.57,18.5,42.00,E,JAN,2014,MAKE,MGT301,4.0,BUSINESS PROCESS MODELS,80.000000,71.000000,62.000000,53.000000,44.000000,35.000000,JAN_2014,0,0,0,0,0
20121263,19.94,8.5,29.00,F,JAN,2014,MAKE,MGT301,4.0,BUSINESS PROCESS MODELS,80.000000,71.000000,62.000000,53.000000,44.000000,35.000000,JAN_2014,0,0,0,0,0
201123013,19.70,13.25,33.00,F,JAN,2014,MAKE,MGT301,4.0,BUSINESS PROCESS MODELS,80.000000,71.000000,62.000000,53.000000,44.000000,35.000000,JAN_2014,0,0,0,0,0
201123060,18.00,13.75,32.00,F,JAN,2014,MAKE,MGT301,4.0,BUSINESS PROCESS MODELS,80.000000,71.000000,62.000000,53.000000,44.000000,35.000000,JAN_2014,0,0,0,0,0
