Reg_No,Internal,External,Total,Grade,Time,Year,Type,Code,Credit,Title,Cut-Off-S,Cut-Off-A,Cut-Off-B,Cut-Off-C,Cut-Off-D,Cut-Off-E,Directory,Absentees,Malpractices,Detentions,NA,appeared
200716010,20.30,AB,0.00,I,NOV_DEC,2013,BACK,BCA301,4.0,MATHEMATICS III,80.000000,0,62.000000,53.000000,44.000000,35.000000,NOV_DEC_2013,0,0,0,0,0
200816049,20.10,AB,0.00,I,NOV_DEC,2013,BACK,BCA301,4.0,MATHEMATICS III,80.000000,0,62.000000,53.000000,44.000000,35.000000,NOV_DEC_2013,0,0,0,0,0
201016018,24.80,17.5,43.00,E,NOV_DEC,2013,BACK,BCA301,4.0,MATHEMATICS III,80.000000,0,62.000000,53.000000,44.000000,35.000000,NOV_DEC_2013,0,0,0,0,0
201016003,6.60,AB,0.00,I,NOV_DEC,2013,BACK,BCA301,4.0,MATHEMATICS III,80.000000,0,62.000000,53.000000,44.000000,35.000000,NOV_DEC_2013,0,0,0,0,0
201116012,18.70,7,26.00,F,NOV_DEC,2013,BACK,BCA301,4.0,MATHEMATICS III,80.000000,0,62.000000,53.000000,44.000000,35.000000,NOV_DEC_2013,0,0,0,0,0
201116021,22.50,4,27.00,F,NOV_DEC,2013,BACK,BCA301,4.0,MATHEMATICS III,80.000000,0,62.000000,53.000000,44.000000,35.000000,NOV_DEC_2013,0,0,0,0,0
201116038,19.45,2,22.00,F,NOV_DEC,2013,BACK,BCA301,4.0,MATHEMATICS III,80.000000,0,62.000000,53.000000,44.000000,35.000000,NOV_DEC_2013,0,0,0,0,0
201116043,17.50,17.5,35.00,E,NOV_DEC,2013,BACK,BCA301,4.0,MATHEMATICS III,80.000000,0,62.000000,53.000000,44.000000,35.000000,NOV_DEC_2013,0,0,0,0,0
