Reg_No,Internal,External,Total,Grade,Time,Year,Type,Code,Credit,Title,Cut-Off-S,Cut-Off-A,Cut-Off-B,Cut-Off-C,Cut-Off-D,Cut-Off-E,Directory,Absentees,Malpractices,Detentions,NA,appeared
201018003,16.10,18.5,35.00,E,NOV_DEC,2013,BACK,CE301,4.0,ENGINEERING MATHEMATICS III,80.000000,0,62.000000,53.000000,44.000000,35.000000,NOV_DEC_2013,0,0,0,0,0
201018006,20.70,AB,0.00,I,NOV_DEC,2013,BACK,CE301,4.0,ENGINEERING MATHEMATICS III,80.000000,0,62.000000,53.000000,44.000000,35.000000,NOV_DEC_2013,0,0,0,0,0
201018027,14.30,18,33.00,F,NOV_DEC,2013,BACK,CE301,4.0,ENGINEERING MATHEMATICS III,80.000000,0,62.000000,53.000000,44.000000,35.000000,NOV_DEC_2013,0,0,0,0,0
201028014,19.50,23,43.00,E,NOV_DEC,2013,BACK,CE301,4.0,ENGINEERING MATHEMATICS III,80.000000,0,62.000000,53.000000,44.000000,35.000000,NOV_DEC_2013,0,0,0,0,0
20110354,20.00,18.5,39.00,E,NOV_DEC,2013,BACK,CE301,4.0,ENGINEERING MATHEMATICS III,80.000000,0,62.000000,53.000000,44.000000,35.000000,NOV_DEC_2013,0,0,0,0,0
