Reg_No,Internal,External,Total,Grade,Time,Year,Type,Code,Credit,Title,Cut-Off-S,Cut-Off-A,Cut-Off-B,Cut-Off-C,Cut-Off-D,Cut-Off-E,Directory,Absentees,Malpractices,Detentions,NA,appeared
200812133,10.40,AB,0.00,I,NOV_DEC,2013,BACK,COA103_COB203,4.0,ENGINEERING PHYSICS,80.000000,0,62.000000,53.000000,44.000000,35.000000,NOV_DEC_2013,0,0,0,0,0
201014077,20.85,AB,0.00,I,NOV_DEC,2013,BACK,COA103_COB203,4.0,ENGINEERING PHYSICS,80.000000,0,62.000000,53.000000,44.000000,35.000000,NOV_DEC_2013,0,0,0,0,0
201028018,20.75,AB,0.00,I,NOV_DEC,2013,BACK,COA103_COB203,4.0,ENGINEERING PHYSICS,80.000000,0,62.000000,53.000000,44.000000,35.000000,NOV_DEC_2013,0,0,0,0,0
20110236,14.80,AB,0.00,I,NOV_DEC,2013,BACK,COA103_COB203,4.0,ENGINEERING PHYSICS,80.000000,0,62.000000,53.000000,44.000000,35.000000,NOV_DEC_2013,0,0,0,0,0
20110337,18.75,AB,0.00,I,NOV_DEC,2013,BACK,COA103_COB203,4.0,ENGINEERING PHYSICS,80.000000,0,62.000000,53.000000,44.000000,35.000000,NOV_DEC_2013,0,0,0,0,0
20120266,20.30,11.75,33.00,F,NOV_DEC,2013,BACK,COA103_COB203,4.0,ENGINEERING PHYSICS,80.000000,0,62.000000,53.000000,44.000000,35.000000,NOV_DEC_2013,0,0,0,0,0
20120316,18.68,16.75,36.00,F,NOV_DEC,2013,BACK,COA103_COB203,4.0,ENGINEERING PHYSICS,80.000000,0,62.000000,53.000000,44.000000,35.000000,NOV_DEC_2013,0,0,0,0,0
20120462,13.03,AB,0.00,I,NOV_DEC,2013,BACK,COA103_COB203,4.0,ENGINEERING PHYSICS,80.000000,0,62.000000,53.000000,44.000000,35.000000,NOV_DEC_2013,0,0,0,0,0
20120672,18.28,5.5,24.00,F,NOV_DEC,2013,BACK,COA103_COB203,4.0,ENGINEERING PHYSICS,80.000000,0,62.000000,53.000000,44.000000,35.000000,NOV_DEC_2013,0,0,0,0,0
