Reg_No,Internal,External,Total,Grade,Time,Year,Type,Code,Credit,Title,Cut-Off-S,Cut-Off-A,Cut-Off-B,Cut-Off-C,Cut-Off-D,Cut-Off-E,Directory,Absentees,Malpractices,Detentions,NA,appeared
20110337,13.60,AB,0.00,I,NOV_DEC,2013,BACK,COA102_COB202,4.0,MECHANICS OF SOLIDS,80.000000,0,62.000000,53.000000,44.000000,35.000000,NOV_DEC_2013,0,0,0,0,0
20110315,25.40,18.5,44.00,D,NOV_DEC,2013,BACK,COA102_COB202,4.0,MECHANICS OF SOLIDS,80.000000,0,62.000000,53.000000,44.000000,35.000000,NOV_DEC_2013,0,0,0,0,0
20120266,22.10,24,47.00,D,NOV_DEC,2013,BACK,COA102_COB202,4.0,MECHANICS OF SOLIDS,80.000000,0,62.000000,53.000000,44.000000,35.000000,NOV_DEC_2013,0,0,0,0,0
20120335,12.80,18,31.00,F,NOV_DEC,2013,BACK,COA102_COB202,4.0,MECHANICS OF SOLIDS,80.000000,0,62.000000,53.000000,44.000000,35.000000,NOV_DEC_2013,0,0,0,0,0
20120349,19.00,13.5,33.00,F,NOV_DEC,2013,BACK,COA102_COB202,4.0,MECHANICS OF SOLIDS,80.000000,0,62.000000,53.000000,44.000000,35.000000,NOV_DEC_2013,0,0,0,0,0
20120267,18.10,17.5,36.00,E,NOV_DEC,2013,BACK,COA102_COB202,4.0,MECHANICS OF SOLIDS,80.000000,0,62.000000,53.000000,44.000000,35.000000,NOV_DEC_2013,0,0,0,0,0
20120430,6.50,19.5,26.00,F,NOV_DEC,2013,BACK,COA102_COB202,4.0,MECHANICS OF SOLIDS,80.000000,0,62.000000,53.000000,44.000000,35.000000,NOV_DEC_2013,0,0,0,0,0
20120491,16.00,10,26.00,F,NOV_DEC,2013,BACK,COA102_COB202,4.0,MECHANICS OF SOLIDS,80.000000,0,62.000000,53.000000,44.000000,35.000000,NOV_DEC_2013,0,0,0,0,0
20120270,18.20,14,33.00,F,NOV_DEC,2013,BACK,COA102_COB202,4.0,MECHANICS OF SOLIDS,80.000000,0,62.000000,53.000000,44.000000,35.000000,NOV_DEC_2013,0,0,0,0,0
