Reg_No,Internal,External,Total,Grade,Time,Year,Type,Code,Credit,Title,Cut-Off-S,Cut-Off-A,Cut-Off-B,Cut-Off-C,Cut-Off-D,Cut-Off-E,Directory,Absentees,Malpractices,Detentions,NA,appeared
200812133,16.70,8.5,26.00,F,NOV_DEC,2013,BACK,COA102_COB102,3.0,ENGG. MECHANICS,80.000000,0,62.000000,53.000000,44.000000,35.000000,NOV_DEC_2013,0,0,0,0,0
201015027,14.90,10,25.00,F,NOV_DEC,2013,BACK,COA102_COB102,3.0,ENGG. MECHANICS,80.000000,0,62.000000,53.000000,44.000000,35.000000,NOV_DEC_2013,0,0,0,0,0
201011123,32.70,18,51.00,D,NOV_DEC,2013,BACK,COA102_COB102,3.0,ENGG. MECHANICS,80.000000,0,62.000000,53.000000,44.000000,35.000000,NOV_DEC_2013,0,0,0,0,0
201014051,10.40,10.5,21.00,F,NOV_DEC,2013,BACK,COA102_COB102,3.0,ENGG. MECHANICS,80.000000,0,62.000000,53.000000,44.000000,35.000000,NOV_DEC_2013,0,0,0,0,0
201014077,12.10,8.5,21.00,F,NOV_DEC,2013,BACK,COA102_COB102,3.0,ENGG. MECHANICS,80.000000,0,62.000000,53.000000,44.000000,35.000000,NOV_DEC_2013,0,0,0,0,0
