Reg_No,Internal,External,Total,Grade,Time,Year,Type,Code,Credit,Title,Cut-Off-S,Cut-Off-A,Cut-Off-B,Cut-Off-C,Cut-Off-D,Cut-Off-E,Directory,Absentees,Malpractices,Detentions,NA,appeared
200714018,13.50,AB,0.00,I,NOV_DEC,2013,BACK,COB103_COA203,4.0,ENGINEERING CHEMISTRY,80.000000,0,62.000000,53.000000,44.000000,35.000000,NOV_DEC_2013,0,0,0,0,0
201011047,17.45,18.25,36.00,E,NOV_DEC,2013,BACK,COB103_COA203,4.0,ENGINEERING CHEMISTRY,80.000000,0,62.000000,53.000000,44.000000,35.000000,NOV_DEC_2013,0,0,0,0,0
201013076,17.75,18.5,37.00,E,NOV_DEC,2013,BACK,COB103_COA203,4.0,ENGINEERING CHEMISTRY,80.000000,0,62.000000,53.000000,44.000000,35.000000,NOV_DEC_2013,0,0,0,0,0
20120453,19.10,AB,0.00,I,NOV_DEC,2013,BACK,COB103_COA203,4.0,ENGINEERING CHEMISTRY,80.000000,0,62.000000,53.000000,44.000000,35.000000,NOV_DEC_2013,0,0,0,0,0
20120462,12.00,26,38.00,E,NOV_DEC,2013,BACK,COB103_COA203,4.0,ENGINEERING CHEMISTRY,80.000000,0,62.000000,53.000000,44.000000,35.000000,NOV_DEC_2013,0,0,0,0,0
20120065,20.20,7.5,28.00,F,NOV_DEC,2013,BACK,COB103_COA203,4.0,ENGINEERING CHEMISTRY,80.000000,0,62.000000,53.000000,44.000000,35.000000,NOV_DEC_2013,0,0,0,0,0
20120092,14.45,AB,0.00,I,NOV_DEC,2013,BACK,COB103_COA203,4.0,ENGINEERING CHEMISTRY,80.000000,0,62.000000,53.000000,44.000000,35.000000,NOV_DEC_2013,0,0,0,0,0
