Reg_No,Internal,External,Total,Grade,Time,Year,Type,Code,Credit,Title,Cut-Off-S,Cut-Off-A,Cut-Off-B,Cut-Off-C,Cut-Off-D,Cut-Off-E,Directory,Absentees,Malpractices,Detentions,NA,appeared
200811079,15.70,17.5,34.00,F,NOV_DEC,2013,BACK,CSE301,4.0,ENGINEERING MATHEMATICS III,80.000000,0,62.000000,53.000000,44.000000,35.000000,NOV_DEC_2013,0,0,0,0,0
201011501,12.80,AB,0.00,I,NOV_DEC,2013,BACK,CSE301,4.0,ENGINEERING MATHEMATICS III,80.000000,0,62.000000,53.000000,44.000000,35.000000,NOV_DEC_2013,0,0,0,0,0
201011051,13.40,05,19.00,F,NOV_DEC,2013,BACK,CSE301,4.0,ENGINEERING MATHEMATICS III,80.000000,0,62.000000,53.000000,44.000000,35.000000,NOV_DEC_2013,0,0,0,0,0
201011100,15.20,11.5,27.00,F,NOV_DEC,2013,BACK,CSE301,4.0,ENGINEERING MATHEMATICS III,80.000000,0,62.000000,53.000000,44.000000,35.000000,NOV_DEC_2013,0,0,0,0,0
201011116,8.00,AB,0.00,I,NOV_DEC,2013,BACK,CSE301,4.0,ENGINEERING MATHEMATICS III,80.000000,0,62.000000,53.000000,44.000000,35.000000,NOV_DEC_2013,0,0,0,0,0
20110166,15.85,6.5,23.00,F,NOV_DEC,2013,BACK,CSE301,4.0,ENGINEERING MATHEMATICS III,80.000000,0,62.000000,53.000000,44.000000,35.000000,NOV_DEC_2013,0,0,0,0,0
20110534,23.00,AB,0.00,I,NOV_DEC,2013,BACK,CSE301,4.0,ENGINEERING MATHEMATICS III,80.000000,0,62.000000,53.000000,44.000000,35.000000,NOV_DEC_2013,0,0,0,0,0
201011018,14.40,AB,0.00,I,NOV_DEC,2013,BACK,CSE301,4.0,ENGINEERING MATHEMATICS III,80.000000,0,62.000000,53.000000,44.000000,35.000000,NOV_DEC_2013,0,0,0,0,0
201011043,18.10,10,29.00,F,NOV_DEC,2013,BACK,CSE301,4.0,ENGINEERING MATHEMATICS III,80.000000,0,62.000000,53.000000,44.000000,35.000000,NOV_DEC_2013,0,0,0,0,0
