Reg_No,Internal,External,Total,Grade,Time,Year,Type,Code,Credit,Title,Cut-Off-S,Cut-Off-A,Cut-Off-B,Cut-Off-C,Cut-Off-D,Cut-Off-E,Directory,Absentees,Malpractices,Detentions,NA,appeared
200717203,11.00,AB,0.00,I,NOV_DEC,2013,BACK,EC301,4.0,ENGINEERING MATHEMATICS III,83.000000,0,64.000000,55.000000,45.000000,35.000000,NOV_DEC_2013,0,0,0,0,0
201012507,18.60,14.5,34.00,F,NOV_DEC,2013,BACK,EC301,4.0,ENGINEERING MATHEMATICS III,83.000000,0,64.000000,55.000000,45.000000,35.000000,NOV_DEC_2013,0,0,0,0,0
201012047,17.20,AB,0.00,I,NOV_DEC,2013,BACK,EC301,4.0,ENGINEERING MATHEMATICS III,83.000000,0,64.000000,55.000000,45.000000,35.000000,NOV_DEC_2013,0,0,0,0,0
201012056,16.40,AB,0.00,I,NOV_DEC,2013,BACK,EC301,4.0,ENGINEERING MATHEMATICS III,83.000000,0,64.000000,55.000000,45.000000,35.000000,NOV_DEC_2013,0,0,0,0,0
20110152,27.00,4.5,32.00,F,NOV_DEC,2013,BACK,EC301,4.0,ENGINEERING MATHEMATICS III,83.000000,0,64.000000,55.000000,45.000000,35.000000,NOV_DEC_2013,0,0,0,0,0
20121727,15.20,8,24.00,F,NOV_DEC,2013,BACK,EC301,4.0,ENGINEERING MATHEMATICS III,83.000000,0,64.000000,55.000000,45.000000,35.000000,NOV_DEC_2013,0,0,0,0,0
