Reg_No,Internal,External,Total,Grade,Time,Year,Type,Code,Credit,Title,Cut-Off-S,Cut-Off-A,Cut-Off-B,Cut-Off-C,Cut-Off-D,Cut-Off-E,Directory,Absentees,Malpractices,Detentions,NA,appeared
200913058,24.75,11.5,37.00,F,NOV_DEC,2013,BACK,EE505,4.0,UTILIZATION OF ELECTRICAL POWER & WIRING,80.000000,0,62.000000,53.000000,44.000000,35.000000,NOV_DEC_2013,0,0,0,0,0
200913070,17.08,AB,0.00,I,NOV_DEC,2013,BACK,EE505,4.0,UTILIZATION OF ELECTRICAL POWER & WIRING,80.000000,0,62.000000,53.000000,44.000000,35.000000,NOV_DEC_2013,0,0,0,0,0
200913055,19.92,AB,0.00,I,NOV_DEC,2013,BACK,EE505,4.0,UTILIZATION OF ELECTRICAL POWER & WIRING,80.000000,0,62.000000,53.000000,44.000000,35.000000,NOV_DEC_2013,0,0,0,0,0
200913069,22.08,10.25,33.00,F,NOV_DEC,2013,BACK,EE505,4.0,UTILIZATION OF ELECTRICAL POWER & WIRING,80.000000,0,62.000000,53.000000,44.000000,35.000000,NOV_DEC_2013,0,0,0,0,0
200913079,21.08,2,24.00,F,NOV_DEC,2013,BACK,EE505,4.0,UTILIZATION OF ELECTRICAL POWER & WIRING,80.000000,0,62.000000,53.000000,44.000000,35.000000,NOV_DEC_2013,0,0,0,0,0
201013055,21.42,21,43.00,E,NOV_DEC,2013,BACK,EE505,4.0,UTILIZATION OF ELECTRICAL POWER & WIRING,80.000000,0,62.000000,53.000000,44.000000,35.000000,NOV_DEC_2013,0,0,0,0,0
201013067,21.08,12,34.00,F,NOV_DEC,2013,BACK,EE505,4.0,UTILIZATION OF ELECTRICAL POWER & WIRING,80.000000,0,62.000000,53.000000,44.000000,35.000000,NOV_DEC_2013,0,0,0,0,0
201113514,16.58,AB,0.00,I,NOV_DEC,2013,BACK,EE505,4.0,UTILIZATION OF ELECTRICAL POWER & WIRING,80.000000,0,62.000000,53.000000,44.000000,35.000000,NOV_DEC_2013,0,0,0,0,0
