Reg_No,Internal,External,Total,Grade,Time,Year,Type,Code,Credit,Title,Cut-Off-S,Cut-Off-A,Cut-Off-B,Cut-Off-C,Cut-Off-D,Cut-Off-E,Directory,Absentees,Malpractices,Detentions,NA,appeared
200715005,11.65,23.5,36.00,E,NOV_DEC,2013,BACK,ME304,4.0,THEORY OF MACHINES I,89.000000,0,68.000000,57.000000,46.000000,35.000000,NOV_DEC_2013,0,0,0,0,0
200915015,18.80,11,30.00,F,NOV_DEC,2013,BACK,ME304,4.0,THEORY OF MACHINES I,89.000000,0,68.000000,57.000000,46.000000,35.000000,NOV_DEC_2013,0,0,0,0,0
201015003,18.30,0.5,19.00,F,NOV_DEC,2013,BACK,ME304,4.0,THEORY OF MACHINES I,89.000000,0,68.000000,57.000000,46.000000,35.000000,NOV_DEC_2013,0,0,0,0,0
201015028,18.10,AB,0.00,I,NOV_DEC,2013,BACK,ME304,4.0,THEORY OF MACHINES I,89.000000,0,68.000000,57.000000,46.000000,35.000000,NOV_DEC_2013,0,0,0,0,0
20111007,35.80,AB,0.00,I,NOV_DEC,2013,BACK,ME304,4.0,THEORY OF MACHINES I,89.000000,0,68.000000,57.000000,46.000000,35.000000,NOV_DEC_2013,0,0,0,0,0
