Reg_No,Internal,External,Total,Grade,Time,Year,Type,Code,Credit,Title,Cut-Off-S,Cut-Off-A,Cut-Off-B,Cut-Off-C,Cut-Off-D,Cut-Off-E,Directory,Absentees,Malpractices,Detentions,NA,appeared
20121202,17.85,10,28.00,F,NOV_DEC,2013,BACK,MGT103,3.0,ECONOMICS FOR MANAGERS,82.000000,73.000000,63.000000,55.000000,44.000000,35.000000,NOV_DEC_2013,0,0,0,0,0
20121205,16.15,25,42.00,E,NOV_DEC,2013,BACK,MGT103,3.0,ECONOMICS FOR MANAGERS,82.000000,73.000000,63.000000,55.000000,44.000000,35.000000,NOV_DEC_2013,0,0,0,0,0
20121238,14.50,25,40.00,E,NOV_DEC,2013,BACK,MGT103,3.0,ECONOMICS FOR MANAGERS,82.000000,73.000000,63.000000,55.000000,44.000000,35.000000,NOV_DEC_2013,0,0,0,0,0
20121245,17.00,21.5,39.00,E,NOV_DEC,2013,BACK,MGT103,3.0,ECONOMICS FOR MANAGERS,82.000000,73.000000,63.000000,55.000000,44.000000,35.000000,NOV_DEC_2013,0,0,0,0,0
20121268,18.00,11,29.00,F,NOV_DEC,2013,BACK,MGT103,3.0,ECONOMICS FOR MANAGERS,82.000000,73.000000,63.000000,55.000000,44.000000,35.000000,NOV_DEC_2013,0,0,0,0,0
