Reg_No,Internal,External,Total,Grade,Time,Year,Type,Code,Credit,Title,Cut-Off-S,Cut-Off-A,Cut-Off-B,Cut-Off-C,Cut-Off-D,Cut-Off-E,Directory,Absentees,Malpractices,Detentions,NA,appeared
201319021,21.55,8.5,31.00,F,JANUARY_JAN,2015,MAKE,BA1103,4.0,QUANTITATIVE ANALYSIS,81.000000,72.000000,63.000000,53.000000,44.000000,35.000000,JANUARY_JAN_2015,0,0,0,0,0
201319037,21.60,1,23.00,F,JANUARY_JAN,2015,MAKE,BA1103,4.0,QUANTITATIVE ANALYSIS,81.000000,72.000000,63.000000,53.000000,44.000000,35.000000,JANUARY_JAN_2015,0,0,0,0,0
201319038,17.15,15,33.00,F,JANUARY_JAN,2015,MAKE,BA1103,4.0,QUANTITATIVE ANALYSIS,81.000000,72.000000,63.000000,53.000000,44.000000,35.000000,JANUARY_JAN_2015,0,0,0,0,0
201419011,16.05,14.5,31.00,F,JANUARY_JAN,2015,MAKE,BA1103,4.0,QUANTITATIVE ANALYSIS,81.000000,72.000000,63.000000,53.000000,44.000000,35.000000,JANUARY_JAN_2015,0,0,0,0,0
201419016,18.85,AB,0.00,I,JANUARY_JAN,2015,MAKE,BA1103,4.0,QUANTITATIVE ANALYSIS,81.000000,72.000000,63.000000,53.000000,44.000000,35.000000,JANUARY_JAN_2015,0,0,0,0,0
201419022,17.50,0,18.00,F,JANUARY_JAN,2015,MAKE,BA1103,4.0,QUANTITATIVE ANALYSIS,81.000000,72.000000,63.000000,53.000000,44.000000,35.000000,JANUARY_JAN_2015,0,0,0,0,0
201419027,18.90,14,33.00,F,JANUARY_JAN,2015,MAKE,BA1103,4.0,QUANTITATIVE ANALYSIS,81.000000,72.000000,63.000000,53.000000,44.000000,35.000000,JANUARY_JAN_2015,0,0,0,0,0
