Reg_No,Internal,External,Total,Grade,Time,Year,Type,Code,Credit,Title,Cut-Off-S,Cut-Off-A,Cut-Off-B,Cut-Off-C,Cut-Off-D,Cut-Off-E,Directory,Absentees,Malpractices,Detentions,NA,appeared
20122411,18.21,14,33.00,F,JANUARY_JAN,2015,MAKE,BA1304,4.0,ACCOUNTING FOR MANAGEMENT,80.000000,71.000000,62.000000,53.000000,44.000000,35.000000,JANUARY_JAN_2015,0,0,0,0,0
20122417,14.91,22.5,38.00,E,JANUARY_JAN,2015,MAKE,BA1304,4.0,ACCOUNTING FOR MANAGEMENT,80.000000,71.000000,62.000000,53.000000,44.000000,35.000000,JANUARY_JAN_2015,0,0,0,0,0
20122430,18.11,27.5,46.00,D,JANUARY_JAN,2015,MAKE,BA1304,4.0,ACCOUNTING FOR MANAGEMENT,80.000000,71.000000,62.000000,53.000000,44.000000,35.000000,JANUARY_JAN_2015,0,0,0,0,0
20122446,15.76,33,49.00,D,JANUARY_JAN,2015,MAKE,BA1304,4.0,ACCOUNTING FOR MANAGEMENT,80.000000,71.000000,62.000000,53.000000,44.000000,35.000000,JANUARY_JAN_2015,0,0,0,0,0
20122454,14.21,15,30.00,F,JANUARY_JAN,2015,MAKE,BA1304,4.0,ACCOUNTING FOR MANAGEMENT,80.000000,71.000000,62.000000,53.000000,44.000000,35.000000,JANUARY_JAN_2015,0,0,0,0,0
201119023,12.70,AB,0.00,I,JANUARY_JAN,2015,MAKE,BA1304,4.0,ACCOUNTING FOR MANAGEMENT,80.000000,71.000000,62.000000,53.000000,44.000000,35.000000,JANUARY_JAN_2015,0,0,0,0,0
201319021,16.30,4,21.00,F,JANUARY_JAN,2015,MAKE,BA1304,4.0,ACCOUNTING FOR MANAGEMENT,80.000000,71.000000,62.000000,53.000000,44.000000,35.000000,JANUARY_JAN_2015,0,0,0,0,0
201319029,23.01,12,36.00,E,JANUARY_JAN,2015,MAKE,BA1304,4.0,ACCOUNTING FOR MANAGEMENT,80.000000,71.000000,62.000000,53.000000,44.000000,35.000000,JANUARY_JAN_2015,0,0,0,0,0
201319031,15.80,17,33.00,F,JANUARY_JAN,2015,MAKE,BA1304,4.0,ACCOUNTING FOR MANAGEMENT,80.000000,71.000000,62.000000,53.000000,44.000000,35.000000,JANUARY_JAN_2015,0,0,0,0,0
