Reg_No,Internal,External,Total,Grade,Time,Year,Type,Code,Credit,Title,Cut-Off-S,Cut-Off-A,Cut-Off-B,Cut-Off-C,Cut-Off-D,Cut-Off-E,Directory,Absentees,Malpractices,Detentions,NA,appeared
20122411,15.00,22,37.00,E,JANUARY_JAN,2015,MAKE,BA1305,4.0,MARKETING MANAGEMENT,80.000000,71.000000,62.000000,53.000000,44.000000,35.000000,JANUARY_JAN_2015,0,0,0,0,0
201319012,20.72,24.25,45.00,D,JANUARY_JAN,2015,MAKE,BA1305,4.0,MARKETING MANAGEMENT,80.000000,71.000000,62.000000,53.000000,44.000000,35.000000,JANUARY_JAN_2015,0,0,0,0,0
201319021,18.05,19.25,38.00,E,JANUARY_JAN,2015,MAKE,BA1305,4.0,MARKETING MANAGEMENT,80.000000,71.000000,62.000000,53.000000,44.000000,35.000000,JANUARY_JAN_2015,0,0,0,0,0
201319031,14.70,7.5,23.00,F,JANUARY_JAN,2015,MAKE,BA1305,4.0,MARKETING MANAGEMENT,80.000000,71.000000,62.000000,53.000000,44.000000,35.000000,JANUARY_JAN_2015,0,0,0,0,0
201319039,18.42,26,45.00,D,JANUARY_JAN,2015,MAKE,BA1305,4.0,MARKETING MANAGEMENT,80.000000,71.000000,62.000000,53.000000,44.000000,35.000000,JANUARY_JAN_2015,0,0,0,0,0
