Reg_No,Internal,External,Total,Grade,Time,Year,Type,Code,Credit,Title,Cut-Off-S,Cut-Off-A,Cut-Off-B,Cut-Off-C,Cut-Off-D,Cut-Off-E,Directory,Absentees,Malpractices,Detentions,NA,appeared
201016020,9.00,AB,0.00,I,JANUARY_JAN,2015,MAKE,BCA301,4.0,MATHEMATICS III,80.000000,71.000000,62.000000,53.000000,44.000000,35.000000,JANUARY_JAN_2015,0,0,0,0,0
201016022,16.10,13.5,30.00,F,JANUARY_JAN,2015,MAKE,BCA301,4.0,MATHEMATICS III,80.000000,71.000000,62.000000,53.000000,44.000000,35.000000,JANUARY_JAN_2015,0,0,0,0,0
201016040,13.20,AB,0.00,I,JANUARY_JAN,2015,MAKE,BCA301,4.0,MATHEMATICS III,80.000000,71.000000,62.000000,53.000000,44.000000,35.000000,JANUARY_JAN_2015,0,0,0,0,0
201016041,16.40,AB,0.00,I,JANUARY_JAN,2015,MAKE,BCA301,4.0,MATHEMATICS III,80.000000,71.000000,62.000000,53.000000,44.000000,35.000000,JANUARY_JAN_2015,0,0,0,0,0
