Reg_No,Internal,External,Total,Grade,Time,Year,Type,Code,Credit,Title,Cut-Off-S,Cut-Off-A,Cut-Off-B,Cut-Off-C,Cut-Off-D,Cut-Off-E,Directory,Absentees,Malpractices,Detentions,NA,appeared
20121309,16.90,34.5,52.00,D,JANUARY_JAN,2015,MAKE,CA2305,4.0,JAVA PROGRAMMING,90.000000,79.000000,68.000000,57.000000,46.000000,35.000000,JANUARY_JAN_2015,0,0,0,0,0
201122009,27.50,33.5,61.00,C,JANUARY_JAN,2015,MAKE,CA2305,4.0,JAVA PROGRAMMING,90.000000,79.000000,68.000000,57.000000,46.000000,35.000000,JANUARY_JAN_2015,0,0,0,0,0
201422508,23.00,AB,0.00,I,JANUARY_JAN,2015,MAKE,CA2305,4.0,JAVA PROGRAMMING,90.000000,79.000000,68.000000,57.000000,46.000000,35.000000,JANUARY_JAN_2015,0,0,0,0,0
201422514,21.90,27.5,50.00,D,JANUARY_JAN,2015,MAKE,CA2305,4.0,JAVA PROGRAMMING,90.000000,79.000000,68.000000,57.000000,46.000000,35.000000,JANUARY_JAN_2015,0,0,0,0,0
201422520,21.60,AB,0.00,I,JANUARY_JAN,2015,MAKE,CA2305,4.0,JAVA PROGRAMMING,90.000000,79.000000,68.000000,57.000000,46.000000,35.000000,JANUARY_JAN_2015,0,0,0,0,0
