Reg_No,Internal,External,Total,Grade,Time,Year,Type,Code,Credit,Title,Cut-Off-S,Cut-Off-A,Cut-Off-B,Cut-Off-C,Cut-Off-D,Cut-Off-E,Directory,Absentees,Malpractices,Detentions,NA,appeared
Subject,Title,:,SURVEYING,I,JANUARY_JAN,2015,MAKE,CE1305,4.0,SURVEYING I,86.000000,76.000000,66.000000,55.000000,45.000000,35.000000,JANUARY_JAN_2015,0,0,0,0,0
20110184,12.30,31,44.00,E,JANUARY_JAN,2015,MAKE,CE1305,4.0,SURVEYING I,86.000000,76.000000,66.000000,55.000000,45.000000,35.000000,JANUARY_JAN_2015,0,0,0,0,0
20120065,13.10,21,35.00,E,JANUARY_JAN,2015,MAKE,CE1305,4.0,SURVEYING I,86.000000,76.000000,66.000000,55.000000,45.000000,35.000000,JANUARY_JAN_2015,0,0,0,0,0
20121804,5.80,27,33.00,F,JANUARY_JAN,2015,MAKE,CE1305,4.0,SURVEYING I,86.000000,76.000000,66.000000,55.000000,45.000000,35.000000,JANUARY_JAN_2015,0,0,0,0,0
20130056,14.90,1,16.00,F,JANUARY_JAN,2015,MAKE,CE1305,4.0,SURVEYING I,86.000000,76.000000,66.000000,55.000000,45.000000,35.000000,JANUARY_JAN_2015,0,0,0,0,0
20130605,12.68,22,35.00,E,JANUARY_JAN,2015,MAKE,CE1305,4.0,SURVEYING I,86.000000,76.000000,66.000000,55.000000,45.000000,35.000000,JANUARY_JAN_2015,0,0,0,0,0
20130713,31.58,32.5,65.00,B,JANUARY_JAN,2015,MAKE,CE1305,4.0,SURVEYING I,86.000000,76.000000,66.000000,55.000000,45.000000,35.000000,JANUARY_JAN_2015,0,0,0,0,0
