Reg_No,Internal,External,Total,Grade,Time,Year,Type,Code,Credit,Title,Cut-Off-S,Cut-Off-A,Cut-Off-B,Cut-Off-C,Cut-Off-D,Cut-Off-E,Directory,Absentees,Malpractices,Detentions,NA,appeared
20110323,12.90,AB,0.00,I,JANUARY_JAN,2015,MAKE,CE502,4.0,DESIGN OF ADVANCED RC STRUCTURES,86.000000,76.000000,66.000000,55.000000,45.000000,35.000000,JANUARY_JAN_2015,0,0,0,0,0
20110597,8.90,AB,0.00,I,JANUARY_JAN,2015,MAKE,CE502,4.0,DESIGN OF ADVANCED RC STRUCTURES,86.000000,76.000000,66.000000,55.000000,45.000000,35.000000,JANUARY_JAN_2015,0,0,0,0,0
20120065,15.00,25,40.00,E,JANUARY_JAN,2015,MAKE,CE502,4.0,DESIGN OF ADVANCED RC STRUCTURES,86.000000,76.000000,66.000000,55.000000,45.000000,35.000000,JANUARY_JAN_2015,0,0,0,0,0
20120238,40.00,38.5,79.00,A,JANUARY_JAN,2015,MAKE,CE502,4.0,DESIGN OF ADVANCED RC STRUCTURES,86.000000,76.000000,66.000000,55.000000,45.000000,35.000000,JANUARY_JAN_2015,0,0,0,0,0
20120302,7.30,AB,0.00,I,JANUARY_JAN,2015,MAKE,CE502,4.0,DESIGN OF ADVANCED RC STRUCTURES,86.000000,76.000000,66.000000,55.000000,45.000000,35.000000,JANUARY_JAN_2015,0,0,0,0,0
20120317,14.15,AB,0.00,I,JANUARY_JAN,2015,MAKE,CE502,4.0,DESIGN OF ADVANCED RC STRUCTURES,86.000000,76.000000,66.000000,55.000000,45.000000,35.000000,JANUARY_JAN_2015,0,0,0,0,0
