Reg_No,Internal,External,Total,Grade,Time,Year,Type,Code,Credit,Title,Cut-Off-S,Cut-Off-A,Cut-Off-B,Cut-Off-C,Cut-Off-D,Cut-Off-E,Directory,Absentees,Malpractices,Detentions,NA,appeared
20120123,8.45,1.5,10.00,F,JANUARY_JAN,2015,MAKE,CE506,4.0,TRANSPORTATION ENGINEERING I,87.000000,77.000000,66.000000,56.000000,45.000000,35.000000,JANUARY_JAN_2015,0,0,0,0,0
20120156,16.43,AB,0.00,I,JANUARY_JAN,2015,MAKE,CE506,4.0,TRANSPORTATION ENGINEERING I,87.000000,77.000000,66.000000,56.000000,45.000000,35.000000,JANUARY_JAN_2015,0,0,0,0,0
20120163,13.95,AB,0.00,I,JANUARY_JAN,2015,MAKE,CE506,4.0,TRANSPORTATION ENGINEERING I,87.000000,77.000000,66.000000,56.000000,45.000000,35.000000,JANUARY_JAN_2015,0,0,0,0,0
20120238,40.13,44.5,85.00,A,JANUARY_JAN,2015,MAKE,CE506,4.0,TRANSPORTATION ENGINEERING I,87.000000,77.000000,66.000000,56.000000,45.000000,35.000000,JANUARY_JAN_2015,0,0,0,0,0
20120302,9.00,AB,0.00,I,JANUARY_JAN,2015,MAKE,CE506,4.0,TRANSPORTATION ENGINEERING I,87.000000,77.000000,66.000000,56.000000,45.000000,35.000000,JANUARY_JAN_2015,0,0,0,0,0
20120317,17.00,17.5,35.00,E,JANUARY_JAN,2015,MAKE,CE506,4.0,TRANSPORTATION ENGINEERING I,87.000000,77.000000,66.000000,56.000000,45.000000,35.000000,JANUARY_JAN_2015,0,0,0,0,0
20120326,15.63,21.5,38.00,E,JANUARY_JAN,2015,MAKE,CE506,4.0,TRANSPORTATION ENGINEERING I,87.000000,77.000000,66.000000,56.000000,45.000000,35.000000,JANUARY_JAN_2015,0,0,0,0,0
20120591,28.38,26.25,55.00,C,JANUARY_JAN,2015,MAKE,CE506,4.0,TRANSPORTATION ENGINEERING I,87.000000,77.000000,66.000000,56.000000,45.000000,35.000000,JANUARY_JAN_2015,0,0,0,0,0
