Reg_No,Internal,External,Total,Grade,Time,Year,Type,Code,Credit,Title,Cut-Off-S,Cut-Off-A,Cut-Off-B,Cut-Off-C,Cut-Off-D,Cut-Off-E,Directory,Absentees,Malpractices,Detentions,NA,appeared
20110348,10.00,MP,0.00,MP,JANUARY_JAN,2015,MAKE,CE501,4.0,GEOTECHNICAL ENGINEERING I,85.000000,75.000000,65.000000,55.000000,45.000000,35.000000,JANUARY_JAN_2015,0,0,0,0,0
20120156,11.50,AB,0.00,I,JANUARY_JAN,2015,MAKE,CE501,4.0,GEOTECHNICAL ENGINEERING I,85.000000,75.000000,65.000000,55.000000,45.000000,35.000000,JANUARY_JAN_2015,0,0,0,0,0
20120238,41.25,41.25,83.00,A,JANUARY_JAN,2015,MAKE,CE501,4.0,GEOTECHNICAL ENGINEERING I,85.000000,75.000000,65.000000,55.000000,45.000000,35.000000,JANUARY_JAN_2015,0,0,0,0,0
20120317,23.00,AB,0.00,I,JANUARY_JAN,2015,MAKE,CE501,4.0,GEOTECHNICAL ENGINEERING I,85.000000,75.000000,65.000000,55.000000,45.000000,35.000000,JANUARY_JAN_2015,0,0,0,0,0
20121804,16.80,21.75,39.00,E,JANUARY_JAN,2015,MAKE,CE501,4.0,GEOTECHNICAL ENGINEERING I,85.000000,75.000000,65.000000,55.000000,45.000000,35.000000,JANUARY_JAN_2015,0,0,0,0,0
