Reg_No,Internal,External,Total,Grade,Time,Year,Type,Code,Credit,Title,Cut-Off-S,Cut-Off-A,Cut-Off-B,Cut-Off-C,Cut-Off-D,Cut-Off-E,Directory,Absentees,Malpractices,Detentions,NA,appeared
20110279,18.20,34,53.00,D,JANUARY_JAN,2015,MAKE,COA201_COB201,4.0,ENGINEERING MATHEMATICS II,85.000000,75.000000,65.000000,55.000000,45.000000,35.000000,JANUARY_JAN_2015,0,0,0,0,0
200815022,21.50,10.5,32.00,F,JANUARY_JAN,2015,MAKE,COA201_COB201,4.0,ENGINEERING MATHEMATICS II,85.000000,75.000000,65.000000,55.000000,45.000000,35.000000,JANUARY_JAN_2015,0,0,0,0,0
200913055,12.25,AB,0.00,I,JANUARY_JAN,2015,MAKE,COA201_COB201,4.0,ENGINEERING MATHEMATICS II,85.000000,75.000000,65.000000,55.000000,45.000000,35.000000,JANUARY_JAN_2015,0,0,0,0,0
200928013,9.50,AB,0.00,I,JANUARY_JAN,2015,MAKE,COA201_COB201,4.0,ENGINEERING MATHEMATICS II,85.000000,75.000000,65.000000,55.000000,45.000000,35.000000,JANUARY_JAN_2015,0,0,0,0,0
201011082,17.00,8,25.00,F,JANUARY_JAN,2015,MAKE,COA201_COB201,4.0,ENGINEERING MATHEMATICS II,85.000000,75.000000,65.000000,55.000000,45.000000,35.000000,JANUARY_JAN_2015,0,0,0,0,0
201015027,24.90,5.5,31.00,F,JANUARY_JAN,2015,MAKE,COA201_COB201,4.0,ENGINEERING MATHEMATICS II,85.000000,75.000000,65.000000,55.000000,45.000000,35.000000,JANUARY_JAN_2015,0,0,0,0,0
201028021,16.10,14.5,31.00,F,JANUARY_JAN,2015,MAKE,COA201_COB201,4.0,ENGINEERING MATHEMATICS II,85.000000,75.000000,65.000000,55.000000,45.000000,35.000000,JANUARY_JAN_2015,0,0,0,0,0
201011051,16.10,10,27.00,F,JANUARY_JAN,2015,MAKE,COA201_COB201,4.0,ENGINEERING MATHEMATICS II,85.000000,75.000000,65.000000,55.000000,45.000000,35.000000,JANUARY_JAN_2015,0,0,0,0,0
