Reg_No,Internal,External,Total,Grade,Time,Year,Type,Code,Credit,Title,Cut-Off-S,Cut-Off-A,Cut-Off-B,Cut-Off-C,Cut-Off-D,Cut-Off-E,Directory,Absentees,Malpractices,Detentions,NA,appeared
20110034,17.30,23.25,41.00,E,JANUARY_JAN,2015,MAKE,COB103_COA203,4.0,ENGINEERING CHEMISTRY,82.000000,73.000000,63.000000,54.000000,44.000000,35.000000,JANUARY_JAN_2015,0,0,0,0,0
20110515,15.55,6,22.00,F,JANUARY_JAN,2015,MAKE,COB103_COA203,4.0,ENGINEERING CHEMISTRY,82.000000,73.000000,63.000000,54.000000,44.000000,35.000000,JANUARY_JAN_2015,0,0,0,0,0
20120210,18.45,AB,0.00,I,JANUARY_JAN,2015,MAKE,COB103_COA203,4.0,ENGINEERING CHEMISTRY,82.000000,73.000000,63.000000,54.000000,44.000000,35.000000,JANUARY_JAN_2015,0,0,0,0,0
20120246,21.25,5.75,27.00,F,JANUARY_JAN,2015,MAKE,COB103_COA203,4.0,ENGINEERING CHEMISTRY,82.000000,73.000000,63.000000,54.000000,44.000000,35.000000,JANUARY_JAN_2015,0,0,0,0,0
20120326,19.40,AB,0.00,I,JANUARY_JAN,2015,MAKE,COB103_COA203,4.0,ENGINEERING CHEMISTRY,82.000000,73.000000,63.000000,54.000000,44.000000,35.000000,JANUARY_JAN_2015,0,0,0,0,0
20120453,19.10,AB,0.00,I,JANUARY_JAN,2015,MAKE,COB103_COA203,4.0,ENGINEERING CHEMISTRY,82.000000,73.000000,63.000000,54.000000,44.000000,35.000000,JANUARY_JAN_2015,0,0,0,0,0
20120709,16.80,AB,0.00,I,JANUARY_JAN,2015,MAKE,COB103_COA203,4.0,ENGINEERING CHEMISTRY,82.000000,73.000000,63.000000,54.000000,44.000000,35.000000,JANUARY_JAN_2015,0,0,0,0,0
