Reg_No,Internal,External,Total,Grade,Time,Year,Type,Code,Credit,Title,Cut-Off-S,Cut-Off-A,Cut-Off-B,Cut-Off-C,Cut-Off-D,Cut-Off-E,Directory,Absentees,Malpractices,Detentions,NA,appeared
20110062,21.10,28.5,50.00,D,JANUARY_JAN,2015,MAKE,COB106_COA206,2.0,ENVIRONMENTAL SCIENCE,80.000000,71.000000,62.000000,53.000000,44.000000,35.000000,JANUARY_JAN_2015,0,0,0,0,0
20110327,19.70,AB,0.00,I,JANUARY_JAN,2015,MAKE,COB106_COA206,2.0,ENVIRONMENTAL SCIENCE,80.000000,71.000000,62.000000,53.000000,44.000000,35.000000,JANUARY_JAN_2015,0,0,0,0,0
20110421,13.80,21.5,36.00,E,JANUARY_JAN,2015,MAKE,COB106_COA206,2.0,ENVIRONMENTAL SCIENCE,80.000000,71.000000,62.000000,53.000000,44.000000,35.000000,JANUARY_JAN_2015,0,0,0,0,0
20120009,16.00,AB,0.00,I,JANUARY_JAN,2015,MAKE,COB106_COA206,2.0,ENVIRONMENTAL SCIENCE,80.000000,71.000000,62.000000,53.000000,44.000000,35.000000,JANUARY_JAN_2015,0,0,0,0,0
201018011,14.90,AB,0.00,I,JANUARY_JAN,2015,MAKE,COB106_COA206,2.0,ENVIRONMENTAL SCIENCE,80.000000,71.000000,62.000000,53.000000,44.000000,35.000000,JANUARY_JAN_2015,0,0,0,0,0
