Reg_No,Internal,External,Total,Grade,Time,Year,Type,Code,Credit,Title,Cut-Off-S,Cut-Off-A,Cut-Off-B,Cut-Off-C,Cut-Off-D,Cut-Off-E,Directory,Absentees,Malpractices,Detentions,NA,appeared
20120369,15.60,AB,0.00,I,JANUARY_JAN,2015,MAKE,CS1302,4.0,DATA STRUCTURES,85.000000,75.000000,65.000000,55.000000,45.000000,35.000000,JANUARY_JAN_2015,0,0,0,0,0
20120462,12.45,AB,0.00,I,JANUARY_JAN,2015,MAKE,CS1302,4.0,DATA STRUCTURES,85.000000,75.000000,65.000000,55.000000,45.000000,35.000000,JANUARY_JAN_2015,0,0,0,0,0
20120701,23.63,9,33.00,F,JANUARY_JAN,2015,MAKE,CS1302,4.0,DATA STRUCTURES,85.000000,75.000000,65.000000,55.000000,45.000000,35.000000,JANUARY_JAN_2015,0,0,0,0,0
20130223,26.55,29.5,57.00,C,JANUARY_JAN,2015,MAKE,CS1302,4.0,DATA STRUCTURES,85.000000,75.000000,65.000000,55.000000,45.000000,35.000000,JANUARY_JAN_2015,0,0,0,0,0
20130365,28.75,27,56.00,C,JANUARY_JAN,2015,MAKE,CS1302,4.0,DATA STRUCTURES,85.000000,75.000000,65.000000,55.000000,45.000000,35.000000,JANUARY_JAN_2015,0,0,0,0,0
20130441,19.90,AB,0.00,I,JANUARY_JAN,2015,MAKE,CS1302,4.0,DATA STRUCTURES,85.000000,75.000000,65.000000,55.000000,45.000000,35.000000,JANUARY_JAN_2015,0,0,0,0,0
20130465,28.45,28,57.00,C,JANUARY_JAN,2015,MAKE,CS1302,4.0,DATA STRUCTURES,85.000000,75.000000,65.000000,55.000000,45.000000,35.000000,JANUARY_JAN_2015,0,0,0,0,0
20130649,12.90,AB,0.00,I,JANUARY_JAN,2015,MAKE,CS1302,4.0,DATA STRUCTURES,85.000000,75.000000,65.000000,55.000000,45.000000,35.000000,JANUARY_JAN_2015,0,0,0,0,0
