Reg_No,Internal,External,Total,Grade,Time,Year,Type,Code,Credit,Title,Cut-Off-S,Cut-Off-A,Cut-Off-B,Cut-Off-C,Cut-Off-D,Cut-Off-E,Directory,Absentees,Malpractices,Detentions,NA,appeared
20110155,15.80,AB,0.00,I,JANUARY_JAN,2015,MAKE,CSE503,4.0,SYSTEM PROGRAMMING,82.000000,73.000000,63.000000,54.000000,44.000000,35.000000,JANUARY_JAN_2015,0,0,0,0,0
20110337,15.35,AB,0.00,I,JANUARY_JAN,2015,MAKE,CSE503,4.0,SYSTEM PROGRAMMING,82.000000,73.000000,63.000000,54.000000,44.000000,35.000000,JANUARY_JAN_2015,0,0,0,0,0
20120219,15.95,10.00,26.00,F,JANUARY_JAN,2015,MAKE,CSE503,4.0,SYSTEM PROGRAMMING,82.000000,73.000000,63.000000,54.000000,44.000000,35.000000,JANUARY_JAN_2015,0,0,0,0,0
20120357,12.60,AB,0.00,I,JANUARY_JAN,2015,MAKE,CSE503,4.0,SYSTEM PROGRAMMING,82.000000,73.000000,63.000000,54.000000,44.000000,35.000000,JANUARY_JAN_2015,0,0,0,0,0
20120460,22.00,AB,0.00,I,JANUARY_JAN,2015,MAKE,CSE503,4.0,SYSTEM PROGRAMMING,82.000000,73.000000,63.000000,54.000000,44.000000,35.000000,JANUARY_JAN_2015,0,0,0,0,0
20121703,15.05,AB,0.00,I,JANUARY_JAN,2015,MAKE,CSE503,4.0,SYSTEM PROGRAMMING,82.000000,73.000000,63.000000,54.000000,44.000000,35.000000,JANUARY_JAN_2015,0,0,0,0,0
201011129,14.35,AB,0.00,I,JANUARY_JAN,2015,MAKE,CSE503,4.0,SYSTEM PROGRAMMING,82.000000,73.000000,63.000000,54.000000,44.000000,35.000000,JANUARY_JAN_2015,0,0,0,0,0
