Reg_No,Internal,External,Total,Grade,Time,Year,Type,Code,Credit,Title,Cut-Off-S,Cut-Off-A,Cut-Off-B,Cut-Off-C,Cut-Off-D,Cut-Off-E,Directory,Absentees,Malpractices,Detentions,NA,appeared
20120571,14.10,23,38.00,E,JANUARY_JAN,2015,MAKE,EC1306,4.0,DIGITAL ELECTRONICS,83.000000,73.000000,64.000000,54.000000,45.000000,35.000000,JANUARY_JAN_2015,0,0,0,0,0
20130010,9.70,5.5,16.00,F,JANUARY_JAN,2015,MAKE,EC1306,4.0,DIGITAL ELECTRONICS,83.000000,73.000000,64.000000,54.000000,45.000000,35.000000,JANUARY_JAN_2015,0,0,0,0,0
20130064,10.00,26,36.00,E,JANUARY_JAN,2015,MAKE,EC1306,4.0,DIGITAL ELECTRONICS,83.000000,73.000000,64.000000,54.000000,45.000000,35.000000,JANUARY_JAN_2015,0,0,0,0,0
20130284,25.20,28,54.00,D,JANUARY_JAN,2015,MAKE,EC1306,4.0,DIGITAL ELECTRONICS,83.000000,73.000000,64.000000,54.000000,45.000000,35.000000,JANUARY_JAN_2015,0,0,0,0,0
20130378,13.40,25,39.00,E,JANUARY_JAN,2015,MAKE,EC1306,4.0,DIGITAL ELECTRONICS,83.000000,73.000000,64.000000,54.000000,45.000000,35.000000,JANUARY_JAN_2015,0,0,0,0,0
20130550,19.90,33.5,54.00,D,JANUARY_JAN,2015,MAKE,EC1306,4.0,DIGITAL ELECTRONICS,83.000000,73.000000,64.000000,54.000000,45.000000,35.000000,JANUARY_JAN_2015,0,0,0,0,0
20130567,9.00,AB,0.00,I,JANUARY_JAN,2015,MAKE,EC1306,4.0,DIGITAL ELECTRONICS,83.000000,73.000000,64.000000,54.000000,45.000000,35.000000,JANUARY_JAN_2015,0,0,0,0,0
201412505,20.60,30,51.00,D,JANUARY_JAN,2015,MAKE,EC1306,4.0,DIGITAL ELECTRONICS,83.000000,73.000000,64.000000,54.000000,45.000000,35.000000,JANUARY_JAN_2015,0,0,0,0,0
