Reg_No,Internal,External,Total,Grade,Time,Year,Type,Code,Credit,Title,Cut-Off-S,Cut-Off-A,Cut-Off-B,Cut-Off-C,Cut-Off-D,Cut-Off-E,Directory,Absentees,Malpractices,Detentions,NA,appeared
20110266,21.60,27,49.00,E,JANUARY_JAN,2015,MAKE,EC1304,4.0,ELECTRONIC INSTRUMENTATION & MEASUREMENTS,87.000000,72.000000,63.000000,53.000000,50.000000,35.000000,JANUARY_JAN_2015,0,0,0,0,0
20120033,16.80,37.5,55.00,D,JANUARY_JAN,2015,MAKE,EC1304,4.0,ELECTRONIC INSTRUMENTATION & MEASUREMENTS,87.000000,72.000000,63.000000,53.000000,50.000000,35.000000,JANUARY_JAN_2015,0,0,0,0,0
20120178,18.80,AB,0.00,I,JANUARY_JAN,2015,MAKE,EC1304,4.0,ELECTRONIC INSTRUMENTATION & MEASUREMENTS,87.000000,72.000000,63.000000,53.000000,50.000000,35.000000,JANUARY_JAN_2015,0,0,0,0,0
20120192,17.00,AB,0.00,I,JANUARY_JAN,2015,MAKE,EC1304,4.0,ELECTRONIC INSTRUMENTATION & MEASUREMENTS,87.000000,72.000000,63.000000,53.000000,50.000000,35.000000,JANUARY_JAN_2015,0,0,0,0,0
20120337,11.68,AB,0.00,I,JANUARY_JAN,2015,MAKE,EC1304,4.0,ELECTRONIC INSTRUMENTATION & MEASUREMENTS,87.000000,72.000000,63.000000,53.000000,50.000000,35.000000,JANUARY_JAN_2015,0,0,0,0,0
20120675,18.40,40,59.00,C,JANUARY_JAN,2015,MAKE,EC1304,4.0,ELECTRONIC INSTRUMENTATION & MEASUREMENTS,87.000000,72.000000,63.000000,53.000000,50.000000,35.000000,JANUARY_JAN_2015,0,0,0,0,0
20130284,33.90,27.5,62.00,C,JANUARY_JAN,2015,MAKE,EC1304,4.0,ELECTRONIC INSTRUMENTATION & MEASUREMENTS,87.000000,72.000000,63.000000,53.000000,50.000000,35.000000,JANUARY_JAN_2015,0,0,0,0,0
20130401,21.40,AB,0.00,I,JANUARY_JAN,2015,MAKE,EC1304,4.0,ELECTRONIC INSTRUMENTATION & MEASUREMENTS,87.000000,72.000000,63.000000,53.000000,50.000000,35.000000,JANUARY_JAN_2015,0,0,0,0,0
20130592,6.00,AB,0.00,I,JANUARY_JAN,2015,MAKE,EC1304,4.0,ELECTRONIC INSTRUMENTATION & MEASUREMENTS,87.000000,72.000000,63.000000,53.000000,50.000000,35.000000,JANUARY_JAN_2015,0,0,0,0,0
