Reg_No,Internal,External,Total,Grade,Time,Year,Type,Code,Credit,Title,Cut-Off-S,Cut-Off-A,Cut-Off-B,Cut-Off-C,Cut-Off-D,Cut-Off-E,Directory,Absentees,Malpractices,Detentions,NA,appeared
20110265,15.30,3,19.00,F,JANUARY_JAN,2015,MAKE,EC401,4.0,ENGINEERING MATHEMATICS IV,80.000000,71.000000,62.000000,53.000000,44.000000,35.000000,JANUARY_JAN_2015,0,0,0,0,0
20110279,16.40,AB,0.00,I,JANUARY_JAN,2015,MAKE,EC401,4.0,ENGINEERING MATHEMATICS IV,80.000000,71.000000,62.000000,53.000000,44.000000,35.000000,JANUARY_JAN_2015,0,0,0,0,0
20110296,15.80,16,32.00,F,JANUARY_JAN,2015,MAKE,EC401,4.0,ENGINEERING MATHEMATICS IV,80.000000,71.000000,62.000000,53.000000,44.000000,35.000000,JANUARY_JAN_2015,0,0,0,0,0
20110304,12.50,AB,0.00,I,JANUARY_JAN,2015,MAKE,EC401,4.0,ENGINEERING MATHEMATICS IV,80.000000,71.000000,62.000000,53.000000,44.000000,35.000000,JANUARY_JAN_2015,0,0,0,0,0
20110461,21.80,AB,0.00,I,JANUARY_JAN,2015,MAKE,EC401,4.0,ENGINEERING MATHEMATICS IV,80.000000,71.000000,62.000000,53.000000,44.000000,35.000000,JANUARY_JAN_2015,0,0,0,0,0
20121727,15.40,3.5,19.00,F,JANUARY_JAN,2015,MAKE,EC401,4.0,ENGINEERING MATHEMATICS IV,80.000000,71.000000,62.000000,53.000000,44.000000,35.000000,JANUARY_JAN_2015,0,0,0,0,0
20110601,17.50,6,24.00,F,JANUARY_JAN,2015,MAKE,EC401,4.0,ENGINEERING MATHEMATICS IV,80.000000,71.000000,62.000000,53.000000,44.000000,35.000000,JANUARY_JAN_2015,0,0,0,0,0
