Reg_No,Internal,External,Total,Grade,Time,Year,Type,Code,Credit,Title,Cut-Off-S,Cut-Off-A,Cut-Off-B,Cut-Off-C,Cut-Off-D,Cut-Off-E,Directory,Absentees,Malpractices,Detentions,NA,appeared
20120099,56.75,18,75.00,B,JANUARY_JAN,2015,MAKE,EC509,1.5,OBJECT ORIENTED PROGRAMMING LABORATORY,90.000000,82.000000,74.000000,66.000000,58.000000,50.000000,JANUARY_JAN_2015,0,0,0,0,0
20120138,55.50,21,77.00,B,JANUARY_JAN,2015,MAKE,EC509,1.5,OBJECT ORIENTED PROGRAMMING LABORATORY,90.000000,82.000000,74.000000,66.000000,58.000000,50.000000,JANUARY_JAN_2015,0,0,0,0,0
20120091,53.25,12,66.00,C,JANUARY_JAN,2015,MAKE,EC509,1.5,OBJECT ORIENTED PROGRAMMING LABORATORY,90.000000,82.000000,74.000000,66.000000,58.000000,50.000000,JANUARY_JAN_2015,0,0,0,0,0
20120197,48.75,12,61.00,D,JANUARY_JAN,2015,MAKE,EC509,1.5,OBJECT ORIENTED PROGRAMMING LABORATORY,90.000000,82.000000,74.000000,66.000000,58.000000,50.000000,JANUARY_JAN_2015,0,0,0,0,0
20120455,49.50,19,69.00,C,JANUARY_JAN,2015,MAKE,EC509,1.5,OBJECT ORIENTED PROGRAMMING LABORATORY,90.000000,82.000000,74.000000,66.000000,58.000000,50.000000,JANUARY_JAN_2015,0,0,0,0,0
201012032,49.50,16,66.00,C,JANUARY_JAN,2015,MAKE,EC509,1.5,OBJECT ORIENTED PROGRAMMING LABORATORY,90.000000,82.000000,74.000000,66.000000,58.000000,50.000000,JANUARY_JAN_2015,0,0,0,0,0
20110266,58.50,11,70.00,C,JANUARY_JAN,2015,MAKE,EC509,1.5,OBJECT ORIENTED PROGRAMMING LABORATORY,90.000000,82.000000,74.000000,66.000000,58.000000,50.000000,JANUARY_JAN_2015,0,0,0,0,0
