Reg_No,Internal,External,Total,Grade,Time,Year,Type,Code,Credit,Title,Cut-Off-S,Cut-Off-A,Cut-Off-B,Cut-Off-C,Cut-Off-D,Cut-Off-E,Directory,Absentees,Malpractices,Detentions,NA,appeared
20120091,71.00,18.5,90.00,S,JANUARY_JAN,2015,MAKE,EC508,1.5,COMMUNICATION LABORATORY,90.000000,82.000000,74.000000,66.000000,58.000000,50.000000,JANUARY_JAN_2015,0,0,0,0,0
20120455,70.60,9,80.00,B,JANUARY_JAN,2015,MAKE,EC508,1.5,COMMUNICATION LABORATORY,90.000000,82.000000,74.000000,66.000000,58.000000,50.000000,JANUARY_JAN_2015,0,0,0,0,0
201012032,69.00,19,88.00,A,JANUARY_JAN,2015,MAKE,EC508,1.5,COMMUNICATION LABORATORY,90.000000,82.000000,74.000000,66.000000,58.000000,50.000000,JANUARY_JAN_2015,0,0,0,0,0
20110266,70.20,16,87.00,A,JANUARY_JAN,2015,MAKE,EC508,1.5,COMMUNICATION LABORATORY,90.000000,82.000000,74.000000,66.000000,58.000000,50.000000,JANUARY_JAN_2015,0,0,0,0,0
20120197,52.10,8,61.00,D,JANUARY_JAN,2015,MAKE,EC508,1.5,COMMUNICATION LABORATORY,90.000000,82.000000,74.000000,66.000000,58.000000,50.000000,JANUARY_JAN_2015,0,0,0,0,0
