Reg_No,Internal,External,Total,Grade,Time,Year,Type,Code,Credit,Title,Cut-Off-S,Cut-Off-A,Cut-Off-B,Cut-Off-C,Cut-Off-D,Cut-Off-E,Directory,Absentees,Malpractices,Detentions,NA,appeared
20110266,21.90,15.5,38.00,E,JANUARY_JAN,2015,MAKE,EC502,4.0,LINEAR & DIGITAL CONTROL SYSTEM,80.000000,71.000000,62.000000,53.000000,44.000000,35.000000,JANUARY_JAN_2015,0,0,0,0,0
20110304,17.50,AB,0.00,I,JANUARY_JAN,2015,MAKE,EC502,4.0,LINEAR & DIGITAL CONTROL SYSTEM,80.000000,71.000000,62.000000,53.000000,44.000000,35.000000,JANUARY_JAN_2015,0,0,0,0,0
20120090,16.25,15.5,32.00,F,JANUARY_JAN,2015,MAKE,EC502,4.0,LINEAR & DIGITAL CONTROL SYSTEM,80.000000,71.000000,62.000000,53.000000,44.000000,35.000000,JANUARY_JAN_2015,0,0,0,0,0
20120170,29.60,26,56.00,C,JANUARY_JAN,2015,MAKE,EC502,4.0,LINEAR & DIGITAL CONTROL SYSTEM,80.000000,71.000000,62.000000,53.000000,44.000000,35.000000,JANUARY_JAN_2015,0,0,0,0,0
20120396,14.80,31,46.00,D,JANUARY_JAN,2015,MAKE,EC502,4.0,LINEAR & DIGITAL CONTROL SYSTEM,80.000000,71.000000,62.000000,53.000000,44.000000,35.000000,JANUARY_JAN_2015,0,0,0,0,0
20121721,15.40,10.5,26.00,F,JANUARY_JAN,2015,MAKE,EC502,4.0,LINEAR & DIGITAL CONTROL SYSTEM,80.000000,71.000000,62.000000,53.000000,44.000000,35.000000,JANUARY_JAN_2015,0,0,0,0,0
201012035,31.10,10,42.00,E,JANUARY_JAN,2015,MAKE,EC502,4.0,LINEAR & DIGITAL CONTROL SYSTEM,80.000000,71.000000,62.000000,53.000000,44.000000,35.000000,JANUARY_JAN_2015,0,0,0,0,0
201012036,7.00,20,27.00,F,JANUARY_JAN,2015,MAKE,EC502,4.0,LINEAR & DIGITAL CONTROL SYSTEM,80.000000,71.000000,62.000000,53.000000,44.000000,35.000000,JANUARY_JAN_2015,0,0,0,0,0
