Reg_No,Internal,External,Total,Grade,Time,Year,Type,Code,Credit,Title,Cut-Off-S,Cut-Off-A,Cut-Off-B,Cut-Off-C,Cut-Off-D,Cut-Off-E,Directory,Absentees,Malpractices,Detentions,NA,appeared
20120099,69.00,12,81.00,B,JANUARY_JAN,2015,MAKE,EC507,1.5,ADVANCED MICROPROCESSOR LABORATORY,90.000000,82.000000,74.000000,66.000000,58.000000,50.000000,JANUARY_JAN_2015,0,0,0,0,0
20120091,65.00,17,82.00,A,JANUARY_JAN,2015,MAKE,EC507,1.5,ADVANCED MICROPROCESSOR LABORATORY,90.000000,82.000000,74.000000,66.000000,58.000000,50.000000,JANUARY_JAN_2015,0,0,0,0,0
20120197,61.00,16,77.00,B,JANUARY_JAN,2015,MAKE,EC507,1.5,ADVANCED MICROPROCESSOR LABORATORY,90.000000,82.000000,74.000000,66.000000,58.000000,50.000000,JANUARY_JAN_2015,0,0,0,0,0
20120455,62.00,12,74.00,B,JANUARY_JAN,2015,MAKE,EC507,1.5,ADVANCED MICROPROCESSOR LABORATORY,90.000000,82.000000,74.000000,66.000000,58.000000,50.000000,JANUARY_JAN_2015,0,0,0,0,0
201012032,70.00,16,86.00,A,JANUARY_JAN,2015,MAKE,EC507,1.5,ADVANCED MICROPROCESSOR LABORATORY,90.000000,82.000000,74.000000,66.000000,58.000000,50.000000,JANUARY_JAN_2015,0,0,0,0,0
20110243,68.00,16,84.00,A,JANUARY_JAN,2015,MAKE,EC507,1.5,ADVANCED MICROPROCESSOR LABORATORY,90.000000,82.000000,74.000000,66.000000,58.000000,50.000000,JANUARY_JAN_2015,0,0,0,0,0
20110266,62.00,11,73.00,C,JANUARY_JAN,2015,MAKE,EC507,1.5,ADVANCED MICROPROCESSOR LABORATORY,90.000000,82.000000,74.000000,66.000000,58.000000,50.000000,JANUARY_JAN_2015,0,0,0,0,0
20120138,65.00,11,76.00,B,JANUARY_JAN,2015,MAKE,EC507,1.5,ADVANCED MICROPROCESSOR LABORATORY,90.000000,82.000000,74.000000,66.000000,58.000000,50.000000,JANUARY_JAN_2015,0,0,0,0,0
