Reg_No,Internal,External,Total,Grade,Time,Year,Type,Code,Credit,Title,Cut-Off-S,Cut-Off-A,Cut-Off-B,Cut-Off-C,Cut-Off-D,Cut-Off-E,Directory,Absentees,Malpractices,Detentions,NA,appeared
20110152,19.60,23.5,44.00,E,JANUARY_JAN,2015,MAKE,EC503,4.0,ANALOG COMMUNICATION,90.000000,79.000000,68.000000,57.000000,46.000000,35.000000,JANUARY_JAN_2015,0,0,0,0,0
20110266,12.30,22,35.00,E,JANUARY_JAN,2015,MAKE,EC503,4.0,ANALOG COMMUNICATION,90.000000,79.000000,68.000000,57.000000,46.000000,35.000000,JANUARY_JAN_2015,0,0,0,0,0
20120161,18.00,AB,0.00,I,JANUARY_JAN,2015,MAKE,EC503,4.0,ANALOG COMMUNICATION,90.000000,79.000000,68.000000,57.000000,46.000000,35.000000,JANUARY_JAN_2015,0,0,0,0,0
20120170,25.00,36,61.00,C,JANUARY_JAN,2015,MAKE,EC503,4.0,ANALOG COMMUNICATION,90.000000,79.000000,68.000000,57.000000,46.000000,35.000000,JANUARY_JAN_2015,0,0,0,0,0
20120455,16.90,AB,0.00,I,JANUARY_JAN,2015,MAKE,EC503,4.0,ANALOG COMMUNICATION,90.000000,79.000000,68.000000,57.000000,46.000000,35.000000,JANUARY_JAN_2015,0,0,0,0,0
20120571,14.90,25.5,41.00,E,JANUARY_JAN,2015,MAKE,EC503,4.0,ANALOG COMMUNICATION,90.000000,79.000000,68.000000,57.000000,46.000000,35.000000,JANUARY_JAN_2015,0,0,0,0,0
200912104,14.50,AB,0.00,I,JANUARY_JAN,2015,MAKE,EC503,4.0,ANALOG COMMUNICATION,90.000000,79.000000,68.000000,57.000000,46.000000,35.000000,JANUARY_JAN_2015,0,0,0,0,0
