Reg_No,Internal,External,Total,Grade,Time,Year,Type,Code,Credit,Title,Cut-Off-S,Cut-Off-A,Cut-Off-B,Cut-Off-C,Cut-Off-D,Cut-Off-E,Directory,Absentees,Malpractices,Detentions,NA,appeared
20110007,15.30,5.5,21.00,F,JANUARY_JAN,2015,MAKE,EC501,4.0,ANTENNA,87.000000,77.000000,66.000000,56.000000,45.000000,35.000000,JANUARY_JAN_2015,0,0,0,0,0
20110152,30.20,AB,0.00,I,JANUARY_JAN,2015,MAKE,EC501,4.0,ANTENNA,87.000000,77.000000,66.000000,56.000000,45.000000,35.000000,JANUARY_JAN_2015,0,0,0,0,0
20120170,26.50,30,57.00,C,JANUARY_JAN,2015,MAKE,EC501,4.0,ANTENNA,87.000000,77.000000,66.000000,56.000000,45.000000,35.000000,JANUARY_JAN_2015,0,0,0,0,0
20121721,28.80,17,46.00,D,JANUARY_JAN,2015,MAKE,EC501,4.0,ANTENNA,87.000000,77.000000,66.000000,56.000000,45.000000,35.000000,JANUARY_JAN_2015,0,0,0,0,0
201012022,18.50,AB,0.00,I,JANUARY_JAN,2015,MAKE,EC501,4.0,ANTENNA,87.000000,77.000000,66.000000,56.000000,45.000000,35.000000,JANUARY_JAN_2015,0,0,0,0,0
201012035,11.60,AB,0.00,I,JANUARY_JAN,2015,MAKE,EC501,4.0,ANTENNA,87.000000,77.000000,66.000000,56.000000,45.000000,35.000000,JANUARY_JAN_2015,0,0,0,0,0
201312501,17.70,AB,0.00,I,JANUARY_JAN,2015,MAKE,EC501,4.0,ANTENNA,87.000000,77.000000,66.000000,56.000000,45.000000,35.000000,JANUARY_JAN_2015,0,0,0,0,0
