Reg_No,Internal,External,Total,Grade,Time,Year,Type,Code,Credit,Title,Cut-Off-S,Cut-Off-A,Cut-Off-B,Cut-Off-C,Cut-Off-D,Cut-Off-E,Directory,Absentees,Malpractices,Detentions,NA,appeared
20110007,9.20,10,20.00,F,JANUARY_JAN,2015,MAKE,EC702,4.0,ADAPTIVE SIGNAL PROCESSING,80.000000,71.000000,62.000000,53.000000,44.000000,35.000000,JANUARY_JAN_2015,0,0,0,0,0
20110062,8.30,AB,0.00,I,JANUARY_JAN,2015,MAKE,EC702,4.0,ADAPTIVE SIGNAL PROCESSING,80.000000,71.000000,62.000000,53.000000,44.000000,35.000000,JANUARY_JAN_2015,0,0,0,0,0
20110152,16.60,AB,0.00,I,JANUARY_JAN,2015,MAKE,EC702,4.0,ADAPTIVE SIGNAL PROCESSING,80.000000,71.000000,62.000000,53.000000,44.000000,35.000000,JANUARY_JAN_2015,0,0,0,0,0
20110247,13.80,AB,0.00,I,JANUARY_JAN,2015,MAKE,EC702,4.0,ADAPTIVE SIGNAL PROCESSING,80.000000,71.000000,62.000000,53.000000,44.000000,35.000000,JANUARY_JAN_2015,0,0,0,0,0
20110304,17.90,AB,0.00,I,JANUARY_JAN,2015,MAKE,EC702,4.0,ADAPTIVE SIGNAL PROCESSING,80.000000,71.000000,62.000000,53.000000,44.000000,35.000000,JANUARY_JAN_2015,0,0,0,0,0
20121722,23.60,AB,0.00,I,JANUARY_JAN,2015,MAKE,EC702,4.0,ADAPTIVE SIGNAL PROCESSING,80.000000,71.000000,62.000000,53.000000,44.000000,35.000000,JANUARY_JAN_2015,0,0,0,0,0
