Reg_No,Internal,External,Total,Grade,Time,Year,Type,Code,Credit,Title,Cut-Off-S,Cut-Off-A,Cut-Off-B,Cut-Off-C,Cut-Off-D,Cut-Off-E,Directory,Absentees,Malpractices,Detentions,NA,appeared
20110034,18.50,AB,0.00,I,JANUARY_JAN,2015,MAKE,EC705,4.0,MOBILE COMMUNICATION,87.000000,78.000000,69.000000,60.000000,51.000000,42.000000,JANUARY_JAN_2015,0,0,0,0,0
20110243,25.30,AB,0.00,I,JANUARY_JAN,2015,MAKE,EC705,4.0,MOBILE COMMUNICATION,87.000000,78.000000,69.000000,60.000000,51.000000,42.000000,JANUARY_JAN_2015,0,0,0,0,0
20110265,24.10,28.5,53.00,D,JANUARY_JAN,2015,MAKE,EC705,4.0,MOBILE COMMUNICATION,87.000000,78.000000,69.000000,60.000000,51.000000,42.000000,JANUARY_JAN_2015,0,0,0,0,0
20110279,26.20,AB,0.00,I,JANUARY_JAN,2015,MAKE,EC705,4.0,MOBILE COMMUNICATION,87.000000,78.000000,69.000000,60.000000,51.000000,42.000000,JANUARY_JAN_2015,0,0,0,0,0
20110304,20.90,21,42.00,E,JANUARY_JAN,2015,MAKE,EC705,4.0,MOBILE COMMUNICATION,87.000000,78.000000,69.000000,60.000000,51.000000,42.000000,JANUARY_JAN_2015,0,0,0,0,0
201112506,22.00,21.5,44.00,E,JANUARY_JAN,2015,MAKE,EC705,4.0,MOBILE COMMUNICATION,87.000000,78.000000,69.000000,60.000000,51.000000,42.000000,JANUARY_JAN_2015,0,0,0,0,0
