Reg_No,Internal,External,Total,Grade,Time,Year,Type,Code,Credit,Title,Cut-Off-S,Cut-Off-A,Cut-Off-B,Cut-Off-C,Cut-Off-D,Cut-Off-E,Directory,Absentees,Malpractices,Detentions,NA,appeared
20110007,11.90,19,31.00,F,JANUARY_JAN,2015,MAKE,EC704,4.0,COMPUTER COMMUNICATION,80.000000,71.000000,62.000000,54.000000,45.000000,36.000000,JANUARY_JAN_2015,0,0,0,0,0
20110152,20.40,19,40.00,E,JANUARY_JAN,2015,MAKE,EC704,4.0,COMPUTER COMMUNICATION,80.000000,71.000000,62.000000,54.000000,45.000000,36.000000,JANUARY_JAN_2015,0,0,0,0,0
20110205,24.50,27,52.00,D,JANUARY_JAN,2015,MAKE,EC704,4.0,COMPUTER COMMUNICATION,80.000000,71.000000,62.000000,54.000000,45.000000,36.000000,JANUARY_JAN_2015,0,0,0,0,0
20110240,29.00,28.5,58.00,C,JANUARY_JAN,2015,MAKE,EC704,4.0,COMPUTER COMMUNICATION,80.000000,71.000000,62.000000,54.000000,45.000000,36.000000,JANUARY_JAN_2015,0,0,0,0,0
20110243,22.80,24.5,48.00,D,JANUARY_JAN,2015,MAKE,EC704,4.0,COMPUTER COMMUNICATION,80.000000,71.000000,62.000000,54.000000,45.000000,36.000000,JANUARY_JAN_2015,0,0,0,0,0
20110247,18.40,28.5,47.00,D,JANUARY_JAN,2015,MAKE,EC704,4.0,COMPUTER COMMUNICATION,80.000000,71.000000,62.000000,54.000000,45.000000,36.000000,JANUARY_JAN_2015,0,0,0,0,0
20110296,29.80,36,66.00,B,JANUARY_JAN,2015,MAKE,EC704,4.0,COMPUTER COMMUNICATION,80.000000,71.000000,62.000000,54.000000,45.000000,36.000000,JANUARY_JAN_2015,0,0,0,0,0
20110617,26.90,31,58.00,C,JANUARY_JAN,2015,MAKE,EC704,4.0,COMPUTER COMMUNICATION,80.000000,71.000000,62.000000,54.000000,45.000000,36.000000,JANUARY_JAN_2015,0,0,0,0,0
