Reg_No,Internal,External,Total,Grade,Time,Year,Type,Code,Credit,Title,Cut-Off-S,Cut-Off-A,Cut-Off-B,Cut-Off-C,Cut-Off-D,Cut-Off-E,Directory,Absentees,Malpractices,Detentions,NA,appeared
20110312,16.00,3,19.00,F,JANUARY_JAN,2015,MAKE,EE1304,4.0,ELECTRICAL MEASUREMENT,87.000000,77.000000,66.000000,56.000000,45.000000,35.000000,JANUARY_JAN_2015,0,0,0,0,0
20110327,22.00,AB,0.00,I,JANUARY_JAN,2015,MAKE,EE1304,4.0,ELECTRICAL MEASUREMENT,87.000000,77.000000,66.000000,56.000000,45.000000,35.000000,JANUARY_JAN_2015,0,0,0,0,0
20120164,23.20,35,59.00,C,JANUARY_JAN,2015,MAKE,EE1304,4.0,ELECTRICAL MEASUREMENT,87.000000,77.000000,66.000000,56.000000,45.000000,35.000000,JANUARY_JAN_2015,0,0,0,0,0
20120259,13.30,AB,0.00,I,JANUARY_JAN,2015,MAKE,EE1304,4.0,ELECTRICAL MEASUREMENT,87.000000,77.000000,66.000000,56.000000,45.000000,35.000000,JANUARY_JAN_2015,0,0,0,0,0
20120266,17.00,14,31.00,F,JANUARY_JAN,2015,MAKE,EE1304,4.0,ELECTRICAL MEASUREMENT,87.000000,77.000000,66.000000,56.000000,45.000000,35.000000,JANUARY_JAN_2015,0,0,0,0,0
20120520,12.90,AB,0.00,I,JANUARY_JAN,2015,MAKE,EE1304,4.0,ELECTRICAL MEASUREMENT,87.000000,77.000000,66.000000,56.000000,45.000000,35.000000,JANUARY_JAN_2015,0,0,0,0,0
20120725,10.00,24.5,35.00,E,JANUARY_JAN,2015,MAKE,EE1304,4.0,ELECTRICAL MEASUREMENT,87.000000,77.000000,66.000000,56.000000,45.000000,35.000000,JANUARY_JAN_2015,0,0,0,0,0
20130037,16.50,13,30.00,F,JANUARY_JAN,2015,MAKE,EE1304,4.0,ELECTRICAL MEASUREMENT,87.000000,77.000000,66.000000,56.000000,45.000000,35.000000,JANUARY_JAN_2015,0,0,0,0,0
20130509,17.20,25.5,43.00,E,JANUARY_JAN,2015,MAKE,EE1304,4.0,ELECTRICAL MEASUREMENT,87.000000,77.000000,66.000000,56.000000,45.000000,35.000000,JANUARY_JAN_2015,0,0,0,0,0
