Reg_No,Internal,External,Total,Grade,Time,Year,Type,Code,Credit,Title,Cut-Off-S,Cut-Off-A,Cut-Off-B,Cut-Off-C,Cut-Off-D,Cut-Off-E,Directory,Absentees,Malpractices,Detentions,NA,appeared
20120259,19.10,15.00,35.00,E,JANUARY_JAN,2015,MAKE,EE1306,4.0,ANALOG ELECTRONIC CIRCUIT,90.000000,79.000000,68.000000,57.000000,46.000000,35.000000,JANUARY_JAN_2015,0,0,0,0,0
20120487,16.10,2.5,19.00,F,JANUARY_JAN,2015,MAKE,EE1306,4.0,ANALOG ELECTRONIC CIRCUIT,90.000000,79.000000,68.000000,57.000000,46.000000,35.000000,JANUARY_JAN_2015,0,0,0,0,0
20130003,15.10,AB,0.00,I,JANUARY_JAN,2015,MAKE,EE1306,4.0,ANALOG ELECTRONIC CIRCUIT,90.000000,79.000000,68.000000,57.000000,46.000000,35.000000,JANUARY_JAN_2015,0,0,0,0,0
20130034,18.90,6,25.00,F,JANUARY_JAN,2015,MAKE,EE1306,4.0,ANALOG ELECTRONIC CIRCUIT,90.000000,79.000000,68.000000,57.000000,46.000000,35.000000,JANUARY_JAN_2015,0,0,0,0,0
20130071,15.80,20.5,37.00,E,JANUARY_JAN,2015,MAKE,EE1306,4.0,ANALOG ELECTRONIC CIRCUIT,90.000000,79.000000,68.000000,57.000000,46.000000,35.000000,JANUARY_JAN_2015,0,0,0,0,0
20130161,16.40,AB,0.00,I,JANUARY_JAN,2015,MAKE,EE1306,4.0,ANALOG ELECTRONIC CIRCUIT,90.000000,79.000000,68.000000,57.000000,46.000000,35.000000,JANUARY_JAN_2015,0,0,0,0,0
20130667,19.80,11.5,32.00,F,JANUARY_JAN,2015,MAKE,EE1306,4.0,ANALOG ELECTRONIC CIRCUIT,90.000000,79.000000,68.000000,57.000000,46.000000,35.000000,JANUARY_JAN_2015,0,0,0,0,0
