Reg_No,Internal,External,Total,Grade,Time,Year,Type,Code,Credit,Title,Cut-Off-S,Cut-Off-A,Cut-Off-B,Cut-Off-C,Cut-Off-D,Cut-Off-E,Directory,Absentees,Malpractices,Detentions,NA,appeared
20110373,17.70,14,32.00,F,JANUARY_JAN,2015,MAKE,EE301,4.0,ENGINEERING MATHEMATICS III,83.000000,73.000000,64.000000,54.000000,45.000000,35.000000,JANUARY_JAN_2015,0,0,0,0,0
20110433,19.20,AB,0.00,I,JANUARY_JAN,2015,MAKE,EE301,4.0,ENGINEERING MATHEMATICS III,83.000000,73.000000,64.000000,54.000000,45.000000,35.000000,JANUARY_JAN_2015,0,0,0,0,0
20110500,28.70,11.5,41.00,E,JANUARY_JAN,2015,MAKE,EE301,4.0,ENGINEERING MATHEMATICS III,83.000000,73.000000,64.000000,54.000000,45.000000,35.000000,JANUARY_JAN_2015,0,0,0,0,0
200913016,14.20,5.5,20.00,F,JANUARY_JAN,2015,MAKE,EE301,4.0,ENGINEERING MATHEMATICS III,83.000000,73.000000,64.000000,54.000000,45.000000,35.000000,JANUARY_JAN_2015,0,0,0,0,0
200913055,19.50,AB,0.00,I,JANUARY_JAN,2015,MAKE,EE301,4.0,ENGINEERING MATHEMATICS III,83.000000,73.000000,64.000000,54.000000,45.000000,35.000000,JANUARY_JAN_2015,0,0,0,0,0
201013022,13.60,0.5,15.00,F,JANUARY_JAN,2015,MAKE,EE301,4.0,ENGINEERING MATHEMATICS III,83.000000,73.000000,64.000000,54.000000,45.000000,35.000000,JANUARY_JAN_2015,0,0,0,0,0
201013036,16.90,21,38.00,E,JANUARY_JAN,2015,MAKE,EE301,4.0,ENGINEERING MATHEMATICS III,83.000000,73.000000,64.000000,54.000000,45.000000,35.000000,JANUARY_JAN_2015,0,0,0,0,0
201113508,20.30,1.5,22.00,F,JANUARY_JAN,2015,MAKE,EE301,4.0,ENGINEERING MATHEMATICS III,83.000000,73.000000,64.000000,54.000000,45.000000,35.000000,JANUARY_JAN_2015,0,0,0,0,0
20110393,25.50,12.5,38.00,E,JANUARY_JAN,2015,MAKE,EE301,4.0,ENGINEERING MATHEMATICS III,83.000000,73.000000,64.000000,54.000000,45.000000,35.000000,JANUARY_JAN_2015,0,0,0,0,0
