Reg_No,Internal,External,Total,Grade,Time,Year,Type,Code,Credit,Title,Cut-Off-S,Cut-Off-A,Cut-Off-B,Cut-Off-C,Cut-Off-D,Cut-Off-E,Directory,Absentees,Malpractices,Detentions,NA,appeared
20110312,16.30,23,40.00,E,JANUARY_JAN,2015,MAKE,EE503,4.0,MICROPROCESSOR & MICROCONTROLLER,82.000000,73.000000,63.000000,54.000000,44.000000,35.000000,JANUARY_JAN_2015,0,0,0,0,0
20120078,21.30,35,57.00,C,JANUARY_JAN,2015,MAKE,EE503,4.0,MICROPROCESSOR & MICROCONTROLLER,82.000000,73.000000,63.000000,54.000000,44.000000,35.000000,JANUARY_JAN_2015,0,0,0,0,0
20120214,23.50,36,60.00,C,JANUARY_JAN,2015,MAKE,EE503,4.0,MICROPROCESSOR & MICROCONTROLLER,82.000000,73.000000,63.000000,54.000000,44.000000,35.000000,JANUARY_JAN_2015,0,0,0,0,0
20120244,22.50,AB,0.00,I,JANUARY_JAN,2015,MAKE,EE503,4.0,MICROPROCESSOR & MICROCONTROLLER,82.000000,73.000000,63.000000,54.000000,44.000000,35.000000,JANUARY_JAN_2015,0,0,0,0,0
20120520,13.90,23.5,38.00,E,JANUARY_JAN,2015,MAKE,EE503,4.0,MICROPROCESSOR & MICROCONTROLLER,82.000000,73.000000,63.000000,54.000000,44.000000,35.000000,JANUARY_JAN_2015,0,0,0,0,0
20120577,12.70,AB,0.00,I,JANUARY_JAN,2015,MAKE,EE503,4.0,MICROPROCESSOR & MICROCONTROLLER,82.000000,73.000000,63.000000,54.000000,44.000000,35.000000,JANUARY_JAN_2015,0,0,0,0,0
20121745,13.70,AB,0.00,I,JANUARY_JAN,2015,MAKE,EE503,4.0,MICROPROCESSOR & MICROCONTROLLER,82.000000,73.000000,63.000000,54.000000,44.000000,35.000000,JANUARY_JAN_2015,0,0,0,0,0
