Reg_No,Internal,External,Total,Grade,Time,Year,Type,Code,Credit,Title,Cut-Off-S,Cut-Off-A,Cut-Off-B,Cut-Off-C,Cut-Off-D,Cut-Off-E,Directory,Absentees,Malpractices,Detentions,NA,appeared
20110358,20.70,19,40.00,E,JANUARY_JAN,2015,MAKE,EE702,4.0,SWITCHGEAR & PROTECTION,81.000000,72.000000,63.000000,53.000000,44.000000,35.000000,JANUARY_JAN_2015,0,0,0,0,0
20110393,16.85,14.75,32.00,F,JANUARY_JAN,2015,MAKE,EE702,4.0,SWITCHGEAR & PROTECTION,81.000000,72.000000,63.000000,53.000000,44.000000,35.000000,JANUARY_JAN_2015,0,0,0,0,0
20110405,16.00,19.75,36.00,E,JANUARY_JAN,2015,MAKE,EE702,4.0,SWITCHGEAR & PROTECTION,81.000000,72.000000,63.000000,53.000000,44.000000,35.000000,JANUARY_JAN_2015,0,0,0,0,0
20110500,20.10,23.75,44.00,D,JANUARY_JAN,2015,MAKE,EE702,4.0,SWITCHGEAR & PROTECTION,81.000000,72.000000,63.000000,53.000000,44.000000,35.000000,JANUARY_JAN_2015,0,0,0,0,0
20110598,25.15,1,27.00,F,JANUARY_JAN,2015,MAKE,EE702,4.0,SWITCHGEAR & PROTECTION,81.000000,72.000000,63.000000,53.000000,44.000000,35.000000,JANUARY_JAN_2015,0,0,0,0,0
20121747,13.20,2,16.00,F,JANUARY_JAN,2015,MAKE,EE702,4.0,SWITCHGEAR & PROTECTION,81.000000,72.000000,63.000000,53.000000,44.000000,35.000000,JANUARY_JAN_2015,0,0,0,0,0
20121755,15.50,8,24.00,F,JANUARY_JAN,2015,MAKE,EE702,4.0,SWITCHGEAR & PROTECTION,81.000000,72.000000,63.000000,53.000000,44.000000,35.000000,JANUARY_JAN_2015,0,0,0,0,0
