Reg_No,Internal,External,Total,Grade,Time,Year,Type,Code,Credit,Title,Cut-Off-S,Cut-Off-A,Cut-Off-B,Cut-Off-C,Cut-Off-D,Cut-Off-E,Directory,Absentees,Malpractices,Detentions,NA,appeared
20110453,23.90,AB,0.00,I,JANUARY_JAN,2015,MAKE,IT503,4.0,MICROPROCESSOR,80.000000,71.000000,62.000000,53.000000,44.000000,35.000000,JANUARY_JAN_2015,0,0,0,0,0
20111105,14.90,AB,0.00,I,JANUARY_JAN,2015,MAKE,IT503,4.0,MICROPROCESSOR,80.000000,71.000000,62.000000,53.000000,44.000000,35.000000,JANUARY_JAN_2015,0,0,0,0,0
20120251,19.90,6,26.00,F,JANUARY_JAN,2015,MAKE,IT503,4.0,MICROPROCESSOR,80.000000,71.000000,62.000000,53.000000,44.000000,35.000000,JANUARY_JAN_2015,0,0,0,0,0
20120335,19.15,1.5,21.00,F,JANUARY_JAN,2015,MAKE,IT503,4.0,MICROPROCESSOR,80.000000,71.000000,62.000000,53.000000,44.000000,35.000000,JANUARY_JAN_2015,0,0,0,0,0
201014040,19.60,AB,0.00,I,JANUARY_JAN,2015,MAKE,IT503,4.0,MICROPROCESSOR,80.000000,71.000000,62.000000,53.000000,44.000000,35.000000,JANUARY_JAN_2015,0,0,0,0,0
