Reg_No,Internal,External,Total,Grade,Time,Year,Type,Code,Credit,Title,Cut-Off-S,Cut-Off-A,Cut-Off-B,Cut-Off-C,Cut-Off-D,Cut-Off-E,Directory,Absentees,Malpractices,Detentions,NA,appeared
20110477,13.70,25.5,40.00,E,JANUARY_JAN,2015,MAKE,IT703,4.0,EMBEDDED SYSTEMS,80.000000,71.000000,62.000000,53.000000,44.000000,35.000000,JANUARY_JAN_2015,0,0,0,0,0
20110509,14.35,22.75,38.00,E,JANUARY_JAN,2015,MAKE,IT703,4.0,EMBEDDED SYSTEMS,80.000000,71.000000,62.000000,53.000000,44.000000,35.000000,JANUARY_JAN_2015,0,0,0,0,0
20111105,17.85,25,43.00,E,JANUARY_JAN,2015,MAKE,IT703,4.0,EMBEDDED SYSTEMS,80.000000,71.000000,62.000000,53.000000,44.000000,35.000000,JANUARY_JAN_2015,0,0,0,0,0
201014040,18.50,AB,0.00,I,JANUARY_JAN,2015,MAKE,IT703,4.0,EMBEDDED SYSTEMS,80.000000,71.000000,62.000000,53.000000,44.000000,35.000000,JANUARY_JAN_2015,0,0,0,0,0
