Reg_No,Internal,External,Total,Grade,Time,Year,Type,Code,Credit,Title,Cut-Off-S,Cut-Off-A,Cut-Off-B,Cut-Off-C,Cut-Off-D,Cut-Off-E,Directory,Absentees,Malpractices,Detentions,NA,appeared
201121410,12.30,11.5,24.00,F,JANUARY_JAN,2015,MAKE,MA2102,4.0,ALGEBRA,90.000000,80.000000,70.000000,60.000000,50.000000,40.000000,JANUARY_JAN_2015,0,0,0,0,0
201421407,18.50,16,35.00,F,JANUARY_JAN,2015,MAKE,MA2102,4.0,ALGEBRA,90.000000,80.000000,70.000000,60.000000,50.000000,40.000000,JANUARY_JAN_2015,0,0,0,0,0
201421409,17.10,19,37.00,F,JANUARY_JAN,2015,MAKE,MA2102,4.0,ALGEBRA,90.000000,80.000000,70.000000,60.000000,50.000000,40.000000,JANUARY_JAN_2015,0,0,0,0,0
201421413,14.10,AB,0.00,I,JANUARY_JAN,2015,MAKE,MA2102,4.0,ALGEBRA,90.000000,80.000000,70.000000,60.000000,50.000000,40.000000,JANUARY_JAN_2015,0,0,0,0,0
201421415,14.30,MP,0.00,MP,JANUARY_JAN,2015,MAKE,MA2102,4.0,ALGEBRA,90.000000,80.000000,70.000000,60.000000,50.000000,40.000000,JANUARY_JAN_2015,0,0,0,0,0
201421416,14.70,AB,0.00,I,JANUARY_JAN,2015,MAKE,MA2102,4.0,ALGEBRA,90.000000,80.000000,70.000000,60.000000,50.000000,40.000000,JANUARY_JAN_2015,0,0,0,0,0
201421418,17.40,19,37.00,F,JANUARY_JAN,2015,MAKE,MA2102,4.0,ALGEBRA,90.000000,80.000000,70.000000,60.000000,50.000000,40.000000,JANUARY_JAN_2015,0,0,0,0,0
