Reg_No,Internal,External,Total,Grade,Time,Year,Type,Code,Credit,Title,Cut-Off-S,Cut-Off-A,Cut-Off-B,Cut-Off-C,Cut-Off-D,Cut-Off-E,Directory,Absentees,Malpractices,Detentions,NA,appeared
201421407,17.60,22.5,41.00,E,JANUARY_JAN,2015,MAKE,MA2103,4.0,COMPLEX ANALYSIS,90.000000,80.000000,70.000000,60.000000,50.000000,40.000000,JANUARY_JAN_2015,0,0,0,0,0
201421409,19.10,22.5,42.00,E,JANUARY_JAN,2015,MAKE,MA2103,4.0,COMPLEX ANALYSIS,90.000000,80.000000,70.000000,60.000000,50.000000,40.000000,JANUARY_JAN_2015,0,0,0,0,0
201421410,15.80,18.5,35.00,F,JANUARY_JAN,2015,MAKE,MA2103,4.0,COMPLEX ANALYSIS,90.000000,80.000000,70.000000,60.000000,50.000000,40.000000,JANUARY_JAN_2015,0,0,0,0,0
201421413,13.50,22,36.00,F,JANUARY_JAN,2015,MAKE,MA2103,4.0,COMPLEX ANALYSIS,90.000000,80.000000,70.000000,60.000000,50.000000,40.000000,JANUARY_JAN_2015,0,0,0,0,0
201421415,18.10,MP,0.00,MP,JANUARY_JAN,2015,MAKE,MA2103,4.0,COMPLEX ANALYSIS,90.000000,80.000000,70.000000,60.000000,50.000000,40.000000,JANUARY_JAN_2015,0,0,0,0,0
