Reg_No,Internal,External,Total,Grade,Time,Year,Type,Code,Credit,Title,Cut-Off-S,Cut-Off-A,Cut-Off-B,Cut-Off-C,Cut-Off-D,Cut-Off-E,Directory,Absentees,Malpractices,Detentions,NA,appeared
201421409,19.60,22,42.00,E,JANUARY_JAN,2015,MAKE,MA2101,4.0,REAL ANALYSIS,90.000000,80.000000,70.000000,60.000000,50.000000,40.000000,JANUARY_JAN_2015,0,0,0,0,0
201421410,17.10,AB,0.00,I,JANUARY_JAN,2015,MAKE,MA2101,4.0,REAL ANALYSIS,90.000000,80.000000,70.000000,60.000000,50.000000,40.000000,JANUARY_JAN_2015,0,0,0,0,0
201421411,19.80,20,40.00,E,JANUARY_JAN,2015,MAKE,MA2101,4.0,REAL ANALYSIS,90.000000,80.000000,70.000000,60.000000,50.000000,40.000000,JANUARY_JAN_2015,0,0,0,0,0
201421415,17.90,MP,00.00,MP,JANUARY_JAN,2015,MAKE,MA2101,4.0,REAL ANALYSIS,90.000000,80.000000,70.000000,60.000000,50.000000,40.000000,JANUARY_JAN_2015,0,0,0,0,0
201421416,22.80,19,42.00,E,JANUARY_JAN,2015,MAKE,MA2101,4.0,REAL ANALYSIS,90.000000,80.000000,70.000000,60.000000,50.000000,40.000000,JANUARY_JAN_2015,0,0,0,0,0
201421419,22.90,18,41.00,E,JANUARY_JAN,2015,MAKE,MA2101,4.0,REAL ANALYSIS,90.000000,80.000000,70.000000,60.000000,50.000000,40.000000,JANUARY_JAN_2015,0,0,0,0,0
