Reg_No,Internal,External,Total,Grade,Time,Year,Type,Code,Credit,Title,Cut-Off-S,Cut-Off-A,Cut-Off-B,Cut-Off-C,Cut-Off-D,Cut-Off-E,Directory,Absentees,Malpractices,Detentions,NA,appeared
20140493,58.20,16,75.00,B,JANUARY_JAN,2015,MAKE,ME1161,1.5,WORKSHOP PRACTICE LAB,90.000000,82.000000,74.000000,66.000000,58.000000,50.000000,JANUARY_JAN_2015,0,0,0,0,0
20130601,57.60,11,69.00,C,JANUARY_JAN,2015,MAKE,ME1161,1.5,WORKSHOP PRACTICE LAB,90.000000,82.000000,74.000000,66.000000,58.000000,50.000000,JANUARY_JAN_2015,0,0,0,0,0
20130695,57.00,11,68.00,C,JANUARY_JAN,2015,MAKE,ME1161,1.5,WORKSHOP PRACTICE LAB,90.000000,82.000000,74.000000,66.000000,58.000000,50.000000,JANUARY_JAN_2015,0,0,0,0,0
20130565,57.60,11,69.00,C,JANUARY_JAN,2015,MAKE,ME1161,1.5,WORKSHOP PRACTICE LAB,90.000000,82.000000,74.000000,66.000000,58.000000,50.000000,JANUARY_JAN_2015,0,0,0,0,0
