Reg_No,Internal,External,Total,Grade,Time,Year,Type,Code,Credit,Title,Cut-Off-S,Cut-Off-A,Cut-Off-B,Cut-Off-C,Cut-Off-D,Cut-Off-E,Directory,Absentees,Malpractices,Detentions,NA,appeared
20120498,24.50,29,54.00,D,JANUARY_JAN,2015,MAKE,ME1303,4.0,MANUFACTURING PROCESS I,90.000000,79.000000,68.000000,57.000000,46.000000,35.000000,JANUARY_JAN_2015,0,0,0,0,0
20130356,26.30,22,49.00,D,JANUARY_JAN,2015,MAKE,ME1303,4.0,MANUFACTURING PROCESS I,90.000000,79.000000,68.000000,57.000000,46.000000,35.000000,JANUARY_JAN_2015,0,0,0,0,0
20130417,17.30,AB,0.00,I,JANUARY_JAN,2015,MAKE,ME1303,4.0,MANUFACTURING PROCESS I,90.000000,79.000000,68.000000,57.000000,46.000000,35.000000,JANUARY_JAN_2015,0,0,0,0,0
20130518,18.60,28.5,48.00,D,JANUARY_JAN,2015,MAKE,ME1303,4.0,MANUFACTURING PROCESS I,90.000000,79.000000,68.000000,57.000000,46.000000,35.000000,JANUARY_JAN_2015,0,0,0,0,0
20130531,24.00,19,43.00,E,JANUARY_JAN,2015,MAKE,ME1303,4.0,MANUFACTURING PROCESS I,90.000000,79.000000,68.000000,57.000000,46.000000,35.000000,JANUARY_JAN_2015,0,0,0,0,0
20130536,27.20,18.5,46.00,D,JANUARY_JAN,2015,MAKE,ME1303,4.0,MANUFACTURING PROCESS I,90.000000,79.000000,68.000000,57.000000,46.000000,35.000000,JANUARY_JAN_2015,0,0,0,0,0
20130589,10.80,40,51.00,D,JANUARY_JAN,2015,MAKE,ME1303,4.0,MANUFACTURING PROCESS I,90.000000,79.000000,68.000000,57.000000,46.000000,35.000000,JANUARY_JAN_2015,0,0,0,0,0
20130596,28.10,AB,0.00,I,JANUARY_JAN,2015,MAKE,ME1303,4.0,MANUFACTURING PROCESS I,90.000000,79.000000,68.000000,57.000000,46.000000,35.000000,JANUARY_JAN_2015,0,0,0,0,0
