Reg_No,Internal,External,Total,Grade,Time,Year,Type,Code,Credit,Title,Cut-Off-S,Cut-Off-A,Cut-Off-B,Cut-Off-C,Cut-Off-D,Cut-Off-E,Directory,Absentees,Malpractices,Detentions,NA,appeared
20110100,12.70,7,20.00,F,JANUARY_JAN,2015,MAKE,ME301,4.0,ENGINEERING MATHEMATICS III,80.000000,71.000000,62.000000,53.000000,44.000000,35.000000,JANUARY_JAN_2015,0,0,0,0,0
20110122,17.80,AB,0.00,I,JANUARY_JAN,2015,MAKE,ME301,4.0,ENGINEERING MATHEMATICS III,80.000000,71.000000,62.000000,53.000000,44.000000,35.000000,JANUARY_JAN_2015,0,0,0,0,0
20110229,13.10,AB,0.00,I,JANUARY_JAN,2015,MAKE,ME301,4.0,ENGINEERING MATHEMATICS III,80.000000,71.000000,62.000000,53.000000,44.000000,35.000000,JANUARY_JAN_2015,0,0,0,0,0
20121789,19.80,AB,0.00,I,JANUARY_JAN,2015,MAKE,ME301,4.0,ENGINEERING MATHEMATICS III,80.000000,71.000000,62.000000,53.000000,44.000000,35.000000,JANUARY_JAN_2015,0,0,0,0,0
20121790,14.90,AB,0.00,I,JANUARY_JAN,2015,MAKE,ME301,4.0,ENGINEERING MATHEMATICS III,80.000000,71.000000,62.000000,53.000000,44.000000,35.000000,JANUARY_JAN_2015,0,0,0,0,0
20121792,21.00,AB,0.00,I,JANUARY_JAN,2015,MAKE,ME301,4.0,ENGINEERING MATHEMATICS III,80.000000,71.000000,62.000000,53.000000,44.000000,35.000000,JANUARY_JAN_2015,0,0,0,0,0
201115503,17.40,AB,0.00,I,JANUARY_JAN,2015,MAKE,ME301,4.0,ENGINEERING MATHEMATICS III,80.000000,71.000000,62.000000,53.000000,44.000000,35.000000,JANUARY_JAN_2015,0,0,0,0,0
