Reg_No,Internal,External,Total,Grade,Time,Year,Type,Code,Credit,Title,Cut-Off-S,Cut-Off-A,Cut-Off-B,Cut-Off-C,Cut-Off-D,Cut-Off-E,Directory,Absentees,Malpractices,Detentions,NA,appeared
201215505,67.65,19,87.00,A,JANUARY_JAN,2015,MAKE,ME509,1.5,METROLOGY LAB,90.000000,82.000000,74.000000,66.000000,58.000000,50.000000,JANUARY_JAN_2015,0,0,0,0,0
201315508,70.20,20,91.00,S,JANUARY_JAN,2015,MAKE,ME509,1.5,METROLOGY LAB,90.000000,82.000000,74.000000,66.000000,58.000000,50.000000,JANUARY_JAN_2015,0,0,0,0,0
201315510,68.70,20,89.00,A,JANUARY_JAN,2015,MAKE,ME509,1.5,METROLOGY LAB,90.000000,82.000000,74.000000,66.000000,58.000000,50.000000,JANUARY_JAN_2015,0,0,0,0,0
20120301,67.50,18,86.00,A,JANUARY_JAN,2015,MAKE,ME509,1.5,METROLOGY LAB,90.000000,82.000000,74.000000,66.000000,58.000000,50.000000,JANUARY_JAN_2015,0,0,0,0,0
201315506,69.00,20,89.00,A,JANUARY_JAN,2015,MAKE,ME509,1.5,METROLOGY LAB,90.000000,82.000000,74.000000,66.000000,58.000000,50.000000,JANUARY_JAN_2015,0,0,0,0,0
20132501,68.40,18,87.00,A,JANUARY_JAN,2015,MAKE,ME509,1.5,METROLOGY LAB,90.000000,82.000000,74.000000,66.000000,58.000000,50.000000,JANUARY_JAN_2015,0,0,0,0,0
