Reg_No,Internal,External,Total,Grade,Time,Year,Type,Code,Credit,Title,Cut-Off-S,Cut-Off-A,Cut-Off-B,Cut-Off-C,Cut-Off-D,Cut-Off-E,Directory,Absentees,Malpractices,Detentions,NA,appeared
201315503,60.33,17,78.00,A,JANUARY_JAN,2015,MAKE,ME507,1.5,WORKSHOP PRACTICE III,84.000000,77.000000,70.000000,64.000000,57.000000,50.000000,JANUARY_JAN_2015,0,0,0,0,0
201315501,60.67,16,77.00,A,JANUARY_JAN,2015,MAKE,ME507,1.5,WORKSHOP PRACTICE III,84.000000,77.000000,70.000000,64.000000,57.000000,50.000000,JANUARY_JAN_2015,0,0,0,0,0
201315508,61.67,16,78.00,A,JANUARY_JAN,2015,MAKE,ME507,1.5,WORKSHOP PRACTICE III,84.000000,77.000000,70.000000,64.000000,57.000000,50.000000,JANUARY_JAN_2015,0,0,0,0,0
201315511,63.33,19,83.00,A,JANUARY_JAN,2015,MAKE,ME507,1.5,WORKSHOP PRACTICE III,84.000000,77.000000,70.000000,64.000000,57.000000,50.000000,JANUARY_JAN_2015,0,0,0,0,0
201315504,62.67,16,79.00,A,JANUARY_JAN,2015,MAKE,ME507,1.5,WORKSHOP PRACTICE III,84.000000,77.000000,70.000000,64.000000,57.000000,50.000000,JANUARY_JAN_2015,0,0,0,0,0
201215505,62.00,16,78.00,A,JANUARY_JAN,2015,MAKE,ME507,1.5,WORKSHOP PRACTICE III,84.000000,77.000000,70.000000,64.000000,57.000000,50.000000,JANUARY_JAN_2015,0,0,0,0,0
201315510,62.33,18,81.00,A,JANUARY_JAN,2015,MAKE,ME507,1.5,WORKSHOP PRACTICE III,84.000000,77.000000,70.000000,64.000000,57.000000,50.000000,JANUARY_JAN_2015,0,0,0,0,0
201315506,63.00,17,80.00,A,JANUARY_JAN,2015,MAKE,ME507,1.5,WORKSHOP PRACTICE III,84.000000,77.000000,70.000000,64.000000,57.000000,50.000000,JANUARY_JAN_2015,0,0,0,0,0
20120210,60.00,17,77.00,A,JANUARY_JAN,2015,MAKE,ME507,1.5,WORKSHOP PRACTICE III,84.000000,77.000000,70.000000,64.000000,57.000000,50.000000,JANUARY_JAN_2015,0,0,0,0,0
