Reg_No,Internal,External,Total,Grade,Time,Year,Type,Code,Credit,Title,Cut-Off-S,Cut-Off-A,Cut-Off-B,Cut-Off-C,Cut-Off-D,Cut-Off-E,Directory,Absentees,Malpractices,Detentions,NA,appeared
20110122,19.60,00,20.00,F,JANUARY_JAN,2015,MAKE,ME502,4.0,HEAT TRANSFER,90.000000,79.000000,68.000000,57.000000,46.000000,35.000000,JANUARY_JAN_2015,0,0,0,0,0
20120672,19.30,AB,0.00,I,JANUARY_JAN,2015,MAKE,ME502,4.0,HEAT TRANSFER,90.000000,79.000000,68.000000,57.000000,46.000000,35.000000,JANUARY_JAN_2015,0,0,0,0,0
200915059,16.04,15.5,32.00,F,JANUARY_JAN,2015,MAKE,ME502,4.0,HEAT TRANSFER,90.000000,79.000000,68.000000,57.000000,46.000000,35.000000,JANUARY_JAN_2015,0,0,0,0,0
201315501,19.80,22,42.00,E,JANUARY_JAN,2015,MAKE,ME502,4.0,HEAT TRANSFER,90.000000,79.000000,68.000000,57.000000,46.000000,35.000000,JANUARY_JAN_2015,0,0,0,0,0
201315503,30.30,20,51.00,D,JANUARY_JAN,2015,MAKE,ME502,4.0,HEAT TRANSFER,90.000000,79.000000,68.000000,57.000000,46.000000,35.000000,JANUARY_JAN_2015,0,0,0,0,0
201315510,23.95,16.5,41.00,E,JANUARY_JAN,2015,MAKE,ME502,4.0,HEAT TRANSFER,90.000000,79.000000,68.000000,57.000000,46.000000,35.000000,JANUARY_JAN_2015,0,0,0,0,0
