Reg_No,Internal,External,Total,Grade,Time,Year,Type,Code,Credit,Title,Cut-Off-S,Cut-Off-A,Cut-Off-B,Cut-Off-C,Cut-Off-D,Cut-Off-E,Directory,Absentees,Malpractices,Detentions,NA,appeared
20110100,16.60,7.5,25.00,F,JANUARY_JAN,2015,MAKE,ME506,4.0,MECHANICS OF SOLID II,90.000000,79.000000,68.000000,57.000000,46.000000,35.000000,JANUARY_JAN_2015,0,0,0,0,0
20110122,25.30,00,26.00,F,JANUARY_JAN,2015,MAKE,ME506,4.0,MECHANICS OF SOLID II,90.000000,79.000000,68.000000,57.000000,46.000000,35.000000,JANUARY_JAN_2015,0,0,0,0,0
20110535,22.50,AB,0.00,I,JANUARY_JAN,2015,MAKE,ME506,4.0,MECHANICS OF SOLID II,90.000000,79.000000,68.000000,57.000000,46.000000,35.000000,JANUARY_JAN_2015,0,0,0,0,0
20120175,18.50,AB,0.00,I,JANUARY_JAN,2015,MAKE,ME506,4.0,MECHANICS OF SOLID II,90.000000,79.000000,68.000000,57.000000,46.000000,35.000000,JANUARY_JAN_2015,0,0,0,0,0
20120672,18.50,AB,0.00,I,JANUARY_JAN,2015,MAKE,ME506,4.0,MECHANICS OF SOLID II,90.000000,79.000000,68.000000,57.000000,46.000000,35.000000,JANUARY_JAN_2015,0,0,0,0,0
201315510,16.80,8.5,26.00,F,JANUARY_JAN,2015,MAKE,ME506,4.0,MECHANICS OF SOLID II,90.000000,79.000000,68.000000,57.000000,46.000000,35.000000,JANUARY_JAN_2015,0,0,0,0,0
