Reg_No,Internal,External,Total,Grade,Time,Year,Type,Code,Credit,Title,Cut-Off-S,Cut-Off-A,Cut-Off-B,Cut-Off-C,Cut-Off-D,Cut-Off-E,Directory,Absentees,Malpractices,Detentions,NA,appeared
20110118,22.40,22,45.00,E,JANUARY_JAN,2015,MAKE,ME706,4.0,TOTAL QUALITY MANAGEMENT _ELECTIVE II_,90.000000,80.000000,69.000000,59.000000,48.000000,38.000000,JANUARY_JAN_2015,0,0,0,0,0
20110276,22.10,AB,0.00,I,JANUARY_JAN,2015,MAKE,ME706,4.0,TOTAL QUALITY MANAGEMENT _ELECTIVE II_,90.000000,80.000000,69.000000,59.000000,48.000000,38.000000,JANUARY_JAN_2015,0,0,0,0,0
20110284,26.80,31,58.00,C,JANUARY_JAN,2015,MAKE,ME706,4.0,TOTAL QUALITY MANAGEMENT _ELECTIVE II_,90.000000,80.000000,69.000000,59.000000,48.000000,38.000000,JANUARY_JAN_2015,0,0,0,0,0
20110339,22.00,AB,0.00,I,JANUARY_JAN,2015,MAKE,ME706,4.0,TOTAL QUALITY MANAGEMENT _ELECTIVE II_,90.000000,80.000000,69.000000,59.000000,48.000000,38.000000,JANUARY_JAN_2015,0,0,0,0,0
20111008,32.80,33.5,67.00,C,JANUARY_JAN,2015,MAKE,ME706,4.0,TOTAL QUALITY MANAGEMENT _ELECTIVE II_,90.000000,80.000000,69.000000,59.000000,48.000000,38.000000,JANUARY_JAN_2015,0,0,0,0,0
20121783,26.50,26,53.00,D,JANUARY_JAN,2015,MAKE,ME706,4.0,TOTAL QUALITY MANAGEMENT _ELECTIVE II_,90.000000,80.000000,69.000000,59.000000,48.000000,38.000000,JANUARY_JAN_2015,0,0,0,0,0
20121784,32.40,AB,0.00,I,JANUARY_JAN,2015,MAKE,ME706,4.0,TOTAL QUALITY MANAGEMENT _ELECTIVE II_,90.000000,80.000000,69.000000,59.000000,48.000000,38.000000,JANUARY_JAN_2015,0,0,0,0,0
20132501,9.80,35.5,46.00,E,JANUARY_JAN,2015,MAKE,ME706,4.0,TOTAL QUALITY MANAGEMENT _ELECTIVE II_,90.000000,80.000000,69.000000,59.000000,48.000000,38.000000,JANUARY_JAN_2015,0,0,0,0,0
201015006,14.10,26,41.00,E,JANUARY_JAN,2015,MAKE,ME706,4.0,TOTAL QUALITY MANAGEMENT _ELECTIVE II_,90.000000,80.000000,69.000000,59.000000,48.000000,38.000000,JANUARY_JAN_2015,0,0,0,0,0
