Reg_No,Internal,External,Total,Grade,Time,Year,Type,Code,Credit,Title,Cut-Off-S,Cut-Off-A,Cut-Off-B,Cut-Off-C,Cut-Off-D,Cut-Off-E,Directory,Absentees,Malpractices,Detentions,NA,appeared
201416012,12.55,16.5,30.00,F,JUNE_JULY,2017,SUPP,BA1110_BA3110,4.0,FUNDAMENTALS OF BUSINESS MANAGEMENT _14 15 16__,80.000000,71.000000,62.000000,53.000000,44.000000,35.000000,JUNE_JULY_2017,0,0,0,0,0
201416022,24.95,21,46.00,D,JUNE_JULY,2017,SUPP,BA1110_BA3110,4.0,FUNDAMENTALS OF BUSINESS MANAGEMENT _14 15 16__,80.000000,71.000000,62.000000,53.000000,44.000000,35.000000,JUNE_JULY_2017,0,0,0,0,0
201432003,14.13,16,31.00,F,JUNE_JULY,2017,SUPP,BA1110_BA3110,4.0,FUNDAMENTALS OF BUSINESS MANAGEMENT _14 15 16__,80.000000,71.000000,62.000000,53.000000,44.000000,35.000000,JUNE_JULY_2017,0,0,0,0,0
201516026,18.70,8,27.00,F,JUNE_JULY,2017,SUPP,BA1110_BA3110,4.0,FUNDAMENTALS OF BUSINESS MANAGEMENT _14 15 16__,80.000000,71.000000,62.000000,53.000000,44.000000,35.000000,JUNE_JULY_2017,0,0,0,0,0
