Reg_No,Internal,External,Total,Grade,Time,Year,Type,Code,Credit,Title,Cut-Off-S,Cut-Off-A,Cut-Off-B,Cut-Off-C,Cut-Off-D,Cut-Off-E,Directory,Absentees,Malpractices,Detentions,NA,appeared
20130267,16.25,AB,0.00,I,JUNE_JULY,2017,SUPP,BA1106,3.0,COMMUNICATION SKILLS _9 10 11 12 13 14 15 16_,85.000000,76.000000,67.000000,57.000000,48.000000,39.000000,JUNE_JULY_2017,0,0,0,0,0
20140158,18.15,AB,0.00,I,JUNE_JULY,2017,SUPP,BA1106,3.0,COMMUNICATION SKILLS _9 10 11 12 13 14 15 16_,85.000000,76.000000,67.000000,57.000000,48.000000,39.000000,JUNE_JULY_2017,0,0,0,0,0
201600074,17.35,AB,0.00,I,JUNE_JULY,2017,SUPP,BA1106,3.0,COMMUNICATION SKILLS _9 10 11 12 13 14 15 16_,85.000000,76.000000,67.000000,57.000000,48.000000,39.000000,JUNE_JULY_2017,0,0,0,0,0
201600134,27.85,23.5,52.00,D,JUNE_JULY,2017,SUPP,BA1106,3.0,COMMUNICATION SKILLS _9 10 11 12 13 14 15 16_,85.000000,76.000000,67.000000,57.000000,48.000000,39.000000,JUNE_JULY_2017,0,0,0,0,0
201600183,10.80,AB,0.00,I,JUNE_JULY,2017,SUPP,BA1106,3.0,COMMUNICATION SKILLS _9 10 11 12 13 14 15 16_,85.000000,76.000000,67.000000,57.000000,48.000000,39.000000,JUNE_JULY_2017,0,0,0,0,0
201600188,28.30,AB,0.00,I,JUNE_JULY,2017,SUPP,BA1106,3.0,COMMUNICATION SKILLS _9 10 11 12 13 14 15 16_,85.000000,76.000000,67.000000,57.000000,48.000000,39.000000,JUNE_JULY_2017,0,0,0,0,0
201600524,15.30,23,39.00,E,JUNE_JULY,2017,SUPP,BA1106,3.0,COMMUNICATION SKILLS _9 10 11 12 13 14 15 16_,85.000000,76.000000,67.000000,57.000000,48.000000,39.000000,JUNE_JULY_2017,0,0,0,0,0
