Reg_No,Internal,External,Total,Grade,Time,Year,Type,Code,Credit,Title,Cut-Off-S,Cut-Off-A,Cut-Off-B,Cut-Off-C,Cut-Off-D,Cut-Off-E,Directory,Absentees,Malpractices,Detentions,NA,appeared
201319024,14.16,AB,0.00,I,JUNE_JULY,2017,SUPP,BA1104,4.0,FINANCIAL ACCOUNTING _11 12 13 14 15 16_,80.000000,71.000000,62.000000,53.000000,44.000000,35.000000,JUNE_JULY_2017,0,0,0,0,0
201419014,16.45,21,38.00,E,JUNE_JULY,2017,SUPP,BA1104,4.0,FINANCIAL ACCOUNTING _11 12 13 14 15 16_,80.000000,71.000000,62.000000,53.000000,44.000000,35.000000,JUNE_JULY_2017,0,0,0,0,0
201519015,20.25,8,29.00,F,JUNE_JULY,2017,SUPP,BA1104,4.0,FINANCIAL ACCOUNTING _11 12 13 14 15 16_,80.000000,71.000000,62.000000,53.000000,44.000000,35.000000,JUNE_JULY_2017,0,0,0,0,0
201619011,16.20,AB,0.00,I,JUNE_JULY,2017,SUPP,BA1104,4.0,FINANCIAL ACCOUNTING _11 12 13 14 15 16_,80.000000,71.000000,62.000000,53.000000,44.000000,35.000000,JUNE_JULY_2017,0,0,0,0,0
201619021,15.85,AB,0.00,I,JUNE_JULY,2017,SUPP,BA1104,4.0,FINANCIAL ACCOUNTING _11 12 13 14 15 16_,80.000000,71.000000,62.000000,53.000000,44.000000,35.000000,JUNE_JULY_2017,0,0,0,0,0
201619023,13.25,2,16.00,F,JUNE_JULY,2017,SUPP,BA1104,4.0,FINANCIAL ACCOUNTING _11 12 13 14 15 16_,80.000000,71.000000,62.000000,53.000000,44.000000,35.000000,JUNE_JULY_2017,0,0,0,0,0
