Reg_No,Internal,External,Total,Grade,Time,Year,Type,Code,Credit,Title,Cut-Off-S,Cut-Off-A,Cut-Off-B,Cut-Off-C,Cut-Off-D,Cut-Off-E,Directory,Absentees,Malpractices,Detentions,NA,appeared
201316016,20.21,8.5,29.00,F,JUNE_JULY,2017,SUPP,BA1210_BA3210,4.0,ACCOUNTING & FINANCIAL MANAGEMENT _11 12 13 14 15 16_,80.000000,71.000000,62.000000,53.000000,44.000000,35.000000,JUNE_JULY_2017,0,0,0,0,0
201316019,14.15,AB,0.00,I,JUNE_JULY,2017,SUPP,BA1210_BA3210,4.0,ACCOUNTING & FINANCIAL MANAGEMENT _11 12 13 14 15 16_,80.000000,71.000000,62.000000,53.000000,44.000000,35.000000,JUNE_JULY_2017,0,0,0,0,0
201616007,11.40,AB,0.00,I,JUNE_JULY,2017,SUPP,BA1210_BA3210,4.0,ACCOUNTING & FINANCIAL MANAGEMENT _11 12 13 14 15 16_,80.000000,71.000000,62.000000,53.000000,44.000000,35.000000,JUNE_JULY_2017,0,0,0,0,0
201616018,24.40,13,38.00,E,JUNE_JULY,2017,SUPP,BA1210_BA3210,4.0,ACCOUNTING & FINANCIAL MANAGEMENT _11 12 13 14 15 16_,80.000000,71.000000,62.000000,53.000000,44.000000,35.000000,JUNE_JULY_2017,0,0,0,0,0
201616024,18.30,10,29.00,F,JUNE_JULY,2017,SUPP,BA1210_BA3210,4.0,ACCOUNTING & FINANCIAL MANAGEMENT _11 12 13 14 15 16_,80.000000,71.000000,62.000000,53.000000,44.000000,35.000000,JUNE_JULY_2017,0,0,0,0,0
