Reg_No,Internal,External,Total,Grade,Time,Year,Type,Code,Credit,Title,Cut-Off-S,Cut-Off-A,Cut-Off-B,Cut-Off-C,Cut-Off-D,Cut-Off-E,Directory,Absentees,Malpractices,Detentions,NA,appeared
201619011,14.20,AB,0.00,I,JUNE_JULY,2017,SUPP,BA1201,4.0,HUMAN RESOURCE MANAGEMENT _11 12 13 14 15 16_,80.000000,71.000000,62.000000,53.000000,44.000000,35.000000,JUNE_JULY_2017,0,0,0,0,0
201619021,17.30,21,39.00,E,JUNE_JULY,2017,SUPP,BA1201,4.0,HUMAN RESOURCE MANAGEMENT _11 12 13 14 15 16_,80.000000,71.000000,62.000000,53.000000,44.000000,35.000000,JUNE_JULY_2017,0,0,0,0,0
201619036,5.65,7,13.00,F,JUNE_JULY,2017,SUPP,BA1201,4.0,HUMAN RESOURCE MANAGEMENT _11 12 13 14 15 16_,80.000000,71.000000,62.000000,53.000000,44.000000,35.000000,JUNE_JULY_2017,0,0,0,0,0
