Reg_No,Internal,External,Total,Grade,Time,Year,Type,Code,Credit,Title,Cut-Off-S,Cut-Off-A,Cut-Off-B,Cut-Off-C,Cut-Off-D,Cut-Off-E,Directory,Absentees,Malpractices,Detentions,NA,appeared
201319027,11.40,26,38.00,E,JUNE_JULY,2017,SUPP,BA1204,4.0,BUSINESS FINANCE _11 12 13 14 15 16_,90.000000,79.000000,68.000000,57.000000,46.000000,35.000000,JUNE_JULY_2017,0,0,0,0,0
201419001,17.91,16.5,35.00,F,JUNE_JULY,2017,SUPP,BA1204,4.0,BUSINESS FINANCE _11 12 13 14 15 16_,90.000000,79.000000,68.000000,57.000000,46.000000,35.000000,JUNE_JULY_2017,0,0,0,0,0
201419004,16.61,20.5,38.00,E,JUNE_JULY,2017,SUPP,BA1204,4.0,BUSINESS FINANCE _11 12 13 14 15 16_,90.000000,79.000000,68.000000,57.000000,46.000000,35.000000,JUNE_JULY_2017,0,0,0,0,0
201619036,13.80,01,15.00,F,JUNE_JULY,2017,SUPP,BA1204,4.0,BUSINESS FINANCE _11 12 13 14 15 16_,90.000000,79.000000,68.000000,57.000000,46.000000,35.000000,JUNE_JULY_2017,0,0,0,0,0
