Reg_No,Internal,External,Total,Grade,Time,Year,Type,Code,Credit,Title,Cut-Off-S,Cut-Off-A,Cut-Off-B,Cut-Off-C,Cut-Off-D,Cut-Off-E,Directory,Absentees,Malpractices,Detentions,NA,appeared
20122411,13.82,3.5,18.00,F,JUNE_JULY,2017,SUPP,BA1406,4.0,PROJECT MANAGEMENT _13 14 15_,84.000000,75.000000,66.000000,57.000000,48.000000,39.000000,JUNE_JULY_2017,0,0,0,0,0
201319010,22.90,17,40.00,E,JUNE_JULY,2017,SUPP,BA1406,4.0,PROJECT MANAGEMENT _13 14 15_,84.000000,75.000000,66.000000,57.000000,48.000000,39.000000,JUNE_JULY_2017,0,0,0,0,0
201519034,15.60,24,40.00,E,JUNE_JULY,2017,SUPP,BA1406,4.0,PROJECT MANAGEMENT _13 14 15_,84.000000,75.000000,66.000000,57.000000,48.000000,39.000000,JUNE_JULY_2017,0,0,0,0,0
201519042,33.80,46.5,81.00,A,JUNE_JULY,2017,SUPP,BA1406,4.0,PROJECT MANAGEMENT _13 14 15_,84.000000,75.000000,66.000000,57.000000,48.000000,39.000000,JUNE_JULY_2017,0,0,0,0,0
