Reg_No,Internal,External,Total,Grade,Time,Year,Type,Code,Credit,Title,Cut-Off-S,Cut-Off-A,Cut-Off-B,Cut-Off-C,Cut-Off-D,Cut-Off-E,Directory,Absentees,Malpractices,Detentions,NA,appeared
20122411,14.60,20,35.00,E,JUNE_JULY,2017,SUPP,BA1504,3.0,SALES & DISTRIBUTION MANAGEMENT _11 12 13 14_,80.000000,71.000000,62.000000,53.000000,44.000000,35.000000,JUNE_JULY_2017,0,0,0,0,0
201319010,16.10,14.5,31.00,F,JUNE_JULY,2017,SUPP,BA1504,3.0,SALES & DISTRIBUTION MANAGEMENT _11 12 13 14_,80.000000,71.000000,62.000000,53.000000,44.000000,35.000000,JUNE_JULY_2017,0,0,0,0,0
201419004,13.60,21,35.00,E,JUNE_JULY,2017,SUPP,BA1504,3.0,SALES & DISTRIBUTION MANAGEMENT _11 12 13 14_,80.000000,71.000000,62.000000,53.000000,44.000000,35.000000,JUNE_JULY_2017,0,0,0,0,0
201419027,19.10,23.5,43.00,E,JUNE_JULY,2017,SUPP,BA1504,3.0,SALES & DISTRIBUTION MANAGEMENT _11 12 13 14_,80.000000,71.000000,62.000000,53.000000,44.000000,35.000000,JUNE_JULY_2017,0,0,0,0,0
201419030,12.10,30.5,43.00,E,JUNE_JULY,2017,SUPP,BA1504,3.0,SALES & DISTRIBUTION MANAGEMENT _11 12 13 14_,80.000000,71.000000,62.000000,53.000000,44.000000,35.000000,JUNE_JULY_2017,0,0,0,0,0
