Reg_No,Internal,External,Total,Grade,Time,Year,Type,Code,Credit,Title,Cut-Off-S,Cut-Off-A,Cut-Off-B,Cut-Off-C,Cut-Off-D,Cut-Off-E,Directory,Absentees,Malpractices,Detentions,NA,appeared
201319010,17.90,18.5,37.00,E,JUNE_JULY,2017,SUPP,BA1603,3.0,INDUSTRIAL MARKETING _11 12 13 14_,80.000000,71.000000,62.000000,53.000000,44.000000,35.000000,JUNE_JULY_2017,0,0,0,0,0
201419014,17.40,18,36.00,E,JUNE_JULY,2017,SUPP,BA1603,3.0,INDUSTRIAL MARKETING _11 12 13 14_,80.000000,71.000000,62.000000,53.000000,44.000000,35.000000,JUNE_JULY_2017,0,0,0,0,0
201419019,12.50,18,31.00,F,JUNE_JULY,2017,SUPP,BA1603,3.0,INDUSTRIAL MARKETING _11 12 13 14_,80.000000,71.000000,62.000000,53.000000,44.000000,35.000000,JUNE_JULY_2017,0,0,0,0,0
201419027,20.50,14.5,35.00,E,JUNE_JULY,2017,SUPP,BA1603,3.0,INDUSTRIAL MARKETING _11 12 13 14_,80.000000,71.000000,62.000000,53.000000,44.000000,35.000000,JUNE_JULY_2017,0,0,0,0,0
