Reg_No,Internal,External,Total,Grade,Time,Year,Type,Code,Credit,Title,Cut-Off-S,Cut-Off-A,Cut-Off-B,Cut-Off-C,Cut-Off-D,Cut-Off-E,Directory,Absentees,Malpractices,Detentions,NA,appeared
201416004,10.10,AB,0.00,I,JUNE_JULY,2017,SUPP,CA1105_CA3105,4.0,FUNDAMENTAL OF DIGITAL ELECTRONICS _11 12 13 14 15 16_,80.000000,71.000000,62.000000,53.000000,44.000000,35.000000,JUNE_JULY_2017,0,0,0,0,0
201416011,4.60,AB,0.00,I,JUNE_JULY,2017,SUPP,CA1105_CA3105,4.0,FUNDAMENTAL OF DIGITAL ELECTRONICS _11 12 13 14 15 16_,80.000000,71.000000,62.000000,53.000000,44.000000,35.000000,JUNE_JULY_2017,0,0,0,0,0
201616011,17.80,AB,0.00,I,JUNE_JULY,2017,SUPP,CA1105_CA3105,4.0,FUNDAMENTAL OF DIGITAL ELECTRONICS _11 12 13 14 15 16_,80.000000,71.000000,62.000000,53.000000,44.000000,35.000000,JUNE_JULY_2017,0,0,0,0,0
201616014,9.40,18.5,28.00,F,JUNE_JULY,2017,SUPP,CA1105_CA3105,4.0,FUNDAMENTAL OF DIGITAL ELECTRONICS _11 12 13 14 15 16_,80.000000,71.000000,62.000000,53.000000,44.000000,35.000000,JUNE_JULY_2017,0,0,0,0,0
201616030,14.50,AB,0.00,I,JUNE_JULY,2017,SUPP,CA1105_CA3105,4.0,FUNDAMENTAL OF DIGITAL ELECTRONICS _11 12 13 14 15 16_,80.000000,71.000000,62.000000,53.000000,44.000000,35.000000,JUNE_JULY_2017,0,0,0,0,0
