Reg_No,Internal,External,Total,Grade,Time,Year,Type,Code,Credit,Title,Cut-Off-S,Cut-Off-A,Cut-Off-B,Cut-Off-C,Cut-Off-D,Cut-Off-E,Directory,Absentees,Malpractices,Detentions,NA,appeared
201416004,19.00,21,40.00,E,JUNE_JULY,2017,SUPP,CA1104_CA3104,4.0,C PROGRAMMING I _11 12 13 14 15 16_,80.000000,71.000000,62.000000,53.000000,44.000000,35.000000,JUNE_JULY_2017,0,0,0,0,0
201416012,20.00,25.5,46.00,D,JUNE_JULY,2017,SUPP,CA1104_CA3104,4.0,C PROGRAMMING I _11 12 13 14 15 16_,80.000000,71.000000,62.000000,53.000000,44.000000,35.000000,JUNE_JULY_2017,0,0,0,0,0
201516017,14.40,29.5,44.00,D,JUNE_JULY,2017,SUPP,CA1104_CA3104,4.0,C PROGRAMMING I _11 12 13 14 15 16_,80.000000,71.000000,62.000000,53.000000,44.000000,35.000000,JUNE_JULY_2017,0,0,0,0,0
