Reg_No,Internal,External,Total,Grade,Time,Year,Type,Code,Credit,Title,Cut-Off-S,Cut-Off-A,Cut-Off-B,Cut-Off-C,Cut-Off-D,Cut-Off-E,Directory,Absentees,Malpractices,Detentions,NA,appeared
201616015,18.90,AB,0.00,I,JUNE_JULY,2017,SUPP,CA1205_CA3205,4.0,PRINCIPLES OF PROGRAMMING LANGUAGE _11 12 13 14 15 16_,80.000000,71.000000,62.000000,53.000000,44.000000,35.000000,JUNE_JULY_2017,0,0,0,0,0
201616018,21.00,20.5,42.00,E,JUNE_JULY,2017,SUPP,CA1205_CA3205,4.0,PRINCIPLES OF PROGRAMMING LANGUAGE _11 12 13 14 15 16_,80.000000,71.000000,62.000000,53.000000,44.000000,35.000000,JUNE_JULY_2017,0,0,0,0,0
201616024,11.30,14.5,26.00,F,JUNE_JULY,2017,SUPP,CA1205_CA3205,4.0,PRINCIPLES OF PROGRAMMING LANGUAGE _11 12 13 14 15 16_,80.000000,71.000000,62.000000,53.000000,44.000000,35.000000,JUNE_JULY_2017,0,0,0,0,0
201616030,11.90,AB,0.00,I,JUNE_JULY,2017,SUPP,CA1205_CA3205,4.0,PRINCIPLES OF PROGRAMMING LANGUAGE _11 12 13 14 15 16_,80.000000,71.000000,62.000000,53.000000,44.000000,35.000000,JUNE_JULY_2017,0,0,0,0,0
