Reg_No,Internal,External,Total,Grade,Time,Year,Type,Code,Credit,Title,Cut-Off-S,Cut-Off-A,Cut-Off-B,Cut-Off-C,Cut-Off-D,Cut-Off-E,Directory,Absentees,Malpractices,Detentions,NA,appeared
201432003,11.75,31,43.00,E,JUNE_JULY,2017,SUPP,CA1202_CA3202,4.0,C PROGRAMMING II _10 11 12 13 14 15 16_,80.000000,71.000000,62.000000,53.000000,44.000000,35.000000,JUNE_JULY_2017,0,0,0,0,0
201616015,20.05,AB,0.00,I,JUNE_JULY,2017,SUPP,CA1202_CA3202,4.0,C PROGRAMMING II _10 11 12 13 14 15 16_,80.000000,71.000000,62.000000,53.000000,44.000000,35.000000,JUNE_JULY_2017,0,0,0,0,0
201616018,25.75,24.5,51.00,D,JUNE_JULY,2017,SUPP,CA1202_CA3202,4.0,C PROGRAMMING II _10 11 12 13 14 15 16_,80.000000,71.000000,62.000000,53.000000,44.000000,35.000000,JUNE_JULY_2017,0,0,0,0,0
201616024,17.05,12,30.00,F,JUNE_JULY,2017,SUPP,CA1202_CA3202,4.0,C PROGRAMMING II _10 11 12 13 14 15 16_,80.000000,71.000000,62.000000,53.000000,44.000000,35.000000,JUNE_JULY_2017,0,0,0,0,0
