Reg_No,Internal,External,Total,Grade,Time,Year,Type,Code,Credit,Title,Cut-Off-S,Cut-Off-A,Cut-Off-B,Cut-Off-C,Cut-Off-D,Cut-Off-E,Directory,Absentees,Malpractices,Detentions,NA,appeared
201316013,14.20,AB,0.00,I,JUNE_JULY,2017,SUPP,CA1402,4.0,JAVA PROGRAMMING _12 13 14 15_,80.000000,71.000000,62.000000,53.000000,44.000000,35.000000,JUNE_JULY_2017,0,0,0,0,0
201416025,13.90,25.5,40.00,E,JUNE_JULY,2017,SUPP,CA1402,4.0,JAVA PROGRAMMING _12 13 14 15_,80.000000,71.000000,62.000000,53.000000,44.000000,35.000000,JUNE_JULY_2017,0,0,0,0,0
201516011,15.80,AB,0.00,I,JUNE_JULY,2017,SUPP,CA1402,4.0,JAVA PROGRAMMING _12 13 14 15_,80.000000,71.000000,62.000000,53.000000,44.000000,35.000000,JUNE_JULY_2017,0,0,0,0,0
