Reg_No,Internal,External,Total,Grade,Time,Year,Type,Code,Credit,Title,Cut-Off-S,Cut-Off-A,Cut-Off-B,Cut-Off-C,Cut-Off-D,Cut-Off-E,Directory,Absentees,Malpractices,Detentions,NA,appeared
201322014,14.60,AB,0.00,I,JUNE_JULY,2017,SUPP,CA2403,4.0,ASP.NET APPLICATION _12 13 14 15_,90.000000,80.000000,70.000000,60.000000,50.000000,40.000000,JUNE_JULY_2017,0,0,0,0,0
201522001,25.15,27,53.00,D,JUNE_JULY,2017,SUPP,CA2403,4.0,ASP.NET APPLICATION _12 13 14 15_,90.000000,80.000000,70.000000,60.000000,50.000000,40.000000,JUNE_JULY_2017,0,0,0,0,0
201522016,27.40,33,61.00,C,JUNE_JULY,2017,SUPP,CA2403,4.0,ASP.NET APPLICATION _12 13 14 15_,90.000000,80.000000,70.000000,60.000000,50.000000,40.000000,JUNE_JULY_2017,0,0,0,0,0
