Reg_No,Internal,External,Total,Grade,Time,Year,Type,Code,Credit,Title,Cut-Off-S,Cut-Off-A,Cut-Off-B,Cut-Off-C,Cut-Off-D,Cut-Off-E,Directory,Absentees,Malpractices,Detentions,NA,appeared
201422003,25.45,31.5,57.00,D,JUNE_JULY,2017,SUPP,CA2405,4.0,IT LAW & PRACTICES _12 13 14 15_,90.000000,80.000000,70.000000,60.000000,50.000000,40.000000,JUNE_JULY_2017,0,0,0,0,0
201622502,31.95,33,65.00,C,JUNE_JULY,2017,SUPP,CA2405,4.0,IT LAW & PRACTICES _12 13 14 15_,90.000000,80.000000,70.000000,60.000000,50.000000,40.000000,JUNE_JULY_2017,0,0,0,0,0
201622504,39.90,43.5,84.00,A,JUNE_JULY,2017,SUPP,CA2405,4.0,IT LAW & PRACTICES _12 13 14 15_,90.000000,80.000000,70.000000,60.000000,50.000000,40.000000,JUNE_JULY_2017,0,0,0,0,0
