Reg_No,Internal,External,Total,Grade,Time,Year,Type,Code,Credit,Title,Cut-Off-S,Cut-Off-A,Cut-Off-B,Cut-Off-C,Cut-Off-D,Cut-Off-E,Directory,Absentees,Malpractices,Detentions,NA,appeared
20140081,67.60,19,87.00,A,JUNE_JULY,2017,SUPP,CE1461,1.5,FLUID MECHANICS LAB,90.000000,82.000000,74.000000,66.000000,58.000000,50.000000,JUNE_JULY_2017,0,0,0,0,0
20140103,72.80,20,93.00,S,JUNE_JULY,2017,SUPP,CE1461,1.5,FLUID MECHANICS LAB,90.000000,82.000000,74.000000,66.000000,58.000000,50.000000,JUNE_JULY_2017,0,0,0,0,0
20140542,49.40,13,63.00,D,JUNE_JULY,2017,SUPP,CE1461,1.5,FLUID MECHANICS LAB,90.000000,82.000000,74.000000,66.000000,58.000000,50.000000,JUNE_JULY_2017,0,0,0,0,0
201500029,52.00,18,70.00,C,JUNE_JULY,2017,SUPP,CE1461,1.5,FLUID MECHANICS LAB,90.000000,82.000000,74.000000,66.000000,58.000000,50.000000,JUNE_JULY_2017,0,0,0,0,0
201500133,55.90,13,69.00,C,JUNE_JULY,2017,SUPP,CE1461,1.5,FLUID MECHANICS LAB,90.000000,82.000000,74.000000,66.000000,58.000000,50.000000,JUNE_JULY_2017,0,0,0,0,0
201500154,49.40,13,63.00,D,JUNE_JULY,2017,SUPP,CE1461,1.5,FLUID MECHANICS LAB,90.000000,82.000000,74.000000,66.000000,58.000000,50.000000,JUNE_JULY_2017,0,0,0,0,0
201500348,65.10,17,83.00,A,JUNE_JULY,2017,SUPP,CE1461,1.5,FLUID MECHANICS LAB,90.000000,82.000000,74.000000,66.000000,58.000000,50.000000,JUNE_JULY_2017,0,0,0,0,0
201500387,45.50,17,63.00,D,JUNE_JULY,2017,SUPP,CE1461,1.5,FLUID MECHANICS LAB,90.000000,82.000000,74.000000,66.000000,58.000000,50.000000,JUNE_JULY_2017,0,0,0,0,0
