Reg_No,Internal,External,Total,Grade,Time,Year,Type,Code,Credit,Title,Cut-Off-S,Cut-Off-A,Cut-Off-B,Cut-Off-C,Cut-Off-D,Cut-Off-E,Directory,Absentees,Malpractices,Detentions,NA,appeared
20140135,4.00,4.00,8.00,F,JUNE_JULY,2017,SUPP,CE1406,4.0,CONSTRUCTION MATERIAL & CONCRETE TECHNOLOGY _15_,80.000000,71.000000,62.000000,53.000000,44.000000,35.000000,JUNE_JULY_2017,0,0,0,0,0
20140542,8.95,8.95,18.00,F,JUNE_JULY,2017,SUPP,CE1406,4.0,CONSTRUCTION MATERIAL & CONCRETE TECHNOLOGY _15_,80.000000,71.000000,62.000000,53.000000,44.000000,35.000000,JUNE_JULY_2017,0,0,0,0,0
20140573,9.55,9.55,20.00,F,JUNE_JULY,2017,SUPP,CE1406,4.0,CONSTRUCTION MATERIAL & CONCRETE TECHNOLOGY _15_,80.000000,71.000000,62.000000,53.000000,44.000000,35.000000,JUNE_JULY_2017,0,0,0,0,0
201500029,16.60,17.6,35.00,E,JUNE_JULY,2017,SUPP,CE1406,4.0,CONSTRUCTION MATERIAL & CONCRETE TECHNOLOGY _15_,80.000000,71.000000,62.000000,53.000000,44.000000,35.000000,JUNE_JULY_2017,0,0,0,0,0
201500202,27.95,27.95,56.00,C,JUNE_JULY,2017,SUPP,CE1406,4.0,CONSTRUCTION MATERIAL & CONCRETE TECHNOLOGY _15_,80.000000,71.000000,62.000000,53.000000,44.000000,35.000000,JUNE_JULY_2017,0,0,0,0,0
201518518,6.65,6.65,14.00,F,JUNE_JULY,2017,SUPP,CE1406,4.0,CONSTRUCTION MATERIAL & CONCRETE TECHNOLOGY _15_,80.000000,71.000000,62.000000,53.000000,44.000000,35.000000,JUNE_JULY_2017,0,0,0,0,0
201618514,10.95,10.95,22.00,F,JUNE_JULY,2017,SUPP,CE1406,4.0,CONSTRUCTION MATERIAL & CONCRETE TECHNOLOGY _15_,80.000000,71.000000,62.000000,53.000000,44.000000,35.000000,JUNE_JULY_2017,0,0,0,0,0
20130565,10.35,12,23.00,F,JUNE_JULY,2017,SUPP,CE1406,4.0,CONSTRUCTION MATERIAL & CONCRETE TECHNOLOGY _15_,80.000000,71.000000,62.000000,53.000000,44.000000,35.000000,JUNE_JULY_2017,0,0,0,0,0
20140198,4.35,19,24.00,F,JUNE_JULY,2017,SUPP,CE1406,4.0,CONSTRUCTION MATERIAL & CONCRETE TECHNOLOGY _15_,80.000000,71.000000,62.000000,53.000000,44.000000,35.000000,JUNE_JULY_2017,0,0,0,0,0
