Reg_No,Internal,External,Total,Grade,Time,Year,Type,Code,Credit,Title,Cut-Off-S,Cut-Off-A,Cut-Off-B,Cut-Off-C,Cut-Off-D,Cut-Off-E,Directory,Absentees,Malpractices,Detentions,NA,appeared
20140081,64.10,15,80.00,B,JUNE_JULY,2017,SUPP,CE1463,1.5,SURVEYING PRACTICE I,90.000000,82.000000,74.000000,66.000000,58.000000,50.000000,JUNE_JULY_2017,0,0,0,0,0
20140103,59.80,17,77.00,B,JUNE_JULY,2017,SUPP,CE1463,1.5,SURVEYING PRACTICE I,90.000000,82.000000,74.000000,66.000000,58.000000,50.000000,JUNE_JULY_2017,0,0,0,0,0
20140542,56.80,9,66.00,C,JUNE_JULY,2017,SUPP,CE1463,1.5,SURVEYING PRACTICE I,90.000000,82.000000,74.000000,66.000000,58.000000,50.000000,JUNE_JULY_2017,0,0,0,0,0
201500148,54.60,14,69.00,C,JUNE_JULY,2017,SUPP,CE1463,1.5,SURVEYING PRACTICE I,90.000000,82.000000,74.000000,66.000000,58.000000,50.000000,JUNE_JULY_2017,0,0,0,0,0
201500154,52.90,9,62.00,D,JUNE_JULY,2017,SUPP,CE1463,1.5,SURVEYING PRACTICE I,90.000000,82.000000,74.000000,66.000000,58.000000,50.000000,JUNE_JULY_2017,0,0,0,0,0
201500348,67.80,12,80.00,B,JUNE_JULY,2017,SUPP,CE1463,1.5,SURVEYING PRACTICE I,90.000000,82.000000,74.000000,66.000000,58.000000,50.000000,JUNE_JULY_2017,0,0,0,0,0
201500387,52.90,13,66.00,C,JUNE_JULY,2017,SUPP,CE1463,1.5,SURVEYING PRACTICE I,90.000000,82.000000,74.000000,66.000000,58.000000,50.000000,JUNE_JULY_2017,0,0,0,0,0
