Reg_No,Internal,External,Total,Grade,Time,Year,Type,Code,Credit,Title,Cut-Off-S,Cut-Off-A,Cut-Off-B,Cut-Off-C,Cut-Off-D,Cut-Off-E,Directory,Absentees,Malpractices,Detentions,NA,appeared
20120181,10.30,41.5,52.00,D,JUNE_JULY,2017,SUPP,CE1503,4.0,IRRIGATION ENGINEERING _11 12 13 14 15_,82.000000,73.000000,63.000000,54.000000,44.000000,35.000000,JUNE_JULY_2017,0,0,0,0,0
20130105,22.80,16,39.00,E,JUNE_JULY,2017,SUPP,CE1503,4.0,IRRIGATION ENGINEERING _11 12 13 14 15_,82.000000,73.000000,63.000000,54.000000,44.000000,35.000000,JUNE_JULY_2017,0,0,0,0,0
20130112,13.50,27.75,42.00,E,JUNE_JULY,2017,SUPP,CE1503,4.0,IRRIGATION ENGINEERING _11 12 13 14 15_,82.000000,73.000000,63.000000,54.000000,44.000000,35.000000,JUNE_JULY_2017,0,0,0,0,0
20130440,10.50,26,37.00,E,JUNE_JULY,2017,SUPP,CE1503,4.0,IRRIGATION ENGINEERING _11 12 13 14 15_,82.000000,73.000000,63.000000,54.000000,44.000000,35.000000,JUNE_JULY_2017,0,0,0,0,0
20131102,18.90,20.25,40.00,E,JUNE_JULY,2017,SUPP,CE1503,4.0,IRRIGATION ENGINEERING _11 12 13 14 15_,82.000000,73.000000,63.000000,54.000000,44.000000,35.000000,JUNE_JULY_2017,0,0,0,0,0
