Reg_No,Internal,External,Total,Grade,Time,Year,Type,Code,Credit,Title,Cut-Off-S,Cut-Off-A,Cut-Off-B,Cut-Off-C,Cut-Off-D,Cut-Off-E,Directory,Absentees,Malpractices,Detentions,NA,appeared
20131102,17.85,25.5,44.00,D,JUNE_JULY,2017,SUPP,CE1602,4.0,DESIGN OF STEEL STRUCTURES _11 12 13 14_,80.000000,71.000000,62.000000,53.000000,44.000000,35.000000,JUNE_JULY_2017,0,0,0,0,0
20140207,31.05,18,50.00,D,JUNE_JULY,2017,SUPP,CE1602,4.0,DESIGN OF STEEL STRUCTURES _11 12 13 14_,80.000000,71.000000,62.000000,53.000000,44.000000,35.000000,JUNE_JULY_2017,0,0,0,0,0
20140261,18.50,21.5,40.00,E,JUNE_JULY,2017,SUPP,CE1602,4.0,DESIGN OF STEEL STRUCTURES _11 12 13 14_,80.000000,71.000000,62.000000,53.000000,44.000000,35.000000,JUNE_JULY_2017,0,0,0,0,0
20140369,9.00,14,23.00,F,JUNE_JULY,2017,SUPP,CE1602,4.0,DESIGN OF STEEL STRUCTURES _11 12 13 14_,80.000000,71.000000,62.000000,53.000000,44.000000,35.000000,JUNE_JULY_2017,0,0,0,0,0
20140644,38.00,41,79.00,A,JUNE_JULY,2017,SUPP,CE1602,4.0,DESIGN OF STEEL STRUCTURES _11 12 13 14_,80.000000,71.000000,62.000000,53.000000,44.000000,35.000000,JUNE_JULY_2017,0,0,0,0,0
