Reg_No,Internal,External,Total,Grade,Time,Year,Type,Code,Credit,Title,Cut-Off-S,Cut-Off-A,Cut-Off-B,Cut-Off-C,Cut-Off-D,Cut-Off-E,Directory,Absentees,Malpractices,Detentions,NA,appeared
20120181,10.40,AB,0.00,I,JUNE_JULY,2017,SUPP,CE1603,4.0,ENVIRONMENTAL ENGINEERING II _10 11 12 13 14_,82.000000,73.000000,63.000000,54.000000,44.000000,35.000000,JUNE_JULY_2017,0,0,0,0,0
20130056,26.10,14,41.00,E,JUNE_JULY,2017,SUPP,CE1603,4.0,ENVIRONMENTAL ENGINEERING II _10 11 12 13 14_,82.000000,73.000000,63.000000,54.000000,44.000000,35.000000,JUNE_JULY_2017,0,0,0,0,0
20140123,27.83,37.5,66.00,B,JUNE_JULY,2017,SUPP,CE1603,4.0,ENVIRONMENTAL ENGINEERING II _10 11 12 13 14_,82.000000,73.000000,63.000000,54.000000,44.000000,35.000000,JUNE_JULY_2017,0,0,0,0,0
20140207,28.90,23.5,53.00,D,JUNE_JULY,2017,SUPP,CE1603,4.0,ENVIRONMENTAL ENGINEERING II _10 11 12 13 14_,82.000000,73.000000,63.000000,54.000000,44.000000,35.000000,JUNE_JULY_2017,0,0,0,0,0
20140261,13.88,25.5,40.00,E,JUNE_JULY,2017,SUPP,CE1603,4.0,ENVIRONMENTAL ENGINEERING II _10 11 12 13 14_,82.000000,73.000000,63.000000,54.000000,44.000000,35.000000,JUNE_JULY_2017,0,0,0,0,0
20140644,47.90,45.5,94.00,S,JUNE_JULY,2017,SUPP,CE1603,4.0,ENVIRONMENTAL ENGINEERING II _10 11 12 13 14_,82.000000,73.000000,63.000000,54.000000,44.000000,35.000000,JUNE_JULY_2017,0,0,0,0,0
201518513,17.00,AB,0.00,I,JUNE_JULY,2017,SUPP,CE1603,4.0,ENVIRONMENTAL ENGINEERING II _10 11 12 13 14_,82.000000,73.000000,63.000000,54.000000,44.000000,35.000000,JUNE_JULY_2017,0,0,0,0,0
