Reg_No,Internal,External,Total,Grade,Time,Year,Type,Code,Credit,Title,Cut-Off-S,Cut-Off-A,Cut-Off-B,Cut-Off-C,Cut-Off-D,Cut-Off-E,Directory,Absentees,Malpractices,Detentions,NA,appeared
20130112,60.20,14,75.00,B,JUNE_JULY,2017,SUPP,CE1661,3.0,STRUCTURAL DESIGN & DRAWING,89.000000,81.000000,73.000000,66.000000,58.000000,50.000000,JUNE_JULY_2017,0,0,0,0,0
20130461,52.80,10,63.00,D,JUNE_JULY,2017,SUPP,CE1661,3.0,STRUCTURAL DESIGN & DRAWING,89.000000,81.000000,73.000000,66.000000,58.000000,50.000000,JUNE_JULY_2017,0,0,0,0,0
20130565,48.80,9,58.00,D,JUNE_JULY,2017,SUPP,CE1661,3.0,STRUCTURAL DESIGN & DRAWING,89.000000,81.000000,73.000000,66.000000,58.000000,50.000000,JUNE_JULY_2017,0,0,0,0,0
20131002,54.30,10,65.00,D,JUNE_JULY,2017,SUPP,CE1661,3.0,STRUCTURAL DESIGN & DRAWING,89.000000,81.000000,73.000000,66.000000,58.000000,50.000000,JUNE_JULY_2017,0,0,0,0,0
20140008,48.80,9,58.00,D,JUNE_JULY,2017,SUPP,CE1661,3.0,STRUCTURAL DESIGN & DRAWING,89.000000,81.000000,73.000000,66.000000,58.000000,50.000000,JUNE_JULY_2017,0,0,0,0,0
20140419,54.80,12,67.00,C,JUNE_JULY,2017,SUPP,CE1661,3.0,STRUCTURAL DESIGN & DRAWING,89.000000,81.000000,73.000000,66.000000,58.000000,50.000000,JUNE_JULY_2017,0,0,0,0,0
20140634,50.80,11,62.00,D,JUNE_JULY,2017,SUPP,CE1661,3.0,STRUCTURAL DESIGN & DRAWING,89.000000,81.000000,73.000000,66.000000,58.000000,50.000000,JUNE_JULY_2017,0,0,0,0,0
20140665,43.80,9,53.00,E,JUNE_JULY,2017,SUPP,CE1661,3.0,STRUCTURAL DESIGN & DRAWING,89.000000,81.000000,73.000000,66.000000,58.000000,50.000000,JUNE_JULY_2017,0,0,0,0,0
20140197,54.30,11,66.00,C,JUNE_JULY,2017,SUPP,CE1661,3.0,STRUCTURAL DESIGN & DRAWING,89.000000,81.000000,73.000000,66.000000,58.000000,50.000000,JUNE_JULY_2017,0,0,0,0,0
