Reg_No,Internal,External,Total,Grade,Time,Year,Type,Code,Credit,Title,Cut-Off-S,Cut-Off-A,Cut-Off-B,Cut-Off-C,Cut-Off-D,Cut-Off-E,Directory,Absentees,Malpractices,Detentions,NA,appeared
20120181,7.40,23,31.00,F,JUNE_JULY,2017,SUPP,CE1604,4.0,TRANSPORTATION ENGINEERING II _11 12 13 14_,81.000000,72.000000,63.000000,53.000000,44.000000,35.000000,JUNE_JULY_2017,0,0,0,0,0
20130056,21.25,13.5,35.00,E,JUNE_JULY,2017,SUPP,CE1604,4.0,TRANSPORTATION ENGINEERING II _11 12 13 14_,81.000000,72.000000,63.000000,53.000000,44.000000,35.000000,JUNE_JULY_2017,0,0,0,0,0
20130508,40.18,10.25,51.00,D,JUNE_JULY,2017,SUPP,CE1604,4.0,TRANSPORTATION ENGINEERING II _11 12 13 14_,81.000000,72.000000,63.000000,53.000000,44.000000,35.000000,JUNE_JULY_2017,0,0,0,0,0
20130513,5.60,1,7.00,F,JUNE_JULY,2017,SUPP,CE1604,4.0,TRANSPORTATION ENGINEERING II _11 12 13 14_,81.000000,72.000000,63.000000,53.000000,44.000000,35.000000,JUNE_JULY_2017,0,0,0,0,0
20130628,10.10,26.75,37.00,E,JUNE_JULY,2017,SUPP,CE1604,4.0,TRANSPORTATION ENGINEERING II _11 12 13 14_,81.000000,72.000000,63.000000,53.000000,44.000000,35.000000,JUNE_JULY_2017,0,0,0,0,0
20140236,23.27,26,50.00,D,JUNE_JULY,2017,SUPP,CE1604,4.0,TRANSPORTATION ENGINEERING II _11 12 13 14_,81.000000,72.000000,63.000000,53.000000,44.000000,35.000000,JUNE_JULY_2017,0,0,0,0,0
20140369,6.00,2,8.00,F,JUNE_JULY,2017,SUPP,CE1604,4.0,TRANSPORTATION ENGINEERING II _11 12 13 14_,81.000000,72.000000,63.000000,53.000000,44.000000,35.000000,JUNE_JULY_2017,0,0,0,0,0
20140632,46.40,39.5,86.00,S,JUNE_JULY,2017,SUPP,CE1604,4.0,TRANSPORTATION ENGINEERING II _11 12 13 14_,81.000000,72.000000,63.000000,53.000000,44.000000,35.000000,JUNE_JULY_2017,0,0,0,0,0
20140644,47.66,48,96.00,S,JUNE_JULY,2017,SUPP,CE1604,4.0,TRANSPORTATION ENGINEERING II _11 12 13 14_,81.000000,72.000000,63.000000,53.000000,44.000000,35.000000,JUNE_JULY_2017,0,0,0,0,0
