Reg_No,Internal,External,Total,Grade,Time,Year,Type,Code,Credit,Title,Cut-Off-S,Cut-Off-A,Cut-Off-B,Cut-Off-C,Cut-Off-D,Cut-Off-E,Directory,Absentees,Malpractices,Detentions,NA,appeared
20130056,27.65,11.5,40.00,E,JUNE_JULY,2017,SUPP,CE1631,4.0,GROUND WATER ENGINEERING_EL__09 12 13 14_,80.000000,71.000000,62.000000,53.000000,44.000000,35.000000,JUNE_JULY_2017,0,0,0,0,0
20130157,13.90,21,35.00,E,JUNE_JULY,2017,SUPP,CE1631,4.0,GROUND WATER ENGINEERING_EL__09 12 13 14_,80.000000,71.000000,62.000000,53.000000,44.000000,35.000000,JUNE_JULY_2017,0,0,0,0,0
20130480,12.00,34.5,47.00,D,JUNE_JULY,2017,SUPP,CE1631,4.0,GROUND WATER ENGINEERING_EL__09 12 13 14_,80.000000,71.000000,62.000000,53.000000,44.000000,35.000000,JUNE_JULY_2017,0,0,0,0,0
201418502,6.40,05,12.00,F,JUNE_JULY,2017,SUPP,CE1631,4.0,GROUND WATER ENGINEERING_EL__09 12 13 14_,80.000000,71.000000,62.000000,53.000000,44.000000,35.000000,JUNE_JULY_2017,0,0,0,0,0
