Reg_No,Internal,External,Total,Grade,Time,Year,Type,Code,Credit,Title,Cut-Off-S,Cut-Off-A,Cut-Off-B,Cut-Off-C,Cut-Off-D,Cut-Off-E,Directory,Absentees,Malpractices,Detentions,NA,appeared
20130565,47.10,19,67.00,C,JUNE_JULY,2017,SUPP,CE1662,1.5,ENVIRONMENTAL ENGINEERING LAB,90.000000,82.000000,74.000000,66.000000,58.000000,50.000000,JUNE_JULY_2017,0,0,0,0,0
20140008,48.30,9,58.00,D,JUNE_JULY,2017,SUPP,CE1662,1.5,ENVIRONMENTAL ENGINEERING LAB,90.000000,82.000000,74.000000,66.000000,58.000000,50.000000,JUNE_JULY_2017,0,0,0,0,0
20140419,53.70,15,69.00,C,JUNE_JULY,2017,SUPP,CE1662,1.5,ENVIRONMENTAL ENGINEERING LAB,90.000000,82.000000,74.000000,66.000000,58.000000,50.000000,JUNE_JULY_2017,0,0,0,0,0
20140634,54.60,14,69.00,C,JUNE_JULY,2017,SUPP,CE1662,1.5,ENVIRONMENTAL ENGINEERING LAB,90.000000,82.000000,74.000000,66.000000,58.000000,50.000000,JUNE_JULY_2017,0,0,0,0,0
20140665,0.00,DT,0.00,DT,JUNE_JULY,2017,SUPP,CE1662,1.5,ENVIRONMENTAL ENGINEERING LAB,90.000000,82.000000,74.000000,66.000000,58.000000,50.000000,JUNE_JULY_2017,0,0,0,0,0
20140197,51.30,11,63.00,D,JUNE_JULY,2017,SUPP,CE1662,1.5,ENVIRONMENTAL ENGINEERING LAB,90.000000,82.000000,74.000000,66.000000,58.000000,50.000000,JUNE_JULY_2017,0,0,0,0,0
20140362,58.80,9,68.00,C,JUNE_JULY,2017,SUPP,CE1662,1.5,ENVIRONMENTAL ENGINEERING LAB,90.000000,82.000000,74.000000,66.000000,58.000000,50.000000,JUNE_JULY_2017,0,0,0,0,0
