Reg_No,Internal,External,Total,Grade,Time,Year,Type,Code,Credit,Title,Cut-Off-S,Cut-Off-A,Cut-Off-B,Cut-Off-C,Cut-Off-D,Cut-Off-E,Directory,Absentees,Malpractices,Detentions,NA,appeared
201600148,0.00,DT,0.00,DT,JUNE_JULY,2017,SUPP,CS1164,1.5,COMPUTER PROGRAMMING LAB,90.000000,80.000000,70.000000,61.000000,51.000000,41.000000,JUNE_JULY_2017,0,0,0,0,0
20140145,34.50,17,52.00,D,JUNE_JULY,2017,SUPP,CS1164,1.5,COMPUTER PROGRAMMING LAB,90.000000,80.000000,70.000000,61.000000,51.000000,41.000000,JUNE_JULY_2017,0,0,0,0,0
201600669,51.28,16,68.00,C,JUNE_JULY,2017,SUPP,CS1164,1.5,COMPUTER PROGRAMMING LAB,90.000000,80.000000,70.000000,61.000000,51.000000,41.000000,JUNE_JULY_2017,0,0,0,0,0
201600293,64.62,21,86.00,A,JUNE_JULY,2017,SUPP,CS1164,1.5,COMPUTER PROGRAMMING LAB,90.000000,80.000000,70.000000,61.000000,51.000000,41.000000,JUNE_JULY_2017,0,0,0,0,0
201600215,57.33,21,79.00,B,JUNE_JULY,2017,SUPP,CS1164,1.5,COMPUTER PROGRAMMING LAB,90.000000,80.000000,70.000000,61.000000,51.000000,41.000000,JUNE_JULY_2017,0,0,0,0,0
