Reg_No,Internal,External,Total,Grade,Time,Year,Type,Code,Credit,Title,Cut-Off-S,Cut-Off-A,Cut-Off-B,Cut-Off-C,Cut-Off-D,Cut-Off-E,Directory,Absentees,Malpractices,Detentions,NA,appeared
20120666,8.60,AB,0.00,I,JUNE_JULY,2017,SUPP,CS1304,4.0,DIGITAL CIRCUITS & LOGIC DESIGN _9 10 11 12 13 14 15_,89.000000,79.000000,69.000000,58.000000,48.000000,38.000000,JUNE_JULY_2017,0,0,0,0,0
20140012,20.20,12,33.00,F,JUNE_JULY,2017,SUPP,CS1304,4.0,DIGITAL CIRCUITS & LOGIC DESIGN _9 10 11 12 13 14 15_,89.000000,79.000000,69.000000,58.000000,48.000000,38.000000,JUNE_JULY_2017,0,0,0,0,0
20140342,9.50,17.5,27.00,F,JUNE_JULY,2017,SUPP,CS1304,4.0,DIGITAL CIRCUITS & LOGIC DESIGN _9 10 11 12 13 14 15_,89.000000,79.000000,69.000000,58.000000,48.000000,38.000000,JUNE_JULY_2017,0,0,0,0,0
20140586,11.50,AB,0.00,I,JUNE_JULY,2017,SUPP,CS1304,4.0,DIGITAL CIRCUITS & LOGIC DESIGN _9 10 11 12 13 14 15_,89.000000,79.000000,69.000000,58.000000,48.000000,38.000000,JUNE_JULY_2017,0,0,0,0,0
20140654,13.00,12.25,26.00,F,JUNE_JULY,2017,SUPP,CS1304,4.0,DIGITAL CIRCUITS & LOGIC DESIGN _9 10 11 12 13 14 15_,89.000000,79.000000,69.000000,58.000000,48.000000,38.000000,JUNE_JULY_2017,0,0,0,0,0
20140655,11.90,21.5,34.00,F,JUNE_JULY,2017,SUPP,CS1304,4.0,DIGITAL CIRCUITS & LOGIC DESIGN _9 10 11 12 13 14 15_,89.000000,79.000000,69.000000,58.000000,48.000000,38.000000,JUNE_JULY_2017,0,0,0,0,0
20140544,16.90,15,32.00,F,JUNE_JULY,2017,SUPP,CS1304,4.0,DIGITAL CIRCUITS & LOGIC DESIGN _9 10 11 12 13 14 15_,89.000000,79.000000,69.000000,58.000000,48.000000,38.000000,JUNE_JULY_2017,0,0,0,0,0
