Reg_No,Internal,External,Total,Grade,Time,Year,Type,Code,Credit,Title,Cut-Off-S,Cut-Off-A,Cut-Off-B,Cut-Off-C,Cut-Off-D,Cut-Off-E,Directory,Absentees,Malpractices,Detentions,NA,appeared
20130335,17.10,23,41.00,E,JUNE_JULY,2017,SUPP,CS1307,4.0,INTELLECTUAL PROPERTY RIGHTS & SOFTWARE ETHICS _15_,80.000000,72.000000,64.000000,57.000000,49.000000,41.000000,JUNE_JULY_2017,0,0,0,0,0
20130364,23.50,19,43.00,E,JUNE_JULY,2017,SUPP,CS1307,4.0,INTELLECTUAL PROPERTY RIGHTS & SOFTWARE ETHICS _15_,80.000000,72.000000,64.000000,57.000000,49.000000,41.000000,JUNE_JULY_2017,0,0,0,0,0
20140556,12.60,27.5,41.00,E,JUNE_JULY,2017,SUPP,CS1307,4.0,INTELLECTUAL PROPERTY RIGHTS & SOFTWARE ETHICS _15_,80.000000,72.000000,64.000000,57.000000,49.000000,41.000000,JUNE_JULY_2017,0,0,0,0,0
20140586,15.50,AB,0.00,I,JUNE_JULY,2017,SUPP,CS1307,4.0,INTELLECTUAL PROPERTY RIGHTS & SOFTWARE ETHICS _15_,80.000000,72.000000,64.000000,57.000000,49.000000,41.000000,JUNE_JULY_2017,0,0,0,0,0
201500061,14.90,AB,0.00,I,JUNE_JULY,2017,SUPP,CS1307,4.0,INTELLECTUAL PROPERTY RIGHTS & SOFTWARE ETHICS _15_,80.000000,72.000000,64.000000,57.000000,49.000000,41.000000,JUNE_JULY_2017,0,0,0,0,0
201500239,22.10,14,37.00,F,JUNE_JULY,2017,SUPP,CS1307,4.0,INTELLECTUAL PROPERTY RIGHTS & SOFTWARE ETHICS _15_,80.000000,72.000000,64.000000,57.000000,49.000000,41.000000,JUNE_JULY_2017,0,0,0,0,0
201500449,16.15,07,24.00,F,JUNE_JULY,2017,SUPP,CS1307,4.0,INTELLECTUAL PROPERTY RIGHTS & SOFTWARE ETHICS _15_,80.000000,72.000000,64.000000,57.000000,49.000000,41.000000,JUNE_JULY_2017,0,0,0,0,0
201511512,17.85,5.5,24.00,F,JUNE_JULY,2017,SUPP,CS1307,4.0,INTELLECTUAL PROPERTY RIGHTS & SOFTWARE ETHICS _15_,80.000000,72.000000,64.000000,57.000000,49.000000,41.000000,JUNE_JULY_2017,0,0,0,0,0
