Reg_No,Internal,External,Total,Grade,Time,Year,Type,Code,Credit,Title,Cut-Off-S,Cut-Off-A,Cut-Off-B,Cut-Off-C,Cut-Off-D,Cut-Off-E,Directory,Absentees,Malpractices,Detentions,NA,appeared
20120370,12.30,25.5,38.00,E,JUNE_JULY,2017,SUPP,CS1302,4.0,DATA STRUCTURES _9 10 11 12 13 14 15_,80.000000,71.000000,62.000000,53.000000,44.000000,35.000000,JUNE_JULY_2017,0,0,0,0,0
20130335,12.90,11.5,25.00,F,JUNE_JULY,2017,SUPP,CS1302,4.0,DATA STRUCTURES _9 10 11 12 13 14 15_,80.000000,71.000000,62.000000,53.000000,44.000000,35.000000,JUNE_JULY_2017,0,0,0,0,0
20140145,8.10,11,20.00,F,JUNE_JULY,2017,SUPP,CS1302,4.0,DATA STRUCTURES _9 10 11 12 13 14 15_,80.000000,71.000000,62.000000,53.000000,44.000000,35.000000,JUNE_JULY_2017,0,0,0,0,0
20140200,18.70,32,51.00,D,JUNE_JULY,2017,SUPP,CS1302,4.0,DATA STRUCTURES _9 10 11 12 13 14 15_,80.000000,71.000000,62.000000,53.000000,44.000000,35.000000,JUNE_JULY_2017,0,0,0,0,0
20140555,22.30,18.5,41.00,E,JUNE_JULY,2017,SUPP,CS1302,4.0,DATA STRUCTURES _9 10 11 12 13 14 15_,80.000000,71.000000,62.000000,53.000000,44.000000,35.000000,JUNE_JULY_2017,0,0,0,0,0
20140654,8.95,26.5,36.00,E,JUNE_JULY,2017,SUPP,CS1302,4.0,DATA STRUCTURES _9 10 11 12 13 14 15_,80.000000,71.000000,62.000000,53.000000,44.000000,35.000000,JUNE_JULY_2017,0,0,0,0,0
201500283,17.20,AB,0.00,I,JUNE_JULY,2017,SUPP,CS1302,4.0,DATA STRUCTURES _9 10 11 12 13 14 15_,80.000000,71.000000,62.000000,53.000000,44.000000,35.000000,JUNE_JULY_2017,0,0,0,0,0
201500294,12.20,23,36.00,E,JUNE_JULY,2017,SUPP,CS1302,4.0,DATA STRUCTURES _9 10 11 12 13 14 15_,80.000000,71.000000,62.000000,53.000000,44.000000,35.000000,JUNE_JULY_2017,0,0,0,0,0
201500412,13.05,23.5,37.00,E,JUNE_JULY,2017,SUPP,CS1302,4.0,DATA STRUCTURES _9 10 11 12 13 14 15_,80.000000,71.000000,62.000000,53.000000,44.000000,35.000000,JUNE_JULY_2017,0,0,0,0,0
