Reg_No,Internal,External,Total,Grade,Time,Year,Type,Code,Credit,Title,Cut-Off-S,Cut-Off-A,Cut-Off-B,Cut-Off-C,Cut-Off-D,Cut-Off-E,Directory,Absentees,Malpractices,Detentions,NA,appeared
20130310,16.80,32,49.00,D,JUNE_JULY,2017,SUPP,CS1305,4.0,PC HARDWARE & PERIPHERALS _11 12 13 14_,82.000000,73.000000,63.000000,54.000000,44.000000,35.000000,JUNE_JULY_2017,0,0,0,0,0
20130478,13.80,21.5,36.00,E,JUNE_JULY,2017,SUPP,CS1305,4.0,PC HARDWARE & PERIPHERALS _11 12 13 14_,82.000000,73.000000,63.000000,54.000000,44.000000,35.000000,JUNE_JULY_2017,0,0,0,0,0
20130649,14.90,20,35.00,E,JUNE_JULY,2017,SUPP,CS1305,4.0,PC HARDWARE & PERIPHERALS _11 12 13 14_,82.000000,73.000000,63.000000,54.000000,44.000000,35.000000,JUNE_JULY_2017,0,0,0,0,0
20140322,18.80,30.5,50.00,D,JUNE_JULY,2017,SUPP,CS1305,4.0,PC HARDWARE & PERIPHERALS _11 12 13 14_,82.000000,73.000000,63.000000,54.000000,44.000000,35.000000,JUNE_JULY_2017,0,0,0,0,0
20140384,14.10,AB,0.00,I,JUNE_JULY,2017,SUPP,CS1305,4.0,PC HARDWARE & PERIPHERALS _11 12 13 14_,82.000000,73.000000,63.000000,54.000000,44.000000,35.000000,JUNE_JULY_2017,0,0,0,0,0
20140430,19.70,AB,0.00,I,JUNE_JULY,2017,SUPP,CS1305,4.0,PC HARDWARE & PERIPHERALS _11 12 13 14_,82.000000,73.000000,63.000000,54.000000,44.000000,35.000000,JUNE_JULY_2017,0,0,0,0,0
20140448,13.40,AB,0.00,I,JUNE_JULY,2017,SUPP,CS1305,4.0,PC HARDWARE & PERIPHERALS _11 12 13 14_,82.000000,73.000000,63.000000,54.000000,44.000000,35.000000,JUNE_JULY_2017,0,0,0,0,0
20140494,13.70,38,52.00,D,JUNE_JULY,2017,SUPP,CS1305,4.0,PC HARDWARE & PERIPHERALS _11 12 13 14_,82.000000,73.000000,63.000000,54.000000,44.000000,35.000000,JUNE_JULY_2017,0,0,0,0,0
