Reg_No,Internal,External,Total,Grade,Time,Year,Type,Code,Credit,Title,Cut-Off-S,Cut-Off-A,Cut-Off-B,Cut-Off-C,Cut-Off-D,Cut-Off-E,Directory,Absentees,Malpractices,Detentions,NA,appeared
20140655,49.09,7,57.00,D,JUNE_JULY,2017,SUPP,CS1465,1.5,ALGORITHM LAB,89.000000,80.000000,71.000000,62.000000,53.000000,44.000000,JUNE_JULY_2017,0,0,0,0,0
201500191,64.50,8,73.00,B,JUNE_JULY,2017,SUPP,CS1465,1.5,ALGORITHM LAB,89.000000,80.000000,71.000000,62.000000,53.000000,44.000000,JUNE_JULY_2017,0,0,0,0,0
201500239,46.10,8,55.00,D,JUNE_JULY,2017,SUPP,CS1465,1.5,ALGORITHM LAB,89.000000,80.000000,71.000000,62.000000,53.000000,44.000000,JUNE_JULY_2017,0,0,0,0,0
201500253,68.33,12,81.00,A,JUNE_JULY,2017,SUPP,CS1465,1.5,ALGORITHM LAB,89.000000,80.000000,71.000000,62.000000,53.000000,44.000000,JUNE_JULY_2017,0,0,0,0,0
