Reg_No,Internal,External,Total,Grade,Time,Year,Type,Code,Credit,Title,Cut-Off-S,Cut-Off-A,Cut-Off-B,Cut-Off-C,Cut-Off-D,Cut-Off-E,Directory,Absentees,Malpractices,Detentions,NA,appeared
20140012,20.20,27,48.00,D,JUNE_JULY,2017,SUPP,CS1403,4.0,DATABASE MANAGEMENT SYSTEMS _10 11 12 13 14 15_,88.000000,77.000000,67.000000,56.000000,46.000000,35.000000,JUNE_JULY_2017,0,0,0,0,0
20140106,29.70,28,58.00,C,JUNE_JULY,2017,SUPP,CS1403,4.0,DATABASE MANAGEMENT SYSTEMS _10 11 12 13 14 15_,88.000000,77.000000,67.000000,56.000000,46.000000,35.000000,JUNE_JULY_2017,0,0,0,0,0
20140184,17.65,24,42.00,E,JUNE_JULY,2017,SUPP,CS1403,4.0,DATABASE MANAGEMENT SYSTEMS _10 11 12 13 14 15_,88.000000,77.000000,67.000000,56.000000,46.000000,35.000000,JUNE_JULY_2017,0,0,0,0,0
20140586,17.85,AB,0.00,I,JUNE_JULY,2017,SUPP,CS1403,4.0,DATABASE MANAGEMENT SYSTEMS _10 11 12 13 14 15_,88.000000,77.000000,67.000000,56.000000,46.000000,35.000000,JUNE_JULY_2017,0,0,0,0,0
20140604,14.30,21,36.00,E,JUNE_JULY,2017,SUPP,CS1403,4.0,DATABASE MANAGEMENT SYSTEMS _10 11 12 13 14 15_,88.000000,77.000000,67.000000,56.000000,46.000000,35.000000,JUNE_JULY_2017,0,0,0,0,0
20140654,18.25,16,35.00,E,JUNE_JULY,2017,SUPP,CS1403,4.0,DATABASE MANAGEMENT SYSTEMS _10 11 12 13 14 15_,88.000000,77.000000,67.000000,56.000000,46.000000,35.000000,JUNE_JULY_2017,0,0,0,0,0
20140655,14.20,25.5,40.00,E,JUNE_JULY,2017,SUPP,CS1403,4.0,DATABASE MANAGEMENT SYSTEMS _10 11 12 13 14 15_,88.000000,77.000000,67.000000,56.000000,46.000000,35.000000,JUNE_JULY_2017,0,0,0,0,0
201500111,16.60,AB,0.00,I,JUNE_JULY,2017,SUPP,CS1403,4.0,DATABASE MANAGEMENT SYSTEMS _10 11 12 13 14 15_,88.000000,77.000000,67.000000,56.000000,46.000000,35.000000,JUNE_JULY_2017,0,0,0,0,0
