Reg_No,Internal,External,Total,Grade,Time,Year,Type,Code,Credit,Title,Cut-Off-S,Cut-Off-A,Cut-Off-B,Cut-Off-C,Cut-Off-D,Cut-Off-E,Directory,Absentees,Malpractices,Detentions,NA,appeared
20140145,13.60,26.25,40.00,E,JUNE_JULY,2017,SUPP,CS1638,4.0,SYSTEM SIMULATION & MODELING _ELECTIVE__12 13 14_,90.000000,79.000000,68.000000,57.000000,46.000000,35.000000,JUNE_JULY_2017,0,0,0,0,0
20140214,19.05,18.5,38.00,E,JUNE_JULY,2017,SUPP,CS1638,4.0,SYSTEM SIMULATION & MODELING _ELECTIVE__12 13 14_,90.000000,79.000000,68.000000,57.000000,46.000000,35.000000,JUNE_JULY_2017,0,0,0,0,0
20140342,11.20,AB,0.00,I,JUNE_JULY,2017,SUPP,CS1638,4.0,SYSTEM SIMULATION & MODELING _ELECTIVE__12 13 14_,90.000000,79.000000,68.000000,57.000000,46.000000,35.000000,JUNE_JULY_2017,0,0,0,0,0
20140348,16.50,AB,0.00,I,JUNE_JULY,2017,SUPP,CS1638,4.0,SYSTEM SIMULATION & MODELING _ELECTIVE__12 13 14_,90.000000,79.000000,68.000000,57.000000,46.000000,35.000000,JUNE_JULY_2017,0,0,0,0,0
20130437,12.00,23,35.00,E,JUNE_JULY,2017,SUPP,CS1638,4.0,SYSTEM SIMULATION & MODELING _ELECTIVE__12 13 14_,90.000000,79.000000,68.000000,57.000000,46.000000,35.000000,JUNE_JULY_2017,0,0,0,0,0
