Reg_No,Internal,External,Total,Grade,Time,Year,Type,Code,Credit,Title,Cut-Off-S,Cut-Off-A,Cut-Off-B,Cut-Off-C,Cut-Off-D,Cut-Off-E,Directory,Absentees,Malpractices,Detentions,NA,appeared
20120370,5.85,28.5,35.00,E,JUNE_JULY,2017,SUPP,CS1633,4.0,DIGITAL IMAGE PROCESSING _ELECTIVE__12 13 14_,87.000000,77.000000,66.000000,56.000000,45.000000,35.000000,JUNE_JULY_2017,0,0,0,0,0
20130619,8.50,26,35.00,E,JUNE_JULY,2017,SUPP,CS1633,4.0,DIGITAL IMAGE PROCESSING _ELECTIVE__12 13 14_,87.000000,77.000000,66.000000,56.000000,45.000000,35.000000,JUNE_JULY_2017,0,0,0,0,0
20130649,12.00,AB,0.00,I,JUNE_JULY,2017,SUPP,CS1633,4.0,DIGITAL IMAGE PROCESSING _ELECTIVE__12 13 14_,87.000000,77.000000,66.000000,56.000000,45.000000,35.000000,JUNE_JULY_2017,0,0,0,0,0
20140050,22.30,29,52.00,D,JUNE_JULY,2017,SUPP,CS1633,4.0,DIGITAL IMAGE PROCESSING _ELECTIVE__12 13 14_,87.000000,77.000000,66.000000,56.000000,45.000000,35.000000,JUNE_JULY_2017,0,0,0,0,0
20140361,18.10,35.5,54.00,D,JUNE_JULY,2017,SUPP,CS1633,4.0,DIGITAL IMAGE PROCESSING _ELECTIVE__12 13 14_,87.000000,77.000000,66.000000,56.000000,45.000000,35.000000,JUNE_JULY_2017,0,0,0,0,0
20140145,18.50,31.0,50.00,D,JUNE_JULY,2017,SUPP,CS1633,4.0,DIGITAL IMAGE PROCESSING _ELECTIVE__12 13 14_,87.000000,77.000000,66.000000,56.000000,45.000000,35.000000,JUNE_JULY_2017,0,0,0,0,0
