Reg_No,Internal,External,Total,Grade,Time,Year,Type,Code,Credit,Title,Cut-Off-S,Cut-Off-A,Cut-Off-B,Cut-Off-C,Cut-Off-D,Cut-Off-E,Directory,Absentees,Malpractices,Detentions,NA,appeared
20120357,15.30,20.5,36.00,E,JUNE_JULY,2017,SUPP,CS1702,4.0,SOFT COMPUTING _11 12 13_,87.000000,77.000000,66.000000,56.000000,45.000000,35.000000,JUNE_JULY_2017,0,0,0,0,0
20120593,14.35,29,44.00,E,JUNE_JULY,2017,SUPP,CS1702,4.0,SOFT COMPUTING _11 12 13_,87.000000,77.000000,66.000000,56.000000,45.000000,35.000000,JUNE_JULY_2017,0,0,0,0,0
20120666,17.10,27.5,45.00,D,JUNE_JULY,2017,SUPP,CS1702,4.0,SOFT COMPUTING _11 12 13_,87.000000,77.000000,66.000000,56.000000,45.000000,35.000000,JUNE_JULY_2017,0,0,0,0,0
20130194,15.30,AB,0.00,I,JUNE_JULY,2017,SUPP,CS1702,4.0,SOFT COMPUTING _11 12 13_,87.000000,77.000000,66.000000,56.000000,45.000000,35.000000,JUNE_JULY_2017,0,0,0,0,0
20130590,14.90,AB,0.00,I,JUNE_JULY,2017,SUPP,CS1702,4.0,SOFT COMPUTING _11 12 13_,87.000000,77.000000,66.000000,56.000000,45.000000,35.000000,JUNE_JULY_2017,0,0,0,0,0
201311506,15.60,AB,0.00,I,JUNE_JULY,2017,SUPP,CS1702,4.0,SOFT COMPUTING _11 12 13_,87.000000,77.000000,66.000000,56.000000,45.000000,35.000000,JUNE_JULY_2017,0,0,0,0,0
