Reg_No,Internal,External,Total,Grade,Time,Year,Type,Code,Credit,Title,Cut-Off-S,Cut-Off-A,Cut-Off-B,Cut-Off-C,Cut-Off-D,Cut-Off-E,Directory,Absentees,Malpractices,Detentions,NA,appeared
20120664,4.30,40,45.00,D,JUNE_JULY,2017,SUPP,CS1740,4.0,ADVANCED JAVA PROGRAMMING _ELECTIVE III__12 13_,87.000000,77.000000,66.000000,56.000000,45.000000,35.000000,JUNE_JULY_2017,0,0,0,0,0
20120357,10.40,26,37.00,E,JUNE_JULY,2017,SUPP,CS1740,4.0,ADVANCED JAVA PROGRAMMING _ELECTIVE III__12 13_,87.000000,77.000000,66.000000,56.000000,45.000000,35.000000,JUNE_JULY_2017,0,0,0,0,0
20120666,10.50,AB,0.00,I,JUNE_JULY,2017,SUPP,CS1740,4.0,ADVANCED JAVA PROGRAMMING _ELECTIVE III__12 13_,87.000000,77.000000,66.000000,56.000000,45.000000,35.000000,JUNE_JULY_2017,0,0,0,0,0
20130310,17.30,26,44.00,E,JUNE_JULY,2017,SUPP,CS1740,4.0,ADVANCED JAVA PROGRAMMING _ELECTIVE III__12 13_,87.000000,77.000000,66.000000,56.000000,45.000000,35.000000,JUNE_JULY_2017,0,0,0,0,0
20130590,14.00,AB,0.00,I,JUNE_JULY,2017,SUPP,CS1740,4.0,ADVANCED JAVA PROGRAMMING _ELECTIVE III__12 13_,87.000000,77.000000,66.000000,56.000000,45.000000,35.000000,JUNE_JULY_2017,0,0,0,0,0
201311506,15.30,AB,0.00,I,JUNE_JULY,2017,SUPP,CS1740,4.0,ADVANCED JAVA PROGRAMMING _ELECTIVE III__12 13_,87.000000,77.000000,66.000000,56.000000,45.000000,35.000000,JUNE_JULY_2017,0,0,0,0,0
