Reg_No,Internal,External,Total,Grade,Time,Year,Type,Code,Credit,Title,Cut-Off-S,Cut-Off-A,Cut-Off-B,Cut-Off-C,Cut-Off-D,Cut-Off-E,Directory,Absentees,Malpractices,Detentions,NA,appeared
20120700,--,51.34,52.00,E,JUNE_JULY,2017,SUPP,CS1781,1.0,INDUSTRIAL TRAINING_COURSE WORK,82.000000,75.000000,69.000000,62.000000,56.000000,49.000000,JUNE_JULY_2017,0,0,0,0,0
20130005,--,59.34,60.00,D,JUNE_JULY,2017,SUPP,CS1781,1.0,INDUSTRIAL TRAINING_COURSE WORK,82.000000,75.000000,69.000000,62.000000,56.000000,49.000000,JUNE_JULY_2017,0,0,0,0,0
20130023,--,58.66,59.00,D,JUNE_JULY,2017,SUPP,CS1781,1.0,INDUSTRIAL TRAINING_COURSE WORK,82.000000,75.000000,69.000000,62.000000,56.000000,49.000000,JUNE_JULY_2017,0,0,0,0,0
20130218,--,58.00,58.00,D,JUNE_JULY,2017,SUPP,CS1781,1.0,INDUSTRIAL TRAINING_COURSE WORK,82.000000,75.000000,69.000000,62.000000,56.000000,49.000000,JUNE_JULY_2017,0,0,0,0,0
20130547,--,50.66,51.00,E,JUNE_JULY,2017,SUPP,CS1781,1.0,INDUSTRIAL TRAINING_COURSE WORK,82.000000,75.000000,69.000000,62.000000,56.000000,49.000000,JUNE_JULY_2017,0,0,0,0,0
201411505,--,52.66,53.00,E,JUNE_JULY,2017,SUPP,CS1781,1.0,INDUSTRIAL TRAINING_COURSE WORK,82.000000,75.000000,69.000000,62.000000,56.000000,49.000000,JUNE_JULY_2017,0,0,0,0,0
