Reg_No,Internal,External,Total,Grade,Time,Year,Type,Code,Credit,Title,Cut-Off-S,Cut-Off-A,Cut-Off-B,Cut-Off-C,Cut-Off-D,Cut-Off-E,Directory,Absentees,Malpractices,Detentions,NA,appeared
20130690,18.75,22,41.00,E,JUNE_JULY,2017,SUPP,EC1307,4.0,APPLIED ELECTRONICS _9 10 11 12 13 14 15_,82.000000,73.000000,64.000000,56.000000,47.000000,38.000000,JUNE_JULY_2017,0,0,0,0,0
20140512,8.00,16.5,25.00,F,JUNE_JULY,2017,SUPP,EC1307,4.0,APPLIED ELECTRONICS _9 10 11 12 13 14 15_,82.000000,73.000000,64.000000,56.000000,47.000000,38.000000,JUNE_JULY_2017,0,0,0,0,0
200914056,11.70,40,52.00,D,JUNE_JULY,2017,SUPP,EC1307,4.0,APPLIED ELECTRONICS _9 10 11 12 13 14 15_,82.000000,73.000000,64.000000,56.000000,47.000000,38.000000,JUNE_JULY_2017,0,0,0,0,0
