Reg_No,Internal,External,Total,Grade,Time,Year,Type,Code,Credit,Title,Cut-Off-S,Cut-Off-A,Cut-Off-B,Cut-Off-C,Cut-Off-D,Cut-Off-E,Directory,Absentees,Malpractices,Detentions,NA,appeared
20120455,3.00,19,22.00,F,JUNE_JULY,2017,SUPP,EC1303,4.0,ELECTRONIC DEVICES & COMPONENTS _9 10 11 12 13 14 15_,85.000000,75.000000,65.000000,55.000000,45.000000,35.000000,JUNE_JULY_2017,0,0,0,0,0
20120192,16.70,12.5,30.00,F,JUNE_JULY,2017,SUPP,EC1303,4.0,ELECTRONIC DEVICES & COMPONENTS _9 10 11 12 13 14 15_,85.000000,75.000000,65.000000,55.000000,45.000000,35.000000,JUNE_JULY_2017,0,0,0,0,0
20140189,20.58,13.5,35.00,E,JUNE_JULY,2017,SUPP,EC1303,4.0,ELECTRONIC DEVICES & COMPONENTS _9 10 11 12 13 14 15_,85.000000,75.000000,65.000000,55.000000,45.000000,35.000000,JUNE_JULY_2017,0,0,0,0,0
20140450,14.50,25,40.00,E,JUNE_JULY,2017,SUPP,EC1303,4.0,ELECTRONIC DEVICES & COMPONENTS _9 10 11 12 13 14 15_,85.000000,75.000000,65.000000,55.000000,45.000000,35.000000,JUNE_JULY_2017,0,0,0,0,0
201312502,15.15,AB,0.00,I,JUNE_JULY,2017,SUPP,EC1303,4.0,ELECTRONIC DEVICES & COMPONENTS _9 10 11 12 13 14 15_,85.000000,75.000000,65.000000,55.000000,45.000000,35.000000,JUNE_JULY_2017,0,0,0,0,0
201612502,12.70,26,39.00,E,JUNE_JULY,2017,SUPP,EC1303,4.0,ELECTRONIC DEVICES & COMPONENTS _9 10 11 12 13 14 15_,85.000000,75.000000,65.000000,55.000000,45.000000,35.000000,JUNE_JULY_2017,0,0,0,0,0
