Reg_No,Internal,External,Total,Grade,Time,Year,Type,Code,Credit,Title,Cut-Off-S,Cut-Off-A,Cut-Off-B,Cut-Off-C,Cut-Off-D,Cut-Off-E,Directory,Absentees,Malpractices,Detentions,NA,appeared
201500024,17.00,31.75,49.00,D,JUNE_JULY,2017,SUPP,EC1408,4.0,ANALOG ELECTRONICS & INTEGRATED CIRCUITS _15_,80.000000,71.000000,62.000000,53.000000,44.000000,35.000000,JUNE_JULY_2017,0,0,0,0,0
201500063,19.40,26.5,46.00,D,JUNE_JULY,2017,SUPP,EC1408,4.0,ANALOG ELECTRONICS & INTEGRATED CIRCUITS _15_,80.000000,71.000000,62.000000,53.000000,44.000000,35.000000,JUNE_JULY_2017,0,0,0,0,0
201500068,25.70,36.5,63.00,B,JUNE_JULY,2017,SUPP,EC1408,4.0,ANALOG ELECTRONICS & INTEGRATED CIRCUITS _15_,80.000000,71.000000,62.000000,53.000000,44.000000,35.000000,JUNE_JULY_2017,0,0,0,0,0
201500227,24.95,22.5,48.00,D,JUNE_JULY,2017,SUPP,EC1408,4.0,ANALOG ELECTRONICS & INTEGRATED CIRCUITS _15_,80.000000,71.000000,62.000000,53.000000,44.000000,35.000000,JUNE_JULY_2017,0,0,0,0,0
201500279,16.80,21,38.00,E,JUNE_JULY,2017,SUPP,EC1408,4.0,ANALOG ELECTRONICS & INTEGRATED CIRCUITS _15_,80.000000,71.000000,62.000000,53.000000,44.000000,35.000000,JUNE_JULY_2017,0,0,0,0,0
201612503,19.95,28.5,49.00,D,JUNE_JULY,2017,SUPP,EC1408,4.0,ANALOG ELECTRONICS & INTEGRATED CIRCUITS _15_,80.000000,71.000000,62.000000,53.000000,44.000000,35.000000,JUNE_JULY_2017,0,0,0,0,0
20140159,16.10,AB,0.00,I,JUNE_JULY,2017,SUPP,EC1408,4.0,ANALOG ELECTRONICS & INTEGRATED CIRCUITS _15_,80.000000,71.000000,62.000000,53.000000,44.000000,35.000000,JUNE_JULY_2017,0,0,0,0,0
20140252,10.60,25,36.00,E,JUNE_JULY,2017,SUPP,EC1408,4.0,ANALOG ELECTRONICS & INTEGRATED CIRCUITS _15_,80.000000,71.000000,62.000000,53.000000,44.000000,35.000000,JUNE_JULY_2017,0,0,0,0,0
