Reg_No,Internal,External,Total,Grade,Time,Year,Type,Code,Credit,Title,Cut-Off-S,Cut-Off-A,Cut-Off-B,Cut-Off-C,Cut-Off-D,Cut-Off-E,Directory,Absentees,Malpractices,Detentions,NA,appeared
20130554,12.40,22.5,35.00,E,JUNE_JULY,2017,SUPP,EC1406,4.0,DESIGN & ANALYSIS OF DIGITAL SYSTEMS,90.000000,79.000000,68.000000,57.000000,46.000000,35.000000,JUNE_JULY_2017,0,0,0,0,0
20140159,14.80,10,25.00,F,JUNE_JULY,2017,SUPP,EC1406,4.0,DESIGN & ANALYSIS OF DIGITAL SYSTEMS,90.000000,79.000000,68.000000,57.000000,46.000000,35.000000,JUNE_JULY_2017,0,0,0,0,0
20140226,19.05,23,43.00,E,JUNE_JULY,2017,SUPP,EC1406,4.0,DESIGN & ANALYSIS OF DIGITAL SYSTEMS,90.000000,79.000000,68.000000,57.000000,46.000000,35.000000,JUNE_JULY_2017,0,0,0,0,0
20140252,17.20,24,42.00,E,JUNE_JULY,2017,SUPP,EC1406,4.0,DESIGN & ANALYSIS OF DIGITAL SYSTEMS,90.000000,79.000000,68.000000,57.000000,46.000000,35.000000,JUNE_JULY_2017,0,0,0,0,0
201412506,14.90,36,51.00,D,JUNE_JULY,2017,SUPP,EC1406,4.0,DESIGN & ANALYSIS OF DIGITAL SYSTEMS,90.000000,79.000000,68.000000,57.000000,46.000000,35.000000,JUNE_JULY_2017,0,0,0,0,0
