Reg_No,Internal,External,Total,Grade,Time,Year,Type,Code,Credit,Title,Cut-Off-S,Cut-Off-A,Cut-Off-B,Cut-Off-C,Cut-Off-D,Cut-Off-E,Directory,Absentees,Malpractices,Detentions,NA,appeared
20140116,17.40,21,39.00,E,JUNE_JULY,2017,SUPP,EC1407,4.0,COMMUNICATION TECHNIQUES _11 12 13 14_,84.000000,74.000000,64.000000,55.000000,45.000000,35.000000,JUNE_JULY_2017,0,0,0,0,0
20140129,8.00,AB,0.00,I,JUNE_JULY,2017,SUPP,EC1407,4.0,COMMUNICATION TECHNIQUES _11 12 13 14_,84.000000,74.000000,64.000000,55.000000,45.000000,35.000000,JUNE_JULY_2017,0,0,0,0,0
20140398,24.30,10.5,35.00,E,JUNE_JULY,2017,SUPP,EC1407,4.0,COMMUNICATION TECHNIQUES _11 12 13 14_,84.000000,74.000000,64.000000,55.000000,45.000000,35.000000,JUNE_JULY_2017,0,0,0,0,0
20140448,13.20,AB,0.00,I,JUNE_JULY,2017,SUPP,EC1407,4.0,COMMUNICATION TECHNIQUES _11 12 13 14_,84.000000,74.000000,64.000000,55.000000,45.000000,35.000000,JUNE_JULY_2017,0,0,0,0,0
20140466,17.20,17,35.00,E,JUNE_JULY,2017,SUPP,EC1407,4.0,COMMUNICATION TECHNIQUES _11 12 13 14_,84.000000,74.000000,64.000000,55.000000,45.000000,35.000000,JUNE_JULY_2017,0,0,0,0,0
20140555,15.20,AB,0.00,I,JUNE_JULY,2017,SUPP,EC1407,4.0,COMMUNICATION TECHNIQUES _11 12 13 14_,84.000000,74.000000,64.000000,55.000000,45.000000,35.000000,JUNE_JULY_2017,0,0,0,0,0
20140576,13.90,AB,0.00,I,JUNE_JULY,2017,SUPP,EC1407,4.0,COMMUNICATION TECHNIQUES _11 12 13 14_,84.000000,74.000000,64.000000,55.000000,45.000000,35.000000,JUNE_JULY_2017,0,0,0,0,0
20140599,9.40,05,15.00,F,JUNE_JULY,2017,SUPP,EC1407,4.0,COMMUNICATION TECHNIQUES _11 12 13 14_,84.000000,74.000000,64.000000,55.000000,45.000000,35.000000,JUNE_JULY_2017,0,0,0,0,0
