Reg_No,Internal,External,Total,Grade,Time,Year,Type,Code,Credit,Title,Cut-Off-S,Cut-Off-A,Cut-Off-B,Cut-Off-C,Cut-Off-D,Cut-Off-E,Directory,Absentees,Malpractices,Detentions,NA,appeared
20130638,10.50,20,31.00,F,JUNE_JULY,2017,SUPP,EC1405,4.0,NETWORK ANALYSIS & SYNTHESIS _11 12 13 14_,80.000000,71.000000,62.000000,53.000000,44.000000,35.000000,JUNE_JULY_2017,0,0,0,0,0
20140131,9.80,20,30.00,F,JUNE_JULY,2017,SUPP,EC1405,4.0,NETWORK ANALYSIS & SYNTHESIS _11 12 13 14_,80.000000,71.000000,62.000000,53.000000,44.000000,35.000000,JUNE_JULY_2017,0,0,0,0,0
20140206,15.00,23,38.00,E,JUNE_JULY,2017,SUPP,EC1405,4.0,NETWORK ANALYSIS & SYNTHESIS _11 12 13 14_,80.000000,71.000000,62.000000,53.000000,44.000000,35.000000,JUNE_JULY_2017,0,0,0,0,0
20140259,25.50,15,41.00,E,JUNE_JULY,2017,SUPP,EC1405,4.0,NETWORK ANALYSIS & SYNTHESIS _11 12 13 14_,80.000000,71.000000,62.000000,53.000000,44.000000,35.000000,JUNE_JULY_2017,0,0,0,0,0
20140332,12.70,16,29.00,F,JUNE_JULY,2017,SUPP,EC1405,4.0,NETWORK ANALYSIS & SYNTHESIS _11 12 13 14_,80.000000,71.000000,62.000000,53.000000,44.000000,35.000000,JUNE_JULY_2017,0,0,0,0,0
20140511,13.60,AB,0.00,I,JUNE_JULY,2017,SUPP,EC1405,4.0,NETWORK ANALYSIS & SYNTHESIS _11 12 13 14_,80.000000,71.000000,62.000000,53.000000,44.000000,35.000000,JUNE_JULY_2017,0,0,0,0,0
20140581,9.10,09,19.00,F,JUNE_JULY,2017,SUPP,EC1405,4.0,NETWORK ANALYSIS & SYNTHESIS _11 12 13 14_,80.000000,71.000000,62.000000,53.000000,44.000000,35.000000,JUNE_JULY_2017,0,0,0,0,0
201412505,15.80,AB,0.00,I,JUNE_JULY,2017,SUPP,EC1405,4.0,NETWORK ANALYSIS & SYNTHESIS _11 12 13 14_,80.000000,71.000000,62.000000,53.000000,44.000000,35.000000,JUNE_JULY_2017,0,0,0,0,0
