Reg_No,Internal,External,Total,Grade,Time,Year,Type,Code,Credit,Title,Cut-Off-S,Cut-Off-A,Cut-Off-B,Cut-Off-C,Cut-Off-D,Cut-Off-E,Directory,Absentees,Malpractices,Detentions,NA,appeared
20120192,13.65,22,36.00,E,JUNE_JULY,2017,SUPP,EC1501,4.0,ANTENNA _9 10 11 12 13 14_,86.000000,76.000000,66.000000,55.000000,45.000000,35.000000,JUNE_JULY_2017,0,0,0,0,0
20120553,14.60,26,41.00,E,JUNE_JULY,2017,SUPP,EC1501,4.0,ANTENNA _9 10 11 12 13 14_,86.000000,76.000000,66.000000,55.000000,45.000000,35.000000,JUNE_JULY_2017,0,0,0,0,0
20130397,15.50,25,41.00,E,JUNE_JULY,2017,SUPP,EC1501,4.0,ANTENNA _9 10 11 12 13 14_,86.000000,76.000000,66.000000,55.000000,45.000000,35.000000,JUNE_JULY_2017,0,0,0,0,0
20140114,21.30,10,32.00,F,JUNE_JULY,2017,SUPP,EC1501,4.0,ANTENNA _9 10 11 12 13 14_,86.000000,76.000000,66.000000,55.000000,45.000000,35.000000,JUNE_JULY_2017,0,0,0,0,0
201312502,15.10,8.5,24.00,F,JUNE_JULY,2017,SUPP,EC1501,4.0,ANTENNA _9 10 11 12 13 14_,86.000000,76.000000,66.000000,55.000000,45.000000,35.000000,JUNE_JULY_2017,0,0,0,0,0
