Reg_No,Internal,External,Total,Grade,Time,Year,Type,Code,Credit,Title,Cut-Off-S,Cut-Off-A,Cut-Off-B,Cut-Off-C,Cut-Off-D,Cut-Off-E,Directory,Absentees,Malpractices,Detentions,NA,appeared
20120553,61.95,14,76.00,B,JUNE_JULY,2017,SUPP,EC1662,1.5,MICROWAVE LAB,90.000000,82.000000,74.000000,66.000000,58.000000,50.000000,JUNE_JULY_2017,0,0,0,0,0
20130031,47.29,11,59.00,D,JUNE_JULY,2017,SUPP,EC1662,1.5,MICROWAVE LAB,90.000000,82.000000,74.000000,66.000000,58.000000,50.000000,JUNE_JULY_2017,0,0,0,0,0
20130401,62.62,13,76.00,B,JUNE_JULY,2017,SUPP,EC1662,1.5,MICROWAVE LAB,90.000000,82.000000,74.000000,66.000000,58.000000,50.000000,JUNE_JULY_2017,0,0,0,0,0
20140021,62.60,15,78.00,B,JUNE_JULY,2017,SUPP,EC1662,1.5,MICROWAVE LAB,90.000000,82.000000,74.000000,66.000000,58.000000,50.000000,JUNE_JULY_2017,0,0,0,0,0
20140181,61.95,13,75.00,B,JUNE_JULY,2017,SUPP,EC1662,1.5,MICROWAVE LAB,90.000000,82.000000,74.000000,66.000000,58.000000,50.000000,JUNE_JULY_2017,0,0,0,0,0
20140206,61.95,16,78.00,B,JUNE_JULY,2017,SUPP,EC1662,1.5,MICROWAVE LAB,90.000000,82.000000,74.000000,66.000000,58.000000,50.000000,JUNE_JULY_2017,0,0,0,0,0
20140558,61.28,10,72.00,C,JUNE_JULY,2017,SUPP,EC1662,1.5,MICROWAVE LAB,90.000000,82.000000,74.000000,66.000000,58.000000,50.000000,JUNE_JULY_2017,0,0,0,0,0
20140226,42.80,14,57.00,E,JUNE_JULY,2017,SUPP,EC1662,1.5,MICROWAVE LAB,90.000000,82.000000,74.000000,66.000000,58.000000,50.000000,JUNE_JULY_2017,0,0,0,0,0
