Reg_No,Internal,External,Total,Grade,Time,Year,Type,Code,Credit,Title,Cut-Off-S,Cut-Off-A,Cut-Off-B,Cut-Off-C,Cut-Off-D,Cut-Off-E,Directory,Absentees,Malpractices,Detentions,NA,appeared
20120553,19.45,38.5,58.00,C,JUNE_JULY,2017,SUPP,EC1602,4.0,EMBEDDED SYSTEMS _9 10 11 12 13 14_,90.000000,79.000000,68.000000,57.000000,46.000000,35.000000,JUNE_JULY_2017,0,0,0,0,0
20130460,15.40,AB,0.00,I,JUNE_JULY,2017,SUPP,EC1602,4.0,EMBEDDED SYSTEMS _9 10 11 12 13 14_,90.000000,79.000000,68.000000,57.000000,46.000000,35.000000,JUNE_JULY_2017,0,0,0,0,0
20140097,19.10,27.25,47.00,D,JUNE_JULY,2017,SUPP,EC1602,4.0,EMBEDDED SYSTEMS _9 10 11 12 13 14_,90.000000,79.000000,68.000000,57.000000,46.000000,35.000000,JUNE_JULY_2017,0,0,0,0,0
20140181,22.30,30.5,53.00,D,JUNE_JULY,2017,SUPP,EC1602,4.0,EMBEDDED SYSTEMS _9 10 11 12 13 14_,90.000000,79.000000,68.000000,57.000000,46.000000,35.000000,JUNE_JULY_2017,0,0,0,0,0
20140760,30.40,29.5,60.00,C,JUNE_JULY,2017,SUPP,EC1602,4.0,EMBEDDED SYSTEMS _9 10 11 12 13 14_,90.000000,79.000000,68.000000,57.000000,46.000000,35.000000,JUNE_JULY_2017,0,0,0,0,0
201012035,14.00,AB,0.00,I,JUNE_JULY,2017,SUPP,EC1602,4.0,EMBEDDED SYSTEMS _9 10 11 12 13 14_,90.000000,79.000000,68.000000,57.000000,46.000000,35.000000,JUNE_JULY_2017,0,0,0,0,0
