Reg_No,Internal,External,Total,Grade,Time,Year,Type,Code,Credit,Title,Cut-Off-S,Cut-Off-A,Cut-Off-B,Cut-Off-C,Cut-Off-D,Cut-Off-E,Directory,Absentees,Malpractices,Detentions,NA,appeared
20121721,8.90,27,36.00,E,JUNE_JULY,2017,SUPP,EC1604,4.0,DIGITAL COMMUNICATION _9 10 11 12 13 14_,90.000000,79.000000,68.000000,58.000000,47.000000,36.000000,JUNE_JULY_2017,0,0,0,0,0
20130401,15.50,49.5,65.00,C,JUNE_JULY,2017,SUPP,EC1604,4.0,DIGITAL COMMUNICATION _9 10 11 12 13 14_,90.000000,79.000000,68.000000,58.000000,47.000000,36.000000,JUNE_JULY_2017,0,0,0,0,0
20130460,10.30,AB,0.00,I,JUNE_JULY,2017,SUPP,EC1604,4.0,DIGITAL COMMUNICATION _9 10 11 12 13 14_,90.000000,79.000000,68.000000,58.000000,47.000000,36.000000,JUNE_JULY_2017,0,0,0,0,0
20140097,32.70,40.5,74.00,B,JUNE_JULY,2017,SUPP,EC1604,4.0,DIGITAL COMMUNICATION _9 10 11 12 13 14_,90.000000,79.000000,68.000000,58.000000,47.000000,36.000000,JUNE_JULY_2017,0,0,0,0,0
20140226,27.60,34.5,63.00,C,JUNE_JULY,2017,SUPP,EC1604,4.0,DIGITAL COMMUNICATION _9 10 11 12 13 14_,90.000000,79.000000,68.000000,58.000000,47.000000,36.000000,JUNE_JULY_2017,0,0,0,0,0
