Reg_No,Internal,External,Total,Grade,Time,Year,Type,Code,Credit,Title,Cut-Off-S,Cut-Off-A,Cut-Off-B,Cut-Off-C,Cut-Off-D,Cut-Off-E,Directory,Absentees,Malpractices,Detentions,NA,appeared
20130397,17.80,28,46.00,D,JUNE_JULY,2017,SUPP,EC1633,4.0,SPEECH PROCESSING _ELECTIVE I__12 13 14_,84.000000,74.000000,64.000000,55.000000,45.000000,35.000000,JUNE_JULY_2017,0,0,0,0,0
20140131,11.30,18,30.00,F,JUNE_JULY,2017,SUPP,EC1633,4.0,SPEECH PROCESSING _ELECTIVE I__12 13 14_,84.000000,74.000000,64.000000,55.000000,45.000000,35.000000,JUNE_JULY_2017,0,0,0,0,0
20140625,31.00,17.5,49.00,D,JUNE_JULY,2017,SUPP,EC1633,4.0,SPEECH PROCESSING _ELECTIVE I__12 13 14_,84.000000,74.000000,64.000000,55.000000,45.000000,35.000000,JUNE_JULY_2017,0,0,0,0,0
20140684,24.10,4.5,29.00,F,JUNE_JULY,2017,SUPP,EC1633,4.0,SPEECH PROCESSING _ELECTIVE I__12 13 14_,84.000000,74.000000,64.000000,55.000000,45.000000,35.000000,JUNE_JULY_2017,0,0,0,0,0
