Reg_No,Internal,External,Total,Grade,Time,Year,Type,Code,Credit,Title,Cut-Off-S,Cut-Off-A,Cut-Off-B,Cut-Off-C,Cut-Off-D,Cut-Off-E,Directory,Absentees,Malpractices,Detentions,NA,appeared
20120360,54.40,14.5,69.00,C,JUNE_JULY,2017,SUPP,EC1663,1.5,EMBEDDED SYSTEMS LAB,90.000000,82.000000,74.000000,66.000000,58.000000,50.000000,JUNE_JULY_2017,0,0,0,0,0
20130031,55.75,10,66.00,C,JUNE_JULY,2017,SUPP,EC1663,1.5,EMBEDDED SYSTEMS LAB,90.000000,82.000000,74.000000,66.000000,58.000000,50.000000,JUNE_JULY_2017,0,0,0,0,0
20130401,67.70,20,88.00,A,JUNE_JULY,2017,SUPP,EC1663,1.5,EMBEDDED SYSTEMS LAB,90.000000,82.000000,74.000000,66.000000,58.000000,50.000000,JUNE_JULY_2017,0,0,0,0,0
20130625,51.50,14,66.00,C,JUNE_JULY,2017,SUPP,EC1663,1.5,EMBEDDED SYSTEMS LAB,90.000000,82.000000,74.000000,66.000000,58.000000,50.000000,JUNE_JULY_2017,0,0,0,0,0
20140206,55.75,16,72.00,C,JUNE_JULY,2017,SUPP,EC1663,1.5,EMBEDDED SYSTEMS LAB,90.000000,82.000000,74.000000,66.000000,58.000000,50.000000,JUNE_JULY_2017,0,0,0,0,0
20140511,56.75,13,70.00,C,JUNE_JULY,2017,SUPP,EC1663,1.5,EMBEDDED SYSTEMS LAB,90.000000,82.000000,74.000000,66.000000,58.000000,50.000000,JUNE_JULY_2017,0,0,0,0,0
20140558,55.50,14,70.00,C,JUNE_JULY,2017,SUPP,EC1663,1.5,EMBEDDED SYSTEMS LAB,90.000000,82.000000,74.000000,66.000000,58.000000,50.000000,JUNE_JULY_2017,0,0,0,0,0
20140587,52.25,13,66.00,C,JUNE_JULY,2017,SUPP,EC1663,1.5,EMBEDDED SYSTEMS LAB,90.000000,82.000000,74.000000,66.000000,58.000000,50.000000,JUNE_JULY_2017,0,0,0,0,0
20140226,50.75,10,61.00,D,JUNE_JULY,2017,SUPP,EC1663,1.5,EMBEDDED SYSTEMS LAB,90.000000,82.000000,74.000000,66.000000,58.000000,50.000000,JUNE_JULY_2017,0,0,0,0,0
