Reg_No,Internal,External,Total,Grade,Time,Year,Type,Code,Credit,Title,Cut-Off-S,Cut-Off-A,Cut-Off-B,Cut-Off-C,Cut-Off-D,Cut-Off-E,Directory,Absentees,Malpractices,Detentions,NA,appeared
20120455,26.90,18,45.00,E,JUNE_JULY,2017,SUPP,EC1704,4.0,COMPUTER COMMUNICATION _9 10 11 12 13_,90.000000,80.000000,70.000000,59.000000,49.000000,39.000000,JUNE_JULY_2017,0,0,0,0,0
20120553,35.10,39,75.00,B,JUNE_JULY,2017,SUPP,EC1704,4.0,COMPUTER COMMUNICATION _9 10 11 12 13_,90.000000,80.000000,70.000000,59.000000,49.000000,39.000000,JUNE_JULY_2017,0,0,0,0,0
20130397,11.60,33.5,46.00,E,JUNE_JULY,2017,SUPP,EC1704,4.0,COMPUTER COMMUNICATION _9 10 11 12 13_,90.000000,80.000000,70.000000,59.000000,49.000000,39.000000,JUNE_JULY_2017,0,0,0,0,0
20130554,18.50,20,39.00,E,JUNE_JULY,2017,SUPP,EC1704,4.0,COMPUTER COMMUNICATION _9 10 11 12 13_,90.000000,80.000000,70.000000,59.000000,49.000000,39.000000,JUNE_JULY_2017,0,0,0,0,0
20130555,23.40,25,49.00,D,JUNE_JULY,2017,SUPP,EC1704,4.0,COMPUTER COMMUNICATION _9 10 11 12 13_,90.000000,80.000000,70.000000,59.000000,49.000000,39.000000,JUNE_JULY_2017,0,0,0,0,0
