Reg_No,Internal,External,Total,Grade,Time,Year,Type,Code,Credit,Title,Cut-Off-S,Cut-Off-A,Cut-Off-B,Cut-Off-C,Cut-Off-D,Cut-Off-E,Directory,Absentees,Malpractices,Detentions,NA,appeared
20120455,20.20,26.5,47.00,E,JUNE_JULY,2017,SUPP,EC1703,4.0,MICRO ELECTRONICS & VLSI DESIGN _9 10 11 12 13_,90.000000,80.000000,71.000000,61.000000,52.000000,42.000000,JUNE_JULY_2017,0,0,0,0,0
20120478,19.60,33,53.00,D,JUNE_JULY,2017,SUPP,EC1703,4.0,MICRO ELECTRONICS & VLSI DESIGN _9 10 11 12 13_,90.000000,80.000000,71.000000,61.000000,52.000000,42.000000,JUNE_JULY_2017,0,0,0,0,0
20130010,16.20,32.5,49.00,E,JUNE_JULY,2017,SUPP,EC1703,4.0,MICRO ELECTRONICS & VLSI DESIGN _9 10 11 12 13_,90.000000,80.000000,71.000000,61.000000,52.000000,42.000000,JUNE_JULY_2017,0,0,0,0,0
20130397,9.00,33.5,43.00,E,JUNE_JULY,2017,SUPP,EC1703,4.0,MICRO ELECTRONICS & VLSI DESIGN _9 10 11 12 13_,90.000000,80.000000,71.000000,61.000000,52.000000,42.000000,JUNE_JULY_2017,0,0,0,0,0
