Reg_No,Internal,External,Total,Grade,Time,Year,Type,Code,Credit,Title,Cut-Off-S,Cut-Off-A,Cut-Off-B,Cut-Off-C,Cut-Off-D,Cut-Off-E,Directory,Absentees,Malpractices,Detentions,NA,appeared
20130161,18.50,16.5,35.00,E,JUNE_JULY,2017,SUPP,EE1303,4.0,ELECTRICAL MACHINES I _9 10 11 12 13 14 15_,80.000000,71.000000,62.000000,53.000000,44.000000,35.000000,JUNE_JULY_2017,0,0,0,0,0
20130576,18.90,AB,0.00,I,JUNE_JULY,2017,SUPP,EE1303,4.0,ELECTRICAL MACHINES I _9 10 11 12 13 14 15_,80.000000,71.000000,62.000000,53.000000,44.000000,35.000000,JUNE_JULY_2017,0,0,0,0,0
20140375,11.70,AB,0.00,I,JUNE_JULY,2017,SUPP,EE1303,4.0,ELECTRICAL MACHINES I _9 10 11 12 13 14 15_,80.000000,71.000000,62.000000,53.000000,44.000000,35.000000,JUNE_JULY_2017,0,0,0,0,0
