Reg_No,Internal,External,Total,Grade,Time,Year,Type,Code,Credit,Title,Cut-Off-S,Cut-Off-A,Cut-Off-B,Cut-Off-C,Cut-Off-D,Cut-Off-E,Directory,Absentees,Malpractices,Detentions,NA,appeared
20130034,10.90,AB,0.00,I,JUNE_JULY,2017,SUPP,EE1406,4.0,ANALOG SYSTEMS DESIGN _9 10 11 12 13 14 15_,80.000000,71.000000,62.000000,53.000000,44.000000,35.000000,JUNE_JULY_2017,0,0,0,0,0
20130161,17.80,24.5,43.00,E,JUNE_JULY,2017,SUPP,EE1406,4.0,ANALOG SYSTEMS DESIGN _9 10 11 12 13 14 15_,80.000000,71.000000,62.000000,53.000000,44.000000,35.000000,JUNE_JULY_2017,0,0,0,0,0
20130627,23.10,14,38.00,E,JUNE_JULY,2017,SUPP,EE1406,4.0,ANALOG SYSTEMS DESIGN _9 10 11 12 13 14 15_,80.000000,71.000000,62.000000,53.000000,44.000000,35.000000,JUNE_JULY_2017,0,0,0,0,0
20140597,26.70,20,47.00,D,JUNE_JULY,2017,SUPP,EE1406,4.0,ANALOG SYSTEMS DESIGN _9 10 11 12 13 14 15_,80.000000,71.000000,62.000000,53.000000,44.000000,35.000000,JUNE_JULY_2017,0,0,0,0,0
