Reg_No,Internal,External,Total,Grade,Time,Year,Type,Code,Credit,Title,Cut-Off-S,Cut-Off-A,Cut-Off-B,Cut-Off-C,Cut-Off-D,Cut-Off-E,Directory,Absentees,Malpractices,Detentions,NA,appeared
20130161,12.00,33.5,46.00,D,JUNE_JULY,2017,SUPP,EE1404,4.0,ELECTRONICS MEASUREMENT & INSTRUMENTATION _9 10 11 12 13 14_,81.000000,72.000000,63.000000,53.000000,44.000000,35.000000,JUNE_JULY_2017,0,0,0,0,0
20140620,18.00,25.5,44.00,D,JUNE_JULY,2017,SUPP,EE1404,4.0,ELECTRONICS MEASUREMENT & INSTRUMENTATION _9 10 11 12 13 14_,81.000000,72.000000,63.000000,53.000000,44.000000,35.000000,JUNE_JULY_2017,0,0,0,0,0
20140637,12.00,38,50.00,D,JUNE_JULY,2017,SUPP,EE1404,4.0,ELECTRONICS MEASUREMENT & INSTRUMENTATION _9 10 11 12 13 14_,81.000000,72.000000,63.000000,53.000000,44.000000,35.000000,JUNE_JULY_2017,0,0,0,0,0
20140671,12.30,AB,0.00,I,JUNE_JULY,2017,SUPP,EE1404,4.0,ELECTRONICS MEASUREMENT & INSTRUMENTATION _9 10 11 12 13 14_,81.000000,72.000000,63.000000,53.000000,44.000000,35.000000,JUNE_JULY_2017,0,0,0,0,0
201513501,12.90,32.5,46.00,D,JUNE_JULY,2017,SUPP,EE1404,4.0,ELECTRONICS MEASUREMENT & INSTRUMENTATION _9 10 11 12 13 14_,81.000000,72.000000,63.000000,53.000000,44.000000,35.000000,JUNE_JULY_2017,0,0,0,0,0
20140680,15.30,16.5,32.00,F,JUNE_JULY,2017,SUPP,EE1404,4.0,ELECTRONICS MEASUREMENT & INSTRUMENTATION _9 10 11 12 13 14_,81.000000,72.000000,63.000000,53.000000,44.000000,35.000000,JUNE_JULY_2017,0,0,0,0,0
