Reg_No,Internal,External,Total,Grade,Time,Year,Type,Code,Credit,Title,Cut-Off-S,Cut-Off-A,Cut-Off-B,Cut-Off-C,Cut-Off-D,Cut-Off-E,Directory,Absentees,Malpractices,Detentions,NA,appeared
20130003,12.20,29.5,42.00,E,JUNE_JULY,2017,SUPP,EE1402,4.0,SIGNALS & SYSTEMS _9 10 11 12 13 14 15_,80.000000,71.000000,62.000000,53.000000,44.000000,35.000000,JUNE_JULY_2017,0,0,0,0,0
20130176,17.40,20.5,38.00,E,JUNE_JULY,2017,SUPP,EE1402,4.0,SIGNALS & SYSTEMS _9 10 11 12 13 14 15_,80.000000,71.000000,62.000000,53.000000,44.000000,35.000000,JUNE_JULY_2017,0,0,0,0,0
20130576,12.00,AB,0.00,I,JUNE_JULY,2017,SUPP,EE1402,4.0,SIGNALS & SYSTEMS _9 10 11 12 13 14 15_,80.000000,71.000000,62.000000,53.000000,44.000000,35.000000,JUNE_JULY_2017,0,0,0,0,0
20140132,11.60,AB,0.00,I,JUNE_JULY,2017,SUPP,EE1402,4.0,SIGNALS & SYSTEMS _9 10 11 12 13 14 15_,80.000000,71.000000,62.000000,53.000000,44.000000,35.000000,JUNE_JULY_2017,0,0,0,0,0
20140637,13.90,32.5,47.00,D,JUNE_JULY,2017,SUPP,EE1402,4.0,SIGNALS & SYSTEMS _9 10 11 12 13 14 15_,80.000000,71.000000,62.000000,53.000000,44.000000,35.000000,JUNE_JULY_2017,0,0,0,0,0
201500096,18.25,30,49.00,D,JUNE_JULY,2017,SUPP,EE1402,4.0,SIGNALS & SYSTEMS _9 10 11 12 13 14 15_,80.000000,71.000000,62.000000,53.000000,44.000000,35.000000,JUNE_JULY_2017,0,0,0,0,0
201500248,14.00,20.5,35.00,E,JUNE_JULY,2017,SUPP,EE1402,4.0,SIGNALS & SYSTEMS _9 10 11 12 13 14 15_,80.000000,71.000000,62.000000,53.000000,44.000000,35.000000,JUNE_JULY_2017,0,0,0,0,0
201513503,10.50,AB,0.00,I,JUNE_JULY,2017,SUPP,EE1402,4.0,SIGNALS & SYSTEMS _9 10 11 12 13 14 15_,80.000000,71.000000,62.000000,53.000000,44.000000,35.000000,JUNE_JULY_2017,0,0,0,0,0
201513506,20.10,11,32.00,F,JUNE_JULY,2017,SUPP,EE1402,4.0,SIGNALS & SYSTEMS _9 10 11 12 13 14 15_,80.000000,71.000000,62.000000,53.000000,44.000000,35.000000,JUNE_JULY_2017,0,0,0,0,0
