Reg_No,Internal,External,Total,Grade,Time,Year,Type,Code,Credit,Title,Cut-Off-S,Cut-Off-A,Cut-Off-B,Cut-Off-C,Cut-Off-D,Cut-Off-E,Directory,Absentees,Malpractices,Detentions,NA,appeared
20130003,15.20,20,36.00,E,JUNE_JULY,2017,SUPP,EE1502,4.0,LINEAR CONTROL SYSTEMS _11 12 13 14_,90.000000,79.000000,68.000000,57.000000,46.000000,35.000000,JUNE_JULY_2017,0,0,0,0,0
20130071,15.30,20,36.00,E,JUNE_JULY,2017,SUPP,EE1502,4.0,LINEAR CONTROL SYSTEMS _11 12 13 14_,90.000000,79.000000,68.000000,57.000000,46.000000,35.000000,JUNE_JULY_2017,0,0,0,0,0
20130160,18.30,6,25.00,F,JUNE_JULY,2017,SUPP,EE1502,4.0,LINEAR CONTROL SYSTEMS _11 12 13 14_,90.000000,79.000000,68.000000,57.000000,46.000000,35.000000,JUNE_JULY_2017,0,0,0,0,0
20140183,22.10,17,40.00,E,JUNE_JULY,2017,SUPP,EE1502,4.0,LINEAR CONTROL SYSTEMS _11 12 13 14_,90.000000,79.000000,68.000000,57.000000,46.000000,35.000000,JUNE_JULY_2017,0,0,0,0,0
