Reg_No,Internal,External,Total,Grade,Time,Year,Type,Code,Credit,Title,Cut-Off-S,Cut-Off-A,Cut-Off-B,Cut-Off-C,Cut-Off-D,Cut-Off-E,Directory,Absentees,Malpractices,Detentions,NA,appeared
20130034,18.60,05,24.00,F,JUNE_JULY,2017,SUPP,EE1505,4.0,UTILIZATION OF ELECTRICAL POWER & WIRING _9 10 11 12 13 14_,80.000000,71.000000,62.000000,53.000000,44.000000,35.000000,JUNE_JULY_2017,0,0,0,0,0
20130161,24.10,16,41.00,E,JUNE_JULY,2017,SUPP,EE1505,4.0,UTILIZATION OF ELECTRICAL POWER & WIRING _9 10 11 12 13 14_,80.000000,71.000000,62.000000,53.000000,44.000000,35.000000,JUNE_JULY_2017,0,0,0,0,0
20140031,24.60,AB,0.00,I,JUNE_JULY,2017,SUPP,EE1505,4.0,UTILIZATION OF ELECTRICAL POWER & WIRING _9 10 11 12 13 14_,80.000000,71.000000,62.000000,53.000000,44.000000,35.000000,JUNE_JULY_2017,0,0,0,0,0
20140172,18.80,AB,0.00,I,JUNE_JULY,2017,SUPP,EE1505,4.0,UTILIZATION OF ELECTRICAL POWER & WIRING _9 10 11 12 13 14_,80.000000,71.000000,62.000000,53.000000,44.000000,35.000000,JUNE_JULY_2017,0,0,0,0,0
20140597,29.10,28.5,58.00,C,JUNE_JULY,2017,SUPP,EE1505,4.0,UTILIZATION OF ELECTRICAL POWER & WIRING _9 10 11 12 13 14_,80.000000,71.000000,62.000000,53.000000,44.000000,35.000000,JUNE_JULY_2017,0,0,0,0,0
20140637,15.10,29.5,45.00,D,JUNE_JULY,2017,SUPP,EE1505,4.0,UTILIZATION OF ELECTRICAL POWER & WIRING _9 10 11 12 13 14_,80.000000,71.000000,62.000000,53.000000,44.000000,35.000000,JUNE_JULY_2017,0,0,0,0,0
20140671,16.00,AB,0.00,I,JUNE_JULY,2017,SUPP,EE1505,4.0,UTILIZATION OF ELECTRICAL POWER & WIRING _9 10 11 12 13 14_,80.000000,71.000000,62.000000,53.000000,44.000000,35.000000,JUNE_JULY_2017,0,0,0,0,0
