Reg_No,Internal,External,Total,Grade,Time,Year,Type,Code,Credit,Title,Cut-Off-S,Cut-Off-A,Cut-Off-B,Cut-Off-C,Cut-Off-D,Cut-Off-E,Directory,Absentees,Malpractices,Detentions,NA,appeared
20130366,15.90,25.5,42.00,E,JUNE_JULY,2017,SUPP,EE1506,4.0,POWER SYSTEM ANALYSIS,81.000000,72.000000,63.000000,53.000000,44.000000,35.000000,JUNE_JULY_2017,0,0,0,0,0
20130161,14.50,25,40.00,E,JUNE_JULY,2017,SUPP,EE1506,4.0,POWER SYSTEM ANALYSIS,81.000000,72.000000,63.000000,53.000000,44.000000,35.000000,JUNE_JULY_2017,0,0,0,0,0
20140183,16.50,14,31.00,F,JUNE_JULY,2017,SUPP,EE1506,4.0,POWER SYSTEM ANALYSIS,81.000000,72.000000,63.000000,53.000000,44.000000,35.000000,JUNE_JULY_2017,0,0,0,0,0
20140375,18.10,02,21.00,F,JUNE_JULY,2017,SUPP,EE1506,4.0,POWER SYSTEM ANALYSIS,81.000000,72.000000,63.000000,53.000000,44.000000,35.000000,JUNE_JULY_2017,0,0,0,0,0
20140436,19.20,32.5,52.00,D,JUNE_JULY,2017,SUPP,EE1506,4.0,POWER SYSTEM ANALYSIS,81.000000,72.000000,63.000000,53.000000,44.000000,35.000000,JUNE_JULY_2017,0,0,0,0,0
20140597,17.10,AB,0.00,I,JUNE_JULY,2017,SUPP,EE1506,4.0,POWER SYSTEM ANALYSIS,81.000000,72.000000,63.000000,53.000000,44.000000,35.000000,JUNE_JULY_2017,0,0,0,0,0
