Reg_No,Internal,External,Total,Grade,Time,Year,Type,Code,Credit,Title,Cut-Off-S,Cut-Off-A,Cut-Off-B,Cut-Off-C,Cut-Off-D,Cut-Off-E,Directory,Absentees,Malpractices,Detentions,NA,appeared
20120283,17.30,9.5,27.00,F,JUNE_JULY,2017,SUPP,EE1501,4.0,POWER ELECTRONICS _9 10 11 12 13 14_,80.000000,71.000000,62.000000,53.000000,44.000000,35.000000,JUNE_JULY_2017,0,0,0,0,0
20130071,16.50,23.5,40.00,E,JUNE_JULY,2017,SUPP,EE1501,4.0,POWER ELECTRONICS _9 10 11 12 13 14_,80.000000,71.000000,62.000000,53.000000,44.000000,35.000000,JUNE_JULY_2017,0,0,0,0,0
20130160,21.00,1,22.00,F,JUNE_JULY,2017,SUPP,EE1501,4.0,POWER ELECTRONICS _9 10 11 12 13 14_,80.000000,71.000000,62.000000,53.000000,44.000000,35.000000,JUNE_JULY_2017,0,0,0,0,0
20140132,11.30,AB,0.00,I,JUNE_JULY,2017,SUPP,EE1501,4.0,POWER ELECTRONICS _9 10 11 12 13 14_,80.000000,71.000000,62.000000,53.000000,44.000000,35.000000,JUNE_JULY_2017,0,0,0,0,0
20140217,13.30,AB,0.00,I,JUNE_JULY,2017,SUPP,EE1501,4.0,POWER ELECTRONICS _9 10 11 12 13 14_,80.000000,71.000000,62.000000,53.000000,44.000000,35.000000,JUNE_JULY_2017,0,0,0,0,0
20140671,22.10,9.5,32.00,F,JUNE_JULY,2017,SUPP,EE1501,4.0,POWER ELECTRONICS _9 10 11 12 13 14_,80.000000,71.000000,62.000000,53.000000,44.000000,35.000000,JUNE_JULY_2017,0,0,0,0,0
