Reg_No,Internal,External,Total,Grade,Time,Year,Type,Code,Credit,Title,Cut-Off-S,Cut-Off-A,Cut-Off-B,Cut-Off-C,Cut-Off-D,Cut-Off-E,Directory,Absentees,Malpractices,Detentions,NA,appeared
20130003,48.00,14,62.00,D,JUNE_JULY,2017,SUPP,EE1663,1.5,POWER SYSTEM LAB,86.000000,79.000000,72.000000,64.000000,57.000000,50.000000,JUNE_JULY_2017,0,0,0,0,0
20130176,49.00,18,67.00,C,JUNE_JULY,2017,SUPP,EE1663,1.5,POWER SYSTEM LAB,86.000000,79.000000,72.000000,64.000000,57.000000,50.000000,JUNE_JULY_2017,0,0,0,0,0
20130366,40.00,11,51.00,E,JUNE_JULY,2017,SUPP,EE1663,1.5,POWER SYSTEM LAB,86.000000,79.000000,72.000000,64.000000,57.000000,50.000000,JUNE_JULY_2017,0,0,0,0,0
20140082,66.00,17,83.00,A,JUNE_JULY,2017,SUPP,EE1663,1.5,POWER SYSTEM LAB,86.000000,79.000000,72.000000,64.000000,57.000000,50.000000,JUNE_JULY_2017,0,0,0,0,0
20140183,47.00,12,59.00,D,JUNE_JULY,2017,SUPP,EE1663,1.5,POWER SYSTEM LAB,86.000000,79.000000,72.000000,64.000000,57.000000,50.000000,JUNE_JULY_2017,0,0,0,0,0
20130627,46.00,14,60.00,D,JUNE_JULY,2017,SUPP,EE1663,1.5,POWER SYSTEM LAB,86.000000,79.000000,72.000000,64.000000,57.000000,50.000000,JUNE_JULY_2017,0,0,0,0,0
