Reg_No,Internal,External,Total,Grade,Time,Year,Type,Code,Credit,Title,Cut-Off-S,Cut-Off-A,Cut-Off-B,Cut-Off-C,Cut-Off-D,Cut-Off-E,Directory,Absentees,Malpractices,Detentions,NA,appeared
20140137,22.00,AB,0.00,I,JUNE_JULY,2017,SUPP,EE1631,4.0,JAVA PROGRAMMING _ELECTIVE I_ _11 12 13 14_,90.000000,79.000000,68.000000,57.000000,46.000000,35.000000,JUNE_JULY_2017,0,0,0,0,0
20140172,16.40,15,32.00,F,JUNE_JULY,2017,SUPP,EE1631,4.0,JAVA PROGRAMMING _ELECTIVE I_ _11 12 13 14_,90.000000,79.000000,68.000000,57.000000,46.000000,35.000000,JUNE_JULY_2017,0,0,0,0,0
20140183,10.80,34,45.00,E,JUNE_JULY,2017,SUPP,EE1631,4.0,JAVA PROGRAMMING _ELECTIVE I_ _11 12 13 14_,90.000000,79.000000,68.000000,57.000000,46.000000,35.000000,JUNE_JULY_2017,0,0,0,0,0
201513507,14.70,AB,0.00,I,JUNE_JULY,2017,SUPP,EE1631,4.0,JAVA PROGRAMMING _ELECTIVE I_ _11 12 13 14_,90.000000,79.000000,68.000000,57.000000,46.000000,35.000000,JUNE_JULY_2017,0,0,0,0,0
