Reg_No,Internal,External,Total,Grade,Time,Year,Type,Code,Credit,Title,Cut-Off-S,Cut-Off-A,Cut-Off-B,Cut-Off-C,Cut-Off-D,Cut-Off-E,Directory,Absentees,Malpractices,Detentions,NA,appeared
20130366,0.60,30.5,32.00,F,JUNE_JULY,2017,SUPP,EE1602,4.0,ADVANCED CONTROL THEORY _9 10 11 12 13 14_,80.000000,71.000000,62.000000,53.000000,44.000000,35.000000,JUNE_JULY_2017,0,0,0,0,0
20140082,33.70,36.5,71.00,A,JUNE_JULY,2017,SUPP,EE1602,4.0,ADVANCED CONTROL THEORY _9 10 11 12 13 14_,80.000000,71.000000,62.000000,53.000000,44.000000,35.000000,JUNE_JULY_2017,0,0,0,0,0
20140183,15.50,20.5,36.00,E,JUNE_JULY,2017,SUPP,EE1602,4.0,ADVANCED CONTROL THEORY _9 10 11 12 13 14_,80.000000,71.000000,62.000000,53.000000,44.000000,35.000000,JUNE_JULY_2017,0,0,0,0,0
20140597,20.20,36,57.00,C,JUNE_JULY,2017,SUPP,EE1602,4.0,ADVANCED CONTROL THEORY _9 10 11 12 13 14_,80.000000,71.000000,62.000000,53.000000,44.000000,35.000000,JUNE_JULY_2017,0,0,0,0,0
20140637,17.60,25,43.00,E,JUNE_JULY,2017,SUPP,EE1602,4.0,ADVANCED CONTROL THEORY _9 10 11 12 13 14_,80.000000,71.000000,62.000000,53.000000,44.000000,35.000000,JUNE_JULY_2017,0,0,0,0,0
20140680,13.40,24.5,38.00,E,JUNE_JULY,2017,SUPP,EE1602,4.0,ADVANCED CONTROL THEORY _9 10 11 12 13 14_,80.000000,71.000000,62.000000,53.000000,44.000000,35.000000,JUNE_JULY_2017,0,0,0,0,0
20140698,26.90,20,47.00,D,JUNE_JULY,2017,SUPP,EE1602,4.0,ADVANCED CONTROL THEORY _9 10 11 12 13 14_,80.000000,71.000000,62.000000,53.000000,44.000000,35.000000,JUNE_JULY_2017,0,0,0,0,0
201513501,14.80,28.5,44.00,D,JUNE_JULY,2017,SUPP,EE1602,4.0,ADVANCED CONTROL THEORY _9 10 11 12 13 14_,80.000000,71.000000,62.000000,53.000000,44.000000,35.000000,JUNE_JULY_2017,0,0,0,0,0
201513503,13.70,26,40.00,E,JUNE_JULY,2017,SUPP,EE1602,4.0,ADVANCED CONTROL THEORY _9 10 11 12 13 14_,80.000000,71.000000,62.000000,53.000000,44.000000,35.000000,JUNE_JULY_2017,0,0,0,0,0
