Reg_No,Internal,External,Total,Grade,Time,Year,Type,Code,Credit,Title,Cut-Off-S,Cut-Off-A,Cut-Off-B,Cut-Off-C,Cut-Off-D,Cut-Off-E,Directory,Absentees,Malpractices,Detentions,NA,appeared
20130003,48.86,11,60.00,D,JUNE_JULY,2017,SUPP,EE1662,1.5,POWER ELECTRONICS LAB,82.000000,76.000000,69.000000,63.000000,56.000000,50.000000,JUNE_JULY_2017,0,0,0,0,0
20130176,49.22,9,59.00,D,JUNE_JULY,2017,SUPP,EE1662,1.5,POWER ELECTRONICS LAB,82.000000,76.000000,69.000000,63.000000,56.000000,50.000000,JUNE_JULY_2017,0,0,0,0,0
20140082,65.00,18,83.00,S,JUNE_JULY,2017,SUPP,EE1662,1.5,POWER ELECTRONICS LAB,82.000000,76.000000,69.000000,63.000000,56.000000,50.000000,JUNE_JULY_2017,0,0,0,0,0
20140183,52.76,10,63.00,C,JUNE_JULY,2017,SUPP,EE1662,1.5,POWER ELECTRONICS LAB,82.000000,76.000000,69.000000,63.000000,56.000000,50.000000,JUNE_JULY_2017,0,0,0,0,0
