Reg_No,Internal,External,Total,Grade,Time,Year,Type,Code,Credit,Title,Cut-Off-S,Cut-Off-A,Cut-Off-B,Cut-Off-C,Cut-Off-D,Cut-Off-E,Directory,Absentees,Malpractices,Detentions,NA,appeared
20130176,15.20,24,40.00,E,JUNE_JULY,2017,SUPP,EE1603,4.0,ADVANCED MICROPROCESSOR & EMBEDDED SYSTEM _11 12 13 14_,80.000000,71.000000,62.000000,53.000000,44.000000,35.000000,JUNE_JULY_2017,0,0,0,0,0
20130289,24.00,23.5,48.00,D,JUNE_JULY,2017,SUPP,EE1603,4.0,ADVANCED MICROPROCESSOR & EMBEDDED SYSTEM _11 12 13 14_,80.000000,71.000000,62.000000,53.000000,44.000000,35.000000,JUNE_JULY_2017,0,0,0,0,0
20140031,21.90,AB,0.00,I,JUNE_JULY,2017,SUPP,EE1603,4.0,ADVANCED MICROPROCESSOR & EMBEDDED SYSTEM _11 12 13 14_,80.000000,71.000000,62.000000,53.000000,44.000000,35.000000,JUNE_JULY_2017,0,0,0,0,0
20140082,39.80,AB,0.00,I,JUNE_JULY,2017,SUPP,EE1603,4.0,ADVANCED MICROPROCESSOR & EMBEDDED SYSTEM _11 12 13 14_,80.000000,71.000000,62.000000,53.000000,44.000000,35.000000,JUNE_JULY_2017,0,0,0,0,0
20140172,20.60,14,35.00,E,JUNE_JULY,2017,SUPP,EE1603,4.0,ADVANCED MICROPROCESSOR & EMBEDDED SYSTEM _11 12 13 14_,80.000000,71.000000,62.000000,53.000000,44.000000,35.000000,JUNE_JULY_2017,0,0,0,0,0
20140241,17.15,24,42.00,E,JUNE_JULY,2017,SUPP,EE1603,4.0,ADVANCED MICROPROCESSOR & EMBEDDED SYSTEM _11 12 13 14_,80.000000,71.000000,62.000000,53.000000,44.000000,35.000000,JUNE_JULY_2017,0,0,0,0,0
20140698,32.00,8,40.00,E,JUNE_JULY,2017,SUPP,EE1603,4.0,ADVANCED MICROPROCESSOR & EMBEDDED SYSTEM _11 12 13 14_,80.000000,71.000000,62.000000,53.000000,44.000000,35.000000,JUNE_JULY_2017,0,0,0,0,0
201513501,20.90,AB,0.00,I,JUNE_JULY,2017,SUPP,EE1603,4.0,ADVANCED MICROPROCESSOR & EMBEDDED SYSTEM _11 12 13 14_,80.000000,71.000000,62.000000,53.000000,44.000000,35.000000,JUNE_JULY_2017,0,0,0,0,0
201513506,11.90,27.5,40.00,E,JUNE_JULY,2017,SUPP,EE1603,4.0,ADVANCED MICROPROCESSOR & EMBEDDED SYSTEM _11 12 13 14_,80.000000,71.000000,62.000000,53.000000,44.000000,35.000000,JUNE_JULY_2017,0,0,0,0,0
