Reg_No,Internal,External,Total,Grade,Time,Year,Type,Code,Credit,Title,Cut-Off-S,Cut-Off-A,Cut-Off-B,Cut-Off-C,Cut-Off-D,Cut-Off-E,Directory,Absentees,Malpractices,Detentions,NA,appeared
20140082,42.00,31.5,74.00,A,JUNE_JULY,2017,SUPP,EE1638,4.0,EHV AC & DC TRANSMISSION _ELECTIVE I__9 10 11 12 13 14_,80.000000,71.000000,62.000000,53.000000,44.000000,35.000000,JUNE_JULY_2017,0,0,0,0,0
20140353,33.20,AB,0.00,I,JUNE_JULY,2017,SUPP,EE1638,4.0,EHV AC & DC TRANSMISSION _ELECTIVE I__9 10 11 12 13 14_,80.000000,71.000000,62.000000,53.000000,44.000000,35.000000,JUNE_JULY_2017,0,0,0,0,0
20140597,21.20,AB,0.00,I,JUNE_JULY,2017,SUPP,EE1638,4.0,EHV AC & DC TRANSMISSION _ELECTIVE I__9 10 11 12 13 14_,80.000000,71.000000,62.000000,53.000000,44.000000,35.000000,JUNE_JULY_2017,0,0,0,0,0
20140639,34.40,35.5,70.00,B,JUNE_JULY,2017,SUPP,EE1638,4.0,EHV AC & DC TRANSMISSION _ELECTIVE I__9 10 11 12 13 14_,80.000000,71.000000,62.000000,53.000000,44.000000,35.000000,JUNE_JULY_2017,0,0,0,0,0
20140698,23.60,22,46.00,D,JUNE_JULY,2017,SUPP,EE1638,4.0,EHV AC & DC TRANSMISSION _ELECTIVE I__9 10 11 12 13 14_,80.000000,71.000000,62.000000,53.000000,44.000000,35.000000,JUNE_JULY_2017,0,0,0,0,0
