Reg_No,Internal,External,Total,Grade,Time,Year,Type,Code,Credit,Title,Cut-Off-S,Cut-Off-A,Cut-Off-B,Cut-Off-C,Cut-Off-D,Cut-Off-E,Directory,Absentees,Malpractices,Detentions,NA,appeared
20120270,22.35,25,48.00,D,JUNE_JULY,2017,SUPP,EE1701,4.0,SPECIAL MACHINES & DRIVES _11 12 13_,81.000000,72.000000,63.000000,53.000000,44.000000,35.000000,JUNE_JULY_2017,0,0,0,0,0
20130188,32.75,18.5,52.00,D,JUNE_JULY,2017,SUPP,EE1701,4.0,SPECIAL MACHINES & DRIVES _11 12 13_,81.000000,72.000000,63.000000,53.000000,44.000000,35.000000,JUNE_JULY_2017,0,0,0,0,0
20130366,10.45,14.5,25.00,F,JUNE_JULY,2017,SUPP,EE1701,4.0,SPECIAL MACHINES & DRIVES _11 12 13_,81.000000,72.000000,63.000000,53.000000,44.000000,35.000000,JUNE_JULY_2017,0,0,0,0,0
201313505,21.95,30,52.00,D,JUNE_JULY,2017,SUPP,EE1701,4.0,SPECIAL MACHINES & DRIVES _11 12 13_,81.000000,72.000000,63.000000,53.000000,44.000000,35.000000,JUNE_JULY_2017,0,0,0,0,0
