Reg_No,Internal,External,Total,Grade,Time,Year,Type,Code,Credit,Title,Cut-Off-S,Cut-Off-A,Cut-Off-B,Cut-Off-C,Cut-Off-D,Cut-Off-E,Directory,Absentees,Malpractices,Detentions,NA,appeared
20120192,14.83,27,42.00,E,JUNE_JULY,2017,SUPP,IT1506,4.0,OBJECT ORIENTED PROGRAMMING _9 10 11 12 13 14_,81.000000,72.000000,63.000000,53.000000,44.000000,35.000000,JUNE_JULY_2017,0,0,0,0,0
20130625,23.91,23.5,48.00,D,JUNE_JULY,2017,SUPP,IT1506,4.0,OBJECT ORIENTED PROGRAMMING _9 10 11 12 13 14_,81.000000,72.000000,63.000000,53.000000,44.000000,35.000000,JUNE_JULY_2017,0,0,0,0,0
20140004,31.14,9.5,41.00,E,JUNE_JULY,2017,SUPP,IT1506,4.0,OBJECT ORIENTED PROGRAMMING _9 10 11 12 13 14_,81.000000,72.000000,63.000000,53.000000,44.000000,35.000000,JUNE_JULY_2017,0,0,0,0,0
20140097,21.46,AB,0.00,I,JUNE_JULY,2017,SUPP,IT1506,4.0,OBJECT ORIENTED PROGRAMMING _9 10 11 12 13 14_,81.000000,72.000000,63.000000,53.000000,44.000000,35.000000,JUNE_JULY_2017,0,0,0,0,0
20140157,15.56,16,32.00,F,JUNE_JULY,2017,SUPP,IT1506,4.0,OBJECT ORIENTED PROGRAMMING _9 10 11 12 13 14_,81.000000,72.000000,63.000000,53.000000,44.000000,35.000000,JUNE_JULY_2017,0,0,0,0,0
20140181,18.27,23.5,42.00,E,JUNE_JULY,2017,SUPP,IT1506,4.0,OBJECT ORIENTED PROGRAMMING _9 10 11 12 13 14_,81.000000,72.000000,63.000000,53.000000,44.000000,35.000000,JUNE_JULY_2017,0,0,0,0,0
20140259,14.61,00,15.00,F,JUNE_JULY,2017,SUPP,IT1506,4.0,OBJECT ORIENTED PROGRAMMING _9 10 11 12 13 14_,81.000000,72.000000,63.000000,53.000000,44.000000,35.000000,JUNE_JULY_2017,0,0,0,0,0
