Reg_No,Internal,External,Total,Grade,Time,Year,Type,Code,Credit,Title,Cut-Off-S,Cut-Off-A,Cut-Off-B,Cut-Off-C,Cut-Off-D,Cut-Off-E,Directory,Absentees,Malpractices,Detentions,NA,appeared
201316019,11.80,22.5,35.00,E,JUNE_JULY,2017,SUPP,MA1104,4.0,MATHEMATICS I _12 13 14 15 16_,84.000000,74.000000,64.000000,55.000000,45.000000,35.000000,JUNE_JULY_2017,0,0,0,0,0
201316025,14.30,30,45.00,D,JUNE_JULY,2017,SUPP,MA1104,4.0,MATHEMATICS I _12 13 14 15 16_,84.000000,74.000000,64.000000,55.000000,45.000000,35.000000,JUNE_JULY_2017,0,0,0,0,0
201416004,3.30,0.5,4.00,F,JUNE_JULY,2017,SUPP,MA1104,4.0,MATHEMATICS I _12 13 14 15 16_,84.000000,74.000000,64.000000,55.000000,45.000000,35.000000,JUNE_JULY_2017,0,0,0,0,0
201416009,14.40,1.5,16.00,F,JUNE_JULY,2017,SUPP,MA1104,4.0,MATHEMATICS I _12 13 14 15 16_,84.000000,74.000000,64.000000,55.000000,45.000000,35.000000,JUNE_JULY_2017,0,0,0,0,0
201416025,2.70,13.5,17.00,F,JUNE_JULY,2017,SUPP,MA1104,4.0,MATHEMATICS I _12 13 14 15 16_,84.000000,74.000000,64.000000,55.000000,45.000000,35.000000,JUNE_JULY_2017,0,0,0,0,0
201516011,19.10,2.5,22.00,F,JUNE_JULY,2017,SUPP,MA1104,4.0,MATHEMATICS I _12 13 14 15 16_,84.000000,74.000000,64.000000,55.000000,45.000000,35.000000,JUNE_JULY_2017,0,0,0,0,0
201616011,18.00,17,35.00,E,JUNE_JULY,2017,SUPP,MA1104,4.0,MATHEMATICS I _12 13 14 15 16_,84.000000,74.000000,64.000000,55.000000,45.000000,35.000000,JUNE_JULY_2017,0,0,0,0,0
201616014,11.60,25,37.00,E,JUNE_JULY,2017,SUPP,MA1104,4.0,MATHEMATICS I _12 13 14 15 16_,84.000000,74.000000,64.000000,55.000000,45.000000,35.000000,JUNE_JULY_2017,0,0,0,0,0
201616030,9.90,0.5,11.00,F,JUNE_JULY,2017,SUPP,MA1104,4.0,MATHEMATICS I _12 13 14 15 16_,84.000000,74.000000,64.000000,55.000000,45.000000,35.000000,JUNE_JULY_2017,0,0,0,0,0
