Reg_No,Internal,External,Total,Grade,Time,Year,Type,Code,Credit,Title,Cut-Off-S,Cut-Off-A,Cut-Off-B,Cut-Off-C,Cut-Off-D,Cut-Off-E,Directory,Absentees,Malpractices,Detentions,NA,appeared
201316023,17.20,12.5,30.00,F,JUNE_JULY,2017,SUPP,MA1204_MA3201,4.0,MATHEMATICS II _12 13 14 15 16_,80.000000,71.000000,62.000000,53.000000,44.000000,35.000000,JUNE_JULY_2017,0,0,0,0,0
201416004,11.40,1,13.00,F,JUNE_JULY,2017,SUPP,MA1204_MA3201,4.0,MATHEMATICS II _12 13 14 15 16_,80.000000,71.000000,62.000000,53.000000,44.000000,35.000000,JUNE_JULY_2017,0,0,0,0,0
201416012,17.90,0.5,19.00,F,JUNE_JULY,2017,SUPP,MA1204_MA3201,4.0,MATHEMATICS II _12 13 14 15 16_,80.000000,71.000000,62.000000,53.000000,44.000000,35.000000,JUNE_JULY_2017,0,0,0,0,0
201516028,21.10,3,25.00,F,JUNE_JULY,2017,SUPP,MA1204_MA3201,4.0,MATHEMATICS II _12 13 14 15 16_,80.000000,71.000000,62.000000,53.000000,44.000000,35.000000,JUNE_JULY_2017,0,0,0,0,0
201616011,11.50,4.5,16.00,F,JUNE_JULY,2017,SUPP,MA1204_MA3201,4.0,MATHEMATICS II _12 13 14 15 16_,80.000000,71.000000,62.000000,53.000000,44.000000,35.000000,JUNE_JULY_2017,0,0,0,0,0
201616018,32.30,27,60.00,C,JUNE_JULY,2017,SUPP,MA1204_MA3201,4.0,MATHEMATICS II _12 13 14 15 16_,80.000000,71.000000,62.000000,53.000000,44.000000,35.000000,JUNE_JULY_2017,0,0,0,0,0
201616024,17.50,17.5,35.00,E,JUNE_JULY,2017,SUPP,MA1204_MA3201,4.0,MATHEMATICS II _12 13 14 15 16_,80.000000,71.000000,62.000000,53.000000,44.000000,35.000000,JUNE_JULY_2017,0,0,0,0,0
201616025,14.50,13.5,28.00,F,JUNE_JULY,2017,SUPP,MA1204_MA3201,4.0,MATHEMATICS II _12 13 14 15 16_,80.000000,71.000000,62.000000,53.000000,44.000000,35.000000,JUNE_JULY_2017,0,0,0,0,0
