Reg_No,Internal,External,Total,Grade,Time,Year,Type,Code,Credit,Title,Cut-Off-S,Cut-Off-A,Cut-Off-B,Cut-Off-C,Cut-Off-D,Cut-Off-E,Directory,Absentees,Malpractices,Detentions,NA,appeared
201316023,16.80,8,25.00,F,JUNE_JULY,2017,SUPP,MA1304_MA3301,4.0,MATHEMATICS III _12 13 14 15_,84.000000,74.000000,64.000000,55.000000,45.000000,35.000000,JUNE_JULY_2017,0,0,0,0,0
201416004,15.00,AB,0.00,I,JUNE_JULY,2017,SUPP,MA1304_MA3301,4.0,MATHEMATICS III _12 13 14 15_,84.000000,74.000000,64.000000,55.000000,45.000000,35.000000,JUNE_JULY_2017,0,0,0,0,0
201416025,19.60,20,40.00,E,JUNE_JULY,2017,SUPP,MA1304_MA3301,4.0,MATHEMATICS III _12 13 14 15_,84.000000,74.000000,64.000000,55.000000,45.000000,35.000000,JUNE_JULY_2017,0,0,0,0,0
