Reg_No,Internal,External,Total,Grade,Time,Year,Type,Code,Credit,Title,Cut-Off-S,Cut-Off-A,Cut-Off-B,Cut-Off-C,Cut-Off-D,Cut-Off-E,Directory,Absentees,Malpractices,Detentions,NA,appeared
20130716,9.30,1,11.00,F,JUNE_JULY,2017,SUPP,MA1404,4.0,PROBABILITY & STATISTICS _12 13 14 15_,80.000000,71.000000,62.000000,53.000000,44.000000,35.000000,JUNE_JULY_2017,0,0,0,0,0
20140070,17.10,7.5,25.00,F,JUNE_JULY,2017,SUPP,MA1404,4.0,PROBABILITY & STATISTICS _12 13 14 15_,80.000000,71.000000,62.000000,53.000000,44.000000,35.000000,JUNE_JULY_2017,0,0,0,0,0
20140676,10.90,11,22.00,F,JUNE_JULY,2017,SUPP,MA1404,4.0,PROBABILITY & STATISTICS _12 13 14 15_,80.000000,71.000000,62.000000,53.000000,44.000000,35.000000,JUNE_JULY_2017,0,0,0,0,0
200914056,17.30,21.5,39.00,E,JUNE_JULY,2017,SUPP,MA1404,4.0,PROBABILITY & STATISTICS _12 13 14 15_,80.000000,71.000000,62.000000,53.000000,44.000000,35.000000,JUNE_JULY_2017,0,0,0,0,0
201514501,38.00,19,57.00,C,JUNE_JULY,2017,SUPP,MA1404,4.0,PROBABILITY & STATISTICS _12 13 14 15_,80.000000,71.000000,62.000000,53.000000,44.000000,35.000000,JUNE_JULY_2017,0,0,0,0,0
