Reg_No,Internal,External,Total,Grade,Time,Year,Type,Code,Credit,Title,Cut-Off-S,Cut-Off-A,Cut-Off-B,Cut-Off-C,Cut-Off-D,Cut-Off-E,Directory,Absentees,Malpractices,Detentions,NA,appeared
201621408,26.00,27,53.00,D,JUNE_JULY,2017,SUPP,MA2204,4.0,TOPOLOGY _13 14 15 16_,90.000000,80.000000,70.000000,60.000000,50.000000,40.000000,JUNE_JULY_2017,0,0,0,0,0
201621410,18.90,AB,0.00,I,JUNE_JULY,2017,SUPP,MA2204,4.0,TOPOLOGY _13 14 15 16_,90.000000,80.000000,70.000000,60.000000,50.000000,40.000000,JUNE_JULY_2017,0,0,0,0,0
201621413,23.60,AB,0.00,I,JUNE_JULY,2017,SUPP,MA2204,4.0,TOPOLOGY _13 14 15 16_,90.000000,80.000000,70.000000,60.000000,50.000000,40.000000,JUNE_JULY_2017,0,0,0,0,0
