Reg_No,Internal,External,Total,Grade,Time,Year,Type,Code,Credit,Title,Cut-Off-S,Cut-Off-A,Cut-Off-B,Cut-Off-C,Cut-Off-D,Cut-Off-E,Directory,Absentees,Malpractices,Detentions,NA,appeared
20140610,9.50,AB,0.00,I,JUNE_JULY,2017,SUPP,ME1307,4.0,ENGINEERING THERMODYNAMICS _15_,80.000000,71.000000,62.000000,53.000000,44.000000,35.000000,JUNE_JULY_2017,0,0,0,0,0
201500163,14.40,7.5,22.00,F,JUNE_JULY,2017,SUPP,ME1307,4.0,ENGINEERING THERMODYNAMICS _15_,80.000000,71.000000,62.000000,53.000000,44.000000,35.000000,JUNE_JULY_2017,0,0,0,0,0
201500249,20.20,17,38.00,E,JUNE_JULY,2017,SUPP,ME1307,4.0,ENGINEERING THERMODYNAMICS _15_,80.000000,71.000000,62.000000,53.000000,44.000000,35.000000,JUNE_JULY_2017,0,0,0,0,0
201500704,21.40,13,35.00,E,JUNE_JULY,2017,SUPP,ME1307,4.0,ENGINEERING THERMODYNAMICS _15_,80.000000,71.000000,62.000000,53.000000,44.000000,35.000000,JUNE_JULY_2017,0,0,0,0,0
201615501,12.30,AB,0.00,I,JUNE_JULY,2017,SUPP,ME1307,4.0,ENGINEERING THERMODYNAMICS _15_,80.000000,71.000000,62.000000,53.000000,44.000000,35.000000,JUNE_JULY_2017,0,0,0,0,0
201615507,15.70,13.5,30.00,F,JUNE_JULY,2017,SUPP,ME1307,4.0,ENGINEERING THERMODYNAMICS _15_,80.000000,71.000000,62.000000,53.000000,44.000000,35.000000,JUNE_JULY_2017,0,0,0,0,0
