Reg_No,Internal,External,Total,Grade,Time,Year,Type,Code,Credit,Title,Cut-Off-S,Cut-Off-A,Cut-Off-B,Cut-Off-C,Cut-Off-D,Cut-Off-E,Directory,Absentees,Malpractices,Detentions,NA,appeared
20140610,12.20,22,35.00,E,JUNE_JULY,2017,SUPP,ME1309,4.0,STRENGTH OF MATERIALS _15_,85.000000,75.000000,65.000000,55.000000,45.000000,35.000000,JUNE_JULY_2017,0,0,0,0,0
201500141,12.10,25.5,38.00,E,JUNE_JULY,2017,SUPP,ME1309,4.0,STRENGTH OF MATERIALS _15_,85.000000,75.000000,65.000000,55.000000,45.000000,35.000000,JUNE_JULY_2017,0,0,0,0,0
201500249,23.30,25,49.00,D,JUNE_JULY,2017,SUPP,ME1309,4.0,STRENGTH OF MATERIALS _15_,85.000000,75.000000,65.000000,55.000000,45.000000,35.000000,JUNE_JULY_2017,0,0,0,0,0
201500443,21.90,21.5,44.00,E,JUNE_JULY,2017,SUPP,ME1309,4.0,STRENGTH OF MATERIALS _15_,85.000000,75.000000,65.000000,55.000000,45.000000,35.000000,JUNE_JULY_2017,0,0,0,0,0
201500455,13.30,11.5,25.00,F,JUNE_JULY,2017,SUPP,ME1309,4.0,STRENGTH OF MATERIALS _15_,85.000000,75.000000,65.000000,55.000000,45.000000,35.000000,JUNE_JULY_2017,0,0,0,0,0
201615503,12.00,AB,0.00,I,JUNE_JULY,2017,SUPP,ME1309,4.0,STRENGTH OF MATERIALS _15_,85.000000,75.000000,65.000000,55.000000,45.000000,35.000000,JUNE_JULY_2017,0,0,0,0,0
201615507,21.80,21,43.00,E,JUNE_JULY,2017,SUPP,ME1309,4.0,STRENGTH OF MATERIALS _15_,85.000000,75.000000,65.000000,55.000000,45.000000,35.000000,JUNE_JULY_2017,0,0,0,0,0
