Reg_No,Internal,External,Total,Grade,Time,Year,Type,Code,Credit,Title,Cut-Off-S,Cut-Off-A,Cut-Off-B,Cut-Off-C,Cut-Off-D,Cut-Off-E,Directory,Absentees,Malpractices,Detentions,NA,appeared
20120498,17.90,33,51.00,D,JUNE_JULY,2017,SUPP,ME1305,4.0,MECHANICAL DRAWING _9 10 11 12 13 14 15_,86.000000,76.000000,66.000000,55.000000,45.000000,35.000000,JUNE_JULY_2017,0,0,0,0,0
20130144,6.14,00,7.00,F,JUNE_JULY,2017,SUPP,ME1305,4.0,MECHANICAL DRAWING _9 10 11 12 13 14 15_,86.000000,76.000000,66.000000,55.000000,45.000000,35.000000,JUNE_JULY_2017,0,0,0,0,0
20140018,0.00,AB,0.00,I,JUNE_JULY,2017,SUPP,ME1305,4.0,MECHANICAL DRAWING _9 10 11 12 13 14 15_,86.000000,76.000000,66.000000,55.000000,45.000000,35.000000,JUNE_JULY_2017,0,0,0,0,0
