Reg_No,Internal,External,Total,Grade,Time,Year,Type,Code,Credit,Title,Cut-Off-S,Cut-Off-A,Cut-Off-B,Cut-Off-C,Cut-Off-D,Cut-Off-E,Directory,Absentees,Malpractices,Detentions,NA,appeared
20130025,12.40,AB,0.00,I,JUNE_JULY,2017,SUPP,ME1302,4.0,BASIC THERMODYNAMICS _9 10 11 12 13 14_,82.000000,73.000000,63.000000,54.000000,44.000000,35.000000,JUNE_JULY_2017,0,0,0,0,0
20130312,8.16,AB,0.00,I,JUNE_JULY,2017,SUPP,ME1302,4.0,BASIC THERMODYNAMICS _9 10 11 12 13 14_,82.000000,73.000000,63.000000,54.000000,44.000000,35.000000,JUNE_JULY_2017,0,0,0,0,0
20140130,13.30,AB,0.00,I,JUNE_JULY,2017,SUPP,ME1302,4.0,BASIC THERMODYNAMICS _9 10 11 12 13 14_,82.000000,73.000000,63.000000,54.000000,44.000000,35.000000,JUNE_JULY_2017,0,0,0,0,0
20140194,17.10,21.5,39.00,E,JUNE_JULY,2017,SUPP,ME1302,4.0,BASIC THERMODYNAMICS _9 10 11 12 13 14_,82.000000,73.000000,63.000000,54.000000,44.000000,35.000000,JUNE_JULY_2017,0,0,0,0,0
20140742,12.80,AB,0.00,I,JUNE_JULY,2017,SUPP,ME1302,4.0,BASIC THERMODYNAMICS _9 10 11 12 13 14_,82.000000,73.000000,63.000000,54.000000,44.000000,35.000000,JUNE_JULY_2017,0,0,0,0,0
201415504,14.77,22,37.00,E,JUNE_JULY,2017,SUPP,ME1302,4.0,BASIC THERMODYNAMICS _9 10 11 12 13 14_,82.000000,73.000000,63.000000,54.000000,44.000000,35.000000,JUNE_JULY_2017,0,0,0,0,0
201515504,16.80,14,31.00,F,JUNE_JULY,2017,SUPP,ME1302,4.0,BASIC THERMODYNAMICS _9 10 11 12 13 14_,82.000000,73.000000,63.000000,54.000000,44.000000,35.000000,JUNE_JULY_2017,0,0,0,0,0
201515506,11.60,8,20.00,F,JUNE_JULY,2017,SUPP,ME1302,4.0,BASIC THERMODYNAMICS _9 10 11 12 13 14_,82.000000,73.000000,63.000000,54.000000,44.000000,35.000000,JUNE_JULY_2017,0,0,0,0,0
