Reg_No,Internal,External,Total,Grade,Time,Year,Type,Code,Credit,Title,Cut-Off-S,Cut-Off-A,Cut-Off-B,Cut-Off-C,Cut-Off-D,Cut-Off-E,Directory,Absentees,Malpractices,Detentions,NA,appeared
20140610,13.70,22,36.00,E,JUNE_JULY,2017,SUPP,ME1303,4.0,MANUFACTURING PROCESS I _9 10 11 12 13 14 15_,82.000000,73.000000,63.000000,54.000000,44.000000,35.000000,JUNE_JULY_2017,0,0,0,0,0
201500249,17.30,25,43.00,E,JUNE_JULY,2017,SUPP,ME1303,4.0,MANUFACTURING PROCESS I _9 10 11 12 13 14 15_,82.000000,73.000000,63.000000,54.000000,44.000000,35.000000,JUNE_JULY_2017,0,0,0,0,0
201500455,15.73,19,35.00,E,JUNE_JULY,2017,SUPP,ME1303,4.0,MANUFACTURING PROCESS I _9 10 11 12 13 14 15_,82.000000,73.000000,63.000000,54.000000,44.000000,35.000000,JUNE_JULY_2017,0,0,0,0,0
201500674,18.30,AB,0.00,I,JUNE_JULY,2017,SUPP,ME1303,4.0,MANUFACTURING PROCESS I _9 10 11 12 13 14 15_,82.000000,73.000000,63.000000,54.000000,44.000000,35.000000,JUNE_JULY_2017,0,0,0,0,0
