Reg_No,Internal,External,Total,Grade,Time,Year,Type,Code,Credit,Title,Cut-Off-S,Cut-Off-A,Cut-Off-B,Cut-Off-C,Cut-Off-D,Cut-Off-E,Directory,Absentees,Malpractices,Detentions,NA,appeared
20140465,58.20,11,70.00,C,JUNE_JULY,2017,SUPP,ME1461,1.5,WORKSHOP PRACTICE II,88.000000,80.000000,73.000000,65.000000,58.000000,50.000000,JUNE_JULY_2017,0,0,0,0,0
201500143,57.90,11,69.00,C,JUNE_JULY,2017,SUPP,ME1461,1.5,WORKSHOP PRACTICE II,88.000000,80.000000,73.000000,65.000000,58.000000,50.000000,JUNE_JULY_2017,0,0,0,0,0
201500443,55.50,12,68.00,C,JUNE_JULY,2017,SUPP,ME1461,1.5,WORKSHOP PRACTICE II,88.000000,80.000000,73.000000,65.000000,58.000000,50.000000,JUNE_JULY_2017,0,0,0,0,0
201500458,57.60,12,70.00,C,JUNE_JULY,2017,SUPP,ME1461,1.5,WORKSHOP PRACTICE II,88.000000,80.000000,73.000000,65.000000,58.000000,50.000000,JUNE_JULY_2017,0,0,0,0,0
20140018,55.20,11,67.00,C,JUNE_JULY,2017,SUPP,ME1461,1.5,WORKSHOP PRACTICE II,88.000000,80.000000,73.000000,65.000000,58.000000,50.000000,JUNE_JULY_2017,0,0,0,0,0
