Reg_No,Internal,External,Total,Grade,Time,Year,Type,Code,Credit,Title,Cut-Off-S,Cut-Off-A,Cut-Off-B,Cut-Off-C,Cut-Off-D,Cut-Off-E,Directory,Absentees,Malpractices,Detentions,NA,appeared
201500443,70.00,18,88.00,A,JUNE_JULY,2017,SUPP,ME1462,1.5,COMPUTER GRAPHICS LAB,89.000000,79.000000,69.000000,60.000000,50.000000,40.000000,JUNE_JULY_2017,0,0,0,0,0
201500458,67.00,18,85.00,A,JUNE_JULY,2017,SUPP,ME1462,1.5,COMPUTER GRAPHICS LAB,89.000000,79.000000,69.000000,60.000000,50.000000,40.000000,JUNE_JULY_2017,0,0,0,0,0
20130144,63.00,11,74.00,B,JUNE_JULY,2017,SUPP,ME1462,1.5,COMPUTER GRAPHICS LAB,89.000000,79.000000,69.000000,60.000000,50.000000,40.000000,JUNE_JULY_2017,0,0,0,0,0
20140018,64.00,13,77.00,B,JUNE_JULY,2017,SUPP,ME1462,1.5,COMPUTER GRAPHICS LAB,89.000000,79.000000,69.000000,60.000000,50.000000,40.000000,JUNE_JULY_2017,0,0,0,0,0
