Reg_No,Internal,External,Total,Grade,Time,Year,Type,Code,Credit,Title,Cut-Off-S,Cut-Off-A,Cut-Off-B,Cut-Off-C,Cut-Off-D,Cut-Off-E,Directory,Absentees,Malpractices,Detentions,NA,appeared
20120056,58.50,14,73.00,B,JUNE_JULY,2017,SUPP,ME1463,1.5,THERMAL ENGINEERING LAB I,87.000000,80.000000,72.000000,65.000000,57.000000,50.000000,JUNE_JULY_2017,0,0,0,0,0
20140465,61.50,16,78.00,B,JUNE_JULY,2017,SUPP,ME1463,1.5,THERMAL ENGINEERING LAB I,87.000000,80.000000,72.000000,65.000000,57.000000,50.000000,JUNE_JULY_2017,0,0,0,0,0
201500143,58.20,12,71.00,C,JUNE_JULY,2017,SUPP,ME1463,1.5,THERMAL ENGINEERING LAB I,87.000000,80.000000,72.000000,65.000000,57.000000,50.000000,JUNE_JULY_2017,0,0,0,0,0
201500163,59.10,12,72.00,B,JUNE_JULY,2017,SUPP,ME1463,1.5,THERMAL ENGINEERING LAB I,87.000000,80.000000,72.000000,65.000000,57.000000,50.000000,JUNE_JULY_2017,0,0,0,0,0
201500443,56.40,12,69.00,C,JUNE_JULY,2017,SUPP,ME1463,1.5,THERMAL ENGINEERING LAB I,87.000000,80.000000,72.000000,65.000000,57.000000,50.000000,JUNE_JULY_2017,0,0,0,0,0
201500458,60.30,16,77.00,B,JUNE_JULY,2017,SUPP,ME1463,1.5,THERMAL ENGINEERING LAB I,87.000000,80.000000,72.000000,65.000000,57.000000,50.000000,JUNE_JULY_2017,0,0,0,0,0
20140018,0.00,DT,0.00,DT,JUNE_JULY,2017,SUPP,ME1463,1.5,THERMAL ENGINEERING LAB I,87.000000,80.000000,72.000000,65.000000,57.000000,50.000000,JUNE_JULY_2017,0,0,0,0,0
