Reg_No,Internal,External,Total,Grade,Time,Year,Type,Code,Credit,Title,Cut-Off-S,Cut-Off-A,Cut-Off-B,Cut-Off-C,Cut-Off-D,Cut-Off-E,Directory,Absentees,Malpractices,Detentions,NA,appeared
20140565,7.35,AB,0.00,I,JUNE_JULY,2017,SUPP,ME1405,4.0,MATERIAL SCIENCE _9 10 11 12 13 14 15_,80.000000,71.000000,62.000000,53.000000,44.000000,35.000000,JUNE_JULY_2017,0,0,0,0,0
20140610,10.15,5,16.00,F,JUNE_JULY,2017,SUPP,ME1405,4.0,MATERIAL SCIENCE _9 10 11 12 13 14 15_,80.000000,71.000000,62.000000,53.000000,44.000000,35.000000,JUNE_JULY_2017,0,0,0,0,0
201500060,22.05,AB,0.00,I,JUNE_JULY,2017,SUPP,ME1405,4.0,MATERIAL SCIENCE _9 10 11 12 13 14 15_,80.000000,71.000000,62.000000,53.000000,44.000000,35.000000,JUNE_JULY_2017,0,0,0,0,0
201500071,23.40,AB,0.00,I,JUNE_JULY,2017,SUPP,ME1405,4.0,MATERIAL SCIENCE _9 10 11 12 13 14 15_,80.000000,71.000000,62.000000,53.000000,44.000000,35.000000,JUNE_JULY_2017,0,0,0,0,0
201500141,23.90,26,50.00,D,JUNE_JULY,2017,SUPP,ME1405,4.0,MATERIAL SCIENCE _9 10 11 12 13 14 15_,80.000000,71.000000,62.000000,53.000000,44.000000,35.000000,JUNE_JULY_2017,0,0,0,0,0
201500455,12.15,5.5,18.00,F,JUNE_JULY,2017,SUPP,ME1405,4.0,MATERIAL SCIENCE _9 10 11 12 13 14 15_,80.000000,71.000000,62.000000,53.000000,44.000000,35.000000,JUNE_JULY_2017,0,0,0,0,0
201500458,19.20,31.5,51.00,D,JUNE_JULY,2017,SUPP,ME1405,4.0,MATERIAL SCIENCE _9 10 11 12 13 14 15_,80.000000,71.000000,62.000000,53.000000,44.000000,35.000000,JUNE_JULY_2017,0,0,0,0,0
201615505,16.75,38.5,56.00,C,JUNE_JULY,2017,SUPP,ME1405,4.0,MATERIAL SCIENCE _9 10 11 12 13 14 15_,80.000000,71.000000,62.000000,53.000000,44.000000,35.000000,JUNE_JULY_2017,0,0,0,0,0
