Reg_No,Internal,External,Total,Grade,Time,Year,Type,Code,Credit,Title,Cut-Off-S,Cut-Off-A,Cut-Off-B,Cut-Off-C,Cut-Off-D,Cut-Off-E,Directory,Absentees,Malpractices,Detentions,NA,appeared
20120136,15.30,30.5,46.00,D,JUNE_JULY,2017,SUPP,ME1505,4.0,METROLOGY _9 10 11 12 13 14_,86.000000,76.000000,66.000000,55.000000,45.000000,35.000000,JUNE_JULY_2017,0,0,0,0,0
20120727,12.70,AB,0.00,I,JUNE_JULY,2017,SUPP,ME1505,4.0,METROLOGY _9 10 11 12 13 14_,86.000000,76.000000,66.000000,55.000000,45.000000,35.000000,JUNE_JULY_2017,0,0,0,0,0
20130070,11.80,24.5,37.00,E,JUNE_JULY,2017,SUPP,ME1505,4.0,METROLOGY _9 10 11 12 13 14_,86.000000,76.000000,66.000000,55.000000,45.000000,35.000000,JUNE_JULY_2017,0,0,0,0,0
20130457,18.75,25,44.00,E,JUNE_JULY,2017,SUPP,ME1505,4.0,METROLOGY _9 10 11 12 13 14_,86.000000,76.000000,66.000000,55.000000,45.000000,35.000000,JUNE_JULY_2017,0,0,0,0,0
20130473,17.60,25,43.00,E,JUNE_JULY,2017,SUPP,ME1505,4.0,METROLOGY _9 10 11 12 13 14_,86.000000,76.000000,66.000000,55.000000,45.000000,35.000000,JUNE_JULY_2017,0,0,0,0,0
20140130,23.60,18,42.00,E,JUNE_JULY,2017,SUPP,ME1505,4.0,METROLOGY _9 10 11 12 13 14_,86.000000,76.000000,66.000000,55.000000,45.000000,35.000000,JUNE_JULY_2017,0,0,0,0,0
20140141,28.20,AB,0.00,I,JUNE_JULY,2017,SUPP,ME1505,4.0,METROLOGY _9 10 11 12 13 14_,86.000000,76.000000,66.000000,55.000000,45.000000,35.000000,JUNE_JULY_2017,0,0,0,0,0
