Reg_No,Internal,External,Total,Grade,Time,Year,Type,Code,Credit,Title,Cut-Off-S,Cut-Off-A,Cut-Off-B,Cut-Off-C,Cut-Off-D,Cut-Off-E,Directory,Absentees,Malpractices,Detentions,NA,appeared
20120159,24.70,17,42.00,E,JUNE_JULY,2017,SUPP,ME1504,4.0,THEORY OF MACHINES II _9 10 11 12 13 14_,89.000000,78.000000,67.000000,57.000000,46.000000,35.000000,JUNE_JULY_2017,0,0,0,0,0
20120727,8.40,AB,0.00,I,JUNE_JULY,2017,SUPP,ME1504,4.0,THEORY OF MACHINES II _9 10 11 12 13 14_,89.000000,78.000000,67.000000,57.000000,46.000000,35.000000,JUNE_JULY_2017,0,0,0,0,0
20130318,9.20,25,35.00,E,JUNE_JULY,2017,SUPP,ME1504,4.0,THEORY OF MACHINES II _9 10 11 12 13 14_,89.000000,78.000000,67.000000,57.000000,46.000000,35.000000,JUNE_JULY_2017,0,0,0,0,0
20130536,15.10,19.5,35.00,E,JUNE_JULY,2017,SUPP,ME1504,4.0,THEORY OF MACHINES II _9 10 11 12 13 14_,89.000000,78.000000,67.000000,57.000000,46.000000,35.000000,JUNE_JULY_2017,0,0,0,0,0
20140130,9.00,AB,0.00,I,JUNE_JULY,2017,SUPP,ME1504,4.0,THEORY OF MACHINES II _9 10 11 12 13 14_,89.000000,78.000000,67.000000,57.000000,46.000000,35.000000,JUNE_JULY_2017,0,0,0,0,0
20140543,22.10,32,55.00,D,JUNE_JULY,2017,SUPP,ME1504,4.0,THEORY OF MACHINES II _9 10 11 12 13 14_,89.000000,78.000000,67.000000,57.000000,46.000000,35.000000,JUNE_JULY_2017,0,0,0,0,0
201315502,6.90,AB,0.00,I,JUNE_JULY,2017,SUPP,ME1504,4.0,THEORY OF MACHINES II _9 10 11 12 13 14_,89.000000,78.000000,67.000000,57.000000,46.000000,35.000000,JUNE_JULY_2017,0,0,0,0,0
