Reg_No,Internal,External,Total,Grade,Time,Year,Type,Code,Credit,Title,Cut-Off-S,Cut-Off-A,Cut-Off-B,Cut-Off-C,Cut-Off-D,Cut-Off-E,Directory,Absentees,Malpractices,Detentions,NA,appeared
20120498,14.20,12,27.00,F,JUNE_JULY,2017,SUPP,ME1604,4.0,AUTOMOBILE ENGINEERING _11 12 13 14_,85.000000,75.000000,65.000000,55.000000,45.000000,35.000000,JUNE_JULY_2017,0,0,0,0,0
20140405,12.30,AB,0.00,I,JUNE_JULY,2017,SUPP,ME1604,4.0,AUTOMOBILE ENGINEERING _11 12 13 14_,85.000000,75.000000,65.000000,55.000000,45.000000,35.000000,JUNE_JULY_2017,0,0,0,0,0
20140517,14.00,6,20.00,F,JUNE_JULY,2017,SUPP,ME1604,4.0,AUTOMOBILE ENGINEERING _11 12 13 14_,85.000000,75.000000,65.000000,55.000000,45.000000,35.000000,JUNE_JULY_2017,0,0,0,0,0
20140602,21.20,8,30.00,F,JUNE_JULY,2017,SUPP,ME1604,4.0,AUTOMOBILE ENGINEERING _11 12 13 14_,85.000000,75.000000,65.000000,55.000000,45.000000,35.000000,JUNE_JULY_2017,0,0,0,0,0
