Reg_No,Internal,External,Total,Grade,Time,Year,Type,Code,Credit,Title,Cut-Off-S,Cut-Off-A,Cut-Off-B,Cut-Off-C,Cut-Off-D,Cut-Off-E,Directory,Absentees,Malpractices,Detentions,NA,appeared
20130070,52.80,12,65.00,D,JUNE_JULY,2017,SUPP,ME1663,1.5,AUTOMOBILE LAB,90.000000,82.000000,74.000000,66.000000,58.000000,50.000000,JUNE_JULY_2017,0,0,0,0,0
20140554,65.10,16,82.00,A,JUNE_JULY,2017,SUPP,ME1663,1.5,AUTOMOBILE LAB,90.000000,82.000000,74.000000,66.000000,58.000000,50.000000,JUNE_JULY_2017,0,0,0,0,0
20140578,62.40,17,80.00,B,JUNE_JULY,2017,SUPP,ME1663,1.5,AUTOMOBILE LAB,90.000000,82.000000,74.000000,66.000000,58.000000,50.000000,JUNE_JULY_2017,0,0,0,0,0
20140608,61.50,14,76.00,B,JUNE_JULY,2017,SUPP,ME1663,1.5,AUTOMOBILE LAB,90.000000,82.000000,74.000000,66.000000,58.000000,50.000000,JUNE_JULY_2017,0,0,0,0,0
201415508,61.50,16,78.00,B,JUNE_JULY,2017,SUPP,ME1663,1.5,AUTOMOBILE LAB,90.000000,82.000000,74.000000,66.000000,58.000000,50.000000,JUNE_JULY_2017,0,0,0,0,0
