Reg_No,Internal,External,Total,Grade,Time,Year,Type,Code,Credit,Title,Cut-Off-S,Cut-Off-A,Cut-Off-B,Cut-Off-C,Cut-Off-D,Cut-Off-E,Directory,Absentees,Malpractices,Detentions,NA,appeared
20120004,16.00,40.5,57.00,C,JUNE_JULY,2017,SUPP,ME1704,4.0,INSTRUMENTATION & CONTROL SYSTEM _11 12 13_,84.000000,74.000000,64.000000,55.000000,45.000000,35.000000,JUNE_JULY_2017,0,0,0,0,0
20120498,20.60,15.5,37.00,E,JUNE_JULY,2017,SUPP,ME1704,4.0,INSTRUMENTATION & CONTROL SYSTEM _11 12 13_,84.000000,74.000000,64.000000,55.000000,45.000000,35.000000,JUNE_JULY_2017,0,0,0,0,0
20130144,19.70,30.5,51.00,D,JUNE_JULY,2017,SUPP,ME1704,4.0,INSTRUMENTATION & CONTROL SYSTEM _11 12 13_,84.000000,74.000000,64.000000,55.000000,45.000000,35.000000,JUNE_JULY_2017,0,0,0,0,0
20130512,9.00,30,39.00,E,JUNE_JULY,2017,SUPP,ME1704,4.0,INSTRUMENTATION & CONTROL SYSTEM _11 12 13_,84.000000,74.000000,64.000000,55.000000,45.000000,35.000000,JUNE_JULY_2017,0,0,0,0,0
