Reg_No,Internal,External,Total,Grade,Time,Year,Type,Code,Credit,Title,Cut-Off-S,Cut-Off-A,Cut-Off-B,Cut-Off-C,Cut-Off-D,Cut-Off-E,Directory,Absentees,Malpractices,Detentions,NA,appeared
201500019,56.52,04,61.00,D,JUNE_JULY,2017,SUPP,PH1162,1.5,ENGINEERING PHYSICS LAB,90.000000,82.000000,74.000000,66.000000,58.000000,50.000000,JUNE_JULY_2017,0,0,0,0,0
201500184,60.54,05,66.00,C,JUNE_JULY,2017,SUPP,PH1162,1.5,ENGINEERING PHYSICS LAB,90.000000,82.000000,74.000000,66.000000,58.000000,50.000000,JUNE_JULY_2017,0,0,0,0,0
201600183,63.00,10,73.00,C,JUNE_JULY,2017,SUPP,PH1162,1.5,ENGINEERING PHYSICS LAB,90.000000,82.000000,74.000000,66.000000,58.000000,50.000000,JUNE_JULY_2017,0,0,0,0,0
201600669,55.20,04,60.00,D,JUNE_JULY,2017,SUPP,PH1162,1.5,ENGINEERING PHYSICS LAB,90.000000,82.000000,74.000000,66.000000,58.000000,50.000000,JUNE_JULY_2017,0,0,0,0,0
