Reg_No,Internal,External,Total,Grade,Time,Year,Type,Code,Credit,Title,Cut-Off-S,Cut-Off-A,Cut-Off-B,Cut-Off-C,Cut-Off-D,Cut-Off-E,Directory,Absentees,Malpractices,Detentions,NA,appeared
201621206,26.90,AB,0.00,I,JUNE_JULY,2017,SUPP,PH2204,4.0,QUANTUM MECHANICS II _13 14 15 16_,90.000000,80.000000,70.000000,60.000000,50.000000,40.000000,JUNE_JULY_2017,0,0,0,0,0
201621217,37.85,35,73.00,B,JUNE_JULY,2017,SUPP,PH2204,4.0,QUANTUM MECHANICS II _13 14 15 16_,90.000000,80.000000,70.000000,60.000000,50.000000,40.000000,JUNE_JULY_2017,0,0,0,0,0
201621211,32.90,31.5,65.00,C,JUNE_JULY,2017,SUPP,PH2204,4.0,QUANTUM MECHANICS II _13 14 15 16_,90.000000,80.000000,70.000000,60.000000,50.000000,40.000000,JUNE_JULY_2017,0,0,0,0,0
