Reg_No,Internal,External,Total,Grade,Time,Year,Type,Code,Credit,Title,Cut-Off-S,Cut-Off-A,Cut-Off-B,Cut-Off-C,Cut-Off-D,Cut-Off-E,Directory,Absentees,Malpractices,Detentions,NA,appeared
20120054,17.75,25.5,44.00,D,MAY_JUNE,2016,BACK,COA203_COB103,4.0,ENGINEERING CHEMISTRY _10 11 12_,82.000000,72.000000,63.000000,53.000000,44.000000,35.000000,MAY_JUNE_2016,0,0,0,0,0
20120269,17.05,AB,0.00,I,MAY_JUNE,2016,BACK,COA203_COB103,4.0,ENGINEERING CHEMISTRY _10 11 12_,82.000000,72.000000,63.000000,53.000000,44.000000,35.000000,MAY_JUNE_2016,0,0,0,0,0
20120295,17.16,23.25,41.00,E,MAY_JUNE,2016,BACK,COA203_COB103,4.0,ENGINEERING CHEMISTRY _10 11 12_,82.000000,72.000000,63.000000,53.000000,44.000000,35.000000,MAY_JUNE_2016,0,0,0,0,0
20120453,19.10,11,31.00,F,MAY_JUNE,2016,BACK,COA203_COB103,4.0,ENGINEERING CHEMISTRY _10 11 12_,82.000000,72.000000,63.000000,53.000000,44.000000,35.000000,MAY_JUNE_2016,0,0,0,0,0
