Reg_No,Internal,External,Total,Grade,Time,Year,Type,Code,Credit,Title,Cut-Off-S,Cut-Off-A,Cut-Off-B,Cut-Off-C,Cut-Off-D,Cut-Off-E,Directory,Absentees,Malpractices,Detentions,NA,appeared
20120709,15.50,AB,0.00,I,MAY_JUNE,2016,BACK,CS1404,4.0,COMPUTER GRAPHICS _7 8 9 10 11 12 13 14_,80.000000,71.000000,62.000000,53.000000,44.000000,35.000000,MAY_JUNE_2016,0,0,0,0,0
20130268,10.78,26.5,38.00,E,MAY_JUNE,2016,BACK,CS1404,4.0,COMPUTER GRAPHICS _7 8 9 10 11 12 13 14_,80.000000,71.000000,62.000000,53.000000,44.000000,35.000000,MAY_JUNE_2016,0,0,0,0,0
20130441,13.90,1.5,16.00,F,MAY_JUNE,2016,BACK,CS1404,4.0,COMPUTER GRAPHICS _7 8 9 10 11 12 13 14_,80.000000,71.000000,62.000000,53.000000,44.000000,35.000000,MAY_JUNE_2016,0,0,0,0,0
