Reg_No,Internal,External,Total,Grade,Time,Year,Type,Code,Credit,Title,Cut-Off-S,Cut-Off-A,Cut-Off-B,Cut-Off-C,Cut-Off-D,Cut-Off-E,Directory,Absentees,Malpractices,Detentions,NA,appeared
20120138,7.50,06,14.00,F,MAY_JUNE,2016,BACK,EC1403,4.0,ELECTROMAGNETIC WAVES _7 8 9 10 11 12 13 14_,84.000000,74.000000,65.000000,55.000000,45.000000,35.000000,MAY_JUNE_2016,0,0,0,0,0
20120360,15.60,AB,0.00,I,MAY_JUNE,2016,BACK,EC1403,4.0,ELECTROMAGNETIC WAVES _7 8 9 10 11 12 13 14_,84.000000,74.000000,65.000000,55.000000,45.000000,35.000000,MAY_JUNE_2016,0,0,0,0,0
20120455,15.20,AB,0.00,I,MAY_JUNE,2016,BACK,EC1403,4.0,ELECTROMAGNETIC WAVES _7 8 9 10 11 12 13 14_,84.000000,74.000000,65.000000,55.000000,45.000000,35.000000,MAY_JUNE_2016,0,0,0,0,0
20120585,12.50,05,18.00,F,MAY_JUNE,2016,BACK,EC1403,4.0,ELECTROMAGNETIC WAVES _7 8 9 10 11 12 13 14_,84.000000,74.000000,65.000000,55.000000,45.000000,35.000000,MAY_JUNE_2016,0,0,0,0,0
20120553,18.60,AB,0.00,I,MAY_JUNE,2016,BACK,EC1403,4.0,ELECTROMAGNETIC WAVES _7 8 9 10 11 12 13 14_,84.000000,74.000000,65.000000,55.000000,45.000000,35.000000,MAY_JUNE_2016,0,0,0,0,0
20130010,12.10,01,14.00,F,MAY_JUNE,2016,BACK,EC1403,4.0,ELECTROMAGNETIC WAVES _7 8 9 10 11 12 13 14_,84.000000,74.000000,65.000000,55.000000,45.000000,35.000000,MAY_JUNE_2016,0,0,0,0,0
20130397,19.10,AB,0.00,I,MAY_JUNE,2016,BACK,EC1403,4.0,ELECTROMAGNETIC WAVES _7 8 9 10 11 12 13 14_,84.000000,74.000000,65.000000,55.000000,45.000000,35.000000,MAY_JUNE_2016,0,0,0,0,0
20120571,12.70,3.5,17.00,F,MAY_JUNE,2016,BACK,EC1403,4.0,ELECTROMAGNETIC WAVES _7 8 9 10 11 12 13 14_,84.000000,74.000000,65.000000,55.000000,45.000000,35.000000,MAY_JUNE_2016,0,0,0,0,0
