Reg_No,Internal,External,Total,Grade,Time,Year,Type,Code,Credit,Title,Cut-Off-S,Cut-Off-A,Cut-Off-B,Cut-Off-C,Cut-Off-D,Cut-Off-E,Directory,Absentees,Malpractices,Detentions,NA,appeared
20120102,21.30,21,43.00,E,MAY_JUNE,2016,BACK,EC603_EE603,4.0,INDUSTRIAL MANAGEMENT _BA1510_ _11 12 13_,86.000000,76.000000,65.000000,55.000000,45.000000,35.000000,MAY_JUNE_2016,0,0,0,0,0
20120478,20.35,AB,0.00,I,MAY_JUNE,2016,BACK,EC603_EE603,4.0,INDUSTRIAL MANAGEMENT _BA1510_ _11 12 13_,86.000000,76.000000,65.000000,55.000000,45.000000,35.000000,MAY_JUNE_2016,0,0,0,0,0
201312503,23.40,06,30.00,F,MAY_JUNE,2016,BACK,EC603_EE603,4.0,INDUSTRIAL MANAGEMENT _BA1510_ _11 12 13_,86.000000,76.000000,65.000000,55.000000,45.000000,35.000000,MAY_JUNE_2016,0,0,0,0,0
200913008,24.45,20.5,45.00,D,MAY_JUNE,2016,BACK,EC603_EE603,4.0,INDUSTRIAL MANAGEMENT _BA1510_ _11 12 13_,86.000000,76.000000,65.000000,55.000000,45.000000,35.000000,MAY_JUNE_2016,0,0,0,0,0
