Reg_No,Internal,External,Total,Grade,Time,Year,Type,Code,Credit,Title,Cut-Off-S,Cut-Off-A,Cut-Off-B,Cut-Off-C,Cut-Off-D,Cut-Off-E,Directory,Absentees,Malpractices,Detentions,NA,appeared
201313509,15.50,00,16.00,F,MAY_JUNE,2016,BACK,MA1403,4.0,ENGINEERING MATHEMATICS IV _12 13 14_,80.000000,71.000000,62.000000,53.000000,44.000000,35.000000,MAY_JUNE_2016,0,0,0,0,0
20120283,14.50,AB,0.00,I,MAY_JUNE,2016,BACK,MA1403,4.0,ENGINEERING MATHEMATICS IV _12 13 14_,80.000000,71.000000,62.000000,53.000000,44.000000,35.000000,MAY_JUNE_2016,0,0,0,0,0
20130161,19.90,6.5,27.00,F,MAY_JUNE,2016,BACK,MA1403,4.0,ENGINEERING MATHEMATICS IV _12 13 14_,80.000000,71.000000,62.000000,53.000000,44.000000,35.000000,MAY_JUNE_2016,0,0,0,0,0
201313502,19.00,12.5,32.00,F,MAY_JUNE,2016,BACK,MA1403,4.0,ENGINEERING MATHEMATICS IV _12 13 14_,80.000000,71.000000,62.000000,53.000000,44.000000,35.000000,MAY_JUNE_2016,0,0,0,0,0
