Reg_No,Internal,External,Total,Grade,Time,Year,Type,Code,Credit,Title,Cut-Off-S,Cut-Off-A,Cut-Off-B,Cut-Off-C,Cut-Off-D,Cut-Off-E,Directory,Absentees,Malpractices,Detentions,NA,appeared
20120056,15.10,AB,0.00,I,MAY_JUNE,2016,BACK,ME1403,4.0,FLUID MECHANICS _9 10 11 12 13 14_,87.000000,76.000000,66.000000,55.000000,45.000000,35.000000,MAY_JUNE_2016,0,0,0,0,0
20120363,18.60,4.5,24.00,F,MAY_JUNE,2016,BACK,ME1403,4.0,FLUID MECHANICS _9 10 11 12 13 14_,87.000000,76.000000,66.000000,55.000000,45.000000,35.000000,MAY_JUNE_2016,0,0,0,0,0
20120032,16.80,AB,0.00,I,MAY_JUNE,2016,BACK,ME1403,4.0,FLUID MECHANICS _9 10 11 12 13 14_,87.000000,76.000000,66.000000,55.000000,45.000000,35.000000,MAY_JUNE_2016,0,0,0,0,0
20130265,18.20,03,22.00,F,MAY_JUNE,2016,BACK,ME1403,4.0,FLUID MECHANICS _9 10 11 12 13 14_,87.000000,76.000000,66.000000,55.000000,45.000000,35.000000,MAY_JUNE_2016,0,0,0,0,0
20130312,12.20,3.5,16.00,F,MAY_JUNE,2016,BACK,ME1403,4.0,FLUID MECHANICS _9 10 11 12 13 14_,87.000000,76.000000,66.000000,55.000000,45.000000,35.000000,MAY_JUNE_2016,0,0,0,0,0
20130393,19.20,10,30.00,F,MAY_JUNE,2016,BACK,ME1403,4.0,FLUID MECHANICS _9 10 11 12 13 14_,87.000000,76.000000,66.000000,55.000000,45.000000,35.000000,MAY_JUNE_2016,0,0,0,0,0
20130410,13.80,AB,0.00,I,MAY_JUNE,2016,BACK,ME1403,4.0,FLUID MECHANICS _9 10 11 12 13 14_,87.000000,76.000000,66.000000,55.000000,45.000000,35.000000,MAY_JUNE_2016,0,0,0,0,0
20130473,14.20,3.5,18.00,F,MAY_JUNE,2016,BACK,ME1403,4.0,FLUID MECHANICS _9 10 11 12 13 14_,87.000000,76.000000,66.000000,55.000000,45.000000,35.000000,MAY_JUNE_2016,0,0,0,0,0
201415501,17.30,26.5,44.00,E,MAY_JUNE,2016,BACK,ME1403,4.0,FLUID MECHANICS _9 10 11 12 13 14_,87.000000,76.000000,66.000000,55.000000,45.000000,35.000000,MAY_JUNE_2016,0,0,0,0,0
