Reg_No,Internal,External,Total,Grade,Time,Year,Type,Code,Credit,Title,Cut-Off-S,Cut-Off-A,Cut-Off-B,Cut-Off-C,Cut-Off-D,Cut-Off-E,Directory,Absentees,Malpractices,Detentions,NA,appeared
20120032,15.30,AB,0.00,I,MAY_JUNE,2016,BACK,ME1404,4.0,MACHINE DESIGN I _7 8 9 10 11 12 13 14_,90.000000,79.000000,68.000000,57.000000,46.000000,35.000000,MAY_JUNE_2016,0,0,0,0,0
20120159,18.30,01,20.00,F,MAY_JUNE,2016,BACK,ME1404,4.0,MACHINE DESIGN I _7 8 9 10 11 12 13 14_,90.000000,79.000000,68.000000,57.000000,46.000000,35.000000,MAY_JUNE_2016,0,0,0,0,0
20130436,9.50,05,15.00,F,MAY_JUNE,2016,BACK,ME1404,4.0,MACHINE DESIGN I _7 8 9 10 11 12 13 14_,90.000000,79.000000,68.000000,57.000000,46.000000,35.000000,MAY_JUNE_2016,0,0,0,0,0
20130493,13.30,AB,0.00,I,MAY_JUNE,2016,BACK,ME1404,4.0,MACHINE DESIGN I _7 8 9 10 11 12 13 14_,90.000000,79.000000,68.000000,57.000000,46.000000,35.000000,MAY_JUNE_2016,0,0,0,0,0
20130529,12.70,11.5,25.00,F,MAY_JUNE,2016,BACK,ME1404,4.0,MACHINE DESIGN I _7 8 9 10 11 12 13 14_,90.000000,79.000000,68.000000,57.000000,46.000000,35.000000,MAY_JUNE_2016,0,0,0,0,0
20130755,11.60,AB,0.00,I,MAY_JUNE,2016,BACK,ME1404,4.0,MACHINE DESIGN I _7 8 9 10 11 12 13 14_,90.000000,79.000000,68.000000,57.000000,46.000000,35.000000,MAY_JUNE_2016,0,0,0,0,0
