Reg_No,Internal,External,Total,Grade,Time,Year,Type,Code,Credit,Title,Cut-Off-S,Cut-Off-A,Cut-Off-B,Cut-Off-C,Cut-Off-D,Cut-Off-E,Directory,Absentees,Malpractices,Detentions,NA,appeared
20120243,10.20,AB,0.00,I,MAY_JUNE,2016,BACK,ME1402,4.0,APPLIED THERMODYNAMICS I _9 10 11 12 13 14_,80.000000,71.000000,62.000000,53.000000,44.000000,35.000000,MAY_JUNE_2016,0,0,0,0,0
20130129,21.50,27.5,49.00,D,MAY_JUNE,2016,BACK,ME1402,4.0,APPLIED THERMODYNAMICS I _9 10 11 12 13 14_,80.000000,71.000000,62.000000,53.000000,44.000000,35.000000,MAY_JUNE_2016,0,0,0,0,0
20130536,18.90,AB,0.00,I,MAY_JUNE,2016,BACK,ME1402,4.0,APPLIED THERMODYNAMICS I _9 10 11 12 13 14_,80.000000,71.000000,62.000000,53.000000,44.000000,35.000000,MAY_JUNE_2016,0,0,0,0,0
20130393,17.20,10.5,28.00,F,MAY_JUNE,2016,BACK,ME1402,4.0,APPLIED THERMODYNAMICS I _9 10 11 12 13 14_,80.000000,71.000000,62.000000,53.000000,44.000000,35.000000,MAY_JUNE_2016,0,0,0,0,0
