Reg_No,Internal,External,Total,Grade,Time,Year,Type,Code,Credit,Title,Cut-Off-S,Cut-Off-A,Cut-Off-B,Cut-Off-C,Cut-Off-D,Cut-Off-E,Directory,Absentees,Malpractices,Detentions,NA,appeared
201500296,20.70,34,55.00,C,JAN,2017,SUPP,BA1106,3.0,COMMUNICATION SKILLS _REF CODE:COA106_,80.000000,71.000000,62.000000,53.000000,44.000000,35.000000,JAN_2017,0,0,0,0,0
201600524,15.30,MP,00.00,MP,JAN,2017,SUPP,BA1106,3.0,COMMUNICATION SKILLS _REF CODE:COA106_,80.000000,71.000000,62.000000,53.000000,44.000000,35.000000,JAN_2017,0,0,0,0,0
20120266,16.88,17.5,35.00,E,JAN,2017,SUPP,BA1106,3.0,COMMUNICATION SKILLS _REF CODE:COA106_,80.000000,71.000000,62.000000,53.000000,44.000000,35.000000,JAN_2017,0,0,0,0,0
20130267,16.25,AB,0.00,I,JAN,2017,SUPP,BA1106,3.0,COMMUNICATION SKILLS _REF CODE:COA106_,80.000000,71.000000,62.000000,53.000000,44.000000,35.000000,JAN_2017,0,0,0,0,0
