Reg_No,Internal,External,Total,Grade,Time,Year,Type,Code,Credit,Title,Cut-Off-S,Cut-Off-A,Cut-Off-B,Cut-Off-C,Cut-Off-D,Cut-Off-E,Directory,Absentees,Malpractices,Detentions,NA,appeared
201419019,8.50,AB,0.00,I,JAN,2017,SUPP,BA1304,4.0,ACCOUNTING FOR MANAGEMENT,80.000000,71.000000,62.000000,53.000000,44.000000,35.000000,JAN_2017,0,0,0,0,0
201419030,14.31,24,39.00,E,JAN,2017,SUPP,BA1304,4.0,ACCOUNTING FOR MANAGEMENT,80.000000,71.000000,62.000000,53.000000,44.000000,35.000000,JAN_2017,0,0,0,0,0
201419033,15.80,24,40.00,E,JAN,2017,SUPP,BA1304,4.0,ACCOUNTING FOR MANAGEMENT,80.000000,71.000000,62.000000,53.000000,44.000000,35.000000,JAN_2017,0,0,0,0,0
20122411,18.21,AB,0.00,I,JAN,2017,SUPP,BA1304,4.0,ACCOUNTING FOR MANAGEMENT,80.000000,71.000000,62.000000,53.000000,44.000000,35.000000,JAN_2017,0,0,0,0,0
