Reg_No,Internal,External,Total,Grade,Time,Year,Type,Code,Credit,Title,Cut-Off-S,Cut-Off-A,Cut-Off-B,Cut-Off-C,Cut-Off-D,Cut-Off-E,Directory,Absentees,Malpractices,Detentions,NA,appeared
20120357,21.15,16,38.00,E,JAN,2017,SUPP,BA1710,4.0,INDUSTRIAL ENGINEERING & MANAGEMENT _REF CODE:CS1788_,80.000000,71.000000,62.000000,53.000000,44.000000,35.000000,JAN_2017,0,0,0,0,0
20120666,25.50,AB,0.00,I,JAN,2017,SUPP,BA1710,4.0,INDUSTRIAL ENGINEERING & MANAGEMENT _REF CODE:CS1788_,80.000000,71.000000,62.000000,53.000000,44.000000,35.000000,JAN_2017,0,0,0,0,0
20130083,32.20,11.5,44.00,D,JAN,2017,SUPP,BA1710,4.0,INDUSTRIAL ENGINEERING & MANAGEMENT _REF CODE:CS1788_,80.000000,71.000000,62.000000,53.000000,44.000000,35.000000,JAN_2017,0,0,0,0,0
20130194,23.00,11.5,35.00,E,JAN,2017,SUPP,BA1710,4.0,INDUSTRIAL ENGINEERING & MANAGEMENT _REF CODE:CS1788_,80.000000,71.000000,62.000000,53.000000,44.000000,35.000000,JAN_2017,0,0,0,0,0
20130268,26.60,23,50.00,D,JAN,2017,SUPP,BA1710,4.0,INDUSTRIAL ENGINEERING & MANAGEMENT _REF CODE:CS1788_,80.000000,71.000000,62.000000,53.000000,44.000000,35.000000,JAN_2017,0,0,0,0,0
20130287,29.80,15.5,46.00,D,JAN,2017,SUPP,BA1710,4.0,INDUSTRIAL ENGINEERING & MANAGEMENT _REF CODE:CS1788_,80.000000,71.000000,62.000000,53.000000,44.000000,35.000000,JAN_2017,0,0,0,0,0
20130310,20.90,14,35.00,E,JAN,2017,SUPP,BA1710,4.0,INDUSTRIAL ENGINEERING & MANAGEMENT _REF CODE:CS1788_,80.000000,71.000000,62.000000,53.000000,44.000000,35.000000,JAN_2017,0,0,0,0,0
20130362,21.70,12.5,35.00,E,JAN,2017,SUPP,BA1710,4.0,INDUSTRIAL ENGINEERING & MANAGEMENT _REF CODE:CS1788_,80.000000,71.000000,62.000000,53.000000,44.000000,35.000000,JAN_2017,0,0,0,0,0
20130441,26.60,15.5,43.00,E,JAN,2017,SUPP,BA1710,4.0,INDUSTRIAL ENGINEERING & MANAGEMENT _REF CODE:CS1788_,80.000000,71.000000,62.000000,53.000000,44.000000,35.000000,JAN_2017,0,0,0,0,0
