Reg_No,Internal,External,Total,Grade,Time,Year,Type,Code,Credit,Title,Cut-Off-S,Cut-Off-A,Cut-Off-B,Cut-Off-C,Cut-Off-D,Cut-Off-E,Directory,Absentees,Malpractices,Detentions,NA,appeared
201416011,4.60,AB,0.00,I,JAN,2017,SUPP,CA1105_CA3105,4.0,FUNDAMENTAL OF DIGITAL ELECTRONICS,80.000000,71.000000,62.000000,53.000000,44.000000,35.000000,JAN_2017,0,0,0,0,0
201516011,15.30,AB,0.00,I,JAN,2017,SUPP,CA1105_CA3105,4.0,FUNDAMENTAL OF DIGITAL ELECTRONICS,80.000000,71.000000,62.000000,53.000000,44.000000,35.000000,JAN_2017,0,0,0,0,0
201616014,9.40,16,26.00,F,JAN,2017,SUPP,CA1105_CA3105,4.0,FUNDAMENTAL OF DIGITAL ELECTRONICS,80.000000,71.000000,62.000000,53.000000,44.000000,35.000000,JAN_2017,0,0,0,0,0
201616024,16.10,6.5,23.00,F,JAN,2017,SUPP,CA1105_CA3105,4.0,FUNDAMENTAL OF DIGITAL ELECTRONICS,80.000000,71.000000,62.000000,53.000000,44.000000,35.000000,JAN_2017,0,0,0,0,0
201616030,14.50,14,29.00,F,JAN,2017,SUPP,CA1105_CA3105,4.0,FUNDAMENTAL OF DIGITAL ELECTRONICS,80.000000,71.000000,62.000000,53.000000,44.000000,35.000000,JAN_2017,0,0,0,0,0
