Reg_No,Internal,External,Total,Grade,Time,Year,Type,Code,Credit,Title,Cut-Off-S,Cut-Off-A,Cut-Off-B,Cut-Off-C,Cut-Off-D,Cut-Off-E,Directory,Absentees,Malpractices,Detentions,NA,appeared
201516004,49.00,12,61.00,C,JAN,2017,SUPP,CA1361,1.5,DATA STRUCTURES LABORATORY,90.000000,80.000000,70.000000,60.000000,50.000000,40.000000,JAN_2017,0,0,0,0,0
201516009,49.50,14,64.00,C,JAN,2017,SUPP,CA1361,1.5,DATA STRUCTURES LABORATORY,90.000000,80.000000,70.000000,60.000000,50.000000,40.000000,JAN_2017,0,0,0,0,0
201516011,55.00,15,70.00,B,JAN,2017,SUPP,CA1361,1.5,DATA STRUCTURES LABORATORY,90.000000,80.000000,70.000000,60.000000,50.000000,40.000000,JAN_2017,0,0,0,0,0
201516024,53.00,14,67.00,C,JAN,2017,SUPP,CA1361,1.5,DATA STRUCTURES LABORATORY,90.000000,80.000000,70.000000,60.000000,50.000000,40.000000,JAN_2017,0,0,0,0,0
