Reg_No,Internal,External,Total,Grade,Time,Year,Type,Code,Credit,Title,Cut-Off-S,Cut-Off-A,Cut-Off-B,Cut-Off-C,Cut-Off-D,Cut-Off-E,Directory,Absentees,Malpractices,Detentions,NA,appeared
201316019,8.95,25.5,35.00,E,JAN,2017,SUPP,CA1304_CA3304,4.0,OOP USING C++,84.000000,74.000000,64.000000,55.000000,45.000000,35.000000,JAN_2017,0,0,0,0,0
201416011,12.25,22.5,35.00,E,JAN,2017,SUPP,CA1304_CA3304,4.0,OOP USING C++,84.000000,74.000000,64.000000,55.000000,45.000000,35.000000,JAN_2017,0,0,0,0,0
201416012,17.30,19.5,37.00,E,JAN,2017,SUPP,CA1304_CA3304,4.0,OOP USING C++,84.000000,74.000000,64.000000,55.000000,45.000000,35.000000,JAN_2017,0,0,0,0,0
201416016,20.05,18,39.00,E,JAN,2017,SUPP,CA1304_CA3304,4.0,OOP USING C++,84.000000,74.000000,64.000000,55.000000,45.000000,35.000000,JAN_2017,0,0,0,0,0
