Reg_No,Internal,External,Total,Grade,Time,Year,Type,Code,Credit,Title,Cut-Off-S,Cut-Off-A,Cut-Off-B,Cut-Off-C,Cut-Off-D,Cut-Off-E,Directory,Absentees,Malpractices,Detentions,NA,appeared
20121925,52.00,11,63.00,D,JAN,2017,SUPP,CA1562,1.5,VB.NET LAB,90.000000,82.000000,74.000000,66.000000,58.000000,50.000000,JAN_2017,0,0,0,0,0
201416002,56.00,12,68.00,C,JAN,2017,SUPP,CA1562,1.5,VB.NET LAB,90.000000,82.000000,74.000000,66.000000,58.000000,50.000000,JAN_2017,0,0,0,0,0
201416007,64.00,17,81.00,B,JAN,2017,SUPP,CA1562,1.5,VB.NET LAB,90.000000,82.000000,74.000000,66.000000,58.000000,50.000000,JAN_2017,0,0,0,0,0
