Reg_No,Internal,External,Total,Grade,Time,Year,Type,Code,Credit,Title,Cut-Off-S,Cut-Off-A,Cut-Off-B,Cut-Off-C,Cut-Off-D,Cut-Off-E,Directory,Absentees,Malpractices,Detentions,NA,appeared
201322007,13.40,26,40.00,E,JAN,2017,SUPP,CA2303,4.0,DATABASE MANAGEMENT SYSTEMS,90.000000,80.000000,70.000000,60.000000,50.000000,40.000000,JAN_2017,0,0,0,0,0
201322014,17.40,27,45.00,E,JAN,2017,SUPP,CA2303,4.0,DATABASE MANAGEMENT SYSTEMS,90.000000,80.000000,70.000000,60.000000,50.000000,40.000000,JAN_2017,0,0,0,0,0
201522005,15.70,27,43.00,E,JAN,2017,SUPP,CA2303,4.0,DATABASE MANAGEMENT SYSTEMS,90.000000,80.000000,70.000000,60.000000,50.000000,40.000000,JAN_2017,0,0,0,0,0
201522022,20.60,23,44.00,E,JAN,2017,SUPP,CA2303,4.0,DATABASE MANAGEMENT SYSTEMS,90.000000,80.000000,70.000000,60.000000,50.000000,40.000000,JAN_2017,0,0,0,0,0
