Reg_No,Internal,External,Total,Grade,Time,Year,Type,Code,Credit,Title,Cut-Off-S,Cut-Off-A,Cut-Off-B,Cut-Off-C,Cut-Off-D,Cut-Off-E,Directory,Absentees,Malpractices,Detentions,NA,appeared
201322007,33.30,34.2,68.00,C,JAN,2017,SUPP,CA2571,2.0,MINI PROJECT,87.000000,80.000000,72.000000,65.000000,57.000000,50.000000,JAN_2017,0,0,0,0,0
201522017,33.90,35.3,70.00,C,JAN,2017,SUPP,CA2571,2.0,MINI PROJECT,87.000000,80.000000,72.000000,65.000000,57.000000,50.000000,JAN_2017,0,0,0,0,0
201522020,39.20,41,81.00,A,JAN,2017,SUPP,CA2571,2.0,MINI PROJECT,87.000000,80.000000,72.000000,65.000000,57.000000,50.000000,JAN_2017,0,0,0,0,0
