Reg_No,Internal,External,Total,Grade,Time,Year,Type,Code,Credit,Title,Cut-Off-S,Cut-Off-A,Cut-Off-B,Cut-Off-C,Cut-Off-D,Cut-Off-E,Directory,Absentees,Malpractices,Detentions,NA,appeared
201322015,31.90,22.5,55.00,D,JAN,2017,SUPP,CA2501,4.0,WEB ENGINEERING,88.000000,77.000000,67.000000,56.000000,46.000000,35.000000,JAN_2017,0,0,0,0,0
201422001,31.50,29,61.00,C,JAN,2017,SUPP,CA2501,4.0,WEB ENGINEERING,88.000000,77.000000,67.000000,56.000000,46.000000,35.000000,JAN_2017,0,0,0,0,0
201422003,20.80,27,48.00,D,JAN,2017,SUPP,CA2501,4.0,WEB ENGINEERING,88.000000,77.000000,67.000000,56.000000,46.000000,35.000000,JAN_2017,0,0,0,0,0
201522004,24.60,28,53.00,D,JAN,2017,SUPP,CA2501,4.0,WEB ENGINEERING,88.000000,77.000000,67.000000,56.000000,46.000000,35.000000,JAN_2017,0,0,0,0,0
