Reg_No,Internal,External,Total,Grade,Time,Year,Type,Code,Credit,Title,Cut-Off-S,Cut-Off-A,Cut-Off-B,Cut-Off-C,Cut-Off-D,Cut-Off-E,Directory,Absentees,Malpractices,Detentions,NA,appeared
20130028,65.00,16,81.00,A,JAN,2017,SUPP,CE1361,1.5,PLANNING & CA DRAWING,86.000000,79.000000,72.000000,64.000000,57.000000,50.000000,JAN_2017,0,0,0,0,0
201500013,70.00,12,82.00,A,JAN,2017,SUPP,CE1361,1.5,PLANNING & CA DRAWING,86.000000,79.000000,72.000000,64.000000,57.000000,50.000000,JAN_2017,0,0,0,0,0
201500129,68.00,13,81.00,A,JAN,2017,SUPP,CE1361,1.5,PLANNING & CA DRAWING,86.000000,79.000000,72.000000,64.000000,57.000000,50.000000,JAN_2017,0,0,0,0,0
201500133,0.00,DT,0.00,DT,JAN,2017,SUPP,CE1361,1.5,PLANNING & CA DRAWING,86.000000,79.000000,72.000000,64.000000,57.000000,50.000000,JAN_2017,0,0,0,0,0
201500152,69.00,16,85.00,A,JAN,2017,SUPP,CE1361,1.5,PLANNING & CA DRAWING,86.000000,79.000000,72.000000,64.000000,57.000000,50.000000,JAN_2017,0,0,0,0,0
201500154,58.00,10,68.00,C,JAN,2017,SUPP,CE1361,1.5,PLANNING & CA DRAWING,86.000000,79.000000,72.000000,64.000000,57.000000,50.000000,JAN_2017,0,0,0,0,0
