Reg_No,Internal,External,Total,Grade,Time,Year,Type,Code,Credit,Title,Cut-Off-S,Cut-Off-A,Cut-Off-B,Cut-Off-C,Cut-Off-D,Cut-Off-E,Directory,Absentees,Malpractices,Detentions,NA,appeared
20130028,50.00,04,54.00,E,JAN,2017,SUPP,CE1363,1.5,GEOLOGY LAB,80.000000,74.000000,68.000000,61.000000,55.000000,49.000000,JAN_2017,0,0,0,0,0
20140518,0.00,DT,0.00,DT,JAN,2017,SUPP,CE1363,1.5,GEOLOGY LAB,80.000000,74.000000,68.000000,61.000000,55.000000,49.000000,JAN_2017,0,0,0,0,0
201500133,49.00,01,50.00,E,JAN,2017,SUPP,CE1363,1.5,GEOLOGY LAB,80.000000,74.000000,68.000000,61.000000,55.000000,49.000000,JAN_2017,0,0,0,0,0
201500154,49.00,04,53.00,E,JAN,2017,SUPP,CE1363,1.5,GEOLOGY LAB,80.000000,74.000000,68.000000,61.000000,55.000000,49.000000,JAN_2017,0,0,0,0,0
