Reg_No,Internal,External,Total,Grade,Time,Year,Type,Code,Credit,Title,Cut-Off-S,Cut-Off-A,Cut-Off-B,Cut-Off-C,Cut-Off-D,Cut-Off-E,Directory,Absentees,Malpractices,Detentions,NA,appeared
20120274,61.60,12,74.00,B,JAN,2017,SUPP,CE1563,1.5,COMPUTER LAB I,90.000000,82.000000,74.000000,66.000000,58.000000,50.000000,JAN_2017,0,0,0,0,0
20130076,60.10,14,75.00,B,JAN,2017,SUPP,CE1563,1.5,COMPUTER LAB I,90.000000,82.000000,74.000000,66.000000,58.000000,50.000000,JAN_2017,0,0,0,0,0
20130508,59.30,17,77.00,B,JAN,2017,SUPP,CE1563,1.5,COMPUTER LAB I,90.000000,82.000000,74.000000,66.000000,58.000000,50.000000,JAN_2017,0,0,0,0,0
20130565,53.00,13,66.00,C,JAN,2017,SUPP,CE1563,1.5,COMPUTER LAB I,90.000000,82.000000,74.000000,66.000000,58.000000,50.000000,JAN_2017,0,0,0,0,0
20130585,55.40,13,69.00,C,JAN,2017,SUPP,CE1563,1.5,COMPUTER LAB I,90.000000,82.000000,74.000000,66.000000,58.000000,50.000000,JAN_2017,0,0,0,0,0
20140110,58.50,14,73.00,C,JAN,2017,SUPP,CE1563,1.5,COMPUTER LAB I,90.000000,82.000000,74.000000,66.000000,58.000000,50.000000,JAN_2017,0,0,0,0,0
20140138,60.10,12,73.00,C,JAN,2017,SUPP,CE1563,1.5,COMPUTER LAB I,90.000000,82.000000,74.000000,66.000000,58.000000,50.000000,JAN_2017,0,0,0,0,0
20140222,58.50,14,73.00,C,JAN,2017,SUPP,CE1563,1.5,COMPUTER LAB I,90.000000,82.000000,74.000000,66.000000,58.000000,50.000000,JAN_2017,0,0,0,0,0
20140261,58.50,13,72.00,C,JAN,2017,SUPP,CE1563,1.5,COMPUTER LAB I,90.000000,82.000000,74.000000,66.000000,58.000000,50.000000,JAN_2017,0,0,0,0,0
