Reg_No,Internal,External,Total,Grade,Time,Year,Type,Code,Credit,Title,Cut-Off-S,Cut-Off-A,Cut-Off-B,Cut-Off-C,Cut-Off-D,Cut-Off-E,Directory,Absentees,Malpractices,Detentions,NA,appeared
20120181,21.40,22,44.00,D,JAN,2017,SUPP,CE1505,4.0,ENVIRONMENTAL ENGINEERING I,80.000000,71.000000,62.000000,53.000000,44.000000,35.000000,JAN_2017,0,0,0,0,0
20130076,32.75,5,38.00,E,JAN,2017,SUPP,CE1505,4.0,ENVIRONMENTAL ENGINEERING I,80.000000,71.000000,62.000000,53.000000,44.000000,35.000000,JAN_2017,0,0,0,0,0
20140020,20.68,15,36.00,E,JAN,2017,SUPP,CE1505,4.0,ENVIRONMENTAL ENGINEERING I,80.000000,71.000000,62.000000,53.000000,44.000000,35.000000,JAN_2017,0,0,0,0,0
20140261,14.00,29,43.00,E,JAN,2017,SUPP,CE1505,4.0,ENVIRONMENTAL ENGINEERING I,80.000000,71.000000,62.000000,53.000000,44.000000,35.000000,JAN_2017,0,0,0,0,0
20140345,28.80,12,41.00,E,JAN,2017,SUPP,CE1505,4.0,ENVIRONMENTAL ENGINEERING I,80.000000,71.000000,62.000000,53.000000,44.000000,35.000000,JAN_2017,0,0,0,0,0
20140665,20.30,17.5,38.00,E,JAN,2017,SUPP,CE1505,4.0,ENVIRONMENTAL ENGINEERING I,80.000000,71.000000,62.000000,53.000000,44.000000,35.000000,JAN_2017,0,0,0,0,0
20140710,30.25,00,31.00,F,JAN,2017,SUPP,CE1505,4.0,ENVIRONMENTAL ENGINEERING I,80.000000,71.000000,62.000000,53.000000,44.000000,35.000000,JAN_2017,0,0,0,0,0
201518513,6.86,AB,0.00,I,JAN,2017,SUPP,CE1505,4.0,ENVIRONMENTAL ENGINEERING I,80.000000,71.000000,62.000000,53.000000,44.000000,35.000000,JAN_2017,0,0,0,0,0
