Reg_No,Internal,External,Total,Grade,Time,Year,Type,Code,Credit,Title,Cut-Off-S,Cut-Off-A,Cut-Off-B,Cut-Off-C,Cut-Off-D,Cut-Off-E,Directory,Absentees,Malpractices,Detentions,NA,appeared
20120123,17.25,24,42.00,E,JAN,2017,SUPP,CE1602,4.0,DESIGN OF STEEL STRUCTURES,80.000000,71.000000,62.000000,53.000000,44.000000,35.000000,JAN_2017,0,0,0,0,0
20120256,14.20,AB,0.00,I,JAN,2017,SUPP,CE1602,4.0,DESIGN OF STEEL STRUCTURES,80.000000,71.000000,62.000000,53.000000,44.000000,35.000000,JAN_2017,0,0,0,0,0
20130282,13.58,12.5,27.00,F,JAN,2017,SUPP,CE1602,4.0,DESIGN OF STEEL STRUCTURES,80.000000,71.000000,62.000000,53.000000,44.000000,35.000000,JAN_2017,0,0,0,0,0
20130348,16.50,9,26.00,F,JAN,2017,SUPP,CE1602,4.0,DESIGN OF STEEL STRUCTURES,80.000000,71.000000,62.000000,53.000000,44.000000,35.000000,JAN_2017,0,0,0,0,0
20130546,22.40,02,25.00,F,JAN,2017,SUPP,CE1602,4.0,DESIGN OF STEEL STRUCTURES,80.000000,71.000000,62.000000,53.000000,44.000000,35.000000,JAN_2017,0,0,0,0,0
20130628,13.95,18,32.00,F,JAN,2017,SUPP,CE1602,4.0,DESIGN OF STEEL STRUCTURES,80.000000,71.000000,62.000000,53.000000,44.000000,35.000000,JAN_2017,0,0,0,0,0
