Reg_No,Internal,External,Total,Grade,Time,Year,Type,Code,Credit,Title,Cut-Off-S,Cut-Off-A,Cut-Off-B,Cut-Off-C,Cut-Off-D,Cut-Off-E,Directory,Absentees,Malpractices,Detentions,NA,appeared
20130210,29.30,36.5,66.00,B,JAN,2017,SUPP,CE1733,4.0,EARTHQUAKE RESISTANCE DESIGN OF STRUCTURES _ELECTIVE IV_,82.000000,73.000000,63.000000,54.000000,44.000000,35.000000,JAN_2017,0,0,0,0,0
20130540,27.50,27,55.00,C,JAN,2017,SUPP,CE1733,4.0,EARTHQUAKE RESISTANCE DESIGN OF STRUCTURES _ELECTIVE IV_,82.000000,73.000000,63.000000,54.000000,44.000000,35.000000,JAN_2017,0,0,0,0,0
20130546,29.30,34,64.00,B,JAN,2017,SUPP,CE1733,4.0,EARTHQUAKE RESISTANCE DESIGN OF STRUCTURES _ELECTIVE IV_,82.000000,73.000000,63.000000,54.000000,44.000000,35.000000,JAN_2017,0,0,0,0,0
20130754,37.80,46,84.00,S,JAN,2017,SUPP,CE1733,4.0,EARTHQUAKE RESISTANCE DESIGN OF STRUCTURES _ELECTIVE IV_,82.000000,73.000000,63.000000,54.000000,44.000000,35.000000,JAN_2017,0,0,0,0,0
201418502,11.50,10,22.00,F,JAN,2017,SUPP,CE1733,4.0,EARTHQUAKE RESISTANCE DESIGN OF STRUCTURES _ELECTIVE IV_,82.000000,73.000000,63.000000,54.000000,44.000000,35.000000,JAN_2017,0,0,0,0,0
201418511,14.60,39,54.00,C,JAN,2017,SUPP,CE1733,4.0,EARTHQUAKE RESISTANCE DESIGN OF STRUCTURES _ELECTIVE IV_,82.000000,73.000000,63.000000,54.000000,44.000000,35.000000,JAN_2017,0,0,0,0,0
