Reg_No,Internal,External,Total,Grade,Time,Year,Type,Code,Credit,Title,Cut-Off-S,Cut-Off-A,Cut-Off-B,Cut-Off-C,Cut-Off-D,Cut-Off-E,Directory,Absentees,Malpractices,Detentions,NA,appeared
20130063,17.40,23,41.00,E,JAN,2017,SUPP,CE1731,4.0,FINITE ELEMENT METHOD OF ANALYSIS _ELECTIVE III_,90.000000,79.000000,68.000000,57.000000,46.000000,35.000000,JAN_2017,0,0,0,0,0
20130282,31.20,37.5,69.00,B,JAN,2017,SUPP,CE1731,4.0,FINITE ELEMENT METHOD OF ANALYSIS _ELECTIVE III_,90.000000,79.000000,68.000000,57.000000,46.000000,35.000000,JAN_2017,0,0,0,0,0
20130538,18.25,23.5,42.00,E,JAN,2017,SUPP,CE1731,4.0,FINITE ELEMENT METHOD OF ANALYSIS _ELECTIVE III_,90.000000,79.000000,68.000000,57.000000,46.000000,35.000000,JAN_2017,0,0,0,0,0
20130540,28.70,AB,0.00,I,JAN,2017,SUPP,CE1731,4.0,FINITE ELEMENT METHOD OF ANALYSIS _ELECTIVE III_,90.000000,79.000000,68.000000,57.000000,46.000000,35.000000,JAN_2017,0,0,0,0,0
20130623,13.70,26,40.00,E,JAN,2017,SUPP,CE1731,4.0,FINITE ELEMENT METHOD OF ANALYSIS _ELECTIVE III_,90.000000,79.000000,68.000000,57.000000,46.000000,35.000000,JAN_2017,0,0,0,0,0
201418511,15.50,22,38.00,E,JAN,2017,SUPP,CE1731,4.0,FINITE ELEMENT METHOD OF ANALYSIS _ELECTIVE III_,90.000000,79.000000,68.000000,57.000000,46.000000,35.000000,JAN_2017,0,0,0,0,0
201418515,12.05,23.5,36.00,E,JAN,2017,SUPP,CE1731,4.0,FINITE ELEMENT METHOD OF ANALYSIS _ELECTIVE III_,90.000000,79.000000,68.000000,57.000000,46.000000,35.000000,JAN_2017,0,0,0,0,0
