Reg_No,Internal,External,Total,Grade,Time,Year,Type,Code,Credit,Title,Cut-Off-S,Cut-Off-A,Cut-Off-B,Cut-Off-C,Cut-Off-D,Cut-Off-E,Directory,Absentees,Malpractices,Detentions,NA,appeared
20130210,35.75,32,68.00,B,JAN,2017,SUPP,CE1703_CE703_,4.0,DESIGN OF HYDRAULIC STRUCTURES,80.000000,71.000000,62.000000,53.000000,44.000000,35.000000,JAN_2017,0,0,0,0,0
20130540,23.55,18.5,43.00,E,JAN,2017,SUPP,CE1703_CE703_,4.0,DESIGN OF HYDRAULIC STRUCTURES,80.000000,71.000000,62.000000,53.000000,44.000000,35.000000,JAN_2017,0,0,0,0,0
20130617,20.05,29.5,50.00,D,JAN,2017,SUPP,CE1703_CE703_,4.0,DESIGN OF HYDRAULIC STRUCTURES,80.000000,71.000000,62.000000,53.000000,44.000000,35.000000,JAN_2017,0,0,0,0,0
200918002,7.50,8,16.00,F,JAN,2017,SUPP,CE1703_CE703_,4.0,DESIGN OF HYDRAULIC STRUCTURES,80.000000,71.000000,62.000000,53.000000,44.000000,35.000000,JAN_2017,0,0,0,0,0
201418502,10.50,13.5,24.00,F,JAN,2017,SUPP,CE1703_CE703_,4.0,DESIGN OF HYDRAULIC STRUCTURES,80.000000,71.000000,62.000000,53.000000,44.000000,35.000000,JAN_2017,0,0,0,0,0
201418511,18.90,29,48.00,D,JAN,2017,SUPP,CE1703_CE703_,4.0,DESIGN OF HYDRAULIC STRUCTURES,80.000000,71.000000,62.000000,53.000000,44.000000,35.000000,JAN_2017,0,0,0,0,0
20130569,20.95,16.5,38.00,E,JAN,2017,SUPP,CE1703_CE703_,4.0,DESIGN OF HYDRAULIC STRUCTURES,80.000000,71.000000,62.000000,53.000000,44.000000,35.000000,JAN_2017,0,0,0,0,0
