Reg_No,Internal,External,Total,Grade,Time,Year,Type,Code,Credit,Title,Cut-Off-S,Cut-Off-A,Cut-Off-B,Cut-Off-C,Cut-Off-D,Cut-Off-E,Directory,Absentees,Malpractices,Detentions,NA,appeared
201600055,16.55,20.5,38.00,E,JAN,2017,SUPP,CH1111,2.0,ENVIRONMENTAL SCIENCE _REF CODE: COB106_,80.000000,71.000000,62.000000,53.000000,44.000000,35.000000,JAN_2017,0,0,0,0,0
201600074,14.90,6,21.00,F,JAN,2017,SUPP,CH1111,2.0,ENVIRONMENTAL SCIENCE _REF CODE: COB106_,80.000000,71.000000,62.000000,53.000000,44.000000,35.000000,JAN_2017,0,0,0,0,0
201600199,15.35,12,28.00,F,JAN,2017,SUPP,CH1111,2.0,ENVIRONMENTAL SCIENCE _REF CODE: COB106_,80.000000,71.000000,62.000000,53.000000,44.000000,35.000000,JAN_2017,0,0,0,0,0
201600210,14.90,13.5,29.00,F,JAN,2017,SUPP,CH1111,2.0,ENVIRONMENTAL SCIENCE _REF CODE: COB106_,80.000000,71.000000,62.000000,53.000000,44.000000,35.000000,JAN_2017,0,0,0,0,0
201600526,20.80,17.5,39.00,E,JAN,2017,SUPP,CH1111,2.0,ENVIRONMENTAL SCIENCE _REF CODE: COB106_,80.000000,71.000000,62.000000,53.000000,44.000000,35.000000,JAN_2017,0,0,0,0,0
201600579,24.70,27,52.00,D,JAN,2017,SUPP,CH1111,2.0,ENVIRONMENTAL SCIENCE _REF CODE: COB106_,80.000000,71.000000,62.000000,53.000000,44.000000,35.000000,JAN_2017,0,0,0,0,0
201600583,18.40,24.5,43.00,E,JAN,2017,SUPP,CH1111,2.0,ENVIRONMENTAL SCIENCE _REF CODE: COB106_,80.000000,71.000000,62.000000,53.000000,44.000000,35.000000,JAN_2017,0,0,0,0,0
201600620,17.50,18,36.00,E,JAN,2017,SUPP,CH1111,2.0,ENVIRONMENTAL SCIENCE _REF CODE: COB106_,80.000000,71.000000,62.000000,53.000000,44.000000,35.000000,JAN_2017,0,0,0,0,0
