Reg_No,Internal,External,Total,Grade,Time,Year,Type,Code,Credit,Title,Cut-Off-S,Cut-Off-A,Cut-Off-B,Cut-Off-C,Cut-Off-D,Cut-Off-E,Directory,Absentees,Malpractices,Detentions,NA,appeared
20140599,65.70,21,87.00,A,JAN,2017,SUPP,CS1164,1.5,COMPUTER PROGRAMMING LAB _REF CODE:COB109_,90.000000,81.000000,72.000000,62.000000,53.000000,44.000000,JAN_2017,0,0,0,0,0
20140742,54.00,15,69.00,C,JAN,2017,SUPP,CS1164,1.5,COMPUTER PROGRAMMING LAB _REF CODE:COB109_,90.000000,81.000000,72.000000,62.000000,53.000000,44.000000,JAN_2017,0,0,0,0,0
201500325,47.70,15,63.00,C,JAN,2017,SUPP,CS1164,1.5,COMPUTER PROGRAMMING LAB _REF CODE:COB109_,90.000000,81.000000,72.000000,62.000000,53.000000,44.000000,JAN_2017,0,0,0,0,0
201600332,59.50,14,74.00,B,JAN,2017,SUPP,CS1164,1.5,COMPUTER PROGRAMMING LAB _REF CODE:COB109_,90.000000,81.000000,72.000000,62.000000,53.000000,44.000000,JAN_2017,0,0,0,0,0
