Reg_No,Internal,External,Total,Grade,Time,Year,Type,Code,Credit,Title,Cut-Off-S,Cut-Off-A,Cut-Off-B,Cut-Off-C,Cut-Off-D,Cut-Off-E,Directory,Absentees,Malpractices,Detentions,NA,appeared
20130335,17.10,8,26.00,F,JAN,2017,SUPP,CS1307,4.0,INTELLECTUAL PROPERTY RIGHTS & SOFTWARE ETHICS,80.000000,72.000000,64.000000,57.000000,49.000000,41.000000,JAN_2017,0,0,0,0,0
20130556,19.90,24.5,45.00,E,JAN,2017,SUPP,CS1307,4.0,INTELLECTUAL PROPERTY RIGHTS & SOFTWARE ETHICS,80.000000,72.000000,64.000000,57.000000,49.000000,41.000000,JAN_2017,0,0,0,0,0
20140556,12.60,22,35.00,F,JAN,2017,SUPP,CS1307,4.0,INTELLECTUAL PROPERTY RIGHTS & SOFTWARE ETHICS,80.000000,72.000000,64.000000,57.000000,49.000000,41.000000,JAN_2017,0,0,0,0,0
20140586,15.50,AB,0.00,I,JAN,2017,SUPP,CS1307,4.0,INTELLECTUAL PROPERTY RIGHTS & SOFTWARE ETHICS,80.000000,72.000000,64.000000,57.000000,49.000000,41.000000,JAN_2017,0,0,0,0,0
201500040,28.50,43,72.00,A,JAN,2017,SUPP,CS1307,4.0,INTELLECTUAL PROPERTY RIGHTS & SOFTWARE ETHICS,80.000000,72.000000,64.000000,57.000000,49.000000,41.000000,JAN_2017,0,0,0,0,0
201500054,27.80,AB,0.00,I,JAN,2017,SUPP,CS1307,4.0,INTELLECTUAL PROPERTY RIGHTS & SOFTWARE ETHICS,80.000000,72.000000,64.000000,57.000000,49.000000,41.000000,JAN_2017,0,0,0,0,0
201500239,22.10,AB,0.00,I,JAN,2017,SUPP,CS1307,4.0,INTELLECTUAL PROPERTY RIGHTS & SOFTWARE ETHICS,80.000000,72.000000,64.000000,57.000000,49.000000,41.000000,JAN_2017,0,0,0,0,0
201500335,33.50,30.5,64.00,B,JAN,2017,SUPP,CS1307,4.0,INTELLECTUAL PROPERTY RIGHTS & SOFTWARE ETHICS,80.000000,72.000000,64.000000,57.000000,49.000000,41.000000,JAN_2017,0,0,0,0,0
