Reg_No,Internal,External,Total,Grade,Time,Year,Type,Code,Credit,Title,Cut-Off-S,Cut-Off-A,Cut-Off-B,Cut-Off-C,Cut-Off-D,Cut-Off-E,Directory,Absentees,Malpractices,Detentions,NA,appeared
20130649,14.90,15.5,31.00,F,JAN,2017,SUPP,CS1305,4.0,PC HARDWARE & PERIPHERALS _11 12 13 14_,82.000000,73.000000,63.000000,54.000000,44.000000,35.000000,JAN_2017,0,0,0,0,0
20140322,18.80,AB,0.00,I,JAN,2017,SUPP,CS1305,4.0,PC HARDWARE & PERIPHERALS _11 12 13 14_,82.000000,73.000000,63.000000,54.000000,44.000000,35.000000,JAN_2017,0,0,0,0,0
20140430,19.70,AB,0.00,I,JAN,2017,SUPP,CS1305,4.0,PC HARDWARE & PERIPHERALS _11 12 13 14_,82.000000,73.000000,63.000000,54.000000,44.000000,35.000000,JAN_2017,0,0,0,0,0
20140494,13.70,AB,0.00,I,JAN,2017,SUPP,CS1305,4.0,PC HARDWARE & PERIPHERALS _11 12 13 14_,82.000000,73.000000,63.000000,54.000000,44.000000,35.000000,JAN_2017,0,0,0,0,0
20140599,13.10,28,42.00,E,JAN,2017,SUPP,CS1305,4.0,PC HARDWARE & PERIPHERALS _11 12 13 14_,82.000000,73.000000,63.000000,54.000000,44.000000,35.000000,JAN_2017,0,0,0,0,0
