Reg_No,Internal,External,Total,Grade,Time,Year,Type,Code,Credit,Title,Cut-Off-S,Cut-Off-A,Cut-Off-B,Cut-Off-C,Cut-Off-D,Cut-Off-E,Directory,Absentees,Malpractices,Detentions,NA,appeared
20140342,9.50,AB,0.00,I,JAN,2017,SUPP,CS1304,4.0,DIGITAL CIRCUITS & LOGIC DESIGN,89.000000,79.000000,69.000000,58.000000,48.000000,38.000000,JAN_2017,0,0,0,0,0
20140586,11.50,AB,0.00,I,JAN,2017,SUPP,CS1304,4.0,DIGITAL CIRCUITS & LOGIC DESIGN,89.000000,79.000000,69.000000,58.000000,48.000000,38.000000,JAN_2017,0,0,0,0,0
20140655,11.90,AB,0.00,I,JAN,2017,SUPP,CS1304,4.0,DIGITAL CIRCUITS & LOGIC DESIGN,89.000000,79.000000,69.000000,58.000000,48.000000,38.000000,JAN_2017,0,0,0,0,0
201500040,26.85,AB,0.00,I,JAN,2017,SUPP,CS1304,4.0,DIGITAL CIRCUITS & LOGIC DESIGN,89.000000,79.000000,69.000000,58.000000,48.000000,38.000000,JAN_2017,0,0,0,0,0
201500054,35.50,35,71.00,B,JAN,2017,SUPP,CS1304,4.0,DIGITAL CIRCUITS & LOGIC DESIGN,89.000000,79.000000,69.000000,58.000000,48.000000,38.000000,JAN_2017,0,0,0,0,0
201500061,21.50,AB,0.00,I,JAN,2017,SUPP,CS1304,4.0,DIGITAL CIRCUITS & LOGIC DESIGN,89.000000,79.000000,69.000000,58.000000,48.000000,38.000000,JAN_2017,0,0,0,0,0
201500254,15.10,3.5,19.00,F,JAN,2017,SUPP,CS1304,4.0,DIGITAL CIRCUITS & LOGIC DESIGN,89.000000,79.000000,69.000000,58.000000,48.000000,38.000000,JAN_2017,0,0,0,0,0
201500324,15.50,9,25.00,F,JAN,2017,SUPP,CS1304,4.0,DIGITAL CIRCUITS & LOGIC DESIGN,89.000000,79.000000,69.000000,58.000000,48.000000,38.000000,JAN_2017,0,0,0,0,0
201500350,34.80,21.5,57.00,D,JAN,2017,SUPP,CS1304,4.0,DIGITAL CIRCUITS & LOGIC DESIGN,89.000000,79.000000,69.000000,58.000000,48.000000,38.000000,JAN_2017,0,0,0,0,0
