Reg_No,Internal,External,Total,Grade,Time,Year,Type,Code,Credit,Title,Cut-Off-S,Cut-Off-A,Cut-Off-B,Cut-Off-C,Cut-Off-D,Cut-Off-E,Directory,Absentees,Malpractices,Detentions,NA,appeared
20130335,48.16,10,59.00,D,JAN,2017,SUPP,CS1364,1.5,PROGRAMMING WITH C++ LAB,90.000000,82.000000,74.000000,66.000000,58.000000,50.000000,JAN_2017,0,0,0,0,0
20130662,62.24,11,74.00,B,JAN,2017,SUPP,CS1364,1.5,PROGRAMMING WITH C++ LAB,90.000000,82.000000,74.000000,66.000000,58.000000,50.000000,JAN_2017,0,0,0,0,0
201500254,51.11,10,62.00,D,JAN,2017,SUPP,CS1364,1.5,PROGRAMMING WITH C++ LAB,90.000000,82.000000,74.000000,66.000000,58.000000,50.000000,JAN_2017,0,0,0,0,0
