Reg_No,Internal,External,Total,Grade,Time,Year,Type,Code,Credit,Title,Cut-Off-S,Cut-Off-A,Cut-Off-B,Cut-Off-C,Cut-Off-D,Cut-Off-E,Directory,Absentees,Malpractices,Detentions,NA,appeared
20140429,67.73,13,81.00,S,JAN,2017,SUPP,CS1562,1.5,SYSTEM PROGRAMMING LAB,80.000000,71.000000,62.000000,53.000000,44.000000,35.000000,JAN_2017,0,0,0,0,0
20120700,39.42,7,47.00,D,JAN,2017,SUPP,CS1562,1.5,SYSTEM PROGRAMMING LAB,80.000000,71.000000,62.000000,53.000000,44.000000,35.000000,JAN_2017,0,0,0,0,0
20140093,48.32,8,57.00,C,JAN,2017,SUPP,CS1562,1.5,SYSTEM PROGRAMMING LAB,80.000000,71.000000,62.000000,53.000000,44.000000,35.000000,JAN_2017,0,0,0,0,0
20130090,42.16,12,55.00,C,JAN,2017,SUPP,CS1562,1.5,SYSTEM PROGRAMMING LAB,80.000000,71.000000,62.000000,53.000000,44.000000,35.000000,JAN_2017,0,0,0,0,0
20140361,53.67,7,61.00,C,JAN,2017,SUPP,CS1562,1.5,SYSTEM PROGRAMMING LAB,80.000000,71.000000,62.000000,53.000000,44.000000,35.000000,JAN_2017,0,0,0,0,0
