Reg_No,Internal,External,Total,Grade,Time,Year,Type,Code,Credit,Title,Cut-Off-S,Cut-Off-A,Cut-Off-B,Cut-Off-C,Cut-Off-D,Cut-Off-E,Directory,Absentees,Malpractices,Detentions,NA,appeared
20140515,50.95,10,61.00,D,JAN,2017,SUPP,CS1563,1.5,QUANTITATIVE ANALYSIS USING C_C++ LAB,90.000000,82.000000,74.000000,66.000000,58.000000,50.000000,JAN_2017,0,0,0,0,0
20140292,60.65,10,71.00,C,JAN,2017,SUPP,CS1563,1.5,QUANTITATIVE ANALYSIS USING C_C++ LAB,90.000000,82.000000,74.000000,66.000000,58.000000,50.000000,JAN_2017,0,0,0,0,0
20140442,63.05,13,77.00,B,JAN,2017,SUPP,CS1563,1.5,QUANTITATIVE ANALYSIS USING C_C++ LAB,90.000000,82.000000,74.000000,66.000000,58.000000,50.000000,JAN_2017,0,0,0,0,0
20140514,58.04,12,71.00,C,JAN,2017,SUPP,CS1563,1.5,QUANTITATIVE ANALYSIS USING C_C++ LAB,90.000000,82.000000,74.000000,66.000000,58.000000,50.000000,JAN_2017,0,0,0,0,0
20140454,60.98,13,74.00,B,JAN,2017,SUPP,CS1563,1.5,QUANTITATIVE ANALYSIS USING C_C++ LAB,90.000000,82.000000,74.000000,66.000000,58.000000,50.000000,JAN_2017,0,0,0,0,0
20140645,63.38,12,76.00,B,JAN,2017,SUPP,CS1563,1.5,QUANTITATIVE ANALYSIS USING C_C++ LAB,90.000000,82.000000,74.000000,66.000000,58.000000,50.000000,JAN_2017,0,0,0,0,0
20140466,63.93,20,84.00,A,JAN,2017,SUPP,CS1563,1.5,QUANTITATIVE ANALYSIS USING C_C++ LAB,90.000000,82.000000,74.000000,66.000000,58.000000,50.000000,JAN_2017,0,0,0,0,0
