Reg_No,Internal,External,Total,Grade,Time,Year,Type,Code,Credit,Title,Cut-Off-S,Cut-Off-A,Cut-Off-B,Cut-Off-C,Cut-Off-D,Cut-Off-E,Directory,Absentees,Malpractices,Detentions,NA,appeared
20130218,14.70,19.5,35.00,E,JAN,2017,SUPP,CS1604,4.0,FORMAL LANGUAGES & AUTOMATA THEORY,80.000000,71.000000,62.000000,53.000000,44.000000,35.000000,JAN_2017,0,0,0,0,0
20130242,13.20,23,37.00,E,JAN,2017,SUPP,CS1604,4.0,FORMAL LANGUAGES & AUTOMATA THEORY,80.000000,71.000000,62.000000,53.000000,44.000000,35.000000,JAN_2017,0,0,0,0,0
20130287,12.60,23,36.00,E,JAN,2017,SUPP,CS1604,4.0,FORMAL LANGUAGES & AUTOMATA THEORY,80.000000,71.000000,62.000000,53.000000,44.000000,35.000000,JAN_2017,0,0,0,0,0
20130352,7.20,01,9.00,F,JAN,2017,SUPP,CS1604,4.0,FORMAL LANGUAGES & AUTOMATA THEORY,80.000000,71.000000,62.000000,53.000000,44.000000,35.000000,JAN_2017,0,0,0,0,0
20130590,10.40,AB,0.00,I,JAN,2017,SUPP,CS1604,4.0,FORMAL LANGUAGES & AUTOMATA THEORY,80.000000,71.000000,62.000000,53.000000,44.000000,35.000000,JAN_2017,0,0,0,0,0
20130619,5.25,AB,0.00,I,JAN,2017,SUPP,CS1604,4.0,FORMAL LANGUAGES & AUTOMATA THEORY,80.000000,71.000000,62.000000,53.000000,44.000000,35.000000,JAN_2017,0,0,0,0,0
