Reg_No,Internal,External,Total,Grade,Time,Year,Type,Code,Credit,Title,Cut-Off-S,Cut-Off-A,Cut-Off-B,Cut-Off-C,Cut-Off-D,Cut-Off-E,Directory,Absentees,Malpractices,Detentions,NA,appeared
20130575,40.00,9,49.00,D,JAN,2017,SUPP,CS1762,1.5,COMPILER DESIGN LAB,83.000000,75.000000,66.000000,58.000000,49.000000,41.000000,JAN_2017,0,0,0,0,0
20130718,57.50,10,68.00,B,JAN,2017,SUPP,CS1762,1.5,COMPILER DESIGN LAB,83.000000,75.000000,66.000000,58.000000,49.000000,41.000000,JAN_2017,0,0,0,0,0
20120593,48.00,8,56.00,D,JAN,2017,SUPP,CS1762,1.5,COMPILER DESIGN LAB,83.000000,75.000000,66.000000,58.000000,49.000000,41.000000,JAN_2017,0,0,0,0,0
20120666,41.00,7,48.00,E,JAN,2017,SUPP,CS1762,1.5,COMPILER DESIGN LAB,83.000000,75.000000,66.000000,58.000000,49.000000,41.000000,JAN_2017,0,0,0,0,0
