Reg_No,Internal,External,Total,Grade,Time,Year,Type,Code,Credit,Title,Cut-Off-S,Cut-Off-A,Cut-Off-B,Cut-Off-C,Cut-Off-D,Cut-Off-E,Directory,Absentees,Malpractices,Detentions,NA,appeared
20120593,41.74,8,50.00,D,JAN,2017,SUPP,CS1761,1.5,DISTRIBUTED SYSTEMS LAB,80.000000,71.000000,62.000000,53.000000,44.000000,35.000000,JAN_2017,0,0,0,0,0
20120666,36.27,7,44.00,D,JAN,2017,SUPP,CS1761,1.5,DISTRIBUTED SYSTEMS LAB,80.000000,71.000000,62.000000,53.000000,44.000000,35.000000,JAN_2017,0,0,0,0,0
20130229,65.48,11.5,77.00,A,JAN,2017,SUPP,CS1761,1.5,DISTRIBUTED SYSTEMS LAB,80.000000,71.000000,62.000000,53.000000,44.000000,35.000000,JAN_2017,0,0,0,0,0
20130287,52.18,7,60.00,C,JAN,2017,SUPP,CS1761,1.5,DISTRIBUTED SYSTEMS LAB,80.000000,71.000000,62.000000,53.000000,44.000000,35.000000,JAN_2017,0,0,0,0,0
20130501,52.92,9,62.00,B,JAN,2017,SUPP,CS1761,1.5,DISTRIBUTED SYSTEMS LAB,80.000000,71.000000,62.000000,53.000000,44.000000,35.000000,JAN_2017,0,0,0,0,0
20130428,41.73,8,50.00,D,JAN,2017,SUPP,CS1761,1.5,DISTRIBUTED SYSTEMS LAB,80.000000,71.000000,62.000000,53.000000,44.000000,35.000000,JAN_2017,0,0,0,0,0
