Reg_No,Internal,External,Total,Grade,Time,Year,Type,Code,Credit,Title,Cut-Off-S,Cut-Off-A,Cut-Off-B,Cut-Off-C,Cut-Off-D,Cut-Off-E,Directory,Absentees,Malpractices,Detentions,NA,appeared
20120357,15.30,3.5,19.00,F,JAN,2017,SUPP,CS1702,4.0,SOFT COMPUTING,87.000000,77.000000,66.000000,56.000000,45.000000,35.000000,JAN_2017,0,0,0,0,0
20120593,14.35,AB,0.00,I,JAN,2017,SUPP,CS1702,4.0,SOFT COMPUTING,87.000000,77.000000,66.000000,56.000000,45.000000,35.000000,JAN_2017,0,0,0,0,0
20120666,17.10,AB,0.00,I,JAN,2017,SUPP,CS1702,4.0,SOFT COMPUTING,87.000000,77.000000,66.000000,56.000000,45.000000,35.000000,JAN_2017,0,0,0,0,0
20130023,22.00,21,43.00,E,JAN,2017,SUPP,CS1702,4.0,SOFT COMPUTING,87.000000,77.000000,66.000000,56.000000,45.000000,35.000000,JAN_2017,0,0,0,0,0
20130194,15.30,AB,0.00,I,JAN,2017,SUPP,CS1702,4.0,SOFT COMPUTING,87.000000,77.000000,66.000000,56.000000,45.000000,35.000000,JAN_2017,0,0,0,0,0
20130268,30.40,26.5,57.00,C,JAN,2017,SUPP,CS1702,4.0,SOFT COMPUTING,87.000000,77.000000,66.000000,56.000000,45.000000,35.000000,JAN_2017,0,0,0,0,0
201311506,15.60,11,27.00,F,JAN,2017,SUPP,CS1702,4.0,SOFT COMPUTING,87.000000,77.000000,66.000000,56.000000,45.000000,35.000000,JAN_2017,0,0,0,0,0
