Reg_No,Internal,External,Total,Grade,Time,Year,Type,Code,Credit,Title,Cut-Off-S,Cut-Off-A,Cut-Off-B,Cut-Off-C,Cut-Off-D,Cut-Off-E,Directory,Absentees,Malpractices,Detentions,NA,appeared
20120455,3.00,AB,0.00,I,JAN,2017,SUPP,EC1303,4.0,ELECTRONIC DEVICES & COMPONENTS,85.000000,75.000000,65.000000,55.000000,45.000000,35.000000,JAN_2017,0,0,0,0,0
20120553,22.55,42,65.00,B,JAN,2017,SUPP,EC1303,4.0,ELECTRONIC DEVICES & COMPONENTS,85.000000,75.000000,65.000000,55.000000,45.000000,35.000000,JAN_2017,0,0,0,0,0
20121101,15.85,30,46.00,D,JAN,2017,SUPP,EC1303,4.0,ELECTRONIC DEVICES & COMPONENTS,85.000000,75.000000,65.000000,55.000000,45.000000,35.000000,JAN_2017,0,0,0,0,0
20140252,14.60,23,38.00,E,JAN,2017,SUPP,EC1303,4.0,ELECTRONIC DEVICES & COMPONENTS,85.000000,75.000000,65.000000,55.000000,45.000000,35.000000,JAN_2017,0,0,0,0,0
201312502,15.15,14,30.00,F,JAN,2017,SUPP,EC1303,4.0,ELECTRONIC DEVICES & COMPONENTS,85.000000,75.000000,65.000000,55.000000,45.000000,35.000000,JAN_2017,0,0,0,0,0
201500116,30.80,45.5,77.00,A,JAN,2017,SUPP,EC1303,4.0,ELECTRONIC DEVICES & COMPONENTS,85.000000,75.000000,65.000000,55.000000,45.000000,35.000000,JAN_2017,0,0,0,0,0
201500332,25.95,26.5,53.00,D,JAN,2017,SUPP,EC1303,4.0,ELECTRONIC DEVICES & COMPONENTS,85.000000,75.000000,65.000000,55.000000,45.000000,35.000000,JAN_2017,0,0,0,0,0
201612502,12.70,11.5,25.00,F,JAN,2017,SUPP,EC1303,4.0,ELECTRONIC DEVICES & COMPONENTS,85.000000,75.000000,65.000000,55.000000,45.000000,35.000000,JAN_2017,0,0,0,0,0
201612503,13.95,6.5,21.00,F,JAN,2017,SUPP,EC1303,4.0,ELECTRONIC DEVICES & COMPONENTS,85.000000,75.000000,65.000000,55.000000,45.000000,35.000000,JAN_2017,0,0,0,0,0
