Reg_No,Internal,External,Total,Grade,Time,Year,Type,Code,Credit,Title,Cut-Off-S,Cut-Off-A,Cut-Off-B,Cut-Off-C,Cut-Off-D,Cut-Off-E,Directory,Absentees,Malpractices,Detentions,NA,appeared
20120312,56.80,16,73.00,C,JAN,2017,SUPP,EC1562,1.5,COMMUNICATION LAB,90.000000,82.000000,74.000000,66.000000,58.000000,50.000000,JAN_2017,0,0,0,0,0
20130031,56.60,16,73.00,C,JAN,2017,SUPP,EC1562,1.5,COMMUNICATION LAB,90.000000,82.000000,74.000000,66.000000,58.000000,50.000000,JAN_2017,0,0,0,0,0
20130696,63.95,16,80.00,B,JAN,2017,SUPP,EC1562,1.5,COMMUNICATION LAB,90.000000,82.000000,74.000000,66.000000,58.000000,50.000000,JAN_2017,0,0,0,0,0
20140114,64.30,17,82.00,A,JAN,2017,SUPP,EC1562,1.5,COMMUNICATION LAB,90.000000,82.000000,74.000000,66.000000,58.000000,50.000000,JAN_2017,0,0,0,0,0
20140157,67.70,18,86.00,A,JAN,2017,SUPP,EC1562,1.5,COMMUNICATION LAB,90.000000,82.000000,74.000000,66.000000,58.000000,50.000000,JAN_2017,0,0,0,0,0
