Reg_No,Internal,External,Total,Grade,Time,Year,Type,Code,Credit,Title,Cut-Off-S,Cut-Off-A,Cut-Off-B,Cut-Off-C,Cut-Off-D,Cut-Off-E,Directory,Absentees,Malpractices,Detentions,NA,appeared
20120192,56.05,15,72.00,C,JAN,2017,SUPP,EC1561,1.5,ADVANCED MICROPROCESSOR LAB,90.000000,82.000000,74.000000,66.000000,58.000000,50.000000,JAN_2017,0,0,0,0,0
20130031,56.95,16,73.00,C,JAN,2017,SUPP,EC1561,1.5,ADVANCED MICROPROCESSOR LAB,90.000000,82.000000,74.000000,66.000000,58.000000,50.000000,JAN_2017,0,0,0,0,0
20130460,0.00,DT,0.00,DT,JAN,2017,SUPP,EC1561,1.5,ADVANCED MICROPROCESSOR LAB,90.000000,82.000000,74.000000,66.000000,58.000000,50.000000,JAN_2017,0,0,0,0,0
20140114,57.00,16,73.00,C,JAN,2017,SUPP,EC1561,1.5,ADVANCED MICROPROCESSOR LAB,90.000000,82.000000,74.000000,66.000000,58.000000,50.000000,JAN_2017,0,0,0,0,0
20140157,57.95,16,74.00,B,JAN,2017,SUPP,EC1561,1.5,ADVANCED MICROPROCESSOR LAB,90.000000,82.000000,74.000000,66.000000,58.000000,50.000000,JAN_2017,0,0,0,0,0
20140206,56.05,12,69.00,C,JAN,2017,SUPP,EC1561,1.5,ADVANCED MICROPROCESSOR LAB,90.000000,82.000000,74.000000,66.000000,58.000000,50.000000,JAN_2017,0,0,0,0,0
20140511,0.00,DT,0.00,DT,JAN,2017,SUPP,EC1561,1.5,ADVANCED MICROPROCESSOR LAB,90.000000,82.000000,74.000000,66.000000,58.000000,50.000000,JAN_2017,0,0,0,0,0
20140558,56.05,13,70.00,C,JAN,2017,SUPP,EC1561,1.5,ADVANCED MICROPROCESSOR LAB,90.000000,82.000000,74.000000,66.000000,58.000000,50.000000,JAN_2017,0,0,0,0,0
