Reg_No,Internal,External,Total,Grade,Time,Year,Type,Code,Credit,Title,Cut-Off-S,Cut-Off-A,Cut-Off-B,Cut-Off-C,Cut-Off-D,Cut-Off-E,Directory,Absentees,Malpractices,Detentions,NA,appeared
20120312,18.20,AB,0.00,I,JAN,2017,SUPP,EC1501,4.0,ANTENNA,86.000000,76.000000,66.000000,55.000000,45.000000,35.000000,JAN_2017,0,0,0,0,0
20120553,14.60,AB,0.00,I,JAN,2017,SUPP,EC1501,4.0,ANTENNA,86.000000,76.000000,66.000000,55.000000,45.000000,35.000000,JAN_2017,0,0,0,0,0
20130378,18.50,28,47.00,D,JAN,2017,SUPP,EC1501,4.0,ANTENNA,86.000000,76.000000,66.000000,55.000000,45.000000,35.000000,JAN_2017,0,0,0,0,0
201312502,15.10,7.5,23.00,F,JAN,2017,SUPP,EC1501,4.0,ANTENNA,86.000000,76.000000,66.000000,55.000000,45.000000,35.000000,JAN_2017,0,0,0,0,0
20140004,28.50,25,54.00,D,JAN,2017,SUPP,EC1501,4.0,ANTENNA,86.000000,76.000000,66.000000,55.000000,45.000000,35.000000,JAN_2017,0,0,0,0,0
20140021,24.30,19.5,44.00,E,JAN,2017,SUPP,EC1501,4.0,ANTENNA,86.000000,76.000000,66.000000,55.000000,45.000000,35.000000,JAN_2017,0,0,0,0,0
20140358,20.60,37,58.00,C,JAN,2017,SUPP,EC1501,4.0,ANTENNA,86.000000,76.000000,66.000000,55.000000,45.000000,35.000000,JAN_2017,0,0,0,0,0
20140581,21.80,26.5,49.00,D,JAN,2017,SUPP,EC1501,4.0,ANTENNA,86.000000,76.000000,66.000000,55.000000,45.000000,35.000000,JAN_2017,0,0,0,0,0
201512505,18.20,22.5,41.00,E,JAN,2017,SUPP,EC1501,4.0,ANTENNA,86.000000,76.000000,66.000000,55.000000,45.000000,35.000000,JAN_2017,0,0,0,0,0
