Reg_No,Internal,External,Total,Grade,Time,Year,Type,Code,Credit,Title,Cut-Off-S,Cut-Off-A,Cut-Off-B,Cut-Off-C,Cut-Off-D,Cut-Off-E,Directory,Absentees,Malpractices,Detentions,NA,appeared
20120312,70.85,16,87.00,A,JAN,2017,SUPP,EC1761,1.5,VLSI LAB,90.000000,82.000000,74.000000,66.000000,58.000000,50.000000,JAN_2017,0,0,0,0,0
20120478,70.65,14,85.00,A,JAN,2017,SUPP,EC1761,1.5,VLSI LAB,90.000000,82.000000,74.000000,66.000000,58.000000,50.000000,JAN_2017,0,0,0,0,0
20120553,71.85,16,88.00,A,JAN,2017,SUPP,EC1761,1.5,VLSI LAB,90.000000,82.000000,74.000000,66.000000,58.000000,50.000000,JAN_2017,0,0,0,0,0
20130397,71.15,16,88.00,A,JAN,2017,SUPP,EC1761,1.5,VLSI LAB,90.000000,82.000000,74.000000,66.000000,58.000000,50.000000,JAN_2017,0,0,0,0,0
