Reg_No,Internal,External,Total,Grade,Time,Year,Type,Code,Credit,Title,Cut-Off-S,Cut-Off-A,Cut-Off-B,Cut-Off-C,Cut-Off-D,Cut-Off-E,Directory,Absentees,Malpractices,Detentions,NA,appeared
20120478,19.60,14.5,35.00,F,JAN,2017,SUPP,EC1703,4.0,MICRO ELECTRONICS & VLSI DESIGN,90.000000,80.000000,71.000000,61.000000,52.000000,42.000000,JAN_2017,0,0,0,0,0
20130010,16.20,21,38.00,F,JAN,2017,SUPP,EC1703,4.0,MICRO ELECTRONICS & VLSI DESIGN,90.000000,80.000000,71.000000,61.000000,52.000000,42.000000,JAN_2017,0,0,0,0,0
20130554,14.55,31,46.00,E,JAN,2017,SUPP,EC1703,4.0,MICRO ELECTRONICS & VLSI DESIGN,90.000000,80.000000,71.000000,61.000000,52.000000,42.000000,JAN_2017,0,0,0,0,0
201012035,23.10,34,58.00,D,JAN,2017,SUPP,EC1703,4.0,MICRO ELECTRONICS & VLSI DESIGN,90.000000,80.000000,71.000000,61.000000,52.000000,42.000000,JAN_2017,0,0,0,0,0
