Reg_No,Internal,External,Total,Grade,Time,Year,Type,Code,Credit,Title,Cut-Off-S,Cut-Off-A,Cut-Off-B,Cut-Off-C,Cut-Off-D,Cut-Off-E,Directory,Absentees,Malpractices,Detentions,NA,appeared
20120455,26.90,AB,0.00,I,JAN,2017,SUPP,EC1704,4.0,COMPUTER COMMUNICATION,90.000000,80.000000,70.000000,59.000000,49.000000,39.000000,JAN_2017,0,0,0,0,0
20120553,35.10,AB,0.00,I,JAN,2017,SUPP,EC1704,4.0,COMPUTER COMMUNICATION,90.000000,80.000000,70.000000,59.000000,49.000000,39.000000,JAN_2017,0,0,0,0,0
20130397,11.60,AB,0.00,I,JAN,2017,SUPP,EC1704,4.0,COMPUTER COMMUNICATION,90.000000,80.000000,70.000000,59.000000,49.000000,39.000000,JAN_2017,0,0,0,0,0
20130469,22.00,21,43.00,E,JAN,2017,SUPP,EC1704,4.0,COMPUTER COMMUNICATION,90.000000,80.000000,70.000000,59.000000,49.000000,39.000000,JAN_2017,0,0,0,0,0
20130524,33.70,25,59.00,C,JAN,2017,SUPP,EC1704,4.0,COMPUTER COMMUNICATION,90.000000,80.000000,70.000000,59.000000,49.000000,39.000000,JAN_2017,0,0,0,0,0
20130554,18.50,17,36.00,F,JAN,2017,SUPP,EC1704,4.0,COMPUTER COMMUNICATION,90.000000,80.000000,70.000000,59.000000,49.000000,39.000000,JAN_2017,0,0,0,0,0
20130555,23.40,06,30.00,F,JAN,2017,SUPP,EC1704,4.0,COMPUTER COMMUNICATION,90.000000,80.000000,70.000000,59.000000,49.000000,39.000000,JAN_2017,0,0,0,0,0
20130567,29.20,31,61.00,C,JAN,2017,SUPP,EC1704,4.0,COMPUTER COMMUNICATION,90.000000,80.000000,70.000000,59.000000,49.000000,39.000000,JAN_2017,0,0,0,0,0
