Reg_No,Internal,External,Total,Grade,Time,Year,Type,Code,Credit,Title,Cut-Off-S,Cut-Off-A,Cut-Off-B,Cut-Off-C,Cut-Off-D,Cut-Off-E,Directory,Absentees,Malpractices,Detentions,NA,appeared
20120478,19.80,17,37.00,E,JAN,2017,SUPP,EC1732,4.0,BROADBAND COMMUNICATION & NETWORKING _ELECTIVE II_,82.000000,73.000000,63.000000,54.000000,44.000000,35.000000,JAN_2017,0,0,0,0,0
20130010,15.60,9,25.00,F,JAN,2017,SUPP,EC1732,4.0,BROADBAND COMMUNICATION & NETWORKING _ELECTIVE II_,82.000000,73.000000,63.000000,54.000000,44.000000,35.000000,JAN_2017,0,0,0,0,0
20130150,26.20,25,52.00,D,JAN,2017,SUPP,EC1732,4.0,BROADBAND COMMUNICATION & NETWORKING _ELECTIVE II_,82.000000,73.000000,63.000000,54.000000,44.000000,35.000000,JAN_2017,0,0,0,0,0
20130397,14.50,AB,0.00,I,JAN,2017,SUPP,EC1732,4.0,BROADBAND COMMUNICATION & NETWORKING _ELECTIVE II_,82.000000,73.000000,63.000000,54.000000,44.000000,35.000000,JAN_2017,0,0,0,0,0
20130549,31.95,43.5,76.00,A,JAN,2017,SUPP,EC1732,4.0,BROADBAND COMMUNICATION & NETWORKING _ELECTIVE II_,82.000000,73.000000,63.000000,54.000000,44.000000,35.000000,JAN_2017,0,0,0,0,0
20130707,14.00,17.5,32.00,F,JAN,2017,SUPP,EC1732,4.0,BROADBAND COMMUNICATION & NETWORKING _ELECTIVE II_,82.000000,73.000000,63.000000,54.000000,44.000000,35.000000,JAN_2017,0,0,0,0,0
201012035,14.20,AB,0.00,I,JAN,2017,SUPP,EC1732,4.0,BROADBAND COMMUNICATION & NETWORKING _ELECTIVE II_,82.000000,73.000000,63.000000,54.000000,44.000000,35.000000,JAN_2017,0,0,0,0,0
