Reg_No,Internal,External,Total,Grade,Time,Year,Type,Code,Credit,Title,Cut-Off-S,Cut-Off-A,Cut-Off-B,Cut-Off-C,Cut-Off-D,Cut-Off-E,Directory,Absentees,Malpractices,Detentions,NA,appeared
20120455,20.10,AB,0.00,I,JAN,2017,SUPP,EC1705,4.0,MOBILE COMMUNICATION,83.000000,74.000000,65.000000,56.000000,47.000000,38.000000,JAN_2017,0,0,0,0,0
20120553,30.90,AB,0.00,I,JAN,2017,SUPP,EC1705,4.0,MOBILE COMMUNICATION,83.000000,74.000000,65.000000,56.000000,47.000000,38.000000,JAN_2017,0,0,0,0,0
20130136,32.50,34.5,67.00,B,JAN,2017,SUPP,EC1705,4.0,MOBILE COMMUNICATION,83.000000,74.000000,65.000000,56.000000,47.000000,38.000000,JAN_2017,0,0,0,0,0
20130397,17.80,AB,0.00,I,JAN,2017,SUPP,EC1705,4.0,MOBILE COMMUNICATION,83.000000,74.000000,65.000000,56.000000,47.000000,38.000000,JAN_2017,0,0,0,0,0
20130549,36.00,43.5,80.00,A,JAN,2017,SUPP,EC1705,4.0,MOBILE COMMUNICATION,83.000000,74.000000,65.000000,56.000000,47.000000,38.000000,JAN_2017,0,0,0,0,0
20130555,11.40,8,20.00,F,JAN,2017,SUPP,EC1705,4.0,MOBILE COMMUNICATION,83.000000,74.000000,65.000000,56.000000,47.000000,38.000000,JAN_2017,0,0,0,0,0
20130707,22.80,26,49.00,D,JAN,2017,SUPP,EC1705,4.0,MOBILE COMMUNICATION,83.000000,74.000000,65.000000,56.000000,47.000000,38.000000,JAN_2017,0,0,0,0,0
201012035,17.70,29.5,48.00,D,JAN,2017,SUPP,EC1705,4.0,MOBILE COMMUNICATION,83.000000,74.000000,65.000000,56.000000,47.000000,38.000000,JAN_2017,0,0,0,0,0
