Reg_No,Internal,External,Total,Grade,Time,Year,Type,Code,Credit,Title,Cut-Off-S,Cut-Off-A,Cut-Off-B,Cut-Off-C,Cut-Off-D,Cut-Off-E,Directory,Absentees,Malpractices,Detentions,NA,appeared
20130071,18.00,22,40.00,E,JAN,2017,SUPP,EE1303,4.0,ELECTRICAL MACHINES I,80.000000,71.000000,62.000000,53.000000,44.000000,35.000000,JAN_2017,0,0,0,0,0
20130161,18.50,AB,0.00,I,JAN,2017,SUPP,EE1303,4.0,ELECTRICAL MACHINES I,80.000000,71.000000,62.000000,53.000000,44.000000,35.000000,JAN_2017,0,0,0,0,0
20130289,16.40,26.5,43.00,E,JAN,2017,SUPP,EE1303,4.0,ELECTRICAL MACHINES I,80.000000,71.000000,62.000000,53.000000,44.000000,35.000000,JAN_2017,0,0,0,0,0
20140375,11.70,AB,0.00,I,JAN,2017,SUPP,EE1303,4.0,ELECTRICAL MACHINES I,80.000000,71.000000,62.000000,53.000000,44.000000,35.000000,JAN_2017,0,0,0,0,0
201613504,18.75,AB,0.00,I,JAN,2017,SUPP,EE1303,4.0,ELECTRICAL MACHINES I,80.000000,71.000000,62.000000,53.000000,44.000000,35.000000,JAN_2017,0,0,0,0,0
