Reg_No,Internal,External,Total,Grade,Time,Year,Type,Code,Credit,Title,Cut-Off-S,Cut-Off-A,Cut-Off-B,Cut-Off-C,Cut-Off-D,Cut-Off-E,Directory,Absentees,Malpractices,Detentions,NA,appeared
20140375,18.30,AB,0.00,I,JAN,2017,SUPP,EE1302,4.0,CIRCUITS & NETWORKS,90.000000,79.000000,68.000000,57.000000,46.000000,35.000000,JAN_2017,0,0,0,0,0
201500030,21.15,25.5,47.00,D,JAN,2017,SUPP,EE1302,4.0,CIRCUITS & NETWORKS,90.000000,79.000000,68.000000,57.000000,46.000000,35.000000,JAN_2017,0,0,0,0,0
201613504,20.50,AB,0.00,I,JAN,2017,SUPP,EE1302,4.0,CIRCUITS & NETWORKS,90.000000,79.000000,68.000000,57.000000,46.000000,35.000000,JAN_2017,0,0,0,0,0
