Reg_No,Internal,External,Total,Grade,Time,Year,Type,Code,Credit,Title,Cut-Off-S,Cut-Off-A,Cut-Off-B,Cut-Off-C,Cut-Off-D,Cut-Off-E,Directory,Absentees,Malpractices,Detentions,NA,appeared
201500141,54.40,09,64.00,C,JAN,2017,SUPP,EE1364,1.5,ELECTRO TECHNOLOGY LAB _REF CODE:ME1377_,80.000000,74.000000,67.000000,61.000000,54.000000,48.000000,JAN_2017,0,0,0,0,0
201500400,63.85,17,81.00,S,JAN,2017,SUPP,EE1364,1.5,ELECTRO TECHNOLOGY LAB _REF CODE:ME1377_,80.000000,74.000000,67.000000,61.000000,54.000000,48.000000,JAN_2017,0,0,0,0,0
201500458,47.30,06,54.00,D,JAN,2017,SUPP,EE1364,1.5,ELECTRO TECHNOLOGY LAB _REF CODE:ME1377_,80.000000,74.000000,67.000000,61.000000,54.000000,48.000000,JAN_2017,0,0,0,0,0
201500593,63.20,10,74.00,A,JAN,2017,SUPP,EE1364,1.5,ELECTRO TECHNOLOGY LAB _REF CODE:ME1377_,80.000000,74.000000,67.000000,61.000000,54.000000,48.000000,JAN_2017,0,0,0,0,0
