Reg_No,Internal,External,Total,Grade,Time,Year,Type,Code,Credit,Title,Cut-Off-S,Cut-Off-A,Cut-Off-B,Cut-Off-C,Cut-Off-D,Cut-Off-E,Directory,Absentees,Malpractices,Detentions,NA,appeared
20120085,22.80,17.5,41.00,E,JAN,2017,SUPP,EE1403,4.0,ELECTRICAL MACHINES II,80.000000,71.000000,62.000000,53.000000,44.000000,35.000000,JAN_2017,0,0,0,0,0
20120283,12.10,AB,0.00,I,JAN,2017,SUPP,EE1403,4.0,ELECTRICAL MACHINES II,80.000000,71.000000,62.000000,53.000000,44.000000,35.000000,JAN_2017,0,0,0,0,0
20130289,9.00,AB,0.00,I,JAN,2017,SUPP,EE1403,4.0,ELECTRICAL MACHINES II,80.000000,71.000000,62.000000,53.000000,44.000000,35.000000,JAN_2017,0,0,0,0,0
201313505,13.00,23,36.00,E,JAN,2017,SUPP,EE1403,4.0,ELECTRICAL MACHINES II,80.000000,71.000000,62.000000,53.000000,44.000000,35.000000,JAN_2017,0,0,0,0,0
