Reg_No,Internal,External,Total,Grade,Time,Year,Type,Code,Credit,Title,Cut-Off-S,Cut-Off-A,Cut-Off-B,Cut-Off-C,Cut-Off-D,Cut-Off-E,Directory,Absentees,Malpractices,Detentions,NA,appeared
20130034,16.00,22.5,39.00,E,JAN,2017,SUPP,EE1506,4.0,POWER SYSTEM ANALYSIS,81.000000,72.000000,63.000000,53.000000,44.000000,35.000000,JAN_2017,0,0,0,0,0
20130161,14.50,AB,0.00,I,JAN,2017,SUPP,EE1506,4.0,POWER SYSTEM ANALYSIS,81.000000,72.000000,63.000000,53.000000,44.000000,35.000000,JAN_2017,0,0,0,0,0
20140183,16.50,7,24.00,F,JAN,2017,SUPP,EE1506,4.0,POWER SYSTEM ANALYSIS,81.000000,72.000000,63.000000,53.000000,44.000000,35.000000,JAN_2017,0,0,0,0,0
20140217,19.60,21.5,42.00,E,JAN,2017,SUPP,EE1506,4.0,POWER SYSTEM ANALYSIS,81.000000,72.000000,63.000000,53.000000,44.000000,35.000000,JAN_2017,0,0,0,0,0
20140375,18.10,AB,0.00,I,JAN,2017,SUPP,EE1506,4.0,POWER SYSTEM ANALYSIS,81.000000,72.000000,63.000000,53.000000,44.000000,35.000000,JAN_2017,0,0,0,0,0
20140671,20.90,23,44.00,D,JAN,2017,SUPP,EE1506,4.0,POWER SYSTEM ANALYSIS,81.000000,72.000000,63.000000,53.000000,44.000000,35.000000,JAN_2017,0,0,0,0,0
