Reg_No,Internal,External,Total,Grade,Time,Year,Type,Code,Credit,Title,Cut-Off-S,Cut-Off-A,Cut-Off-B,Cut-Off-C,Cut-Off-D,Cut-Off-E,Directory,Absentees,Malpractices,Detentions,NA,appeared
20130034,15.30,5,21.00,F,JAN,2017,SUPP,EE1503,4.0,MICROPROCESSOR & MICROCONTROLLER,80.000000,71.000000,62.000000,53.000000,44.000000,35.000000,JAN_2017,0,0,0,0,0
20140082,16.50,40.5,57.00,C,JAN,2017,SUPP,EE1503,4.0,MICROPROCESSOR & MICROCONTROLLER,80.000000,71.000000,62.000000,53.000000,44.000000,35.000000,JAN_2017,0,0,0,0,0
20140637,18.60,22,41.00,E,JAN,2017,SUPP,EE1503,4.0,MICROPROCESSOR & MICROCONTROLLER,80.000000,71.000000,62.000000,53.000000,44.000000,35.000000,JAN_2017,0,0,0,0,0
20140639,27.60,36,64.00,B,JAN,2017,SUPP,EE1503,4.0,MICROPROCESSOR & MICROCONTROLLER,80.000000,71.000000,62.000000,53.000000,44.000000,35.000000,JAN_2017,0,0,0,0,0
