Reg_No,Internal,External,Total,Grade,Time,Year,Type,Code,Credit,Title,Cut-Off-S,Cut-Off-A,Cut-Off-B,Cut-Off-C,Cut-Off-D,Cut-Off-E,Directory,Absentees,Malpractices,Detentions,NA,appeared
20130071,15.30,AB,0.00,I,JAN,2017,SUPP,EE1502,4.0,LINEAR CONTROL SYSTEMS,90.000000,79.000000,68.000000,57.000000,46.000000,35.000000,JAN_2017,0,0,0,0,0
20130160,18.30,4,23.00,F,JAN,2017,SUPP,EE1502,4.0,LINEAR CONTROL SYSTEMS,90.000000,79.000000,68.000000,57.000000,46.000000,35.000000,JAN_2017,0,0,0,0,0
20130482,17.50,18,36.00,E,JAN,2017,SUPP,EE1502,4.0,LINEAR CONTROL SYSTEMS,90.000000,79.000000,68.000000,57.000000,46.000000,35.000000,JAN_2017,0,0,0,0,0
20140183,22.10,AB,0.00,I,JAN,2017,SUPP,EE1502,4.0,LINEAR CONTROL SYSTEMS,90.000000,79.000000,68.000000,57.000000,46.000000,35.000000,JAN_2017,0,0,0,0,0
20140680,15.50,24,40.00,E,JAN,2017,SUPP,EE1502,4.0,LINEAR CONTROL SYSTEMS,90.000000,79.000000,68.000000,57.000000,46.000000,35.000000,JAN_2017,0,0,0,0,0
