Reg_No,Internal,External,Total,Grade,Time,Year,Type,Code,Credit,Title,Cut-Off-S,Cut-Off-A,Cut-Off-B,Cut-Off-C,Cut-Off-D,Cut-Off-E,Directory,Absentees,Malpractices,Detentions,NA,appeared
20130482,29.65,32.5,63.00,B,JAN,2017,SUPP,EE1701,4.0,SPECIAL MACHINES & DRIVES,81.000000,72.000000,63.000000,53.000000,44.000000,35.000000,JAN_2017,0,0,0,0,0
20130688,21.45,21.5,43.00,E,JAN,2017,SUPP,EE1701,4.0,SPECIAL MACHINES & DRIVES,81.000000,72.000000,63.000000,53.000000,44.000000,35.000000,JAN_2017,0,0,0,0,0
20130727,29.75,27.5,58.00,C,JAN,2017,SUPP,EE1701,4.0,SPECIAL MACHINES & DRIVES,81.000000,72.000000,63.000000,53.000000,44.000000,35.000000,JAN_2017,0,0,0,0,0
201413501,38.05,26,65.00,B,JAN,2017,SUPP,EE1701,4.0,SPECIAL MACHINES & DRIVES,81.000000,72.000000,63.000000,53.000000,44.000000,35.000000,JAN_2017,0,0,0,0,0
