Reg_No,Internal,External,Total,Grade,Time,Year,Type,Code,Credit,Title,Cut-Off-S,Cut-Off-A,Cut-Off-B,Cut-Off-C,Cut-Off-D,Cut-Off-E,Directory,Absentees,Malpractices,Detentions,NA,appeared
20110327,40.00,14,54.00,E,JAN,2017,SUPP,EE1761,1.5,ELECTRICAL DRIVES LAB,90.000000,82.000000,74.000000,66.000000,58.000000,50.000000,JAN_2017,0,0,0,0,0
20120270,41.00,16,57.00,E,JAN,2017,SUPP,EE1761,1.5,ELECTRICAL DRIVES LAB,90.000000,82.000000,74.000000,66.000000,58.000000,50.000000,JAN_2017,0,0,0,0,0
20130482,44.00,12,56.00,E,JAN,2017,SUPP,EE1761,1.5,ELECTRICAL DRIVES LAB,90.000000,82.000000,74.000000,66.000000,58.000000,50.000000,JAN_2017,0,0,0,0,0
20130756,54.00,16,70.00,C,JAN,2017,SUPP,EE1761,1.5,ELECTRICAL DRIVES LAB,90.000000,82.000000,74.000000,66.000000,58.000000,50.000000,JAN_2017,0,0,0,0,0
201313505,43.00,9,52.00,E,JAN,2017,SUPP,EE1761,1.5,ELECTRICAL DRIVES LAB,90.000000,82.000000,74.000000,66.000000,58.000000,50.000000,JAN_2017,0,0,0,0,0
