Reg_No,Internal,External,Total,Grade,Time,Year,Type,Code,Credit,Title,Cut-Off-S,Cut-Off-A,Cut-Off-B,Cut-Off-C,Cut-Off-D,Cut-Off-E,Directory,Absentees,Malpractices,Detentions,NA,appeared
20130031,71.00,16,87.00,A,JAN,2017,SUPP,IT1564,1.5,OBJECT ORIENTED PROGRAMMING LAB _REF CODE:EC1588_,90.000000,82.000000,74.000000,66.000000,58.000000,50.000000,JAN_2017,0,0,0,0,0
20130625,0.00,DT,0.00,DT,JAN,2017,SUPP,IT1564,1.5,OBJECT ORIENTED PROGRAMMING LAB _REF CODE:EC1588_,90.000000,82.000000,74.000000,66.000000,58.000000,50.000000,JAN_2017,0,0,0,0,0
20130696,65.00,10,75.00,B,JAN,2017,SUPP,IT1564,1.5,OBJECT ORIENTED PROGRAMMING LAB _REF CODE:EC1588_,90.000000,82.000000,74.000000,66.000000,58.000000,50.000000,JAN_2017,0,0,0,0,0
20140114,71.00,16,87.00,A,JAN,2017,SUPP,IT1564,1.5,OBJECT ORIENTED PROGRAMMING LAB _REF CODE:EC1588_,90.000000,82.000000,74.000000,66.000000,58.000000,50.000000,JAN_2017,0,0,0,0,0
20140157,71.00,16,87.00,A,JAN,2017,SUPP,IT1564,1.5,OBJECT ORIENTED PROGRAMMING LAB _REF CODE:EC1588_,90.000000,82.000000,74.000000,66.000000,58.000000,50.000000,JAN_2017,0,0,0,0,0
20140206,70.00,9,79.00,B,JAN,2017,SUPP,IT1564,1.5,OBJECT ORIENTED PROGRAMMING LAB _REF CODE:EC1588_,90.000000,82.000000,74.000000,66.000000,58.000000,50.000000,JAN_2017,0,0,0,0,0
20140558,71.00,15,86.00,A,JAN,2017,SUPP,IT1564,1.5,OBJECT ORIENTED PROGRAMMING LAB _REF CODE:EC1588_,90.000000,82.000000,74.000000,66.000000,58.000000,50.000000,JAN_2017,0,0,0,0,0
