Reg_No,Internal,External,Total,Grade,Time,Year,Type,Code,Credit,Title,Cut-Off-S,Cut-Off-A,Cut-Off-B,Cut-Off-C,Cut-Off-D,Cut-Off-E,Directory,Absentees,Malpractices,Detentions,NA,appeared
201316014,16.60,17.5,35.00,E,JAN,2017,SUPP,MA1304_MA3301,4.0,MATHEMATICS III _REF CODE:CA1399_,84.000000,74.000000,64.000000,55.000000,45.000000,35.000000,JAN_2017,0,0,0,0,0
201316023,16.80,8.5,26.00,F,JAN,2017,SUPP,MA1304_MA3301,4.0,MATHEMATICS III _REF CODE:CA1399_,84.000000,74.000000,64.000000,55.000000,45.000000,35.000000,JAN_2017,0,0,0,0,0
20121912,9.00,AB,0.00,I,JAN,2017,SUPP,MA1304_MA3301,4.0,MATHEMATICS III _REF CODE:CA1399_,84.000000,74.000000,64.000000,55.000000,45.000000,35.000000,JAN_2017,0,0,0,0,0
201316019,19.80,AB,0.00,I,JAN,2017,SUPP,MA1304_MA3301,4.0,MATHEMATICS III _REF CODE:CA1399_,84.000000,74.000000,64.000000,55.000000,45.000000,35.000000,JAN_2017,0,0,0,0,0
201416025,19.60,6,26.00,F,JAN,2017,SUPP,MA1304_MA3301,4.0,MATHEMATICS III _REF CODE:CA1399_,84.000000,74.000000,64.000000,55.000000,45.000000,35.000000,JAN_2017,0,0,0,0,0
