Reg_No,Internal,External,Total,Grade,Time,Year,Type,Code,Credit,Title,Cut-Off-S,Cut-Off-A,Cut-Off-B,Cut-Off-C,Cut-Off-D,Cut-Off-E,Directory,Absentees,Malpractices,Detentions,NA,appeared
20120004,13.30,AB,0.00,I,JAN,2017,SUPP,MA1405,4.0,ENGINEERING MATHEMATICS IV _REF CODE:ME1499_,86.000000,76.000000,66.000000,55.000000,45.000000,35.000000,JAN_2017,0,0,0,0,0
20120243,9.90,12,22.00,F,JAN,2017,SUPP,MA1405,4.0,ENGINEERING MATHEMATICS IV _REF CODE:ME1499_,86.000000,76.000000,66.000000,55.000000,45.000000,35.000000,JAN_2017,0,0,0,0,0
20130291,12.70,22,35.00,E,JAN,2017,SUPP,MA1405,4.0,ENGINEERING MATHEMATICS IV _REF CODE:ME1499_,86.000000,76.000000,66.000000,55.000000,45.000000,35.000000,JAN_2017,0,0,0,0,0
20130318,13.80,9.5,24.00,F,JAN,2017,SUPP,MA1405,4.0,ENGINEERING MATHEMATICS IV _REF CODE:ME1499_,86.000000,76.000000,66.000000,55.000000,45.000000,35.000000,JAN_2017,0,0,0,0,0
20130493,6.00,AB,0.00,I,JAN,2017,SUPP,MA1405,4.0,ENGINEERING MATHEMATICS IV _REF CODE:ME1499_,86.000000,76.000000,66.000000,55.000000,45.000000,35.000000,JAN_2017,0,0,0,0,0
20130494,10.10,AB,0.00,I,JAN,2017,SUPP,MA1405,4.0,ENGINEERING MATHEMATICS IV _REF CODE:ME1499_,86.000000,76.000000,66.000000,55.000000,45.000000,35.000000,JAN_2017,0,0,0,0,0
20130529,14.10,AB,0.00,I,JAN,2017,SUPP,MA1405,4.0,ENGINEERING MATHEMATICS IV _REF CODE:ME1499_,86.000000,76.000000,66.000000,55.000000,45.000000,35.000000,JAN_2017,0,0,0,0,0
20130533,10.50,AB,0.00,I,JAN,2017,SUPP,MA1405,4.0,ENGINEERING MATHEMATICS IV _REF CODE:ME1499_,86.000000,76.000000,66.000000,55.000000,45.000000,35.000000,JAN_2017,0,0,0,0,0
201315502,12.70,AB,0.00,I,JAN,2017,SUPP,MA1405,4.0,ENGINEERING MATHEMATICS IV _REF CODE:ME1499_,86.000000,76.000000,66.000000,55.000000,45.000000,35.000000,JAN_2017,0,0,0,0,0
