Reg_No,Internal,External,Total,Grade,Time,Year,Type,Code,Credit,Title,Cut-Off-S,Cut-Off-A,Cut-Off-B,Cut-Off-C,Cut-Off-D,Cut-Off-E,Directory,Absentees,Malpractices,Detentions,NA,appeared
201500296,45.83,9.5,56.00,D,JAN,2017,SUPP,ME1105,3.0,ENGINEERING GRAPHICS _REF CODE:COA105_,90.000000,79.000000,68.000000,57.000000,46.000000,35.000000,JAN_2017,0,0,0,0,0
201500866,21.42,7.5,29.00,F,JAN,2017,SUPP,ME1105,3.0,ENGINEERING GRAPHICS _REF CODE:COA105_,90.000000,79.000000,68.000000,57.000000,46.000000,35.000000,JAN_2017,0,0,0,0,0
201600039,30.80,5,36.00,E,JAN,2017,SUPP,ME1105,3.0,ENGINEERING GRAPHICS _REF CODE:COA105_,90.000000,79.000000,68.000000,57.000000,46.000000,35.000000,JAN_2017,0,0,0,0,0
201600524,34.03,MP,0.00,MP,JAN,2017,SUPP,ME1105,3.0,ENGINEERING GRAPHICS _REF CODE:COA105_,90.000000,79.000000,68.000000,57.000000,46.000000,35.000000,JAN_2017,0,0,0,0,0
201600660,40.83,14.5,56.00,D,JAN,2017,SUPP,ME1105,3.0,ENGINEERING GRAPHICS _REF CODE:COA105_,90.000000,79.000000,68.000000,57.000000,46.000000,35.000000,JAN_2017,0,0,0,0,0
