Reg_No,Internal,External,Total,Grade,Time,Year,Type,Code,Credit,Title,Cut-Off-S,Cut-Off-A,Cut-Off-B,Cut-Off-C,Cut-Off-D,Cut-Off-E,Directory,Absentees,Malpractices,Detentions,NA,appeared
201600038,11.70,18,30.00,F,JAN,2017,SUPP,ME1104,4.0,ELEMENTS OF MECHANICAL ENGINEERING _REF CODE:COA104_,85.000000,75.000000,65.000000,55.000000,45.000000,35.000000,JAN_2017,0,0,0,0,0
201600454,14.40,16,31.00,F,JAN,2017,SUPP,ME1104,4.0,ELEMENTS OF MECHANICAL ENGINEERING _REF CODE:COA104_,85.000000,75.000000,65.000000,55.000000,45.000000,35.000000,JAN_2017,0,0,0,0,0
201600472,16.70,10,27.00,F,JAN,2017,SUPP,ME1104,4.0,ELEMENTS OF MECHANICAL ENGINEERING _REF CODE:COA104_,85.000000,75.000000,65.000000,55.000000,45.000000,35.000000,JAN_2017,0,0,0,0,0
201600524,11.90,MP,0.00,MP,JAN,2017,SUPP,ME1104,4.0,ELEMENTS OF MECHANICAL ENGINEERING _REF CODE:COA104_,85.000000,75.000000,65.000000,55.000000,45.000000,35.000000,JAN_2017,0,0,0,0,0
201600627,12.50,19.5,32.00,F,JAN,2017,SUPP,ME1104,4.0,ELEMENTS OF MECHANICAL ENGINEERING _REF CODE:COA104_,85.000000,75.000000,65.000000,55.000000,45.000000,35.000000,JAN_2017,0,0,0,0,0
201600660,23.00,18.5,42.00,E,JAN,2017,SUPP,ME1104,4.0,ELEMENTS OF MECHANICAL ENGINEERING _REF CODE:COA104_,85.000000,75.000000,65.000000,55.000000,45.000000,35.000000,JAN_2017,0,0,0,0,0
201600669,12.30,15.5,28.00,F,JAN,2017,SUPP,ME1104,4.0,ELEMENTS OF MECHANICAL ENGINEERING _REF CODE:COA104_,85.000000,75.000000,65.000000,55.000000,45.000000,35.000000,JAN_2017,0,0,0,0,0
