Reg_No,Internal,External,Total,Grade,Time,Year,Type,Code,Credit,Title,Cut-Off-S,Cut-Off-A,Cut-Off-B,Cut-Off-C,Cut-Off-D,Cut-Off-E,Directory,Absentees,Malpractices,Detentions,NA,appeared
20120004,10.33,27.5,38.00,E,JAN,2017,SUPP,ME1305,4.0,MECHANICAL DRAWING,86.000000,76.000000,66.000000,55.000000,45.000000,35.000000,JAN_2017,0,0,0,0,0
20130736,25.00,17.5,43.00,E,JAN,2017,SUPP,ME1305,4.0,MECHANICAL DRAWING,86.000000,76.000000,66.000000,55.000000,45.000000,35.000000,JAN_2017,0,0,0,0,0
201500249,37.00,22.5,60.00,C,JAN,2017,SUPP,ME1305,4.0,MECHANICAL DRAWING,86.000000,76.000000,66.000000,55.000000,45.000000,35.000000,JAN_2017,0,0,0,0,0
201500281,21.95,17.5,40.00,E,JAN,2017,SUPP,ME1305,4.0,MECHANICAL DRAWING,86.000000,76.000000,66.000000,55.000000,45.000000,35.000000,JAN_2017,0,0,0,0,0
