Reg_No,Internal,External,Total,Grade,Time,Year,Type,Code,Credit,Title,Cut-Off-S,Cut-Off-A,Cut-Off-B,Cut-Off-C,Cut-Off-D,Cut-Off-E,Directory,Absentees,Malpractices,Detentions,NA,appeared
201500141,12.10,8,21.00,F,JAN,2017,SUPP,ME1309,4.0,STRENGTH OF MATERIALS,85.000000,75.000000,65.000000,55.000000,45.000000,35.000000,JAN_2017,0,0,0,0,0
201500163,17.50,17,35.00,E,JAN,2017,SUPP,ME1309,4.0,STRENGTH OF MATERIALS,85.000000,75.000000,65.000000,55.000000,45.000000,35.000000,JAN_2017,0,0,0,0,0
201500249,23.30,8.5,32.00,F,JAN,2017,SUPP,ME1309,4.0,STRENGTH OF MATERIALS,85.000000,75.000000,65.000000,55.000000,45.000000,35.000000,JAN_2017,0,0,0,0,0
201500455,13.30,2,16.00,F,JAN,2017,SUPP,ME1309,4.0,STRENGTH OF MATERIALS,85.000000,75.000000,65.000000,55.000000,45.000000,35.000000,JAN_2017,0,0,0,0,0
201615501,19.20,18.5,38.00,E,JAN,2017,SUPP,ME1309,4.0,STRENGTH OF MATERIALS,85.000000,75.000000,65.000000,55.000000,45.000000,35.000000,JAN_2017,0,0,0,0,0
