Reg_No,Internal,External,Total,Grade,Time,Year,Type,Code,Credit,Title,Cut-Off-S,Cut-Off-A,Cut-Off-B,Cut-Off-C,Cut-Off-D,Cut-Off-E,Directory,Absentees,Malpractices,Detentions,NA,appeared
20140610,13.70,16,30.00,F,JAN,2017,SUPP,ME1303,4.0,MANUFACTURING PROCESS I,82.000000,73.000000,63.000000,54.000000,44.000000,35.000000,JAN_2017,0,0,0,0,0
201500163,15.80,19,35.00,E,JAN,2017,SUPP,ME1303,4.0,MANUFACTURING PROCESS I,82.000000,73.000000,63.000000,54.000000,44.000000,35.000000,JAN_2017,0,0,0,0,0
201500249,17.30,12,30.00,F,JAN,2017,SUPP,ME1303,4.0,MANUFACTURING PROCESS I,82.000000,73.000000,63.000000,54.000000,44.000000,35.000000,JAN_2017,0,0,0,0,0
201500263,13.50,21.5,35.00,E,JAN,2017,SUPP,ME1303,4.0,MANUFACTURING PROCESS I,82.000000,73.000000,63.000000,54.000000,44.000000,35.000000,JAN_2017,0,0,0,0,0
201500455,15.73,7,23.00,F,JAN,2017,SUPP,ME1303,4.0,MANUFACTURING PROCESS I,82.000000,73.000000,63.000000,54.000000,44.000000,35.000000,JAN_2017,0,0,0,0,0
201500674,18.30,1,20.00,F,JAN,2017,SUPP,ME1303,4.0,MANUFACTURING PROCESS I,82.000000,73.000000,63.000000,54.000000,44.000000,35.000000,JAN_2017,0,0,0,0,0
