Reg_No,Internal,External,Total,Grade,Time,Year,Type,Code,Credit,Title,Cut-Off-S,Cut-Off-A,Cut-Off-B,Cut-Off-C,Cut-Off-D,Cut-Off-E,Directory,Absentees,Malpractices,Detentions,NA,appeared
20120056,68.40,20,89.00,A,JAN,2017,SUPP,ME1362,1.5,COMPUTATION LAB I,90.000000,82.000000,74.000000,66.000000,58.000000,50.000000,JAN_2017,0,0,0,0,0
20120115,70.20,16,87.00,A,JAN,2017,SUPP,ME1362,1.5,COMPUTATION LAB I,90.000000,82.000000,74.000000,66.000000,58.000000,50.000000,JAN_2017,0,0,0,0,0
20120136,64.20,15,80.00,B,JAN,2017,SUPP,ME1362,1.5,COMPUTATION LAB I,90.000000,82.000000,74.000000,66.000000,58.000000,50.000000,JAN_2017,0,0,0,0,0
20120159,71.40,21,93.00,S,JAN,2017,SUPP,ME1362,1.5,COMPUTATION LAB I,90.000000,82.000000,74.000000,66.000000,58.000000,50.000000,JAN_2017,0,0,0,0,0
20120243,71.40,17,89.00,A,JAN,2017,SUPP,ME1362,1.5,COMPUTATION LAB I,90.000000,82.000000,74.000000,66.000000,58.000000,50.000000,JAN_2017,0,0,0,0,0
20120587,66.00,18,84.00,A,JAN,2017,SUPP,ME1362,1.5,COMPUTATION LAB I,90.000000,82.000000,74.000000,66.000000,58.000000,50.000000,JAN_2017,0,0,0,0,0
201315502,70.20,18,89.00,A,JAN,2017,SUPP,ME1362,1.5,COMPUTATION LAB I,90.000000,82.000000,74.000000,66.000000,58.000000,50.000000,JAN_2017,0,0,0,0,0
201500458,69.60,17,87.00,A,JAN,2017,SUPP,ME1362,1.5,COMPUTATION LAB I,90.000000,82.000000,74.000000,66.000000,58.000000,50.000000,JAN_2017,0,0,0,0,0
