Reg_No,Internal,External,Total,Grade,Time,Year,Type,Code,Credit,Title,Cut-Off-S,Cut-Off-A,Cut-Off-B,Cut-Off-C,Cut-Off-D,Cut-Off-E,Directory,Absentees,Malpractices,Detentions,NA,appeared
20130312,8.16,AB,0.00,I,JAN,2017,SUPP,ME1302,4.0,BASIC THERMODYNAMICS,82.000000,73.000000,63.000000,54.000000,44.000000,35.000000,JAN_2017,0,0,0,0,0
20130473,16.90,22,39.00,E,JAN,2017,SUPP,ME1302,4.0,BASIC THERMODYNAMICS,82.000000,73.000000,63.000000,54.000000,44.000000,35.000000,JAN_2017,0,0,0,0,0
20140610,9.50,4.5,14.00,F,JAN,2017,SUPP,ME1302,4.0,BASIC THERMODYNAMICS,82.000000,73.000000,63.000000,54.000000,44.000000,35.000000,JAN_2017,0,0,0,0,0
20140736,10.50,26,37.00,E,JAN,2017,SUPP,ME1302,4.0,BASIC THERMODYNAMICS,82.000000,73.000000,63.000000,54.000000,44.000000,35.000000,JAN_2017,0,0,0,0,0
201415504,14.77,1.5,17.00,F,JAN,2017,SUPP,ME1302,4.0,BASIC THERMODYNAMICS,82.000000,73.000000,63.000000,54.000000,44.000000,35.000000,JAN_2017,0,0,0,0,0
201515501,14.20,17.5,32.00,F,JAN,2017,SUPP,ME1302,4.0,BASIC THERMODYNAMICS,82.000000,73.000000,63.000000,54.000000,44.000000,35.000000,JAN_2017,0,0,0,0,0
201515503,17.40,21,39.00,E,JAN,2017,SUPP,ME1302,4.0,BASIC THERMODYNAMICS,82.000000,73.000000,63.000000,54.000000,44.000000,35.000000,JAN_2017,0,0,0,0,0
201515504,16.80,8.5,26.00,F,JAN,2017,SUPP,ME1302,4.0,BASIC THERMODYNAMICS,82.000000,73.000000,63.000000,54.000000,44.000000,35.000000,JAN_2017,0,0,0,0,0
201515506,11.60,13.5,26.00,F,JAN,2017,SUPP,ME1302,4.0,BASIC THERMODYNAMICS,82.000000,73.000000,63.000000,54.000000,44.000000,35.000000,JAN_2017,0,0,0,0,0
