Reg_No,Internal,External,Total,Grade,Time,Year,Type,Code,Credit,Title,Cut-Off-S,Cut-Off-A,Cut-Off-B,Cut-Off-C,Cut-Off-D,Cut-Off-E,Directory,Absentees,Malpractices,Detentions,NA,appeared
20130312,62.17,14,77.00,B,JAN,2017,SUPP,ME1361,1.5,STRENGTH OF MATERIAL LAB,90.000000,82.000000,74.000000,66.000000,58.000000,50.000000,JAN_2017,0,0,0,0,0
201500400,64.43,19,84.00,A,JAN,2017,SUPP,ME1361,1.5,STRENGTH OF MATERIAL LAB,90.000000,82.000000,74.000000,66.000000,58.000000,50.000000,JAN_2017,0,0,0,0,0
201500458,48.60,12,61.00,D,JAN,2017,SUPP,ME1361,1.5,STRENGTH OF MATERIAL LAB,90.000000,82.000000,74.000000,66.000000,58.000000,50.000000,JAN_2017,0,0,0,0,0
201500593,61.00,10,71.00,C,JAN,2017,SUPP,ME1361,1.5,STRENGTH OF MATERIAL LAB,90.000000,82.000000,74.000000,66.000000,58.000000,50.000000,JAN_2017,0,0,0,0,0
