Reg_No,Internal,External,Total,Grade,Time,Year,Type,Code,Credit,Title,Cut-Off-S,Cut-Off-A,Cut-Off-B,Cut-Off-C,Cut-Off-D,Cut-Off-E,Directory,Absentees,Malpractices,Detentions,NA,appeared
20120498,17.15,AB,0.00,I,JAN,2017,SUPP,ME1304,4.0,THEORY OF MACHINES I _9 10 11 12 13 14_,84.000000,74.000000,64.000000,55.000000,45.000000,35.000000,JAN_2017,0,0,0,0,0
20130473,14.20,20.5,35.00,E,JAN,2017,SUPP,ME1304,4.0,THEORY OF MACHINES I _9 10 11 12 13 14_,84.000000,74.000000,64.000000,55.000000,45.000000,35.000000,JAN_2017,0,0,0,0,0
20130755,12.20,9.5,22.00,F,JAN,2017,SUPP,ME1304,4.0,THEORY OF MACHINES I _9 10 11 12 13 14_,84.000000,74.000000,64.000000,55.000000,45.000000,35.000000,JAN_2017,0,0,0,0,0
20140405,12.10,5,18.00,F,JAN,2017,SUPP,ME1304,4.0,THEORY OF MACHINES I _9 10 11 12 13 14_,84.000000,74.000000,64.000000,55.000000,45.000000,35.000000,JAN_2017,0,0,0,0,0
