Reg_No,Internal,External,Total,Grade,Time,Year,Type,Code,Credit,Title,Cut-Off-S,Cut-Off-A,Cut-Off-B,Cut-Off-C,Cut-Off-D,Cut-Off-E,Directory,Absentees,Malpractices,Detentions,NA,appeared
20120243,16.20,AB,0.00,I,JAN,2017,SUPP,ME1404,4.0,MACHINE DESIGN I,90.000000,79.000000,68.000000,57.000000,46.000000,35.000000,JAN_2017,0,0,0,0,0
20130529,12.70,AB,0.00,I,JAN,2017,SUPP,ME1404,4.0,MACHINE DESIGN I,90.000000,79.000000,68.000000,57.000000,46.000000,35.000000,JAN_2017,0,0,0,0,0
20130755,11.60,19,31.00,F,JAN,2017,SUPP,ME1404,4.0,MACHINE DESIGN I,90.000000,79.000000,68.000000,57.000000,46.000000,35.000000,JAN_2017,0,0,0,0,0
