Reg_No,Internal,External,Total,Grade,Time,Year,Type,Code,Credit,Title,Cut-Off-S,Cut-Off-A,Cut-Off-B,Cut-Off-C,Cut-Off-D,Cut-Off-E,Directory,Absentees,Malpractices,Detentions,NA,appeared
20120056,59.50,14,74.00,B,JAN,2017,SUPP,ME1563,1.5,METROLOGY LAB,90.000000,82.000000,74.000000,66.000000,58.000000,50.000000,JAN_2017,0,0,0,0,0
20130144,59.00,13,72.00,C,JAN,2017,SUPP,ME1563,1.5,METROLOGY LAB,90.000000,82.000000,74.000000,66.000000,58.000000,50.000000,JAN_2017,0,0,0,0,0
20130473,59.50,11,71.00,C,JAN,2017,SUPP,ME1563,1.5,METROLOGY LAB,90.000000,82.000000,74.000000,66.000000,58.000000,50.000000,JAN_2017,0,0,0,0,0
20130533,59.00,10,69.00,C,JAN,2017,SUPP,ME1563,1.5,METROLOGY LAB,90.000000,82.000000,74.000000,66.000000,58.000000,50.000000,JAN_2017,0,0,0,0,0
20140603,59.00,13,72.00,C,JAN,2017,SUPP,ME1563,1.5,METROLOGY LAB,90.000000,82.000000,74.000000,66.000000,58.000000,50.000000,JAN_2017,0,0,0,0,0
20140608,57.50,12,70.00,C,JAN,2017,SUPP,ME1563,1.5,METROLOGY LAB,90.000000,82.000000,74.000000,66.000000,58.000000,50.000000,JAN_2017,0,0,0,0,0
