Reg_No,Internal,External,Total,Grade,Time,Year,Type,Code,Credit,Title,Cut-Off-S,Cut-Off-A,Cut-Off-B,Cut-Off-C,Cut-Off-D,Cut-Off-E,Directory,Absentees,Malpractices,Detentions,NA,appeared
20130318,9.20,5,15.00,F,JAN,2017,SUPP,ME1504,4.0,THEORY OF MACHINES II,89.000000,78.000000,67.000000,57.000000,46.000000,35.000000,JAN_2017,0,0,0,0,0
20130457,24.00,11.5,36.00,E,JAN,2017,SUPP,ME1504,4.0,THEORY OF MACHINES II,89.000000,78.000000,67.000000,57.000000,46.000000,35.000000,JAN_2017,0,0,0,0,0
20140055,21.30,AB,0.00,I,JAN,2017,SUPP,ME1504,4.0,THEORY OF MACHINES II,89.000000,78.000000,67.000000,57.000000,46.000000,35.000000,JAN_2017,0,0,0,0,0
20140194,24.70,17.5,43.00,E,JAN,2017,SUPP,ME1504,4.0,THEORY OF MACHINES II,89.000000,78.000000,67.000000,57.000000,46.000000,35.000000,JAN_2017,0,0,0,0,0
20140368,35.40,5.5,41.00,E,JAN,2017,SUPP,ME1504,4.0,THEORY OF MACHINES II,89.000000,78.000000,67.000000,57.000000,46.000000,35.000000,JAN_2017,0,0,0,0,0
20140414,48.40,42,91.00,S,JAN,2017,SUPP,ME1504,4.0,THEORY OF MACHINES II,89.000000,78.000000,67.000000,57.000000,46.000000,35.000000,JAN_2017,0,0,0,0,0
20140476,26.10,10,37.00,E,JAN,2017,SUPP,ME1504,4.0,THEORY OF MACHINES II,89.000000,78.000000,67.000000,57.000000,46.000000,35.000000,JAN_2017,0,0,0,0,0
20140543,22.10,9.5,32.00,F,JAN,2017,SUPP,ME1504,4.0,THEORY OF MACHINES II,89.000000,78.000000,67.000000,57.000000,46.000000,35.000000,JAN_2017,0,0,0,0,0
201515504,18.80,18,37.00,E,JAN,2017,SUPP,ME1504,4.0,THEORY OF MACHINES II,89.000000,78.000000,67.000000,57.000000,46.000000,35.000000,JAN_2017,0,0,0,0,0
