Reg_No,Internal,External,Total,Grade,Time,Year,Type,Code,Credit,Title,Cut-Off-S,Cut-Off-A,Cut-Off-B,Cut-Off-C,Cut-Off-D,Cut-Off-E,Directory,Absentees,Malpractices,Detentions,NA,appeared
20130070,62.40,12,75.00,B,JAN,2017,SUPP,ME1561,1.5,WORKSHOP PRACTICE III,86.000000,79.000000,72.000000,64.000000,57.000000,50.000000,JAN_2017,0,0,0,0,0
20130457,64.80,16,81.00,A,JAN,2017,SUPP,ME1561,1.5,WORKSHOP PRACTICE III,86.000000,79.000000,72.000000,64.000000,57.000000,50.000000,JAN_2017,0,0,0,0,0
20140017,67.50,17,85.00,A,JAN,2017,SUPP,ME1561,1.5,WORKSHOP PRACTICE III,86.000000,79.000000,72.000000,64.000000,57.000000,50.000000,JAN_2017,0,0,0,0,0
20140143,68.40,17,86.00,S,JAN,2017,SUPP,ME1561,1.5,WORKSHOP PRACTICE III,86.000000,79.000000,72.000000,64.000000,57.000000,50.000000,JAN_2017,0,0,0,0,0
20140234,67.20,12,80.00,A,JAN,2017,SUPP,ME1561,1.5,WORKSHOP PRACTICE III,86.000000,79.000000,72.000000,64.000000,57.000000,50.000000,JAN_2017,0,0,0,0,0
20140476,66.60,15,82.00,A,JAN,2017,SUPP,ME1561,1.5,WORKSHOP PRACTICE III,86.000000,79.000000,72.000000,64.000000,57.000000,50.000000,JAN_2017,0,0,0,0,0
20140608,69.00,14,83.00,A,JAN,2017,SUPP,ME1561,1.5,WORKSHOP PRACTICE III,86.000000,79.000000,72.000000,64.000000,57.000000,50.000000,JAN_2017,0,0,0,0,0
