Reg_No,Internal,External,Total,Grade,Time,Year,Type,Code,Credit,Title,Cut-Off-S,Cut-Off-A,Cut-Off-B,Cut-Off-C,Cut-Off-D,Cut-Off-E,Directory,Absentees,Malpractices,Detentions,NA,appeared
20120004,16.00,AB,0.00,I,JAN,2017,SUPP,ME1704,4.0,INSTRUMENTATION & CONTROL SYSTEM,84.000000,74.000000,64.000000,55.000000,45.000000,35.000000,JAN_2017,0,0,0,0,0
20120115,27.00,11,38.00,E,JAN,2017,SUPP,ME1704,4.0,INSTRUMENTATION & CONTROL SYSTEM,84.000000,74.000000,64.000000,55.000000,45.000000,35.000000,JAN_2017,0,0,0,0,0
20120159,22.20,23,46.00,D,JAN,2017,SUPP,ME1704,4.0,INSTRUMENTATION & CONTROL SYSTEM,84.000000,74.000000,64.000000,55.000000,45.000000,35.000000,JAN_2017,0,0,0,0,0
20120184,35.90,43.5,80.00,A,JAN,2017,SUPP,ME1704,4.0,INSTRUMENTATION & CONTROL SYSTEM,84.000000,74.000000,64.000000,55.000000,45.000000,35.000000,JAN_2017,0,0,0,0,0
20120498,20.60,00,21.00,F,JAN,2017,SUPP,ME1704,4.0,INSTRUMENTATION & CONTROL SYSTEM,84.000000,74.000000,64.000000,55.000000,45.000000,35.000000,JAN_2017,0,0,0,0,0
20130512,9.00,00,9.00,F,JAN,2017,SUPP,ME1704,4.0,INSTRUMENTATION & CONTROL SYSTEM,84.000000,74.000000,64.000000,55.000000,45.000000,35.000000,JAN_2017,0,0,0,0,0
20130536,19.10,22.5,42.00,E,JAN,2017,SUPP,ME1704,4.0,INSTRUMENTATION & CONTROL SYSTEM,84.000000,74.000000,64.000000,55.000000,45.000000,35.000000,JAN_2017,0,0,0,0,0
