Reg_No,Internal,External,Total,Grade,Time,Year,Type,Code,Credit,Title,Cut-Off-S,Cut-Off-A,Cut-Off-B,Cut-Off-C,Cut-Off-D,Cut-Off-E,Directory,Absentees,Malpractices,Detentions,NA,appeared
20120159,26.90,13.5,41.00,E,JAN,2017,SUPP,ME1736,4.0,TOTAL QUALITY MANAGEMENT _ELECTIVE II_,88.000000,78.000000,67.000000,57.000000,46.000000,36.000000,JAN_2017,0,0,0,0,0
20130143,23.20,25,49.00,D,JAN,2017,SUPP,ME1736,4.0,TOTAL QUALITY MANAGEMENT _ELECTIVE II_,88.000000,78.000000,67.000000,57.000000,46.000000,36.000000,JAN_2017,0,0,0,0,0
20130512,22.60,25.5,49.00,D,JAN,2017,SUPP,ME1736,4.0,TOTAL QUALITY MANAGEMENT _ELECTIVE II_,88.000000,78.000000,67.000000,57.000000,46.000000,36.000000,JAN_2017,0,0,0,0,0
20130589,32.00,26.5,59.00,C,JAN,2017,SUPP,ME1736,4.0,TOTAL QUALITY MANAGEMENT _ELECTIVE II_,88.000000,78.000000,67.000000,57.000000,46.000000,36.000000,JAN_2017,0,0,0,0,0
