Reg_No,Internal,External,Total,Grade,Time,Year,Type,Code,Credit,Title,Cut-Off-S,Cut-Off-A,Cut-Off-B,Cut-Off-C,Cut-Off-D,Cut-Off-E,Directory,Absentees,Malpractices,Detentions,NA,appeared
20120032,20.40,21,42.00,E,JAN,2017,SUPP,ME1702,4.0,OPERATIONS RESEARCH & MANAGEMENT,90.000000,80.000000,69.000000,59.000000,48.000000,38.000000,JAN_2017,0,0,0,0,0
20120056,22.75,40,63.00,C,JAN,2017,SUPP,ME1702,4.0,OPERATIONS RESEARCH & MANAGEMENT,90.000000,80.000000,69.000000,59.000000,48.000000,38.000000,JAN_2017,0,0,0,0,0
20120136,13.40,29.5,43.00,E,JAN,2017,SUPP,ME1702,4.0,OPERATIONS RESEARCH & MANAGEMENT,90.000000,80.000000,69.000000,59.000000,48.000000,38.000000,JAN_2017,0,0,0,0,0
20130318,21.40,32,54.00,D,JAN,2017,SUPP,ME1702,4.0,OPERATIONS RESEARCH & MANAGEMENT,90.000000,80.000000,69.000000,59.000000,48.000000,38.000000,JAN_2017,0,0,0,0,0
20130512,19.80,38,58.00,C,JAN,2017,SUPP,ME1702,4.0,OPERATIONS RESEARCH & MANAGEMENT,90.000000,80.000000,69.000000,59.000000,48.000000,38.000000,JAN_2017,0,0,0,0,0
20130596,40.80,41,82.00,A,JAN,2017,SUPP,ME1702,4.0,OPERATIONS RESEARCH & MANAGEMENT,90.000000,80.000000,69.000000,59.000000,48.000000,38.000000,JAN_2017,0,0,0,0,0
