Reg_No,Internal,External,Total,Grade,Time,Year,Type,Code,Credit,Title,Cut-Off-S,Cut-Off-A,Cut-Off-B,Cut-Off-C,Cut-Off-D,Cut-Off-E,Directory,Absentees,Malpractices,Detentions,NA,appeared
201321209,12.28,4.5,17.00,F,JAN,2017,SUPP,PH2103,4.0,CLASSICAL MECHANICS,90.000000,80.000000,70.000000,60.000000,50.000000,40.000000,JAN_2017,0,0,0,0,0
201521211,21.80,01,23.00,F,JAN,2017,SUPP,PH2103,4.0,CLASSICAL MECHANICS,90.000000,80.000000,70.000000,60.000000,50.000000,40.000000,JAN_2017,0,0,0,0,0
201521217,11.43,AB,0.00,I,JAN,2017,SUPP,PH2103,4.0,CLASSICAL MECHANICS,90.000000,80.000000,70.000000,60.000000,50.000000,40.000000,JAN_2017,0,0,0,0,0
201621206,18.55,21.5,41.00,E,JAN,2017,SUPP,PH2103,4.0,CLASSICAL MECHANICS,90.000000,80.000000,70.000000,60.000000,50.000000,40.000000,JAN_2017,0,0,0,0,0
201621207,14.30,25.5,40.00,E,JAN,2017,SUPP,PH2103,4.0,CLASSICAL MECHANICS,90.000000,80.000000,70.000000,60.000000,50.000000,40.000000,JAN_2017,0,0,0,0,0
201621212,14.98,15.75,31.00,F,JAN,2017,SUPP,PH2103,4.0,CLASSICAL MECHANICS,90.000000,80.000000,70.000000,60.000000,50.000000,40.000000,JAN_2017,0,0,0,0,0
