Reg_No,Internal,External,Total,Grade,Time,Year,Type,Code,Credit,Title,Cut-Off-S,Cut-Off-A,Cut-Off-B,Cut-Off-C,Cut-Off-D,Cut-Off-E,Directory,Absentees,Malpractices,Detentions,NA,appeared
201321209,13.70,12.25,26.00,F,JAN,2017,SUPP,PH2302,4.0,NUCLEAR & PARTICLE PHYSICS,90.000000,80.000000,70.000000,60.000000,50.000000,40.000000,JAN_2017,0,0,0,0,0
201521216,14.40,27,42.00,E,JAN,2017,SUPP,PH2302,4.0,NUCLEAR & PARTICLE PHYSICS,90.000000,80.000000,70.000000,60.000000,50.000000,40.000000,JAN_2017,0,0,0,0,0
201521217,20.75,10,31.00,F,JAN,2017,SUPP,PH2302,4.0,NUCLEAR & PARTICLE PHYSICS,90.000000,80.000000,70.000000,60.000000,50.000000,40.000000,JAN_2017,0,0,0,0,0
