Reg_No,Internal,External,Total,Grade,Time,Year,Type,Code,Credit,Title,Cut-Off-S,Cut-Off-A,Cut-Off-B,Cut-Off-C,Cut-Off-D,Cut-Off-E,Directory,Absentees,Malpractices,Detentions,NA,appeared
Subject,Title,:,MATHEMATICS,I,JAN_DEC,2012,MAKE,BCA101,4.0,MATHEMATICS I,87.000000,77.000000,66.000000,56.000000,45.000000,35.000000,JAN_DEC_2012,0,0,0,0,0
200816019,9.80,02,12.00,F,JAN_DEC,2012,MAKE,BCA101,4.0,MATHEMATICS I,87.000000,77.000000,66.000000,56.000000,45.000000,35.000000,JAN_DEC_2012,0,0,0,0,0
201016020,11.60,AB,0.00,I,JAN_DEC,2012,MAKE,BCA101,4.0,MATHEMATICS I,87.000000,77.000000,66.000000,56.000000,45.000000,35.000000,JAN_DEC_2012,0,0,0,0,0
201016021,16.80,01,18.00,F,JAN_DEC,2012,MAKE,BCA101,4.0,MATHEMATICS I,87.000000,77.000000,66.000000,56.000000,45.000000,35.000000,JAN_DEC_2012,0,0,0,0,0
201116052,16.60,AB,0.00,I,JAN_DEC,2012,MAKE,BCA101,4.0,MATHEMATICS I,87.000000,77.000000,66.000000,56.000000,45.000000,35.000000,JAN_DEC_2012,0,0,0,0,0
20121912,11.40,05,17.00,F,JAN_DEC,2012,MAKE,BCA101,4.0,MATHEMATICS I,87.000000,77.000000,66.000000,56.000000,45.000000,35.000000,JAN_DEC_2012,0,0,0,0,0
20121919,14.90,16,31.00,F,JAN_DEC,2012,MAKE,BCA101,4.0,MATHEMATICS I,87.000000,77.000000,66.000000,56.000000,45.000000,35.000000,JAN_DEC_2012,0,0,0,0,0
20121936,20.30,16.5,37.00,E,JAN_DEC,2012,MAKE,BCA101,4.0,MATHEMATICS I,87.000000,77.000000,66.000000,56.000000,45.000000,35.000000,JAN_DEC_2012,0,0,0,0,0
