Reg_No,Internal,External,Total,Grade,Time,Year,Type,Code,Credit,Title,Cut-Off-S,Cut-Off-A,Cut-Off-B,Cut-Off-C,Cut-Off-D,Cut-Off-E,Directory,Absentees,Malpractices,Detentions,NA,appeared
200816019,9.00,00,9.00,F,JAN_DEC,2012,MAKE,BCA301,4.0,MATHEMATICS III,80.000000,71.000000,62.000000,53.000000,44.000000,35.000000,JAN_DEC_2012,0,0,0,0,0
201016042,21.70,8.5,31.00,F,JAN_DEC,2012,MAKE,BCA301,4.0,MATHEMATICS III,80.000000,71.000000,62.000000,53.000000,44.000000,35.000000,JAN_DEC_2012,0,0,0,0,0
201016044,17.50,2.5,20.00,F,JAN_DEC,2012,MAKE,BCA301,4.0,MATHEMATICS III,80.000000,71.000000,62.000000,53.000000,44.000000,35.000000,JAN_DEC_2012,0,0,0,0,0
201116005,14.00,27,41.00,E,JAN_DEC,2012,MAKE,BCA301,4.0,MATHEMATICS III,80.000000,71.000000,62.000000,53.000000,44.000000,35.000000,JAN_DEC_2012,0,0,0,0,0
201116029,18.70,08,27.00,F,JAN_DEC,2012,MAKE,BCA301,4.0,MATHEMATICS III,80.000000,71.000000,62.000000,53.000000,44.000000,35.000000,JAN_DEC_2012,0,0,0,0,0
