Reg_No,Internal,External,Total,Grade,Time,Year,Type,Code,Credit,Title,Cut-Off-S,Cut-Off-A,Cut-Off-B,Cut-Off-C,Cut-Off-D,Cut-Off-E,Directory,Absentees,Malpractices,Detentions,NA,appeared
20110141,20.00,19,39.00,E,JAN_DEC,2012,MAKE,CE303,4.0,STRUCTURAL ANALYSIS I,80.000000,71.000000,62.000000,53.000000,44.000000,35.000000,JAN_DEC_2012,0,0,0,0,0
20110184,13.90,5.5,20.00,F,JAN_DEC,2012,MAKE,CE303,4.0,STRUCTURAL ANALYSIS I,80.000000,71.000000,62.000000,53.000000,44.000000,35.000000,JAN_DEC_2012,0,0,0,0,0
20110409,20.00,15,35.00,E,JAN_DEC,2012,MAKE,CE303,4.0,STRUCTURAL ANALYSIS I,80.000000,71.000000,62.000000,53.000000,44.000000,35.000000,JAN_DEC_2012,0,0,0,0,0
20110566,32.90,39,72.00,A,JAN_DEC,2012,MAKE,CE303,4.0,STRUCTURAL ANALYSIS I,80.000000,71.000000,62.000000,53.000000,44.000000,35.000000,JAN_DEC_2012,0,0,0,0,0
201118510,18.50,17,36.00,E,JAN_DEC,2012,MAKE,CE303,4.0,STRUCTURAL ANALYSIS I,80.000000,71.000000,62.000000,53.000000,44.000000,35.000000,JAN_DEC_2012,0,0,0,0,0
