Reg_No,Internal,External,Total,Grade,Time,Year,Type,Code,Credit,Title,Cut-Off-S,Cut-Off-A,Cut-Off-B,Cut-Off-C,Cut-Off-D,Cut-Off-E,Directory,Absentees,Malpractices,Detentions,NA,appeared
Subject,Title,:,SURVEYING,I,JAN_DEC,2012,MAKE,CE305,4.0,SURVEYING I,80.000000,71.000000,62.000000,53.000000,44.000000,35.000000,JAN_DEC_2012,0,0,0,0,0
200918055,7.00,AB,0.00,I,JAN_DEC,2012,MAKE,CE305,4.0,SURVEYING I,80.000000,71.000000,62.000000,53.000000,44.000000,35.000000,JAN_DEC_2012,0,0,0,0,0
201118510,11.10,14,26.00,F,JAN_DEC,2012,MAKE,CE305,4.0,SURVEYING I,80.000000,71.000000,62.000000,53.000000,44.000000,35.000000,JAN_DEC_2012,0,0,0,0,0
20110141,28.70,AB,0.00,I,JAN_DEC,2012,MAKE,CE305,4.0,SURVEYING I,80.000000,71.000000,62.000000,53.000000,44.000000,35.000000,JAN_DEC_2012,0,0,0,0,0
20110184,12.30,04,17.00,F,JAN_DEC,2012,MAKE,CE305,4.0,SURVEYING I,80.000000,71.000000,62.000000,53.000000,44.000000,35.000000,JAN_DEC_2012,0,0,0,0,0
20110370,19.00,22,41.00,E,JAN_DEC,2012,MAKE,CE305,4.0,SURVEYING I,80.000000,71.000000,62.000000,53.000000,44.000000,35.000000,JAN_DEC_2012,0,0,0,0,0
20110409,13.30,17,31.00,F,JAN_DEC,2012,MAKE,CE305,4.0,SURVEYING I,80.000000,71.000000,62.000000,53.000000,44.000000,35.000000,JAN_DEC_2012,0,0,0,0,0
