Reg_No,Internal,External,Total,Grade,Time,Year,Type,Code,Credit,Title,Cut-Off-S,Cut-Off-A,Cut-Off-B,Cut-Off-C,Cut-Off-D,Cut-Off-E,Directory,Absentees,Malpractices,Detentions,NA,appeared
200918004,22.00,AB,0.00,I,JAN_DEC,2012,MAKE,CE505,4.0,ENVIRONMENTAL ENGINEERING I,90.000000,81.000000,72.000000,63.000000,54.000000,45.000000,JAN_DEC_2012,0,0,0,0,0
200918035,15.70,AB,0.00,I,JAN_DEC,2012,MAKE,CE505,4.0,ENVIRONMENTAL ENGINEERING I,90.000000,81.000000,72.000000,63.000000,54.000000,45.000000,JAN_DEC_2012,0,0,0,0,0
200918037,30.10,AB,0.00,I,JAN_DEC,2012,MAKE,CE505,4.0,ENVIRONMENTAL ENGINEERING I,90.000000,81.000000,72.000000,63.000000,54.000000,45.000000,JAN_DEC_2012,0,0,0,0,0
200918053,16.50,31,48.00,E,JAN_DEC,2012,MAKE,CE505,4.0,ENVIRONMENTAL ENGINEERING I,90.000000,81.000000,72.000000,63.000000,54.000000,45.000000,JAN_DEC_2012,0,0,0,0,0
201018001,17.60,AB,0.00,I,JAN_DEC,2012,MAKE,CE505,4.0,ENVIRONMENTAL ENGINEERING I,90.000000,81.000000,72.000000,63.000000,54.000000,45.000000,JAN_DEC_2012,0,0,0,0,0
