Reg_No,Internal,External,Total,Grade,Time,Year,Type,Code,Credit,Title,Cut-Off-S,Cut-Off-A,Cut-Off-B,Cut-Off-C,Cut-Off-D,Cut-Off-E,Directory,Absentees,Malpractices,Detentions,NA,appeared
200918003,23.40,17,41.00,E,JAN_DEC,2012,MAKE,CE704,3.0,DESIGN OF PRE_STRESSED CONCRETE STRUCTURES,90.000000,79.000000,68.000000,57.000000,46.000000,35.000000,JAN_DEC_2012,0,0,0,0,0
200918004,26.10,16.5,43.00,E,JAN_DEC,2012,MAKE,CE704,3.0,DESIGN OF PRE_STRESSED CONCRETE STRUCTURES,90.000000,79.000000,68.000000,57.000000,46.000000,35.000000,JAN_DEC_2012,0,0,0,0,0
200918017,23.80,18,42.00,E,JAN_DEC,2012,MAKE,CE704,3.0,DESIGN OF PRE_STRESSED CONCRETE STRUCTURES,90.000000,79.000000,68.000000,57.000000,46.000000,35.000000,JAN_DEC_2012,0,0,0,0,0
200918027,29.50,18.5,48.00,D,JAN_DEC,2012,MAKE,CE704,3.0,DESIGN OF PRE_STRESSED CONCRETE STRUCTURES,90.000000,79.000000,68.000000,57.000000,46.000000,35.000000,JAN_DEC_2012,0,0,0,0,0
200918037,33.90,25,59.00,C,JAN_DEC,2012,MAKE,CE704,3.0,DESIGN OF PRE_STRESSED CONCRETE STRUCTURES,90.000000,79.000000,68.000000,57.000000,46.000000,35.000000,JAN_DEC_2012,0,0,0,0,0
200918054,33.60,19.5,54.00,D,JAN_DEC,2012,MAKE,CE704,3.0,DESIGN OF PRE_STRESSED CONCRETE STRUCTURES,90.000000,79.000000,68.000000,57.000000,46.000000,35.000000,JAN_DEC_2012,0,0,0,0,0
200918059,19.30,17,37.00,E,JAN_DEC,2012,MAKE,CE704,3.0,DESIGN OF PRE_STRESSED CONCRETE STRUCTURES,90.000000,79.000000,68.000000,57.000000,46.000000,35.000000,JAN_DEC_2012,0,0,0,0,0
200918060,32.50,29.5,62.00,C,JAN_DEC,2012,MAKE,CE704,3.0,DESIGN OF PRE_STRESSED CONCRETE STRUCTURES,90.000000,79.000000,68.000000,57.000000,46.000000,35.000000,JAN_DEC_2012,0,0,0,0,0
