Reg_No,Internal,External,Total,Grade,Time,Year,Type,Code,Credit,Title,Cut-Off-S,Cut-Off-A,Cut-Off-B,Cut-Off-C,Cut-Off-D,Cut-Off-E,Directory,Absentees,Malpractices,Detentions,NA,appeared
201011128,25.88,24,50.00,D,JAN_DEC,2012,MAKE,COA105_COB205_NEW__COA107_COB207_OLD_,3.0,ENGINEERING GRAPHICS,80.000000,71.000000,62.000000,53.000000,44.000000,35.000000,JAN_DEC_2012,0,0,0,0,0
201012097,20.98,4.5,26.00,F,JAN_DEC,2012,MAKE,COA105_COB205_NEW__COA107_COB207_OLD_,3.0,ENGINEERING GRAPHICS,80.000000,71.000000,62.000000,53.000000,44.000000,35.000000,JAN_DEC_2012,0,0,0,0,0
20120015,39.58,24.5,65.00,B,JAN_DEC,2012,MAKE,COA105_COB205_NEW__COA107_COB207_OLD_,3.0,ENGINEERING GRAPHICS,80.000000,71.000000,62.000000,53.000000,44.000000,35.000000,JAN_DEC_2012,0,0,0,0,0
20120209,23.02,00,24.00,F,JAN_DEC,2012,MAKE,COA105_COB205_NEW__COA107_COB207_OLD_,3.0,ENGINEERING GRAPHICS,80.000000,71.000000,62.000000,53.000000,44.000000,35.000000,JAN_DEC_2012,0,0,0,0,0
20120239,35.60,8.5,45.00,D,JAN_DEC,2012,MAKE,COA105_COB205_NEW__COA107_COB207_OLD_,3.0,ENGINEERING GRAPHICS,80.000000,71.000000,62.000000,53.000000,44.000000,35.000000,JAN_DEC_2012,0,0,0,0,0
20120282,46.37,35,82.00,S,JAN_DEC,2012,MAKE,COA105_COB205_NEW__COA107_COB207_OLD_,3.0,ENGINEERING GRAPHICS,80.000000,71.000000,62.000000,53.000000,44.000000,35.000000,JAN_DEC_2012,0,0,0,0,0
20120307,30.12,29.5,60.00,C,JAN_DEC,2012,MAKE,COA105_COB205_NEW__COA107_COB207_OLD_,3.0,ENGINEERING GRAPHICS,80.000000,71.000000,62.000000,53.000000,44.000000,35.000000,JAN_DEC_2012,0,0,0,0,0
20120317,32.30,14,47.00,D,JAN_DEC,2012,MAKE,COA105_COB205_NEW__COA107_COB207_OLD_,3.0,ENGINEERING GRAPHICS,80.000000,71.000000,62.000000,53.000000,44.000000,35.000000,JAN_DEC_2012,0,0,0,0,0
20120334,27.37,09,37.00,E,JAN_DEC,2012,MAKE,COA105_COB205_NEW__COA107_COB207_OLD_,3.0,ENGINEERING GRAPHICS,80.000000,71.000000,62.000000,53.000000,44.000000,35.000000,JAN_DEC_2012,0,0,0,0,0
