Reg_No,Internal,External,Total,Grade,Time,Year,Type,Code,Credit,Title,Cut-Off-S,Cut-Off-A,Cut-Off-B,Cut-Off-C,Cut-Off-D,Cut-Off-E,Directory,Absentees,Malpractices,Detentions,NA,appeared
200812133,16.70,AB,0.00,I,JAN_DEC,2012,MAKE,COA102_COB102,3.0,ENGINEERING MECHANICS,80.000000,71.000000,62.000000,53.000000,44.000000,35.000000,JAN_DEC_2012,0,0,0,0,0
200911053,10.90,AB,0.00,I,JAN_DEC,2012,MAKE,COA102_COB102,3.0,ENGINEERING MECHANICS,80.000000,71.000000,62.000000,53.000000,44.000000,35.000000,JAN_DEC_2012,0,0,0,0,0
200918019,18.00,AB,0.00,I,JAN_DEC,2012,MAKE,COA102_COB102,3.0,ENGINEERING MECHANICS,80.000000,71.000000,62.000000,53.000000,44.000000,35.000000,JAN_DEC_2012,0,0,0,0,0
200928024,20.95,AB,0.00,I,JAN_DEC,2012,MAKE,COA102_COB102,3.0,ENGINEERING MECHANICS,80.000000,71.000000,62.000000,53.000000,44.000000,35.000000,JAN_DEC_2012,0,0,0,0,0
201012088,14.40,25,40.00,E,JAN_DEC,2012,MAKE,COA102_COB102,3.0,ENGINEERING MECHANICS,80.000000,71.000000,62.000000,53.000000,44.000000,35.000000,JAN_DEC_2012,0,0,0,0,0
201012100,13.40,24,38.00,E,JAN_DEC,2012,MAKE,COA102_COB102,3.0,ENGINEERING MECHANICS,80.000000,71.000000,62.000000,53.000000,44.000000,35.000000,JAN_DEC_2012,0,0,0,0,0
201015027,14.90,AB,0.00,I,JAN_DEC,2012,MAKE,COA102_COB102,3.0,ENGINEERING MECHANICS,80.000000,71.000000,62.000000,53.000000,44.000000,35.000000,JAN_DEC_2012,0,0,0,0,0
