Reg_No,Internal,External,Total,Grade,Time,Year,Type,Code,Credit,Title,Cut-Off-S,Cut-Off-A,Cut-Off-B,Cut-Off-C,Cut-Off-D,Cut-Off-E,Directory,Absentees,Malpractices,Detentions,NA,appeared
20110451,18.60,AB,0.00,I,JAN_DEC,2012,MAKE,COA106_COB206,3.0,COMMUNICATION SKILLS,80.000000,71.000000,63.000000,54.000000,46.000000,38.000000,JAN_DEC_2012,0,0,0,0,0
20120015,26.98,32.5,60.00,C,JAN_DEC,2012,MAKE,COA106_COB206,3.0,COMMUNICATION SKILLS,80.000000,71.000000,63.000000,54.000000,46.000000,38.000000,JAN_DEC_2012,0,0,0,0,0
20120209,15.70,15.25,31.00,F,JAN_DEC,2012,MAKE,COA106_COB206,3.0,COMMUNICATION SKILLS,80.000000,71.000000,63.000000,54.000000,46.000000,38.000000,JAN_DEC_2012,0,0,0,0,0
20120239,29.28,29.75,60.00,C,JAN_DEC,2012,MAKE,COA106_COB206,3.0,COMMUNICATION SKILLS,80.000000,71.000000,63.000000,54.000000,46.000000,38.000000,JAN_DEC_2012,0,0,0,0,0
20120266,16.88,17.5,35.00,F,JAN_DEC,2012,MAKE,COA106_COB206,3.0,COMMUNICATION SKILLS,80.000000,71.000000,63.000000,54.000000,46.000000,38.000000,JAN_DEC_2012,0,0,0,0,0
20120282,34.25,34.75,69.00,B,JAN_DEC,2012,MAKE,COA106_COB206,3.0,COMMUNICATION SKILLS,80.000000,71.000000,63.000000,54.000000,46.000000,38.000000,JAN_DEC_2012,0,0,0,0,0
20120317,31.35,27.75,60.00,C,JAN_DEC,2012,MAKE,COA106_COB206,3.0,COMMUNICATION SKILLS,80.000000,71.000000,63.000000,54.000000,46.000000,38.000000,JAN_DEC_2012,0,0,0,0,0
20110018,16.45,28.5,45.00,E,JAN_DEC,2012,MAKE,COA106_COB206,3.0,COMMUNICATION SKILLS,80.000000,71.000000,63.000000,54.000000,46.000000,38.000000,JAN_DEC_2012,0,0,0,0,0
