Reg_No,Internal,External,Total,Grade,Time,Year,Type,Code,Credit,Title,Cut-Off-S,Cut-Off-A,Cut-Off-B,Cut-Off-C,Cut-Off-D,Cut-Off-E,Directory,Absentees,Malpractices,Detentions,NA,appeared
20110504,22.60,10.75,34.00,F,JAN_DEC,2012,MAKE,COB103_COA203,4.0,ENGINEERING CHEMISTRY,80.000000,71.000000,62.000000,53.000000,44.000000,35.000000,JAN_DEC_2012,0,0,0,0,0
20110612,22.50,AB,0.00,I,JAN_DEC,2012,MAKE,COB103_COA203,4.0,ENGINEERING CHEMISTRY,80.000000,71.000000,62.000000,53.000000,44.000000,35.000000,JAN_DEC_2012,0,0,0,0,0
20120115,18.50,AB,0.00,I,JAN_DEC,2012,MAKE,COB103_COA203,4.0,ENGINEERING CHEMISTRY,80.000000,71.000000,62.000000,53.000000,44.000000,35.000000,JAN_DEC_2012,0,0,0,0,0
20120161,19.10,AB,0.00,I,JAN_DEC,2012,MAKE,COB103_COA203,4.0,ENGINEERING CHEMISTRY,80.000000,71.000000,62.000000,53.000000,44.000000,35.000000,JAN_DEC_2012,0,0,0,0,0
20120196,16.60,7.25,24.00,F,JAN_DEC,2012,MAKE,COB103_COA203,4.0,ENGINEERING CHEMISTRY,80.000000,71.000000,62.000000,53.000000,44.000000,35.000000,JAN_DEC_2012,0,0,0,0,0
20120487,22.00,12.25,35.00,E,JAN_DEC,2012,MAKE,COB103_COA203,4.0,ENGINEERING CHEMISTRY,80.000000,71.000000,62.000000,53.000000,44.000000,35.000000,JAN_DEC_2012,0,0,0,0,0
20120593,19.98,6.75,27.00,F,JAN_DEC,2012,MAKE,COB103_COA203,4.0,ENGINEERING CHEMISTRY,80.000000,71.000000,62.000000,53.000000,44.000000,35.000000,JAN_DEC_2012,0,0,0,0,0
