Reg_No,Internal,External,Total,Grade,Time,Year,Type,Code,Credit,Title,Cut-Off-S,Cut-Off-A,Cut-Off-B,Cut-Off-C,Cut-Off-D,Cut-Off-E,Directory,Absentees,Malpractices,Detentions,NA,appeared
200911041,27.00,27.5,55.00,C,JAN_DEC,2012,MAKE,CSE302,4.0,DATA STRUCTURES,87.000000,77.000000,66.000000,56.000000,45.000000,35.000000,JAN_DEC_2012,0,0,0,0,0
201011106,14.75,AB,0.00,I,JAN_DEC,2012,MAKE,CSE302,4.0,DATA STRUCTURES,87.000000,77.000000,66.000000,56.000000,45.000000,35.000000,JAN_DEC_2012,0,0,0,0,0
201011116,14.70,15,30.00,F,JAN_DEC,2012,MAKE,CSE302,4.0,DATA STRUCTURES,87.000000,77.000000,66.000000,56.000000,45.000000,35.000000,JAN_DEC_2012,0,0,0,0,0
20110337,15.80,5.5,22.00,F,JAN_DEC,2012,MAKE,CSE302,4.0,DATA STRUCTURES,87.000000,77.000000,66.000000,56.000000,45.000000,35.000000,JAN_DEC_2012,0,0,0,0,0
20110444,25.50,10,36.00,E,JAN_DEC,2012,MAKE,CSE302,4.0,DATA STRUCTURES,87.000000,77.000000,66.000000,56.000000,45.000000,35.000000,JAN_DEC_2012,0,0,0,0,0
