Reg_No,Internal,External,Total,Grade,Time,Year,Type,Code,Credit,Title,Cut-Off-S,Cut-Off-A,Cut-Off-B,Cut-Off-C,Cut-Off-D,Cut-Off-E,Directory,Absentees,Malpractices,Detentions,NA,appeared
200911033,23.50,AB,0.00,I,JAN_DEC,2012,MAKE,CSE304,4.0,DIGITAL CIRCUITS & LOGIC DESIGN,89.000000,78.000000,67.000000,57.000000,46.000000,35.000000,JAN_DEC_2012,0,0,0,0,0
200911067,16.90,11.5,29.00,F,JAN_DEC,2012,MAKE,CSE304,4.0,DIGITAL CIRCUITS & LOGIC DESIGN,89.000000,78.000000,67.000000,57.000000,46.000000,35.000000,JAN_DEC_2012,0,0,0,0,0
201011018,20.10,18.25,39.00,E,JAN_DEC,2012,MAKE,CSE304,4.0,DIGITAL CIRCUITS & LOGIC DESIGN,89.000000,78.000000,67.000000,57.000000,46.000000,35.000000,JAN_DEC_2012,0,0,0,0,0
20110337,15.40,7.75,24.00,F,JAN_DEC,2012,MAKE,CSE304,4.0,DIGITAL CIRCUITS & LOGIC DESIGN,89.000000,78.000000,67.000000,57.000000,46.000000,35.000000,JAN_DEC_2012,0,0,0,0,0
20110444,20.80,12.25,34.00,F,JAN_DEC,2012,MAKE,CSE304,4.0,DIGITAL CIRCUITS & LOGIC DESIGN,89.000000,78.000000,67.000000,57.000000,46.000000,35.000000,JAN_DEC_2012,0,0,0,0,0
