Reg_No,Internal,External,Total,Grade,Time,Year,Type,Code,Credit,Title,Cut-Off-S,Cut-Off-A,Cut-Off-B,Cut-Off-C,Cut-Off-D,Cut-Off-E,Directory,Absentees,Malpractices,Detentions,NA,appeared
200911051,20.20,27,48.00,D,JAN_DEC,2012,MAKE,CSE505,4.0,FORMAL LANGUAGE & AUTOMATA THEORY,80.000000,71.000000,62.000000,53.000000,44.000000,35.000000,JAN_DEC_2012,0,0,0,0,0
200911067,12.70,05,18.00,F,JAN_DEC,2012,MAKE,CSE505,4.0,FORMAL LANGUAGE & AUTOMATA THEORY,80.000000,71.000000,62.000000,53.000000,44.000000,35.000000,JAN_DEC_2012,0,0,0,0,0
201011082,16.30,AB,0.00,I,JAN_DEC,2012,MAKE,CSE505,4.0,FORMAL LANGUAGE & AUTOMATA THEORY,80.000000,71.000000,62.000000,53.000000,44.000000,35.000000,JAN_DEC_2012,0,0,0,0,0
201011106,15.00,AB,0.00,I,JAN_DEC,2012,MAKE,CSE505,4.0,FORMAL LANGUAGE & AUTOMATA THEORY,80.000000,71.000000,62.000000,53.000000,44.000000,35.000000,JAN_DEC_2012,0,0,0,0,0
201111505,19.50,16.5,36.00,E,JAN_DEC,2012,MAKE,CSE505,4.0,FORMAL LANGUAGE & AUTOMATA THEORY,80.000000,71.000000,62.000000,53.000000,44.000000,35.000000,JAN_DEC_2012,0,0,0,0,0
201111510,25.80,32,58.00,C,JAN_DEC,2012,MAKE,CSE505,4.0,FORMAL LANGUAGE & AUTOMATA THEORY,80.000000,71.000000,62.000000,53.000000,44.000000,35.000000,JAN_DEC_2012,0,0,0,0,0
