Reg_No,Internal,External,Total,Grade,Time,Year,Type,Code,Credit,Title,Cut-Off-S,Cut-Off-A,Cut-Off-B,Cut-Off-C,Cut-Off-D,Cut-Off-E,Directory,Absentees,Malpractices,Detentions,NA,appeared
201011016,29.60,29.5,60.00,C,JAN_DEC,2012,MAKE,CSE503,4.0,SYSTEM PROGRAMMING,83.000000,73.000000,64.000000,54.000000,45.000000,35.000000,JAN_DEC_2012,0,0,0,0,0
201011022,18.10,AB,0.00,I,JAN_DEC,2012,MAKE,CSE503,4.0,SYSTEM PROGRAMMING,83.000000,73.000000,64.000000,54.000000,45.000000,35.000000,JAN_DEC_2012,0,0,0,0,0
201011055,25.90,15.5,42.00,E,JAN_DEC,2012,MAKE,CSE503,4.0,SYSTEM PROGRAMMING,83.000000,73.000000,64.000000,54.000000,45.000000,35.000000,JAN_DEC_2012,0,0,0,0,0
201011082,23.60,6.5,31.00,F,JAN_DEC,2012,MAKE,CSE503,4.0,SYSTEM PROGRAMMING,83.000000,73.000000,64.000000,54.000000,45.000000,35.000000,JAN_DEC_2012,0,0,0,0,0
201011132,18.60,42,61.00,C,JAN_DEC,2012,MAKE,CSE503,4.0,SYSTEM PROGRAMMING,83.000000,73.000000,64.000000,54.000000,45.000000,35.000000,JAN_DEC_2012,0,0,0,0,0
