Reg_No,Internal,External,Total,Grade,Time,Year,Type,Code,Credit,Title,Cut-Off-S,Cut-Off-A,Cut-Off-B,Cut-Off-C,Cut-Off-D,Cut-Off-E,Directory,Absentees,Malpractices,Detentions,NA,appeared
200811079,10.00,AB,0.00,I,JAN_DEC,2012,MAKE,CSE506,4.0,DATA COMMUNICATION,81.000000,72.000000,63.000000,53.000000,44.000000,35.000000,JAN_DEC_2012,0,0,0,0,0
200911067,18.70,11.5,31.00,F,JAN_DEC,2012,MAKE,CSE506,4.0,DATA COMMUNICATION,81.000000,72.000000,63.000000,53.000000,44.000000,35.000000,JAN_DEC_2012,0,0,0,0,0
200911094,16.00,AB,0.00,I,JAN_DEC,2012,MAKE,CSE506,4.0,DATA COMMUNICATION,81.000000,72.000000,63.000000,53.000000,44.000000,35.000000,JAN_DEC_2012,0,0,0,0,0
201011046,28.60,14.5,44.00,D,JAN_DEC,2012,MAKE,CSE506,4.0,DATA COMMUNICATION,81.000000,72.000000,63.000000,53.000000,44.000000,35.000000,JAN_DEC_2012,0,0,0,0,0
201011080,16.50,3.5,20.00,F,JAN_DEC,2012,MAKE,CSE506,4.0,DATA COMMUNICATION,81.000000,72.000000,63.000000,53.000000,44.000000,35.000000,JAN_DEC_2012,0,0,0,0,0
201011088,11.90,AB,0.00,I,JAN_DEC,2012,MAKE,CSE506,4.0,DATA COMMUNICATION,81.000000,72.000000,63.000000,53.000000,44.000000,35.000000,JAN_DEC_2012,0,0,0,0,0
201011105,27.85,34.5,63.00,B,JAN_DEC,2012,MAKE,CSE506,4.0,DATA COMMUNICATION,81.000000,72.000000,63.000000,53.000000,44.000000,35.000000,JAN_DEC_2012,0,0,0,0,0
201111503,14.40,AB,0.00,I,JAN_DEC,2012,MAKE,CSE506,4.0,DATA COMMUNICATION,81.000000,72.000000,63.000000,53.000000,44.000000,35.000000,JAN_DEC_2012,0,0,0,0,0
