Reg_No,Internal,External,Total,Grade,Time,Year,Type,Code,Credit,Title,Cut-Off-S,Cut-Off-A,Cut-Off-B,Cut-Off-C,Cut-Off-D,Cut-Off-E,Directory,Absentees,Malpractices,Detentions,NA,appeared
200811003,13.50,9.5,23.00,F,JAN_DEC,2012,MAKE,CSE502,4.0,ADV. PROGRAMMING IN UNIX_LINUX ENVIRONMENT,84.000000,74.000000,64.000000,55.000000,45.000000,35.000000,JAN_DEC_2012,0,0,0,0,0
200911041,27.55,AB,0.00,I,JAN_DEC,2012,MAKE,CSE502,4.0,ADV. PROGRAMMING IN UNIX_LINUX ENVIRONMENT,84.000000,74.000000,64.000000,55.000000,45.000000,35.000000,JAN_DEC_2012,0,0,0,0,0
200911049,16.50,14.5,31.00,F,JAN_DEC,2012,MAKE,CSE502,4.0,ADV. PROGRAMMING IN UNIX_LINUX ENVIRONMENT,84.000000,74.000000,64.000000,55.000000,45.000000,35.000000,JAN_DEC_2012,0,0,0,0,0
201011053,24.80,23,48.00,D,JAN_DEC,2012,MAKE,CSE502,4.0,ADV. PROGRAMMING IN UNIX_LINUX ENVIRONMENT,84.000000,74.000000,64.000000,55.000000,45.000000,35.000000,JAN_DEC_2012,0,0,0,0,0
201011105,26.30,35.5,62.00,C,JAN_DEC,2012,MAKE,CSE502,4.0,ADV. PROGRAMMING IN UNIX_LINUX ENVIRONMENT,84.000000,74.000000,64.000000,55.000000,45.000000,35.000000,JAN_DEC_2012,0,0,0,0,0
201011116,18.20,16.5,35.00,E,JAN_DEC,2012,MAKE,CSE502,4.0,ADV. PROGRAMMING IN UNIX_LINUX ENVIRONMENT,84.000000,74.000000,64.000000,55.000000,45.000000,35.000000,JAN_DEC_2012,0,0,0,0,0
