Reg_No,Internal,External,Total,Grade,Time,Year,Type,Code,Credit,Title,Cut-Off-S,Cut-Off-A,Cut-Off-B,Cut-Off-C,Cut-Off-D,Cut-Off-E,Directory,Absentees,Malpractices,Detentions,NA,appeared
20110152,28.40,28.5,57.00,C,JAN_DEC,2012,MAKE,EC306,4.0,DIGITAL ELECTRONICS,82.000000,73.000000,63.000000,54.000000,44.000000,35.000000,JAN_DEC_2012,0,0,0,0,0
20110279,10.10,AB,0.00,I,JAN_DEC,2012,MAKE,EC306,4.0,DIGITAL ELECTRONICS,82.000000,73.000000,63.000000,54.000000,44.000000,35.000000,JAN_DEC_2012,0,0,0,0,0
20110298,24.40,35,60.00,C,JAN_DEC,2012,MAKE,EC306,4.0,DIGITAL ELECTRONICS,82.000000,73.000000,63.000000,54.000000,44.000000,35.000000,JAN_DEC_2012,0,0,0,0,0
20110617,17.50,22.5,40.00,E,JAN_DEC,2012,MAKE,EC306,4.0,DIGITAL ELECTRONICS,82.000000,73.000000,63.000000,54.000000,44.000000,35.000000,JAN_DEC_2012,0,0,0,0,0
