Reg_No,Internal,External,Total,Grade,Time,Year,Type,Code,Credit,Title,Cut-Off-S,Cut-Off-A,Cut-Off-B,Cut-Off-C,Cut-Off-D,Cut-Off-E,Directory,Absentees,Malpractices,Detentions,NA,appeared
200717203,22.60,AB,0.00,I,JAN_DEC,2012,MAKE,EC304,4.0,ELECTRONIC INSTRUMENTATION & MEASUREMENTS,81.000000,72.000000,63.000000,53.000000,44.000000,35.000000,JAN_DEC_2012,0,0,0,0,0
201012052,34.90,27,62.00,B,JAN_DEC,2012,MAKE,EC304,4.0,ELECTRONIC INSTRUMENTATION & MEASUREMENTS,81.000000,72.000000,63.000000,53.000000,44.000000,35.000000,JAN_DEC_2012,0,0,0,0,0
20110152,24.90,6.5,32.00,F,JAN_DEC,2012,MAKE,EC304,4.0,ELECTRONIC INSTRUMENTATION & MEASUREMENTS,81.000000,72.000000,63.000000,53.000000,44.000000,35.000000,JAN_DEC_2012,0,0,0,0,0
20110266,15.30,02,18.00,F,JAN_DEC,2012,MAKE,EC304,4.0,ELECTRONIC INSTRUMENTATION & MEASUREMENTS,81.000000,72.000000,63.000000,53.000000,44.000000,35.000000,JAN_DEC_2012,0,0,0,0,0
20110269,28.30,00,29.00,F,JAN_DEC,2012,MAKE,EC304,4.0,ELECTRONIC INSTRUMENTATION & MEASUREMENTS,81.000000,72.000000,63.000000,53.000000,44.000000,35.000000,JAN_DEC_2012,0,0,0,0,0
20110563,21.70,13,35.00,E,JAN_DEC,2012,MAKE,EC304,4.0,ELECTRONIC INSTRUMENTATION & MEASUREMENTS,81.000000,72.000000,63.000000,53.000000,44.000000,35.000000,JAN_DEC_2012,0,0,0,0,0
