Reg_No,Internal,External,Total,Grade,Time,Year,Type,Code,Credit,Title,Cut-Off-S,Cut-Off-A,Cut-Off-B,Cut-Off-C,Cut-Off-D,Cut-Off-E,Directory,Absentees,Malpractices,Detentions,NA,appeared
200612019,14.30,5.5,20.00,F,JAN_DEC,2012,MAKE,EC401,4.0,ENGINEERING MATHEMATICS IV,86.000000,76.000000,66.000000,55.000000,45.000000,35.000000,JAN_DEC_2012,0,0,0,0,0
200712097,16.50,18,35.00,E,JAN_DEC,2012,MAKE,EC401,4.0,ENGINEERING MATHEMATICS IV,86.000000,76.000000,66.000000,55.000000,45.000000,35.000000,JAN_DEC_2012,0,0,0,0,0
200812074,17.05,6.5,24.00,F,JAN_DEC,2012,MAKE,EC401,4.0,ENGINEERING MATHEMATICS IV,86.000000,76.000000,66.000000,55.000000,45.000000,35.000000,JAN_DEC_2012,0,0,0,0,0
200812128,24.00,11.5,36.00,E,JAN_DEC,2012,MAKE,EC401,4.0,ENGINEERING MATHEMATICS IV,86.000000,76.000000,66.000000,55.000000,45.000000,35.000000,JAN_DEC_2012,0,0,0,0,0
200812506,7.80,13.5,22.00,F,JAN_DEC,2012,MAKE,EC401,4.0,ENGINEERING MATHEMATICS IV,86.000000,76.000000,66.000000,55.000000,45.000000,35.000000,JAN_DEC_2012,0,0,0,0,0
200912502,15.00,2.5,18.00,F,JAN_DEC,2012,MAKE,EC401,4.0,ENGINEERING MATHEMATICS IV,86.000000,76.000000,66.000000,55.000000,45.000000,35.000000,JAN_DEC_2012,0,0,0,0,0
200912509,15.00,0.5,16.00,F,JAN_DEC,2012,MAKE,EC401,4.0,ENGINEERING MATHEMATICS IV,86.000000,76.000000,66.000000,55.000000,45.000000,35.000000,JAN_DEC_2012,0,0,0,0,0
