Reg_No,Internal,External,Total,Grade,Time,Year,Type,Code,Credit,Title,Cut-Off-S,Cut-Off-A,Cut-Off-B,Cut-Off-C,Cut-Off-D,Cut-Off-E,Directory,Absentees,Malpractices,Detentions,NA,appeared
200717203,22.65,AB,0.00,I,JAN_DEC,2012,MAKE,EC504,4.0,ADVANCED MICROPROCESSOR,90.000000,79.000000,68.000000,57.000000,46.000000,35.000000,JAN_DEC_2012,0,0,0,0,0
200912109,18.50,AB,0.00,I,JAN_DEC,2012,MAKE,EC504,4.0,ADVANCED MICROPROCESSOR,90.000000,79.000000,68.000000,57.000000,46.000000,35.000000,JAN_DEC_2012,0,0,0,0,0
201012005,32.40,29,62.00,C,JAN_DEC,2012,MAKE,EC504,4.0,ADVANCED MICROPROCESSOR,90.000000,79.000000,68.000000,57.000000,46.000000,35.000000,JAN_DEC_2012,0,0,0,0,0
201012075,16.00,36.25,53.00,D,JAN_DEC,2012,MAKE,EC504,4.0,ADVANCED MICROPROCESSOR,90.000000,79.000000,68.000000,57.000000,46.000000,35.000000,JAN_DEC_2012,0,0,0,0,0
201012081,23.00,AB,0.00,I,JAN_DEC,2012,MAKE,EC504,4.0,ADVANCED MICROPROCESSOR,90.000000,79.000000,68.000000,57.000000,46.000000,35.000000,JAN_DEC_2012,0,0,0,0,0
201012131,31.00,38.5,70.00,B,JAN_DEC,2012,MAKE,EC504,4.0,ADVANCED MICROPROCESSOR,90.000000,79.000000,68.000000,57.000000,46.000000,35.000000,JAN_DEC_2012,0,0,0,0,0
