Reg_No,Internal,External,Total,Grade,Time,Year,Type,Code,Credit,Title,Cut-Off-S,Cut-Off-A,Cut-Off-B,Cut-Off-C,Cut-Off-D,Cut-Off-E,Directory,Absentees,Malpractices,Detentions,NA,appeared
200812028,22.60,22,45.00,E,JAN_DEC,2012,MAKE,EC704,4.0,COMPUTER COMMUNICATION,85.000000,77.000000,69.000000,61.000000,53.000000,45.000000,JAN_DEC_2012,0,0,0,0,0
200912045,36.90,47.5,85.00,S,JAN_DEC,2012,MAKE,EC704,4.0,COMPUTER COMMUNICATION,85.000000,77.000000,69.000000,61.000000,53.000000,45.000000,JAN_DEC_2012,0,0,0,0,0
200912095,17.90,20,38.00,F,JAN_DEC,2012,MAKE,EC704,4.0,COMPUTER COMMUNICATION,85.000000,77.000000,69.000000,61.000000,53.000000,45.000000,JAN_DEC_2012,0,0,0,0,0
200912109,22.50,20,43.00,F,JAN_DEC,2012,MAKE,EC704,4.0,COMPUTER COMMUNICATION,85.000000,77.000000,69.000000,61.000000,53.000000,45.000000,JAN_DEC_2012,0,0,0,0,0
