Reg_No,Internal,External,Total,Grade,Time,Year,Type,Code,Credit,Title,Cut-Off-S,Cut-Off-A,Cut-Off-B,Cut-Off-C,Cut-Off-D,Cut-Off-E,Directory,Absentees,Malpractices,Detentions,NA,appeared
200912045,36.20,40.5,77.00,A,JAN_DEC,2012,MAKE,EC705,4.0,BROADBAND COMMUNICATION & NETWORKING,82.000000,73.000000,63.000000,54.000000,44.000000,35.000000,JAN_DEC_2012,0,0,0,0,0
200912092,16.20,25.5,42.00,E,JAN_DEC,2012,MAKE,EC705,4.0,BROADBAND COMMUNICATION & NETWORKING,82.000000,73.000000,63.000000,54.000000,44.000000,35.000000,JAN_DEC_2012,0,0,0,0,0
200912094,16.20,03,20.00,F,JAN_DEC,2012,MAKE,EC705,4.0,BROADBAND COMMUNICATION & NETWORKING,82.000000,73.000000,63.000000,54.000000,44.000000,35.000000,JAN_DEC_2012,0,0,0,0,0
200912095,11.50,AB,0.00,I,JAN_DEC,2012,MAKE,EC705,4.0,BROADBAND COMMUNICATION & NETWORKING,82.000000,73.000000,63.000000,54.000000,44.000000,35.000000,JAN_DEC_2012,0,0,0,0,0
200912109,14.40,03.5,18.00,F,JAN_DEC,2012,MAKE,EC705,4.0,BROADBAND COMMUNICATION & NETWORKING,82.000000,73.000000,63.000000,54.000000,44.000000,35.000000,JAN_DEC_2012,0,0,0,0,0
200912116,25.50,AB,0.00,I,JAN_DEC,2012,MAKE,EC705,4.0,BROADBAND COMMUNICATION & NETWORKING,82.000000,73.000000,63.000000,54.000000,44.000000,35.000000,JAN_DEC_2012,0,0,0,0,0
200912117,20.70,02.5,24.00,F,JAN_DEC,2012,MAKE,EC705,4.0,BROADBAND COMMUNICATION & NETWORKING,82.000000,73.000000,63.000000,54.000000,44.000000,35.000000,JAN_DEC_2012,0,0,0,0,0
201012510,9.50,AB,0.00,I,JAN_DEC,2012,MAKE,EC705,4.0,BROADBAND COMMUNICATION & NETWORKING,82.000000,73.000000,63.000000,54.000000,44.000000,35.000000,JAN_DEC_2012,0,0,0,0,0
