Reg_No,Internal,External,Total,Grade,Time,Year,Type,Code,Credit,Title,Cut-Off-S,Cut-Off-A,Cut-Off-B,Cut-Off-C,Cut-Off-D,Cut-Off-E,Directory,Absentees,Malpractices,Detentions,NA,appeared
20110101,22.80,AB,0.00,I,JAN_DEC,2012,MAKE,EE302,4.0,CIRCUITS & NETWORKS,80.000000,71.000000,62.000000,53.000000,44.000000,35.000000,JAN_DEC_2012,0,0,0,0,0
20110432,17.00,15,32.00,F,JAN_DEC,2012,MAKE,EE302,4.0,CIRCUITS & NETWORKS,80.000000,71.000000,62.000000,53.000000,44.000000,35.000000,JAN_DEC_2012,0,0,0,0,0
20121755,18.30,05,24.00,F,JAN_DEC,2012,MAKE,EE302,4.0,CIRCUITS & NETWORKS,80.000000,71.000000,62.000000,53.000000,44.000000,35.000000,JAN_DEC_2012,0,0,0,0,0
20121757,19.00,12.5,32.00,F,JAN_DEC,2012,MAKE,EE302,4.0,CIRCUITS & NETWORKS,80.000000,71.000000,62.000000,53.000000,44.000000,35.000000,JAN_DEC_2012,0,0,0,0,0
