Reg_No,Internal,External,Total,Grade,Time,Year,Type,Code,Credit,Title,Cut-Off-S,Cut-Off-A,Cut-Off-B,Cut-Off-C,Cut-Off-D,Cut-Off-E,Directory,Absentees,Malpractices,Detentions,NA,appeared
200913055,20.60,24.5,46.00,D,JAN_DEC,2012,MAKE,EE304,4.0,ELECTRICAL MEASUREMENT,80.000000,71.000000,62.000000,53.000000,44.000000,35.000000,JAN_DEC_2012,0,0,0,0,0
200913085,15.30,AB,0.00,I,JAN_DEC,2012,MAKE,EE304,4.0,ELECTRICAL MEASUREMENT,80.000000,71.000000,62.000000,53.000000,44.000000,35.000000,JAN_DEC_2012,0,0,0,0,0
201113510,12.90,AB,0.00,I,JAN_DEC,2012,MAKE,EE304,4.0,ELECTRICAL MEASUREMENT,80.000000,71.000000,62.000000,53.000000,44.000000,35.000000,JAN_DEC_2012,0,0,0,0,0
20110598,20.50,AB,0.00,I,JAN_DEC,2012,MAKE,EE304,4.0,ELECTRICAL MEASUREMENT,80.000000,71.000000,62.000000,53.000000,44.000000,35.000000,JAN_DEC_2012,0,0,0,0,0
