Reg_No,Internal,External,Total,Grade,Time,Year,Type,Code,Credit,Title,Cut-Off-S,Cut-Off-A,Cut-Off-B,Cut-Off-C,Cut-Off-D,Cut-Off-E,Directory,Absentees,Malpractices,Detentions,NA,appeared
200813006,19.85,AB,0.00,I,JAN_DEC,2012,MAKE,EE504,4.0,DIGITAL SYSTEM DESIGN,90.000000,81.000000,72.000000,63.000000,54.000000,45.000000,JAN_DEC_2012,0,0,0,0,0
200813025,23.50,AB,0.00,I,JAN_DEC,2012,MAKE,EE504,4.0,DIGITAL SYSTEM DESIGN,90.000000,81.000000,72.000000,63.000000,54.000000,45.000000,JAN_DEC_2012,0,0,0,0,0
200913047,17.95,26.5,45.00,E,JAN_DEC,2012,MAKE,EE504,4.0,DIGITAL SYSTEM DESIGN,90.000000,81.000000,72.000000,63.000000,54.000000,45.000000,JAN_DEC_2012,0,0,0,0,0
200913070,32.70,AB,0.00,I,JAN_DEC,2012,MAKE,EE504,4.0,DIGITAL SYSTEM DESIGN,90.000000,81.000000,72.000000,63.000000,54.000000,45.000000,JAN_DEC_2012,0,0,0,0,0
201013077,33.65,AB,0.00,I,JAN_DEC,2012,MAKE,EE504,4.0,DIGITAL SYSTEM DESIGN,90.000000,81.000000,72.000000,63.000000,54.000000,45.000000,JAN_DEC_2012,0,0,0,0,0
