Reg_No,Internal,External,Total,Grade,Time,Year,Type,Code,Credit,Title,Cut-Off-S,Cut-Off-A,Cut-Off-B,Cut-Off-C,Cut-Off-D,Cut-Off-E,Directory,Absentees,Malpractices,Detentions,NA,appeared
200813025,13.10,AB,0.00,I,JAN_DEC,2012,MAKE,EE501,4.0,POWER ELECTRONICS,82.000000,73.000000,63.000000,54.000000,44.000000,35.000000,JAN_DEC_2012,0,0,0,0,0
200913057,7.20,AB,0.00,I,JAN_DEC,2012,MAKE,EE501,4.0,POWER ELECTRONICS,82.000000,73.000000,63.000000,54.000000,44.000000,35.000000,JAN_DEC_2012,0,0,0,0,0
200913058,12.75,AB,0.00,I,JAN_DEC,2012,MAKE,EE501,4.0,POWER ELECTRONICS,82.000000,73.000000,63.000000,54.000000,44.000000,35.000000,JAN_DEC_2012,0,0,0,0,0
201113506,23.10,15,39.00,E,JAN_DEC,2012,MAKE,EE501,4.0,POWER ELECTRONICS,82.000000,73.000000,63.000000,54.000000,44.000000,35.000000,JAN_DEC_2012,0,0,0,0,0
