Reg_No,Internal,External,Total,Grade,Time,Year,Type,Code,Credit,Title,Cut-Off-S,Cut-Off-A,Cut-Off-B,Cut-Off-C,Cut-Off-D,Cut-Off-E,Directory,Absentees,Malpractices,Detentions,NA,appeared
200913058,24.75,AB,0.00,I,JAN_DEC,2012,MAKE,EE505,4.0,UTILIZATION OF ELECTRICAL POWER & WIRING,80.000000,71.000000,62.000000,53.000000,44.000000,35.000000,JAN_DEC_2012,0,0,0,0,0
200913069,22.08,6.75,29.00,F,JAN_DEC,2012,MAKE,EE505,4.0,UTILIZATION OF ELECTRICAL POWER & WIRING,80.000000,71.000000,62.000000,53.000000,44.000000,35.000000,JAN_DEC_2012,0,0,0,0,0
201013036,15.25,8.5,24.00,F,JAN_DEC,2012,MAKE,EE505,4.0,UTILIZATION OF ELECTRICAL POWER & WIRING,80.000000,71.000000,62.000000,53.000000,44.000000,35.000000,JAN_DEC_2012,0,0,0,0,0
201013059,19.50,11.5,31.00,F,JAN_DEC,2012,MAKE,EE505,4.0,UTILIZATION OF ELECTRICAL POWER & WIRING,80.000000,71.000000,62.000000,53.000000,44.000000,35.000000,JAN_DEC_2012,0,0,0,0,0
201013060,17.00,AB,0.00,I,JAN_DEC,2012,MAKE,EE505,4.0,UTILIZATION OF ELECTRICAL POWER & WIRING,80.000000,71.000000,62.000000,53.000000,44.000000,35.000000,JAN_DEC_2012,0,0,0,0,0
201013082,20.08,09,30.00,F,JAN_DEC,2012,MAKE,EE505,4.0,UTILIZATION OF ELECTRICAL POWER & WIRING,80.000000,71.000000,62.000000,53.000000,44.000000,35.000000,JAN_DEC_2012,0,0,0,0,0
201113507,20.08,3.75,24.00,F,JAN_DEC,2012,MAKE,EE505,4.0,UTILIZATION OF ELECTRICAL POWER & WIRING,80.000000,71.000000,62.000000,53.000000,44.000000,35.000000,JAN_DEC_2012,0,0,0,0,0
201113514,16.58,AB,0.00,I,JAN_DEC,2012,MAKE,EE505,4.0,UTILIZATION OF ELECTRICAL POWER & WIRING,80.000000,71.000000,62.000000,53.000000,44.000000,35.000000,JAN_DEC_2012,0,0,0,0,0
201113515,19.50,AB,0.00,I,JAN_DEC,2012,MAKE,EE505,4.0,UTILIZATION OF ELECTRICAL POWER & WIRING,80.000000,71.000000,62.000000,53.000000,44.000000,35.000000,JAN_DEC_2012,0,0,0,0,0
