Reg_No,Internal,External,Total,Grade,Time,Year,Type,Code,Credit,Title,Cut-Off-S,Cut-Off-A,Cut-Off-B,Cut-Off-C,Cut-Off-D,Cut-Off-E,Directory,Absentees,Malpractices,Detentions,NA,appeared
200913047,11.90,30.5,43.00,E,JAN_DEC,2012,MAKE,EE503,4.0,MICROPROCESSOR & MICROCONTROLLER,80.000000,71.000000,62.000000,53.000000,44.000000,35.000000,JAN_DEC_2012,0,0,0,0,0
200928068,16.40,AB,0.00,I,JAN_DEC,2012,MAKE,EE503,4.0,MICROPROCESSOR & MICROCONTROLLER,80.000000,71.000000,62.000000,53.000000,44.000000,35.000000,JAN_DEC_2012,0,0,0,0,0
201013010,13.30,28.5,42.00,E,JAN_DEC,2012,MAKE,EE503,4.0,MICROPROCESSOR & MICROCONTROLLER,80.000000,71.000000,62.000000,53.000000,44.000000,35.000000,JAN_DEC_2012,0,0,0,0,0
201013011,14.80,29.5,45.00,D,JAN_DEC,2012,MAKE,EE503,4.0,MICROPROCESSOR & MICROCONTROLLER,80.000000,71.000000,62.000000,53.000000,44.000000,35.000000,JAN_DEC_2012,0,0,0,0,0
201013038,17.10,40,58.00,C,JAN_DEC,2012,MAKE,EE503,4.0,MICROPROCESSOR & MICROCONTROLLER,80.000000,71.000000,62.000000,53.000000,44.000000,35.000000,JAN_DEC_2012,0,0,0,0,0
201113510,15.60,AB,0.00,I,JAN_DEC,2012,MAKE,EE503,4.0,MICROPROCESSOR & MICROCONTROLLER,80.000000,71.000000,62.000000,53.000000,44.000000,35.000000,JAN_DEC_2012,0,0,0,0,0
