Reg_No,Internal,External,Total,Grade,Time,Year,Type,Code,Credit,Title,Cut-Off-S,Cut-Off-A,Cut-Off-B,Cut-Off-C,Cut-Off-D,Cut-Off-E,Directory,Absentees,Malpractices,Detentions,NA,appeared
200913009,24.40,AB,0.00,I,JAN_DEC,2012,MAKE,EE703,4.0,ADVANCED MICROPROCESSOR & EMBEDDED SYSTEMS,88.000000,78.000000,68.000000,57.000000,47.000000,37.000000,JAN_DEC_2012,0,0,0,0,0
200913016,16.50,AB,0.00,I,JAN_DEC,2012,MAKE,EE703,4.0,ADVANCED MICROPROCESSOR & EMBEDDED SYSTEMS,88.000000,78.000000,68.000000,57.000000,47.000000,37.000000,JAN_DEC_2012,0,0,0,0,0
200913087,36.55,30.5,68.00,B,JAN_DEC,2012,MAKE,EE703,4.0,ADVANCED MICROPROCESSOR & EMBEDDED SYSTEMS,88.000000,78.000000,68.000000,57.000000,47.000000,37.000000,JAN_DEC_2012,0,0,0,0,0
200913508,20.35,16,37.00,E,JAN_DEC,2012,MAKE,EE703,4.0,ADVANCED MICROPROCESSOR & EMBEDDED SYSTEMS,88.000000,78.000000,68.000000,57.000000,47.000000,37.000000,JAN_DEC_2012,0,0,0,0,0
201013501,27.05,13.5,41.00,E,JAN_DEC,2012,MAKE,EE703,4.0,ADVANCED MICROPROCESSOR & EMBEDDED SYSTEMS,88.000000,78.000000,68.000000,57.000000,47.000000,37.000000,JAN_DEC_2012,0,0,0,0,0
201013504,27.65,15,43.00,E,JAN_DEC,2012,MAKE,EE703,4.0,ADVANCED MICROPROCESSOR & EMBEDDED SYSTEMS,88.000000,78.000000,68.000000,57.000000,47.000000,37.000000,JAN_DEC_2012,0,0,0,0,0
