Reg_No,Internal,External,Total,Grade,Time,Year,Type,Code,Credit,Title,Cut-Off-S,Cut-Off-A,Cut-Off-B,Cut-Off-C,Cut-Off-D,Cut-Off-E,Directory,Absentees,Malpractices,Detentions,NA,appeared
200911044,18.30,19.5,38.00,E,JAN_DEC,2012,MAKE,EE702,4.0,SWITCHGEAR & PROTECTION,84.000000,74.000000,64.000000,55.000000,45.000000,35.000000,JAN_DEC_2012,0,0,0,0,0
200913018,19.20,19.5,39.00,E,JAN_DEC,2012,MAKE,EE702,4.0,SWITCHGEAR & PROTECTION,84.000000,74.000000,64.000000,55.000000,45.000000,35.000000,JAN_DEC_2012,0,0,0,0,0
200913084,12.80,16.5,30.00,F,JAN_DEC,2012,MAKE,EE702,4.0,SWITCHGEAR & PROTECTION,84.000000,74.000000,64.000000,55.000000,45.000000,35.000000,JAN_DEC_2012,0,0,0,0,0
200913087,32.85,40,73.00,B,JAN_DEC,2012,MAKE,EE702,4.0,SWITCHGEAR & PROTECTION,84.000000,74.000000,64.000000,55.000000,45.000000,35.000000,JAN_DEC_2012,0,0,0,0,0
