Reg_No,Internal,External,Total,Grade,Time,Year,Type,Code,Credit,Title,Cut-Off-S,Cut-Off-A,Cut-Off-B,Cut-Off-C,Cut-Off-D,Cut-Off-E,Directory,Absentees,Malpractices,Detentions,NA,appeared
200911044,21.20,26,48.00,D,JAN_DEC,2012,MAKE,EE704,4.0,MODERN POWER CONVERTERS _ELECTIVE II_,80.000000,71.000000,62.000000,53.000000,44.000000,35.000000,JAN_DEC_2012,0,0,0,0,0
200913018,15.50,18,34.00,F,JAN_DEC,2012,MAKE,EE704,4.0,MODERN POWER CONVERTERS _ELECTIVE II_,80.000000,71.000000,62.000000,53.000000,44.000000,35.000000,JAN_DEC_2012,0,0,0,0,0
200913085,21.00,30,51.00,D,JAN_DEC,2012,MAKE,EE704,4.0,MODERN POWER CONVERTERS _ELECTIVE II_,80.000000,71.000000,62.000000,53.000000,44.000000,35.000000,JAN_DEC_2012,0,0,0,0,0
200913508,18.20,09,28.00,F,JAN_DEC,2012,MAKE,EE704,4.0,MODERN POWER CONVERTERS _ELECTIVE II_,80.000000,71.000000,62.000000,53.000000,44.000000,35.000000,JAN_DEC_2012,0,0,0,0,0
200928068,16.60,19,36.00,E,JAN_DEC,2012,MAKE,EE704,4.0,MODERN POWER CONVERTERS _ELECTIVE II_,80.000000,71.000000,62.000000,53.000000,44.000000,35.000000,JAN_DEC_2012,0,0,0,0,0
