Reg_No,Internal,External,Total,Grade,Time,Year,Type,Code,Credit,Title,Cut-Off-S,Cut-Off-A,Cut-Off-B,Cut-Off-C,Cut-Off-D,Cut-Off-E,Directory,Absentees,Malpractices,Detentions,NA,appeared
200814047,16.00,AB,0.00,I,JAN_DEC,2012,MAKE,IT301,4.0,ENGNIREERING MATHEMATICS III IT,80.000000,71.000000,62.000000,53.000000,44.000000,35.000000,JAN_DEC_2012,0,0,0,0,0
200914023,15.80,11.5,28.00,F,JAN_DEC,2012,MAKE,IT301,4.0,ENGNIREERING MATHEMATICS III IT,80.000000,71.000000,62.000000,53.000000,44.000000,35.000000,JAN_DEC_2012,0,0,0,0,0
200914068,21.30,15,37.00,E,JAN_DEC,2012,MAKE,IT301,4.0,ENGNIREERING MATHEMATICS III IT,80.000000,71.000000,62.000000,53.000000,44.000000,35.000000,JAN_DEC_2012,0,0,0,0,0
201014054,19.50,10,30.00,F,JAN_DEC,2012,MAKE,IT301,4.0,ENGNIREERING MATHEMATICS III IT,80.000000,71.000000,62.000000,53.000000,44.000000,35.000000,JAN_DEC_2012,0,0,0,0,0
20110453,14.20,AB,0.00,I,JAN_DEC,2012,MAKE,IT301,4.0,ENGNIREERING MATHEMATICS III IT,80.000000,71.000000,62.000000,53.000000,44.000000,35.000000,JAN_DEC_2012,0,0,0,0,0
