Reg_No,Internal,External,Total,Grade,Time,Year,Type,Code,Credit,Title,Cut-Off-S,Cut-Off-A,Cut-Off-B,Cut-Off-C,Cut-Off-D,Cut-Off-E,Directory,Absentees,Malpractices,Detentions,NA,appeared
200914028,18.67,4.5,24.00,F,JAN_DEC,2012,MAKE,IT303,4.0,DESIGN & ANALYSIS OF ALGORITHM,80.000000,71.000000,62.000000,53.000000,44.000000,35.000000,JAN_DEC_2012,0,0,0,0,0
200914062,17.25,AB,0.00,I,JAN_DEC,2012,MAKE,IT303,4.0,DESIGN & ANALYSIS OF ALGORITHM,80.000000,71.000000,62.000000,53.000000,44.000000,35.000000,JAN_DEC_2012,0,0,0,0,0
201014005,12.10,21.5,34.00,F,JAN_DEC,2012,MAKE,IT303,4.0,DESIGN & ANALYSIS OF ALGORITHM,80.000000,71.000000,62.000000,53.000000,44.000000,35.000000,JAN_DEC_2012,0,0,0,0,0
201014054,9.90,9.5,20.00,F,JAN_DEC,2012,MAKE,IT303,4.0,DESIGN & ANALYSIS OF ALGORITHM,80.000000,71.000000,62.000000,53.000000,44.000000,35.000000,JAN_DEC_2012,0,0,0,0,0
201014056,11.50,20,32.00,F,JAN_DEC,2012,MAKE,IT303,4.0,DESIGN & ANALYSIS OF ALGORITHM,80.000000,71.000000,62.000000,53.000000,44.000000,35.000000,JAN_DEC_2012,0,0,0,0,0
201014074,14.30,22,37.00,E,JAN_DEC,2012,MAKE,IT303,4.0,DESIGN & ANALYSIS OF ALGORITHM,80.000000,71.000000,62.000000,53.000000,44.000000,35.000000,JAN_DEC_2012,0,0,0,0,0
201114501,6.50,13,20.00,F,JAN_DEC,2012,MAKE,IT303,4.0,DESIGN & ANALYSIS OF ALGORITHM,80.000000,71.000000,62.000000,53.000000,44.000000,35.000000,JAN_DEC_2012,0,0,0,0,0
