Reg_No,Internal,External,Total,Grade,Time,Year,Type,Code,Credit,Title,Cut-Off-S,Cut-Off-A,Cut-Off-B,Cut-Off-C,Cut-Off-D,Cut-Off-E,Directory,Absentees,Malpractices,Detentions,NA,appeared
200914060,12.00,AB,0.00,I,JAN_DEC,2012,MAKE,IT503,4.0,MICROPROCESSOR,80.000000,71.000000,62.000000,53.000000,44.000000,35.000000,JAN_DEC_2012,0,0,0,0,0
201014025,24.00,3.5,28.00,F,JAN_DEC,2012,MAKE,IT503,4.0,MICROPROCESSOR,80.000000,71.000000,62.000000,53.000000,44.000000,35.000000,JAN_DEC_2012,0,0,0,0,0
201014054,28.00,02,30.00,F,JAN_DEC,2012,MAKE,IT503,4.0,MICROPROCESSOR,80.000000,71.000000,62.000000,53.000000,44.000000,35.000000,JAN_DEC_2012,0,0,0,0,0
201014066,22.50,14,37.00,E,JAN_DEC,2012,MAKE,IT503,4.0,MICROPROCESSOR,80.000000,71.000000,62.000000,53.000000,44.000000,35.000000,JAN_DEC_2012,0,0,0,0,0
201014074,26.30,2.75,30.00,F,JAN_DEC,2012,MAKE,IT503,4.0,MICROPROCESSOR,80.000000,71.000000,62.000000,53.000000,44.000000,35.000000,JAN_DEC_2012,0,0,0,0,0
201014077,15.40,04,20.00,F,JAN_DEC,2012,MAKE,IT503,4.0,MICROPROCESSOR,80.000000,71.000000,62.000000,53.000000,44.000000,35.000000,JAN_DEC_2012,0,0,0,0,0
201114502,20.90,9.5,31.00,F,JAN_DEC,2012,MAKE,IT503,4.0,MICROPROCESSOR,80.000000,71.000000,62.000000,53.000000,44.000000,35.000000,JAN_DEC_2012,0,0,0,0,0
