Reg_No,Internal,External,Total,Grade,Time,Year,Type,Code,Credit,Title,Cut-Off-S,Cut-Off-A,Cut-Off-B,Cut-Off-C,Cut-Off-D,Cut-Off-E,Directory,Absentees,Malpractices,Detentions,NA,appeared
200515055,23.90,13.5,38.00,E,JAN_DEC,2012,MAKE,ME301,4.0,ENGINEERING MATHEMATICS III ME,80.000000,71.000000,62.000000,53.000000,44.000000,35.000000,JAN_DEC_2012,0,0,0,0,0
200915028,15.20,32.5,48.00,D,JAN_DEC,2012,MAKE,ME301,4.0,ENGINEERING MATHEMATICS III ME,80.000000,71.000000,62.000000,53.000000,44.000000,35.000000,JAN_DEC_2012,0,0,0,0,0
200915043,27.60,08,36.00,E,JAN_DEC,2012,MAKE,ME301,4.0,ENGINEERING MATHEMATICS III ME,80.000000,71.000000,62.000000,53.000000,44.000000,35.000000,JAN_DEC_2012,0,0,0,0,0
200915052,18.60,03,22.00,F,JAN_DEC,2012,MAKE,ME301,4.0,ENGINEERING MATHEMATICS III ME,80.000000,71.000000,62.000000,53.000000,44.000000,35.000000,JAN_DEC_2012,0,0,0,0,0
200915504,21.60,AB,0.00,I,JAN_DEC,2012,MAKE,ME301,4.0,ENGINEERING MATHEMATICS III ME,80.000000,71.000000,62.000000,53.000000,44.000000,35.000000,JAN_DEC_2012,0,0,0,0,0
201015058,12.50,AB,0.00,I,JAN_DEC,2012,MAKE,ME301,4.0,ENGINEERING MATHEMATICS III ME,80.000000,71.000000,62.000000,53.000000,44.000000,35.000000,JAN_DEC_2012,0,0,0,0,0
201015503,19.00,19.5,39.00,E,JAN_DEC,2012,MAKE,ME301,4.0,ENGINEERING MATHEMATICS III ME,80.000000,71.000000,62.000000,53.000000,44.000000,35.000000,JAN_DEC_2012,0,0,0,0,0
201115506,15.80,AB,0.00,I,JAN_DEC,2012,MAKE,ME301,4.0,ENGINEERING MATHEMATICS III ME,80.000000,71.000000,62.000000,53.000000,44.000000,35.000000,JAN_DEC_2012,0,0,0,0,0
20110100,12.70,15.5,29.00,F,JAN_DEC,2012,MAKE,ME301,4.0,ENGINEERING MATHEMATICS III ME,80.000000,71.000000,62.000000,53.000000,44.000000,35.000000,JAN_DEC_2012,0,0,0,0,0
