Reg_No,Internal,External,Total,Grade,Time,Year,Type,Code,Credit,Title,Cut-Off-S,Cut-Off-A,Cut-Off-B,Cut-Off-C,Cut-Off-D,Cut-Off-E,Directory,Absentees,Malpractices,Detentions,NA,appeared
200915008,16.90,AB,0.00,I,JAN_DEC,2012,MAKE,ME305,4.0,ELECTRO TECHNOLOGY,87.000000,77.000000,66.000000,56.000000,45.000000,35.000000,JAN_DEC_2012,0,0,0,0,0
20110008,32.90,44,77.00,A,JAN_DEC,2012,MAKE,ME305,4.0,ELECTRO TECHNOLOGY,87.000000,77.000000,66.000000,56.000000,45.000000,35.000000,JAN_DEC_2012,0,0,0,0,0
20110100,13.40,25,39.00,E,JAN_DEC,2012,MAKE,ME305,4.0,ELECTRO TECHNOLOGY,87.000000,77.000000,66.000000,56.000000,45.000000,35.000000,JAN_DEC_2012,0,0,0,0,0
20110535,28.90,AB,0.00,I,JAN_DEC,2012,MAKE,ME305,4.0,ELECTRO TECHNOLOGY,87.000000,77.000000,66.000000,56.000000,45.000000,35.000000,JAN_DEC_2012,0,0,0,0,0
20111008,20.90,29,50.00,D,JAN_DEC,2012,MAKE,ME305,4.0,ELECTRO TECHNOLOGY,87.000000,77.000000,66.000000,56.000000,45.000000,35.000000,JAN_DEC_2012,0,0,0,0,0
20121781,18.70,AB,0.00,I,JAN_DEC,2012,MAKE,ME305,4.0,ELECTRO TECHNOLOGY,87.000000,77.000000,66.000000,56.000000,45.000000,35.000000,JAN_DEC_2012,0,0,0,0,0
20121793,13.80,24.5,39.00,E,JAN_DEC,2012,MAKE,ME305,4.0,ELECTRO TECHNOLOGY,87.000000,77.000000,66.000000,56.000000,45.000000,35.000000,JAN_DEC_2012,0,0,0,0,0
