Reg_No,Internal,External,Total,Grade,Time,Year,Type,Code,Credit,Title,Cut-Off-S,Cut-Off-A,Cut-Off-B,Cut-Off-C,Cut-Off-D,Cut-Off-E,Directory,Absentees,Malpractices,Detentions,NA,appeared
200715047,17.20,16.5,34.00,F,JAN_DEC,2012,MAKE,ME304,4.0,THEORY OF MACHINES I,84.000000,74.000000,64.000000,55.000000,45.000000,35.000000,JAN_DEC_2012,0,0,0,0,0
200915055,17.20,20.5,38.00,E,JAN_DEC,2012,MAKE,ME304,4.0,THEORY OF MACHINES I,84.000000,74.000000,64.000000,55.000000,45.000000,35.000000,JAN_DEC_2012,0,0,0,0,0
200915059,18.60,06,25.00,F,JAN_DEC,2012,MAKE,ME304,4.0,THEORY OF MACHINES I,84.000000,74.000000,64.000000,55.000000,45.000000,35.000000,JAN_DEC_2012,0,0,0,0,0
200915504,21.30,19.5,41.00,E,JAN_DEC,2012,MAKE,ME304,4.0,THEORY OF MACHINES I,84.000000,74.000000,64.000000,55.000000,45.000000,35.000000,JAN_DEC_2012,0,0,0,0,0
201015018,16.60,AB,0.00,I,JAN_DEC,2012,MAKE,ME304,4.0,THEORY OF MACHINES I,84.000000,74.000000,64.000000,55.000000,45.000000,35.000000,JAN_DEC_2012,0,0,0,0,0
201115503,20.80,24,45.00,D,JAN_DEC,2012,MAKE,ME304,4.0,THEORY OF MACHINES I,84.000000,74.000000,64.000000,55.000000,45.000000,35.000000,JAN_DEC_2012,0,0,0,0,0
20110100,13.20,24.5,38.00,E,JAN_DEC,2012,MAKE,ME304,4.0,THEORY OF MACHINES I,84.000000,74.000000,64.000000,55.000000,45.000000,35.000000,JAN_DEC_2012,0,0,0,0,0
20121781,25.70,AB,0.00,I,JAN_DEC,2012,MAKE,ME304,4.0,THEORY OF MACHINES I,84.000000,74.000000,64.000000,55.000000,45.000000,35.000000,JAN_DEC_2012,0,0,0,0,0
20121793,20.05,15.5,36.00,E,JAN_DEC,2012,MAKE,ME304,4.0,THEORY OF MACHINES I,84.000000,74.000000,64.000000,55.000000,45.000000,35.000000,JAN_DEC_2012,0,0,0,0,0
