Reg_No,Internal,External,Total,Grade,Time,Year,Type,Code,Credit,Title,Cut-Off-S,Cut-Off-A,Cut-Off-B,Cut-Off-C,Cut-Off-D,Cut-Off-E,Directory,Absentees,Malpractices,Detentions,NA,appeared
200715005,22.30,05,28.00,F,JAN_DEC,2012,MAKE,ME502,4.0,HEAT TRANSFER,90.000000,79.000000,68.000000,57.000000,46.000000,35.000000,JAN_DEC_2012,0,0,0,0,0
200715055,16.00,15.5,32.00,F,JAN_DEC,2012,MAKE,ME502,4.0,HEAT TRANSFER,90.000000,79.000000,68.000000,57.000000,46.000000,35.000000,JAN_DEC_2012,0,0,0,0,0
200815022,18.03,07,26.00,F,JAN_DEC,2012,MAKE,ME502,4.0,HEAT TRANSFER,90.000000,79.000000,68.000000,57.000000,46.000000,35.000000,JAN_DEC_2012,0,0,0,0,0
200915052,19.87,AB,0.00,I,JAN_DEC,2012,MAKE,ME502,4.0,HEAT TRANSFER,90.000000,79.000000,68.000000,57.000000,46.000000,35.000000,JAN_DEC_2012,0,0,0,0,0
200915059,16.04,AB,0.00,I,JAN_DEC,2012,MAKE,ME502,4.0,HEAT TRANSFER,90.000000,79.000000,68.000000,57.000000,46.000000,35.000000,JAN_DEC_2012,0,0,0,0,0
201015018,16.72,AB,0.00,I,JAN_DEC,2012,MAKE,ME502,4.0,HEAT TRANSFER,90.000000,79.000000,68.000000,57.000000,46.000000,35.000000,JAN_DEC_2012,0,0,0,0,0
