Reg_No,Internal,External,Total,Grade,Time,Year,Type,Code,Credit,Title,Cut-Off-S,Cut-Off-A,Cut-Off-B,Cut-Off-C,Cut-Off-D,Cut-Off-E,Directory,Absentees,Malpractices,Detentions,NA,appeared
200815047,32.70,AB,0.00,I,JAN_DEC,2012,MAKE,ME705,4.0,POWER PLANT ENGINEERING,88.000000,77.000000,67.000000,56.000000,46.000000,35.000000,JAN_DEC_2012,0,0,0,0,0
200915008,35.40,AB,0.00,I,JAN_DEC,2012,MAKE,ME705,4.0,POWER PLANT ENGINEERING,88.000000,77.000000,67.000000,56.000000,46.000000,35.000000,JAN_DEC_2012,0,0,0,0,0
200915050,25.00,28.5,54.00,D,JAN_DEC,2012,MAKE,ME705,4.0,POWER PLANT ENGINEERING,88.000000,77.000000,67.000000,56.000000,46.000000,35.000000,JAN_DEC_2012,0,0,0,0,0
200915053,30.00,28.5,59.00,C,JAN_DEC,2012,MAKE,ME705,4.0,POWER PLANT ENGINEERING,88.000000,77.000000,67.000000,56.000000,46.000000,35.000000,JAN_DEC_2012,0,0,0,0,0
200915055,25.50,18,44.00,E,JAN_DEC,2012,MAKE,ME705,4.0,POWER PLANT ENGINEERING,88.000000,77.000000,67.000000,56.000000,46.000000,35.000000,JAN_DEC_2012,0,0,0,0,0
201015506,18.30,23.5,42.00,E,JAN_DEC,2012,MAKE,ME705,4.0,POWER PLANT ENGINEERING,88.000000,77.000000,67.000000,56.000000,46.000000,35.000000,JAN_DEC_2012,0,0,0,0,0
