Reg_No,Internal,External,Total,Grade,Time,Year,Type,Code,Credit,Title,Cut-Off-S,Cut-Off-A,Cut-Off-B,Cut-Off-C,Cut-Off-D,Cut-Off-E,Directory,Absentees,Malpractices,Detentions,NA,appeared
200915007,20.80,14,35.00,E,JAN_DEC,2012,MAKE,ME701,4.0,MECHENICAL VIBRATIONS,83.000000,73.000000,64.000000,54.000000,45.000000,35.000000,JAN_DEC_2012,0,0,0,0,0
200915008,24.30,AB,0.00,I,JAN_DEC,2012,MAKE,ME701,4.0,MECHENICAL VIBRATIONS,83.000000,73.000000,64.000000,54.000000,45.000000,35.000000,JAN_DEC_2012,0,0,0,0,0
200915046,17.80,11.5,30.00,F,JAN_DEC,2012,MAKE,ME701,4.0,MECHENICAL VIBRATIONS,83.000000,73.000000,64.000000,54.000000,45.000000,35.000000,JAN_DEC_2012,0,0,0,0,0
200915050,22.90,10.5,34.00,F,JAN_DEC,2012,MAKE,ME701,4.0,MECHENICAL VIBRATIONS,83.000000,73.000000,64.000000,54.000000,45.000000,35.000000,JAN_DEC_2012,0,0,0,0,0
