Reg_No,Internal,External,Total,Grade,Time,Year,Type,Code,Credit,Title,Cut-Off-S,Cut-Off-A,Cut-Off-B,Cut-Off-C,Cut-Off-D,Cut-Off-E,Directory,Absentees,Malpractices,Detentions,NA,appeared
201123058,23.70,9.5,34.00,F,JAN_DEC,2012,MAKE,MGT104,4.0,ACCOUNTING FOR MANAGERS,80.000000,71.000000,62.000000,53.000000,44.000000,35.000000,JAN_DEC_2012,0,0,0,0,0
20121204,26.10,9.5,36.00,E,JAN_DEC,2012,MAKE,MGT104,4.0,ACCOUNTING FOR MANAGERS,80.000000,71.000000,62.000000,53.000000,44.000000,35.000000,JAN_DEC_2012,0,0,0,0,0
20121216,24.00,21,45.00,D,JAN_DEC,2012,MAKE,MGT104,4.0,ACCOUNTING FOR MANAGERS,80.000000,71.000000,62.000000,53.000000,44.000000,35.000000,JAN_DEC_2012,0,0,0,0,0
20121234,23.50,8.5,32.00,F,JAN_DEC,2012,MAKE,MGT104,4.0,ACCOUNTING FOR MANAGERS,80.000000,71.000000,62.000000,53.000000,44.000000,35.000000,JAN_DEC_2012,0,0,0,0,0
20121242,19.50,16.5,36.00,E,JAN_DEC,2012,MAKE,MGT104,4.0,ACCOUNTING FOR MANAGERS,80.000000,71.000000,62.000000,53.000000,44.000000,35.000000,JAN_DEC_2012,0,0,0,0,0
20121245,18.30,AB,0.00,I,JAN_DEC,2012,MAKE,MGT104,4.0,ACCOUNTING FOR MANAGERS,80.000000,71.000000,62.000000,53.000000,44.000000,35.000000,JAN_DEC_2012,0,0,0,0,0
20121253,19.40,12,32.00,F,JAN_DEC,2012,MAKE,MGT104,4.0,ACCOUNTING FOR MANAGERS,80.000000,71.000000,62.000000,53.000000,44.000000,35.000000,JAN_DEC_2012,0,0,0,0,0
