Reg_No,Internal,External,Total,Grade,Time,Year,Type,Code,Credit,Title,Cut-Off-S,Cut-Off-A,Cut-Off-B,Cut-Off-C,Cut-Off-D,Cut-Off-E,Directory,Absentees,Malpractices,Detentions,NA,appeared
20130070,18.40,18,37.00,E,MAY_JUNE,2018,BACK,ME1602,4.0,APPLIED THERMODYNAMICS II _10 11 12 13 14_,88.000000,78.000000,67.000000,57.000000,46.000000,35.000000,MAY_JUNE_2018,0,0,0,0,0
20130473,8.00,00,8.00,F,MAY_JUNE,2018,BACK,ME1602,4.0,APPLIED THERMODYNAMICS II _10 11 12 13 14_,88.000000,78.000000,67.000000,57.000000,46.000000,35.000000,MAY_JUNE_2018,0,0,0,0,0
20140055,14.20,16,31.00,F,MAY_JUNE,2018,BACK,ME1602,4.0,APPLIED THERMODYNAMICS II _10 11 12 13 14_,88.000000,78.000000,67.000000,57.000000,46.000000,35.000000,MAY_JUNE_2018,0,0,0,0,0
20140603,20.60,19,40.00,E,MAY_JUNE,2018,BACK,ME1602,4.0,APPLIED THERMODYNAMICS II _10 11 12 13 14_,88.000000,78.000000,67.000000,57.000000,46.000000,35.000000,MAY_JUNE_2018,0,0,0,0,0
20140405,18.10,MP,00.00,MP,MAY_JUNE,2018,BACK,ME1602,4.0,APPLIED THERMODYNAMICS II _10 11 12 13 14_,88.000000,78.000000,67.000000,57.000000,46.000000,35.000000,MAY_JUNE_2018,0,0,0,0,0
