Reg_No,Internal,External,Total,Grade,Time,Year,Type,Code,Credit,Title,Cut-Off-S,Cut-Off-A,Cut-Off-B,Cut-Off-C,Cut-Off-D,Cut-Off-E,Directory,Absentees,Malpractices,Detentions,NA,appeared
20130003,14.90,13,28.00,F,EXTRA,2012,EXTRA,EE1601,4.0,POWER SYSTEM STABILITY  OPERATION & CONTROL _11 12 13_,87.000000,77.000000,66.000000,56.000000,45.000000,35.000000,EXTRA_2012,0,0,0,0,0
20130034,14.30,15.5,30.00,F,EXTRA,2012,EXTRA,EE1601,4.0,POWER SYSTEM STABILITY  OPERATION & CONTROL _11 12 13_,87.000000,77.000000,66.000000,56.000000,45.000000,35.000000,EXTRA_2012,0,0,0,0,0
20130071,15.80,4.5,21.00,F,EXTRA,2012,EXTRA,EE1601,4.0,POWER SYSTEM STABILITY  OPERATION & CONTROL _11 12 13_,87.000000,77.000000,66.000000,56.000000,45.000000,35.000000,EXTRA_2012,0,0,0,0,0
20130644,36.40,38,75.00,B,EXTRA,2012,EXTRA,EE1601,4.0,POWER SYSTEM STABILITY  OPERATION & CONTROL _11 12 13_,87.000000,77.000000,66.000000,56.000000,45.000000,35.000000,EXTRA_2012,0,0,0,0,0
20130667,23.30,18.5,42.00,E,EXTRA,2012,EXTRA,EE1601,4.0,POWER SYSTEM STABILITY  OPERATION & CONTROL _11 12 13_,87.000000,77.000000,66.000000,56.000000,45.000000,35.000000,EXTRA_2012,0,0,0,0,0
