Reg_No,Internal,External,Total,Grade,Time,Year,Type,Code,Credit,Title,Cut-Off-S,Cut-Off-A,Cut-Off-B,Cut-Off-C,Cut-Off-D,Cut-Off-E,Directory,Absentees,Malpractices,Detentions,NA,appeared
20120243,16.20,22,39.00,E,EXTRA,2012,EXTRA,ME1404,4.0,MACHINE DESIGN I _9 10 11 12 13 14_,90.000000,79.000000,68.000000,57.000000,46.000000,35.000000,EXTRA_2012,0,0,0,0,0
20130457,17.30,17.5,35.00,E,EXTRA,2012,EXTRA,ME1404,4.0,MACHINE DESIGN I _9 10 11 12 13 14_,90.000000,79.000000,68.000000,57.000000,46.000000,35.000000,EXTRA_2012,0,0,0,0,0
20140606,19.90,22.5,43.00,E,EXTRA,2012,EXTRA,ME1404,4.0,MACHINE DESIGN I _9 10 11 12 13 14_,90.000000,79.000000,68.000000,57.000000,46.000000,35.000000,EXTRA_2012,0,0,0,0,0
