Reg_No,Internal,External,Total,Grade,Time,Year,Type,Code,Credit,Title,Cut-Off-S,Cut-Off-A,Cut-Off-B,Cut-Off-C,Cut-Off-D,Cut-Off-E,Directory,Absentees,Malpractices,Detentions,NA,appeared
201319010,21.51,17.5,40.00,E,MAY_JUNE,2017,BACK,BA1204,4.0,BUSINESS FINANCE _11 12 13 14 15 16_,90.000000,79.000000,68.000000,57.000000,46.000000,35.000000,MAY_JUNE_2017,0,0,0,0,0
201419004,16.61,14.5,32.00,F,MAY_JUNE,2017,BACK,BA1204,4.0,BUSINESS FINANCE _11 12 13 14 15 16_,90.000000,79.000000,68.000000,57.000000,46.000000,35.000000,MAY_JUNE_2017,0,0,0,0,0
201419014,20.31,14.5,35.00,E,MAY_JUNE,2017,BACK,BA1204,4.0,BUSINESS FINANCE _11 12 13 14 15 16_,90.000000,79.000000,68.000000,57.000000,46.000000,35.000000,MAY_JUNE_2017,0,0,0,0,0
201519040,16.06,10,27.00,F,MAY_JUNE,2017,BACK,BA1204,4.0,BUSINESS FINANCE _11 12 13 14 15 16_,90.000000,79.000000,68.000000,57.000000,46.000000,35.000000,MAY_JUNE_2017,0,0,0,0,0
