Reg_No,Internal,External,Total,Grade,Time,Year,Type,Code,Credit,Title,Cut-Off-S,Cut-Off-A,Cut-Off-B,Cut-Off-C,Cut-Off-D,Cut-Off-E,Directory,Absentees,Malpractices,Detentions,NA,appeared
20120478,20.35,18.5,39.00,E,MAY_JUNE,2017,BACK,BA1510,4.0,INDUSTRIAL MANAGEMENT _11 12 13 14_,80.000000,71.000000,62.000000,53.000000,44.000000,35.000000,MAY_JUNE_2017,0,0,0,0,0
20120520,18.30,37,56.00,C,MAY_JUNE,2017,BACK,BA1510,4.0,INDUSTRIAL MANAGEMENT _11 12 13 14_,80.000000,71.000000,62.000000,53.000000,44.000000,35.000000,MAY_JUNE_2017,0,0,0,0,0
20130460,5.00,AB,0.00,I,MAY_JUNE,2017,BACK,BA1510,4.0,INDUSTRIAL MANAGEMENT _11 12 13 14_,80.000000,71.000000,62.000000,53.000000,44.000000,35.000000,MAY_JUNE_2017,0,0,0,0,0
20130692,11.10,MP,00.00,MP,MAY_JUNE,2017,BACK,BA1510,4.0,INDUSTRIAL MANAGEMENT _11 12 13 14_,80.000000,71.000000,62.000000,53.000000,44.000000,35.000000,MAY_JUNE_2017,0,0,0,0,0
