Reg_No,Internal,External,Total,Grade,Time,Year,Type,Code,Credit,Title,Cut-Off-S,Cut-Off-A,Cut-Off-B,Cut-Off-C,Cut-Off-D,Cut-Off-E,Directory,Absentees,Malpractices,Detentions,NA,appeared
200918002,14.40,AB,0.00,I,MAY_JUNE,2017,BACK,CE1402,4.0,FLUID MECHANICS II _9 10 11 12 13 14 15_,81.000000,72.000000,62.000000,53.000000,44.000000,35.000000,MAY_JUNE_2017,0,0,0,0,0
20131102,11.10,3.5,15.00,F,MAY_JUNE,2017,BACK,CE1402,4.0,FLUID MECHANICS II _9 10 11 12 13 14 15_,81.000000,72.000000,62.000000,53.000000,44.000000,35.000000,MAY_JUNE_2017,0,0,0,0,0
20140218,7.70,19.5,28.00,F,MAY_JUNE,2017,BACK,CE1402,4.0,FLUID MECHANICS II _9 10 11 12 13 14 15_,81.000000,72.000000,62.000000,53.000000,44.000000,35.000000,MAY_JUNE_2017,0,0,0,0,0
20140704,16.80,AB,0.00,I,MAY_JUNE,2017,BACK,CE1402,4.0,FLUID MECHANICS II _9 10 11 12 13 14 15_,81.000000,72.000000,62.000000,53.000000,44.000000,35.000000,MAY_JUNE_2017,0,0,0,0,0
201518508,9.40,AB,0.00,I,MAY_JUNE,2017,BACK,CE1402,4.0,FLUID MECHANICS II _9 10 11 12 13 14 15_,81.000000,72.000000,62.000000,53.000000,44.000000,35.000000,MAY_JUNE_2017,0,0,0,0,0
