Reg_No,Internal,External,Total,Grade,Time,Year,Type,Code,Credit,Title,Cut-Off-S,Cut-Off-A,Cut-Off-B,Cut-Off-C,Cut-Off-D,Cut-Off-E,Directory,Absentees,Malpractices,Detentions,NA,appeared
20120181,6.00,1.5,8.00,F,MAY_JUNE,2017,BACK,CE1601,4.0,GEOTECHNICAL ENGINEERING II _9 10 11 12 13 14_,80.000000,71.000000,62.000000,53.000000,44.000000,35.000000,MAY_JUNE_2017,0,0,0,0,0
20120256,16.60,20.5,38.00,E,MAY_JUNE,2017,BACK,CE1601,4.0,GEOTECHNICAL ENGINEERING II _9 10 11 12 13 14_,80.000000,71.000000,62.000000,53.000000,44.000000,35.000000,MAY_JUNE_2017,0,0,0,0,0
200918002,14.45,AB,0.00,I,MAY_JUNE,2017,BACK,CE1601,4.0,GEOTECHNICAL ENGINEERING II _9 10 11 12 13 14_,80.000000,71.000000,62.000000,53.000000,44.000000,35.000000,MAY_JUNE_2017,0,0,0,0,0
201418502,10.80,32.5,44.00,D,MAY_JUNE,2017,BACK,CE1601,4.0,GEOTECHNICAL ENGINEERING II _9 10 11 12 13 14_,80.000000,71.000000,62.000000,53.000000,44.000000,35.000000,MAY_JUNE_2017,0,0,0,0,0
