Reg_No,Internal,External,Total,Grade,Time,Year,Type,Code,Credit,Title,Cut-Off-S,Cut-Off-A,Cut-Off-B,Cut-Off-C,Cut-Off-D,Cut-Off-E,Directory,Absentees,Malpractices,Detentions,NA,appeared
20120256,14.20,21,36.00,E,MAY_JUNE,2017,BACK,CE1602,4.0,DESIGN OF STEEL STRUCTURES _11 12 13 14_,80.000000,71.000000,62.000000,53.000000,44.000000,35.000000,MAY_JUNE_2017,0,0,0,0,0
20120274,18.45,26.5,45.00,D,MAY_JUNE,2017,BACK,CE1602,4.0,DESIGN OF STEEL STRUCTURES _11 12 13 14_,80.000000,71.000000,62.000000,53.000000,44.000000,35.000000,MAY_JUNE_2017,0,0,0,0,0
20130348,16.50,28,45.00,D,MAY_JUNE,2017,BACK,CE1602,4.0,DESIGN OF STEEL STRUCTURES _11 12 13 14_,80.000000,71.000000,62.000000,53.000000,44.000000,35.000000,MAY_JUNE_2017,0,0,0,0,0
20130546,22.40,23.5,46.00,D,MAY_JUNE,2017,BACK,CE1602,4.0,DESIGN OF STEEL STRUCTURES _11 12 13 14_,80.000000,71.000000,62.000000,53.000000,44.000000,35.000000,MAY_JUNE_2017,0,0,0,0,0
