Reg_No,Internal,External,Total,Grade,Time,Year,Type,Code,Credit,Title,Cut-Off-S,Cut-Off-A,Cut-Off-B,Cut-Off-C,Cut-Off-D,Cut-Off-E,Directory,Absentees,Malpractices,Detentions,NA,appeared
20140151,20.75,AB,0.00,I,MAY_JUNE,2017,BACK,CH1111,2.0,ENVIRONMENTAL SCIENCE _13 14 15_,85.000000,75.000000,65.000000,55.000000,45.000000,35.000000,MAY_JUNE_2017,0,0,0,0,0
201500019,15.25,23,39.00,E,MAY_JUNE,2017,BACK,CH1111,2.0,ENVIRONMENTAL SCIENCE _13 14 15_,85.000000,75.000000,65.000000,55.000000,45.000000,35.000000,MAY_JUNE_2017,0,0,0,0,0
201500196,17.60,13,31.00,F,MAY_JUNE,2017,BACK,CH1111,2.0,ENVIRONMENTAL SCIENCE _13 14 15_,85.000000,75.000000,65.000000,55.000000,45.000000,35.000000,MAY_JUNE_2017,0,0,0,0,0
201500447,12.60,23.5,37.00,E,MAY_JUNE,2017,BACK,CH1111,2.0,ENVIRONMENTAL SCIENCE _13 14 15_,85.000000,75.000000,65.000000,55.000000,45.000000,35.000000,MAY_JUNE_2017,0,0,0,0,0
