Reg_No,Internal,External,Total,Grade,Time,Year,Type,Code,Credit,Title,Cut-Off-S,Cut-Off-A,Cut-Off-B,Cut-Off-C,Cut-Off-D,Cut-Off-E,Directory,Absentees,Malpractices,Detentions,NA,appeared
20120370,9.50,AB,0.00,I,MAY_JUNE,2017,BACK,CS1405,4.0,DESIGN & ANALYSIS OF ALGORITHMS _10 11 12 13 14 15_,80.000000,71.000000,62.000000,53.000000,44.000000,35.000000,MAY_JUNE_2017,0,0,0,0,0
20120593,8.70,2,11.00,F,MAY_JUNE,2017,BACK,CS1405,4.0,DESIGN & ANALYSIS OF ALGORITHMS _10 11 12 13 14 15_,80.000000,71.000000,62.000000,53.000000,44.000000,35.000000,MAY_JUNE_2017,0,0,0,0,0
20130305,9.70,AB,0.00,I,MAY_JUNE,2017,BACK,CS1405,4.0,DESIGN & ANALYSIS OF ALGORITHMS _10 11 12 13 14 15_,80.000000,71.000000,62.000000,53.000000,44.000000,35.000000,MAY_JUNE_2017,0,0,0,0,0
20140036,15.30,AB,0.00,I,MAY_JUNE,2017,BACK,CS1405,4.0,DESIGN & ANALYSIS OF ALGORITHMS _10 11 12 13 14 15_,80.000000,71.000000,62.000000,53.000000,44.000000,35.000000,MAY_JUNE_2017,0,0,0,0,0
20140444,12.70,13.75,27.00,F,MAY_JUNE,2017,BACK,CS1405,4.0,DESIGN & ANALYSIS OF ALGORITHMS _10 11 12 13 14 15_,80.000000,71.000000,62.000000,53.000000,44.000000,35.000000,MAY_JUNE_2017,0,0,0,0,0
20140494,13.60,AB,0.00,I,MAY_JUNE,2017,BACK,CS1405,4.0,DESIGN & ANALYSIS OF ALGORITHMS _10 11 12 13 14 15_,80.000000,71.000000,62.000000,53.000000,44.000000,35.000000,MAY_JUNE_2017,0,0,0,0,0
