Reg_No,Internal,External,Total,Grade,Time,Year,Type,Code,Credit,Title,Cut-Off-S,Cut-Off-A,Cut-Off-B,Cut-Off-C,Cut-Off-D,Cut-Off-E,Directory,Absentees,Malpractices,Detentions,NA,appeared
20120370,5.50,AB,0.00,I,MAY_JUNE,2017,BACK,CS1604,4.0,FORMAL LANGUAGES & AUTOMATA THEORY _11 12 13 14_,80.000000,71.000000,62.000000,53.000000,44.000000,35.000000,MAY_JUNE_2017,0,0,0,0,0
20120593,9.60,11,21.00,F,MAY_JUNE,2017,BACK,CS1604,4.0,FORMAL LANGUAGES & AUTOMATA THEORY _11 12 13 14_,80.000000,71.000000,62.000000,53.000000,44.000000,35.000000,MAY_JUNE_2017,0,0,0,0,0
20120666,12.50,AB,0.00,I,MAY_JUNE,2017,BACK,CS1604,4.0,FORMAL LANGUAGES & AUTOMATA THEORY _11 12 13 14_,80.000000,71.000000,62.000000,53.000000,44.000000,35.000000,MAY_JUNE_2017,0,0,0,0,0
20130069,9.60,9.5,20.00,F,MAY_JUNE,2017,BACK,CS1604,4.0,FORMAL LANGUAGES & AUTOMATA THEORY _11 12 13 14_,80.000000,71.000000,62.000000,53.000000,44.000000,35.000000,MAY_JUNE_2017,0,0,0,0,0
20130083,16.90,AB,0.00,I,MAY_JUNE,2017,BACK,CS1604,4.0,FORMAL LANGUAGES & AUTOMATA THEORY _11 12 13 14_,80.000000,71.000000,62.000000,53.000000,44.000000,35.000000,MAY_JUNE_2017,0,0,0,0,0
20130329,11.50,10.5,22.00,F,MAY_JUNE,2017,BACK,CS1604,4.0,FORMAL LANGUAGES & AUTOMATA THEORY _11 12 13 14_,80.000000,71.000000,62.000000,53.000000,44.000000,35.000000,MAY_JUNE_2017,0,0,0,0,0
20130350,18.40,28,47.00,D,MAY_JUNE,2017,BACK,CS1604,4.0,FORMAL LANGUAGES & AUTOMATA THEORY _11 12 13 14_,80.000000,71.000000,62.000000,53.000000,44.000000,35.000000,MAY_JUNE_2017,0,0,0,0,0
20130352,7.20,13,21.00,F,MAY_JUNE,2017,BACK,CS1604,4.0,FORMAL LANGUAGES & AUTOMATA THEORY _11 12 13 14_,80.000000,71.000000,62.000000,53.000000,44.000000,35.000000,MAY_JUNE_2017,0,0,0,0,0
