Reg_No,Internal,External,Total,Grade,Time,Year,Type,Code,Credit,Title,Cut-Off-S,Cut-Off-A,Cut-Off-B,Cut-Off-C,Cut-Off-D,Cut-Off-E,Directory,Absentees,Malpractices,Detentions,NA,appeared
20120370,8.60,AB,0.00,I,MAY_JUNE,2017,BACK,CS1603,4.0,COMPUTER NETWORK _9 10 11 12 13 14_,83.000000,74.000000,64.000000,55.000000,45.000000,35.000000,MAY_JUNE_2017,0,0,0,0,0
20120700,14.70,12.5,28.00,F,MAY_JUNE,2017,BACK,CS1603,4.0,COMPUTER NETWORK _9 10 11 12 13 14_,83.000000,74.000000,64.000000,55.000000,45.000000,35.000000,MAY_JUNE_2017,0,0,0,0,0
20130310,16.10,AB,0.00,I,MAY_JUNE,2017,BACK,CS1603,4.0,COMPUTER NETWORK _9 10 11 12 13 14_,83.000000,74.000000,64.000000,55.000000,45.000000,35.000000,MAY_JUNE_2017,0,0,0,0,0
20130649,13.70,15.25,29.00,F,MAY_JUNE,2017,BACK,CS1603,4.0,COMPUTER NETWORK _9 10 11 12 13 14_,83.000000,74.000000,64.000000,55.000000,45.000000,35.000000,MAY_JUNE_2017,0,0,0,0,0
20130609,12.45,10.50,23.00,F,MAY_JUNE,2017,BACK,CS1603,4.0,COMPUTER NETWORK _9 10 11 12 13 14_,83.000000,74.000000,64.000000,55.000000,45.000000,35.000000,MAY_JUNE_2017,0,0,0,0,0
