Reg_No,Internal,External,Total,Grade,Time,Year,Type,Code,Credit,Title,Cut-Off-S,Cut-Off-A,Cut-Off-B,Cut-Off-C,Cut-Off-D,Cut-Off-E,Directory,Absentees,Malpractices,Detentions,NA,appeared
20120180,17.00,21.5,39.00,E,MAY_JUNE,2017,BACK,EC1404,4.0,MICROPROCESSOR _9 10 11 12 13 14 15_,80.000000,71.000000,62.000000,53.000000,44.000000,35.000000,MAY_JUNE_2017,0,0,0,0,0
20120182,15.15,19.5,35.00,E,MAY_JUNE,2017,BACK,EC1404,4.0,MICROPROCESSOR _9 10 11 12 13 14 15_,80.000000,71.000000,62.000000,53.000000,44.000000,35.000000,MAY_JUNE_2017,0,0,0,0,0
20140048,18.00,7.5,26.00,F,MAY_JUNE,2017,BACK,EC1404,4.0,MICROPROCESSOR _9 10 11 12 13 14 15_,80.000000,71.000000,62.000000,53.000000,44.000000,35.000000,MAY_JUNE_2017,0,0,0,0,0
20140504,17.85,19,37.00,E,MAY_JUNE,2017,BACK,EC1404,4.0,MICROPROCESSOR _9 10 11 12 13 14 15_,80.000000,71.000000,62.000000,53.000000,44.000000,35.000000,MAY_JUNE_2017,0,0,0,0,0
20140615,14.90,19.5,35.00,E,MAY_JUNE,2017,BACK,EC1404,4.0,MICROPROCESSOR _9 10 11 12 13 14 15_,80.000000,71.000000,62.000000,53.000000,44.000000,35.000000,MAY_JUNE_2017,0,0,0,0,0
20140684,16.90,3,20.00,F,MAY_JUNE,2017,BACK,EC1404,4.0,MICROPROCESSOR _9 10 11 12 13 14 15_,80.000000,71.000000,62.000000,53.000000,44.000000,35.000000,MAY_JUNE_2017,0,0,0,0,0
