Reg_No,Internal,External,Total,Grade,Time,Year,Type,Code,Credit,Title,Cut-Off-S,Cut-Off-A,Cut-Off-B,Cut-Off-C,Cut-Off-D,Cut-Off-E,Directory,Absentees,Malpractices,Detentions,NA,appeared
20140097,13.10,AB,0.00,I,MAY_JUNE,2017,BACK,EC1409_EC1503_upto,4.0,ANALOG COMMUNICATION _14 15_,87.000000,76.000000,66.000000,55.000000,45.000000,35.000000,MAY_JUNE_2017,0,0,0,0,0
20140114,12.90,AB,0.00,I,MAY_JUNE,2017,BACK,EC1409_EC1503_upto,4.0,ANALOG COMMUNICATION _14 15_,87.000000,76.000000,66.000000,55.000000,45.000000,35.000000,MAY_JUNE_2017,0,0,0,0,0
20140157,22.90,13.5,37.00,E,MAY_JUNE,2017,BACK,EC1409_EC1503_upto,4.0,ANALOG COMMUNICATION _14 15_,87.000000,76.000000,66.000000,55.000000,45.000000,35.000000,MAY_JUNE_2017,0,0,0,0,0
20140206,24.20,13,38.00,E,MAY_JUNE,2017,BACK,EC1409_EC1503_upto,4.0,ANALOG COMMUNICATION _14 15_,87.000000,76.000000,66.000000,55.000000,45.000000,35.000000,MAY_JUNE_2017,0,0,0,0,0
