Reg_No,Internal,External,Total,Grade,Time,Year,Type,Code,Credit,Title,Cut-Off-S,Cut-Off-A,Cut-Off-B,Cut-Off-C,Cut-Off-D,Cut-Off-E,Directory,Absentees,Malpractices,Detentions,NA,appeared
20120553,17.60,10.5,29.00,F,MAY_JUNE,2017,BACK,EC1601,4.0,MICROWAVE ENGINEERING _9 10 11 12 13 14_,85.000000,75.000000,65.000000,55.000000,45.000000,35.000000,MAY_JUNE_2017,0,0,0,0,0
20130401,8.50,AB,0.00,I,MAY_JUNE,2017,BACK,EC1601,4.0,MICROWAVE ENGINEERING _9 10 11 12 13 14_,85.000000,75.000000,65.000000,55.000000,45.000000,35.000000,MAY_JUNE_2017,0,0,0,0,0
20130567,16.35,2.5,19.00,F,MAY_JUNE,2017,BACK,EC1601,4.0,MICROWAVE ENGINEERING _9 10 11 12 13 14_,85.000000,75.000000,65.000000,55.000000,45.000000,35.000000,MAY_JUNE_2017,0,0,0,0,0
