Reg_No,Internal,External,Total,Grade,Time,Year,Type,Code,Credit,Title,Cut-Off-S,Cut-Off-A,Cut-Off-B,Cut-Off-C,Cut-Off-D,Cut-Off-E,Directory,Absentees,Malpractices,Detentions,NA,appeared
20130549,36.00,38,74.00,A,MAY_JUNE,2017,BACK,EC1771,2.0,MINI PROJECT,80.000000,73.000000,65.000000,58.000000,50.000000,42.000000,MAY_JUNE_2017,0,0,0,0,0
20130707,36.00,38,74.00,A,MAY_JUNE,2017,BACK,EC1771,2.0,MINI PROJECT,80.000000,73.000000,65.000000,58.000000,50.000000,42.000000,MAY_JUNE_2017,0,0,0,0,0
201012035,35.00,40,75.00,A,MAY_JUNE,2017,BACK,EC1771,2.0,MINI PROJECT,80.000000,73.000000,65.000000,58.000000,50.000000,42.000000,MAY_JUNE_2017,0,0,0,0,0
201412506,37.50,40,78.00,A,MAY_JUNE,2017,BACK,EC1771,2.0,MINI PROJECT,80.000000,73.000000,65.000000,58.000000,50.000000,42.000000,MAY_JUNE_2017,0,0,0,0,0
20130511,36.50,42,79.00,A,MAY_JUNE,2017,BACK,EC1771,2.0,MINI PROJECT,80.000000,73.000000,65.000000,58.000000,50.000000,42.000000,MAY_JUNE_2017,0,0,0,0,0
