Reg_No,Internal,External,Total,Grade,Time,Year,Type,Code,Credit,Title,Cut-Off-S,Cut-Off-A,Cut-Off-B,Cut-Off-C,Cut-Off-D,Cut-Off-E,Directory,Absentees,Malpractices,Detentions,NA,appeared
20120283,12.10,3.5,16.00,F,MAY_JUNE,2017,BACK,EE1403,4.0,ELECTRICAL MACHINES II _9 10 11 12 13 14 15_,80.000000,71.000000,62.000000,53.000000,44.000000,35.000000,MAY_JUNE_2017,0,0,0,0,0
20130003,14.90,11,26.00,F,MAY_JUNE,2017,BACK,EE1403,4.0,ELECTRICAL MACHINES II _9 10 11 12 13 14 15_,80.000000,71.000000,62.000000,53.000000,44.000000,35.000000,MAY_JUNE_2017,0,0,0,0,0
20130289,9.00,0.5,10.00,F,MAY_JUNE,2017,BACK,EE1403,4.0,ELECTRICAL MACHINES II _9 10 11 12 13 14 15_,80.000000,71.000000,62.000000,53.000000,44.000000,35.000000,MAY_JUNE_2017,0,0,0,0,0
