Reg_No,Internal,External,Total,Grade,Time,Year,Type,Code,Credit,Title,Cut-Off-S,Cut-Off-A,Cut-Off-B,Cut-Off-C,Cut-Off-D,Cut-Off-E,Directory,Absentees,Malpractices,Detentions,NA,appeared
20120283,18.50,16,35.00,E,MAY_JUNE,2017,BACK,EE1402,4.0,SIGNALS & SYSTEMS _9 10 11 12 13 14 15_,80.000000,71.000000,62.000000,53.000000,44.000000,35.000000,MAY_JUNE_2017,0,0,0,0,0
20140132,11.60,AB,0.00,I,MAY_JUNE,2017,BACK,EE1402,4.0,SIGNALS & SYSTEMS _9 10 11 12 13 14 15_,80.000000,71.000000,62.000000,53.000000,44.000000,35.000000,MAY_JUNE_2017,0,0,0,0,0
20140499,10.10,AB,0.00,I,MAY_JUNE,2017,BACK,EE1402,4.0,SIGNALS & SYSTEMS _9 10 11 12 13 14 15_,80.000000,71.000000,62.000000,53.000000,44.000000,35.000000,MAY_JUNE_2017,0,0,0,0,0
201513503,10.50,AB,0.00,I,MAY_JUNE,2017,BACK,EE1402,4.0,SIGNALS & SYSTEMS _9 10 11 12 13 14 15_,80.000000,71.000000,62.000000,53.000000,44.000000,35.000000,MAY_JUNE_2017,0,0,0,0,0
