Reg_No,Internal,External,Total,Grade,Time,Year,Type,Code,Credit,Title,Cut-Off-S,Cut-Off-A,Cut-Off-B,Cut-Off-C,Cut-Off-D,Cut-Off-E,Directory,Absentees,Malpractices,Detentions,NA,appeared
20140674,66.90,4,71.00,C,MAY_JUNE,2017,NORMAL,IT1461,1.5,OOP WITH C++ LAB,90.000000,82.000000,74.000000,66.000000,58.000000,50.000000,MAY_JUNE_2017,0,0,0,0,8
20140692,61.00,6,67.00,C,MAY_JUNE,2017,NORMAL,IT1461,1.5,OOP WITH C++ LAB,90.000000,82.000000,74.000000,66.000000,58.000000,50.000000,MAY_JUNE_2017,0,0,0,0,8
201500009,71.90,20,92.00,S,MAY_JUNE,2017,NORMAL,IT1461,1.5,OOP WITH C++ LAB,90.000000,82.000000,74.000000,66.000000,58.000000,50.000000,MAY_JUNE_2017,0,0,0,0,8
201500022,72.80,19,92.00,S,MAY_JUNE,2017,NORMAL,IT1461,1.5,OOP WITH C++ LAB,90.000000,82.000000,74.000000,66.000000,58.000000,50.000000,MAY_JUNE_2017,0,0,0,0,8
201500301,72.80,14.5,88.00,A,MAY_JUNE,2017,NORMAL,IT1461,1.5,OOP WITH C++ LAB,90.000000,82.000000,74.000000,66.000000,58.000000,50.000000,MAY_JUNE_2017,0,0,0,0,8
201500413,71.90,20,92.00,S,MAY_JUNE,2017,NORMAL,IT1461,1.5,OOP WITH C++ LAB,90.000000,82.000000,74.000000,66.000000,58.000000,50.000000,MAY_JUNE_2017,0,0,0,0,8
201500417,69.90,14,84.00,A,MAY_JUNE,2017,NORMAL,IT1461,1.5,OOP WITH C++ LAB,90.000000,82.000000,74.000000,66.000000,58.000000,50.000000,MAY_JUNE_2017,0,0,0,0,8
201500529,71.90,20,92.00,S,MAY_JUNE,2017,NORMAL,IT1461,1.5,OOP WITH C++ LAB,90.000000,82.000000,74.000000,66.000000,58.000000,50.000000,MAY_JUNE_2017,0,0,0,0,8
