Reg_No,Internal,External,Total,Grade,Time,Year,Type,Code,Credit,Title,Cut-Off-S,Cut-Off-A,Cut-Off-B,Cut-Off-C,Cut-Off-D,Cut-Off-E,Directory,Absentees,Malpractices,Detentions,NA,appeared
20140674,33.30,26.5,60.00,D,MAY_JUNE,2017,NORMAL,IT1403,4.0,OBJECT ORIENTED PROGRAMMING WITH C++,90.000000,81.000000,72.000000,63.000000,54.000000,45.000000,MAY_JUNE_2017,1,0,0,0,8
20140692,25.55,25,51.00,E,MAY_JUNE,2017,NORMAL,IT1403,4.0,OBJECT ORIENTED PROGRAMMING WITH C++,90.000000,81.000000,72.000000,63.000000,54.000000,45.000000,MAY_JUNE_2017,1,0,0,0,8
201500009,43.45,44.5,88.00,A,MAY_JUNE,2017,NORMAL,IT1403,4.0,OBJECT ORIENTED PROGRAMMING WITH C++,90.000000,81.000000,72.000000,63.000000,54.000000,45.000000,MAY_JUNE_2017,1,0,0,0,8
201500022,44.65,47.5,93.00,S,MAY_JUNE,2017,NORMAL,IT1403,4.0,OBJECT ORIENTED PROGRAMMING WITH C++,90.000000,81.000000,72.000000,63.000000,54.000000,45.000000,MAY_JUNE_2017,1,0,0,0,8
201500301,41.35,43.5,85.00,A,MAY_JUNE,2017,NORMAL,IT1403,4.0,OBJECT ORIENTED PROGRAMMING WITH C++,90.000000,81.000000,72.000000,63.000000,54.000000,45.000000,MAY_JUNE_2017,1,0,0,0,8
201500413,44.80,49,94.00,S,MAY_JUNE,2017,NORMAL,IT1403,4.0,OBJECT ORIENTED PROGRAMMING WITH C++,90.000000,81.000000,72.000000,63.000000,54.000000,45.000000,MAY_JUNE_2017,1,0,0,0,8
201500417,39.80,43,83.00,A,MAY_JUNE,2017,NORMAL,IT1403,4.0,OBJECT ORIENTED PROGRAMMING WITH C++,90.000000,81.000000,72.000000,63.000000,54.000000,45.000000,MAY_JUNE_2017,1,0,0,0,8
201500529,42.15,38.5,81.00,A,MAY_JUNE,2017,NORMAL,IT1403,4.0,OBJECT ORIENTED PROGRAMMING WITH C++,90.000000,81.000000,72.000000,63.000000,54.000000,45.000000,MAY_JUNE_2017,1,0,0,0,8
20140512,9.40,DT,0.00,DT,MAY_JUNE,2017,NORMAL,IT1403,4.0,OBJECT ORIENTED PROGRAMMING WITH C++,90.000000,81.000000,72.000000,63.000000,54.000000,45.000000,MAY_JUNE_2017,1,0,0,0,8
