Reg_No,Internal,External,Total,Grade,Time,Year,Type,Code,Credit,Title,Cut-Off-S,Cut-Off-A,Cut-Off-B,Cut-Off-C,Cut-Off-D,Cut-Off-E,Directory,Absentees,Malpractices,Detentions,NA,appeared
20140674,27.55,38,66.00,B,MAY_JUNE,2017,NORMAL,IT1402,4.0,COMPUTER ORGANIZATION & ARCHITECTURE,85.000000,75.000000,65.000000,55.000000,45.000000,35.000000,MAY_JUNE_2017,0,0,0,0,9
20140692,27.05,17.5,45.00,D,MAY_JUNE,2017,NORMAL,IT1402,4.0,COMPUTER ORGANIZATION & ARCHITECTURE,85.000000,75.000000,65.000000,55.000000,45.000000,35.000000,MAY_JUNE_2017,0,0,0,0,9
201500009,37.55,28,66.00,B,MAY_JUNE,2017,NORMAL,IT1402,4.0,COMPUTER ORGANIZATION & ARCHITECTURE,85.000000,75.000000,65.000000,55.000000,45.000000,35.000000,MAY_JUNE_2017,0,0,0,0,9
201500022,44.35,50,95.00,S,MAY_JUNE,2017,NORMAL,IT1402,4.0,COMPUTER ORGANIZATION & ARCHITECTURE,85.000000,75.000000,65.000000,55.000000,45.000000,35.000000,MAY_JUNE_2017,0,0,0,0,9
201500301,24.55,27.25,52.00,D,MAY_JUNE,2017,NORMAL,IT1402,4.0,COMPUTER ORGANIZATION & ARCHITECTURE,85.000000,75.000000,65.000000,55.000000,45.000000,35.000000,MAY_JUNE_2017,0,0,0,0,9
201500413,35.95,29.5,66.00,B,MAY_JUNE,2017,NORMAL,IT1402,4.0,COMPUTER ORGANIZATION & ARCHITECTURE,85.000000,75.000000,65.000000,55.000000,45.000000,35.000000,MAY_JUNE_2017,0,0,0,0,9
201500417,34.15,30.75,65.00,B,MAY_JUNE,2017,NORMAL,IT1402,4.0,COMPUTER ORGANIZATION & ARCHITECTURE,85.000000,75.000000,65.000000,55.000000,45.000000,35.000000,MAY_JUNE_2017,0,0,0,0,9
201500529,32.65,23.75,57.00,C,MAY_JUNE,2017,NORMAL,IT1402,4.0,COMPUTER ORGANIZATION & ARCHITECTURE,85.000000,75.000000,65.000000,55.000000,45.000000,35.000000,MAY_JUNE_2017,0,0,0,0,9
20140512,21.90,17,39.00,E,MAY_JUNE,2017,NORMAL,IT1402,4.0,COMPUTER ORGANIZATION & ARCHITECTURE,85.000000,75.000000,65.000000,55.000000,45.000000,35.000000,MAY_JUNE_2017,0,0,0,0,9
