Reg_No,Internal,External,Total,Grade,Time,Year,Type,Code,Credit,Title,Cut-Off-S,Cut-Off-A,Cut-Off-B,Cut-Off-C,Cut-Off-D,Cut-Off-E,Directory,Absentees,Malpractices,Detentions,NA,appeared
20140674,56.00,9,65.00,D,MAY_JUNE,2017,NORMAL,IT1463,1.5,COMPUTER ORGANIZATION LAB,90.000000,82.000000,74.000000,66.000000,58.000000,50.000000,MAY_JUNE_2017,0,0,0,0,9
20140692,51.00,10,61.00,D,MAY_JUNE,2017,NORMAL,IT1463,1.5,COMPUTER ORGANIZATION LAB,90.000000,82.000000,74.000000,66.000000,58.000000,50.000000,MAY_JUNE_2017,0,0,0,0,9
201500009,66.25,20,87.00,A,MAY_JUNE,2017,NORMAL,IT1463,1.5,COMPUTER ORGANIZATION LAB,90.000000,82.000000,74.000000,66.000000,58.000000,50.000000,MAY_JUNE_2017,0,0,0,0,9
201500022,70.00,20,90.00,S,MAY_JUNE,2017,NORMAL,IT1463,1.5,COMPUTER ORGANIZATION LAB,90.000000,82.000000,74.000000,66.000000,58.000000,50.000000,MAY_JUNE_2017,0,0,0,0,9
201500301,71.25,17,89.00,A,MAY_JUNE,2017,NORMAL,IT1463,1.5,COMPUTER ORGANIZATION LAB,90.000000,82.000000,74.000000,66.000000,58.000000,50.000000,MAY_JUNE_2017,0,0,0,0,9
201500413,70.50,19,90.00,S,MAY_JUNE,2017,NORMAL,IT1463,1.5,COMPUTER ORGANIZATION LAB,90.000000,82.000000,74.000000,66.000000,58.000000,50.000000,MAY_JUNE_2017,0,0,0,0,9
201500417,70.25,16,87.00,A,MAY_JUNE,2017,NORMAL,IT1463,1.5,COMPUTER ORGANIZATION LAB,90.000000,82.000000,74.000000,66.000000,58.000000,50.000000,MAY_JUNE_2017,0,0,0,0,9
201500529,58.25,16,75.00,B,MAY_JUNE,2017,NORMAL,IT1463,1.5,COMPUTER ORGANIZATION LAB,90.000000,82.000000,74.000000,66.000000,58.000000,50.000000,MAY_JUNE_2017,0,0,0,0,9
20120276,51.50,12,64.00,D,MAY_JUNE,2017,NORMAL,IT1463,1.5,COMPUTER ORGANIZATION LAB,90.000000,82.000000,74.000000,66.000000,58.000000,50.000000,MAY_JUNE_2017,0,0,0,0,9
