Reg_No,Internal,External,Total,Grade,Time,Year,Type,Code,Credit,Title,Cut-Off-S,Cut-Off-A,Cut-Off-B,Cut-Off-C,Cut-Off-D,Cut-Off-E,Directory,Absentees,Malpractices,Detentions,NA,appeared
20140674,28.10,24.5,53.00,D,MAY_JUNE,2017,NORMAL,IT1404,4.0,DATABASE MANAGEMENT SYSTEM,90.000000,79.000000,68.000000,58.000000,47.000000,36.000000,MAY_JUNE_2017,0,0,0,0,9
20140692,21.60,20,42.00,E,MAY_JUNE,2017,NORMAL,IT1404,4.0,DATABASE MANAGEMENT SYSTEM,90.000000,79.000000,68.000000,58.000000,47.000000,36.000000,MAY_JUNE_2017,0,0,0,0,9
201500009,38.00,41,79.00,A,MAY_JUNE,2017,NORMAL,IT1404,4.0,DATABASE MANAGEMENT SYSTEM,90.000000,79.000000,68.000000,58.000000,47.000000,36.000000,MAY_JUNE_2017,0,0,0,0,9
201500022,42.70,49,92.00,S,MAY_JUNE,2017,NORMAL,IT1404,4.0,DATABASE MANAGEMENT SYSTEM,90.000000,79.000000,68.000000,58.000000,47.000000,36.000000,MAY_JUNE_2017,0,0,0,0,9
201500301,36.60,37.5,75.00,B,MAY_JUNE,2017,NORMAL,IT1404,4.0,DATABASE MANAGEMENT SYSTEM,90.000000,79.000000,68.000000,58.000000,47.000000,36.000000,MAY_JUNE_2017,0,0,0,0,9
201500413,34.60,42,77.00,B,MAY_JUNE,2017,NORMAL,IT1404,4.0,DATABASE MANAGEMENT SYSTEM,90.000000,79.000000,68.000000,58.000000,47.000000,36.000000,MAY_JUNE_2017,0,0,0,0,9
201500417,36.40,46,83.00,A,MAY_JUNE,2017,NORMAL,IT1404,4.0,DATABASE MANAGEMENT SYSTEM,90.000000,79.000000,68.000000,58.000000,47.000000,36.000000,MAY_JUNE_2017,0,0,0,0,9
201500529,31.30,30,62.00,C,MAY_JUNE,2017,NORMAL,IT1404,4.0,DATABASE MANAGEMENT SYSTEM,90.000000,79.000000,68.000000,58.000000,47.000000,36.000000,MAY_JUNE_2017,0,0,0,0,9
200914056,33.20,22.5,56.00,D,MAY_JUNE,2017,NORMAL,IT1404,4.0,DATABASE MANAGEMENT SYSTEM,90.000000,79.000000,68.000000,58.000000,47.000000,36.000000,MAY_JUNE_2017,0,0,0,0,9
