Reg_No,Internal,External,Total,Grade,Time,Year,Type,Code,Credit,Title,Cut-Off-S,Cut-Off-A,Cut-Off-B,Cut-Off-C,Cut-Off-D,Cut-Off-E,Directory,Absentees,Malpractices,Detentions,NA,appeared
201316014,19.60,21.5,42.00,E,MAY_JUNE,2017,BACK,MA1204,4.0,MATHEMATICS II _12 13 14 15 16_,80.000000,71.000000,62.000000,53.000000,44.000000,35.000000,MAY_JUNE_2017,0,0,0,0,0
201316023,17.20,12.5,30.00,F,MAY_JUNE,2017,BACK,MA1204,4.0,MATHEMATICS II _12 13 14 15 16_,80.000000,71.000000,62.000000,53.000000,44.000000,35.000000,MAY_JUNE_2017,0,0,0,0,0
201516028,21.10,2,24.00,F,MAY_JUNE,2017,BACK,MA1204,4.0,MATHEMATICS II _12 13 14 15 16_,80.000000,71.000000,62.000000,53.000000,44.000000,35.000000,MAY_JUNE_2017,0,0,0,0,0
