Reg_No,Internal,External,Total,Grade,Time,Year,Type,Code,Credit,Title,Cut-Off-S,Cut-Off-A,Cut-Off-B,Cut-Off-C,Cut-Off-D,Cut-Off-E,Directory,Absentees,Malpractices,Detentions,NA,appeared
201319036,13.60,05,19.00,F,MAY_JUNE,2017,BACK,MA1205,4.0,BUSINESS MATHEMATICS _11 12 13 14 15 16_,80.000000,71.000000,62.000000,53.000000,44.000000,35.000000,MAY_JUNE_2017,0,0,0,0,0
201419017,12.60,AB,0.00,I,MAY_JUNE,2017,BACK,MA1205,4.0,BUSINESS MATHEMATICS _11 12 13 14 15 16_,80.000000,71.000000,62.000000,53.000000,44.000000,35.000000,MAY_JUNE_2017,0,0,0,0,0
201519040,19.10,00,20.00,F,MAY_JUNE,2017,BACK,MA1205,4.0,BUSINESS MATHEMATICS _11 12 13 14 15 16_,80.000000,71.000000,62.000000,53.000000,44.000000,35.000000,MAY_JUNE_2017,0,0,0,0,0
201419008,13.70,01,15.00,F,MAY_JUNE,2017,BACK,MA1205,4.0,BUSINESS MATHEMATICS _11 12 13 14 15 16_,80.000000,71.000000,62.000000,53.000000,44.000000,35.000000,MAY_JUNE_2017,0,0,0,0,0
