Reg_No,Internal,External,Total,Grade,Time,Year,Type,Code,Credit,Title,Cut-Off-S,Cut-Off-A,Cut-Off-B,Cut-Off-C,Cut-Off-D,Cut-Off-E,Directory,Absentees,Malpractices,Detentions,NA,appeared
20120370,11.00,AB,0.00,I,MAY_JUNE,2017,BACK,MA1401,4.0,ENGINEERING MATHEMATICS IV _12 13 14_,83.000000,73.000000,64.000000,54.000000,45.000000,35.000000,MAY_JUNE_2017,0,0,0,0,0
20130305,12.60,4.5,18.00,F,MAY_JUNE,2017,BACK,MA1401,4.0,ENGINEERING MATHEMATICS IV _12 13 14_,83.000000,73.000000,64.000000,54.000000,45.000000,35.000000,MAY_JUNE_2017,0,0,0,0,0
20140250,17.80,19,37.00,E,MAY_JUNE,2017,BACK,MA1401,4.0,ENGINEERING MATHEMATICS IV _12 13 14_,83.000000,73.000000,64.000000,54.000000,45.000000,35.000000,MAY_JUNE_2017,0,0,0,0,0
20140338,14.90,22,37.00,E,MAY_JUNE,2017,BACK,MA1401,4.0,ENGINEERING MATHEMATICS IV _12 13 14_,83.000000,73.000000,64.000000,54.000000,45.000000,35.000000,MAY_JUNE_2017,0,0,0,0,0
20140444,15.40,1,17.00,F,MAY_JUNE,2017,BACK,MA1401,4.0,ENGINEERING MATHEMATICS IV _12 13 14_,83.000000,73.000000,64.000000,54.000000,45.000000,35.000000,MAY_JUNE_2017,0,0,0,0,0
