Reg_No,Internal,External,Total,Grade,Time,Year,Type,Code,Credit,Title,Cut-Off-S,Cut-Off-A,Cut-Off-B,Cut-Off-C,Cut-Off-D,Cut-Off-E,Directory,Absentees,Malpractices,Detentions,NA,appeared
200914056,17.30,8.5,26.00,F,MAY_JUNE,2017,BACK,MA1404,4.0,PROBABILITY & STATISTICS _12 13 14 15_,80.000000,71.000000,62.000000,53.000000,44.000000,35.000000,MAY_JUNE_2017,0,0,0,0,0
20130716,9.30,AB,0.00,I,MAY_JUNE,2017,BACK,MA1404,4.0,PROBABILITY & STATISTICS _12 13 14 15_,80.000000,71.000000,62.000000,53.000000,44.000000,35.000000,MAY_JUNE_2017,0,0,0,0,0
20140631,13.60,AB,0.00,I,MAY_JUNE,2017,BACK,MA1404,4.0,PROBABILITY & STATISTICS _12 13 14 15_,80.000000,71.000000,62.000000,53.000000,44.000000,35.000000,MAY_JUNE_2017,0,0,0,0,0
20140676,10.90,0,11.00,F,MAY_JUNE,2017,BACK,MA1404,4.0,PROBABILITY & STATISTICS _12 13 14 15_,80.000000,71.000000,62.000000,53.000000,44.000000,35.000000,MAY_JUNE_2017,0,0,0,0,0
