Reg_No,Internal,External,Total,Grade,Time,Year,Type,Code,Credit,Title,Cut-Off-S,Cut-Off-A,Cut-Off-B,Cut-Off-C,Cut-Off-D,Cut-Off-E,Directory,Absentees,Malpractices,Detentions,NA,appeared
20130070,10.80,1.5,13.00,F,MAY_JUNE,2017,BACK,MA1405,4.0,ENGINEERING MATHEMATICS IV _12 13 14_,86.000000,76.000000,66.000000,55.000000,45.000000,35.000000,MAY_JUNE_2017,0,0,0,0,0
20130312,12.40,1.5,14.00,F,MAY_JUNE,2017,BACK,MA1405,4.0,ENGINEERING MATHEMATICS IV _12 13 14_,86.000000,76.000000,66.000000,55.000000,45.000000,35.000000,MAY_JUNE_2017,0,0,0,0,0
20130318,13.80,13,27.00,F,MAY_JUNE,2017,BACK,MA1405,4.0,ENGINEERING MATHEMATICS IV _12 13 14_,86.000000,76.000000,66.000000,55.000000,45.000000,35.000000,MAY_JUNE_2017,0,0,0,0,0
20130493,6.00,1,7.00,F,MAY_JUNE,2017,BACK,MA1405,4.0,ENGINEERING MATHEMATICS IV _12 13 14_,86.000000,76.000000,66.000000,55.000000,45.000000,35.000000,MAY_JUNE_2017,0,0,0,0,0
20140592,10.10,9,20.00,F,MAY_JUNE,2017,BACK,MA1405,4.0,ENGINEERING MATHEMATICS IV _12 13 14_,86.000000,76.000000,66.000000,55.000000,45.000000,35.000000,MAY_JUNE_2017,0,0,0,0,0
20140603,12.10,MP,00.00,MP,MAY_JUNE,2017,BACK,MA1405,4.0,ENGINEERING MATHEMATICS IV _12 13 14_,86.000000,76.000000,66.000000,55.000000,45.000000,35.000000,MAY_JUNE_2017,0,0,0,0,0
201315502,12.70,AB,0.00,I,MAY_JUNE,2017,BACK,MA1405,4.0,ENGINEERING MATHEMATICS IV _12 13 14_,86.000000,76.000000,66.000000,55.000000,45.000000,35.000000,MAY_JUNE_2017,0,0,0,0,0
20140219,18.50,13,32.00,F,MAY_JUNE,2017,BACK,MA1405,4.0,ENGINEERING MATHEMATICS IV _12 13 14_,86.000000,76.000000,66.000000,55.000000,45.000000,35.000000,MAY_JUNE_2017,0,0,0,0,0
