Reg_No,Internal,External,Total,Grade,Time,Year,Type,Code,Credit,Title,Cut-Off-S,Cut-Off-A,Cut-Off-B,Cut-Off-C,Cut-Off-D,Cut-Off-E,Directory,Absentees,Malpractices,Detentions,NA,appeared
20120182,28.05,11.5,40.00,E,MAY_JUNE,2017,BACK,ME1105,3.0,ENGINEERING GRAPHICS _12 13 14 15 16_,89.000000,78.000000,68.000000,57.000000,46.000000,35.000000,MAY_JUNE_2017,0,0,0,0,0
20130003,5.00,AB,0.00,I,MAY_JUNE,2017,BACK,ME1105,3.0,ENGINEERING GRAPHICS _12 13 14 15 16_,89.000000,78.000000,68.000000,57.000000,46.000000,35.000000,MAY_JUNE_2017,0,0,0,0,0
20140018,27.40,AB,0.00,I,MAY_JUNE,2017,BACK,ME1105,3.0,ENGINEERING GRAPHICS _12 13 14 15 16_,89.000000,78.000000,68.000000,57.000000,46.000000,35.000000,MAY_JUNE_2017,0,0,0,0,0
20140565,11.80,AB,0.00,I,MAY_JUNE,2017,BACK,ME1105,3.0,ENGINEERING GRAPHICS _12 13 14 15 16_,89.000000,78.000000,68.000000,57.000000,46.000000,35.000000,MAY_JUNE_2017,0,0,0,0,0
201500279,9.80,33.5,44.00,E,MAY_JUNE,2017,BACK,ME1105,3.0,ENGINEERING GRAPHICS _12 13 14 15 16_,89.000000,78.000000,68.000000,57.000000,46.000000,35.000000,MAY_JUNE_2017,0,0,0,0,0
201600669,14.42,AB,0.00,I,MAY_JUNE,2017,BACK,ME1105,3.0,ENGINEERING GRAPHICS _12 13 14 15 16_,89.000000,78.000000,68.000000,57.000000,46.000000,35.000000,MAY_JUNE_2017,0,0,0,0,0
