Reg_No,Internal,External,Total,Grade,Time,Year,Type,Code,Credit,Title,Cut-Off-S,Cut-Off-A,Cut-Off-B,Cut-Off-C,Cut-Off-D,Cut-Off-E,Directory,Absentees,Malpractices,Detentions,NA,appeared
20120159,18.70,11,30.00,F,MAY_JUNE,2017,BACK,ME1409,4.0,THEORY OF MACHINES I _09 10 11 12 13 14 15_,83.000000,74.000000,64.000000,55.000000,45.000000,35.000000,MAY_JUNE_2017,0,0,0,0,0
20120498,17.15,AB,0.00,I,MAY_JUNE,2017,BACK,ME1409,4.0,THEORY OF MACHINES I _09 10 11 12 13 14 15_,83.000000,74.000000,64.000000,55.000000,45.000000,35.000000,MAY_JUNE_2017,0,0,0,0,0
20130755,12.20,23,36.00,E,MAY_JUNE,2017,BACK,ME1409,4.0,THEORY OF MACHINES I _09 10 11 12 13 14 15_,83.000000,74.000000,64.000000,55.000000,45.000000,35.000000,MAY_JUNE_2017,0,0,0,0,0
20130536,13.70,18,32.00,F,MAY_JUNE,2017,BACK,ME1409,4.0,THEORY OF MACHINES I _09 10 11 12 13 14 15_,83.000000,74.000000,64.000000,55.000000,45.000000,35.000000,MAY_JUNE_2017,0,0,0,0,0
