Reg_No,Internal,External,Total,Grade,Time,Year,Type,Code,Credit,Title,Cut-Off-S,Cut-Off-A,Cut-Off-B,Cut-Off-C,Cut-Off-D,Cut-Off-E,Directory,Absentees,Malpractices,Detentions,NA,appeared
20120136,15.40,20.5,36.00,E,MAY_JUNE,2017,BACK,ME1404,0,MACHINE DESIGN I _9 10 11 12 13 14_,90.000000,79.000000,68.000000,57.000000,46.000000,35.000000,MAY_JUNE_2017,0,0,0,0,0
20120159,18.30,19,38.00,E,MAY_JUNE,2017,BACK,ME1404,0,MACHINE DESIGN I _9 10 11 12 13 14_,90.000000,79.000000,68.000000,57.000000,46.000000,35.000000,MAY_JUNE_2017,0,0,0,0,0
20130755,11.60,34,46.00,D,MAY_JUNE,2017,BACK,ME1404,0,MACHINE DESIGN I _9 10 11 12 13 14_,90.000000,79.000000,68.000000,57.000000,46.000000,35.000000,MAY_JUNE_2017,0,0,0,0,0
20140538,10.00,32.5,43.00,E,MAY_JUNE,2017,BACK,ME1404,0,MACHINE DESIGN I _9 10 11 12 13 14_,90.000000,79.000000,68.000000,57.000000,46.000000,35.000000,MAY_JUNE_2017,0,0,0,0,0
20130410,27.90,40,68.00,B,MAY_JUNE,2017,BACK,ME1404,0,MACHINE DESIGN I _9 10 11 12 13 14_,90.000000,79.000000,68.000000,57.000000,46.000000,35.000000,MAY_JUNE_2017,0,0,0,0,0
20130529,28.90,28.5,58.00,C,MAY_JUNE,2017,BACK,ME1404,0,MACHINE DESIGN I _9 10 11 12 13 14_,90.000000,79.000000,68.000000,57.000000,46.000000,35.000000,MAY_JUNE_2017,0,0,0,0,0
20140554,45.40,46.5,92.00,S,MAY_JUNE,2017,BACK,ME1404,0,MACHINE DESIGN I _9 10 11 12 13 14_,90.000000,79.000000,68.000000,57.000000,46.000000,35.000000,MAY_JUNE_2017,0,0,0,0,0
