Reg_No,Internal,External,Total,Grade,Time,Year,Type,Code,Credit,Title,Cut-Off-S,Cut-Off-A,Cut-Off-B,Cut-Off-C,Cut-Off-D,Cut-Off-E,Directory,Absentees,Malpractices,Detentions,NA,appeared
20120032,16.80,00,17.00,F,MAY_JUNE,2017,BACK,ME1403,4.0,FLUID MECHANICS _9 10 11 12 13 14_,87.000000,77.000000,66.000000,56.000000,45.000000,35.000000,MAY_JUNE_2017,0,0,0,0,0
20130736,15.00,20.5,36.00,E,MAY_JUNE,2017,BACK,ME1403,4.0,FLUID MECHANICS _9 10 11 12 13 14_,87.000000,77.000000,66.000000,56.000000,45.000000,35.000000,MAY_JUNE_2017,0,0,0,0,0
20140074,15.60,AB,0.00,I,MAY_JUNE,2017,BACK,ME1403,4.0,FLUID MECHANICS _9 10 11 12 13 14_,87.000000,77.000000,66.000000,56.000000,45.000000,35.000000,MAY_JUNE_2017,0,0,0,0,0
20140701,24.60,20.5,46.00,D,MAY_JUNE,2017,BACK,ME1403,4.0,FLUID MECHANICS _9 10 11 12 13 14_,87.000000,77.000000,66.000000,56.000000,45.000000,35.000000,MAY_JUNE_2017,0,0,0,0,0
20130065,22.00,14,36.00,E,MAY_JUNE,2017,BACK,ME1403,4.0,FLUID MECHANICS _9 10 11 12 13 14_,87.000000,77.000000,66.000000,56.000000,45.000000,35.000000,MAY_JUNE_2017,0,0,0,0,0
201415502,23.10,AB,0.00,I,MAY_JUNE,2017,BACK,ME1403,4.0,FLUID MECHANICS _9 10 11 12 13 14_,87.000000,77.000000,66.000000,56.000000,45.000000,35.000000,MAY_JUNE_2017,0,0,0,0,0
201415504,12.00,6,18.00,F,MAY_JUNE,2017,BACK,ME1403,4.0,FLUID MECHANICS _9 10 11 12 13 14_,87.000000,77.000000,66.000000,56.000000,45.000000,35.000000,MAY_JUNE_2017,0,0,0,0,0
201415509,20.40,AB,0.00,I,MAY_JUNE,2017,BACK,ME1403,4.0,FLUID MECHANICS _9 10 11 12 13 14_,87.000000,77.000000,66.000000,56.000000,45.000000,35.000000,MAY_JUNE_2017,0,0,0,0,0
201415510,21.00,7,28.00,F,MAY_JUNE,2017,BACK,ME1403,4.0,FLUID MECHANICS _9 10 11 12 13 14_,87.000000,77.000000,66.000000,56.000000,45.000000,35.000000,MAY_JUNE_2017,0,0,0,0,0
