Reg_No,Internal,External,Total,Grade,Time,Year,Type,Code,Credit,Title,Cut-Off-S,Cut-Off-A,Cut-Off-B,Cut-Off-C,Cut-Off-D,Cut-Off-E,Directory,Absentees,Malpractices,Detentions,NA,appeared
20130144,8.10,27,36.00,E,MAY_JUNE,2017,BACK,ME1406,4.0,MANUFACTURING PROCESS II _10 11 12 13 14 15_,82.000000,72.000000,63.000000,53.000000,44.000000,35.000000,MAY_JUNE_2017,0,0,0,0,0
20130507,19.70,17,37.00,E,MAY_JUNE,2017,BACK,ME1406,4.0,MANUFACTURING PROCESS II _10 11 12 13 14 15_,82.000000,72.000000,63.000000,53.000000,44.000000,35.000000,MAY_JUNE_2017,0,0,0,0,0
20140017,22.00,27,49.00,D,MAY_JUNE,2017,BACK,ME1406,4.0,MANUFACTURING PROCESS II _10 11 12 13 14 15_,82.000000,72.000000,63.000000,53.000000,44.000000,35.000000,MAY_JUNE_2017,0,0,0,0,0
20140049,15.90,AB,0.00,I,MAY_JUNE,2017,BACK,ME1406,4.0,MANUFACTURING PROCESS II _10 11 12 13 14 15_,82.000000,72.000000,63.000000,53.000000,44.000000,35.000000,MAY_JUNE_2017,0,0,0,0,0
20140405,21.90,18.5,41.00,E,MAY_JUNE,2017,BACK,ME1406,4.0,MANUFACTURING PROCESS II _10 11 12 13 14 15_,82.000000,72.000000,63.000000,53.000000,44.000000,35.000000,MAY_JUNE_2017,0,0,0,0,0
20140476,12.10,25,38.00,E,MAY_JUNE,2017,BACK,ME1406,4.0,MANUFACTURING PROCESS II _10 11 12 13 14 15_,82.000000,72.000000,63.000000,53.000000,44.000000,35.000000,MAY_JUNE_2017,0,0,0,0,0
20140543,16.00,24,40.00,E,MAY_JUNE,2017,BACK,ME1406,4.0,MANUFACTURING PROCESS II _10 11 12 13 14 15_,82.000000,72.000000,63.000000,53.000000,44.000000,35.000000,MAY_JUNE_2017,0,0,0,0,0
20140603,16.80,MP,0.00,MP,MAY_JUNE,2017,BACK,ME1406,4.0,MANUFACTURING PROCESS II _10 11 12 13 14 15_,82.000000,72.000000,63.000000,53.000000,44.000000,35.000000,MAY_JUNE_2017,0,0,0,0,0
