Reg_No,Internal,External,Total,Grade,Time,Year,Type,Code,Credit,Title,Cut-Off-S,Cut-Off-A,Cut-Off-B,Cut-Off-C,Cut-Off-D,Cut-Off-E,Directory,Absentees,Malpractices,Detentions,NA,appeared
20120032,14.80,AB,0.00,I,MAY_JUNE,2017,BACK,ME1605,4.0,MECHATRONICS _9 10 11 12 13 14_,80.000000,71.000000,62.000000,53.000000,44.000000,35.000000,MAY_JUNE_2017,0,0,0,0,0
20120498,12.05,AB,0.00,I,MAY_JUNE,2017,BACK,ME1605,4.0,MECHATRONICS _9 10 11 12 13 14_,80.000000,71.000000,62.000000,53.000000,44.000000,35.000000,MAY_JUNE_2017,0,0,0,0,0
20121103,13.60,7.5,22.00,F,MAY_JUNE,2017,BACK,ME1605,4.0,MECHATRONICS _9 10 11 12 13 14_,80.000000,71.000000,62.000000,53.000000,44.000000,35.000000,MAY_JUNE_2017,0,0,0,0,0
20130410,15.25,15,31.00,F,MAY_JUNE,2017,BACK,ME1605,4.0,MECHATRONICS _9 10 11 12 13 14_,80.000000,71.000000,62.000000,53.000000,44.000000,35.000000,MAY_JUNE_2017,0,0,0,0,0
20130417,11.00,AB,0.00,I,MAY_JUNE,2017,BACK,ME1605,4.0,MECHATRONICS _9 10 11 12 13 14_,80.000000,71.000000,62.000000,53.000000,44.000000,35.000000,MAY_JUNE_2017,0,0,0,0,0
20130536,13.20,5,19.00,F,MAY_JUNE,2017,BACK,ME1605,4.0,MECHATRONICS _9 10 11 12 13 14_,80.000000,71.000000,62.000000,53.000000,44.000000,35.000000,MAY_JUNE_2017,0,0,0,0,0
20130144,10.00,12.5,23.00,F,MAY_JUNE,2017,BACK,ME1605,4.0,MECHATRONICS _9 10 11 12 13 14_,80.000000,71.000000,62.000000,53.000000,44.000000,35.000000,MAY_JUNE_2017,0,0,0,0,0
