Reg_No,Internal,External,Total,Grade,Time,Year,Type,Code,Credit,Title,Cut-Off-S,Cut-Off-A,Cut-Off-B,Cut-Off-C,Cut-Off-D,Cut-Off-E,Directory,Absentees,Malpractices,Detentions,NA,appeared
20120004,16.70,AB,0.00,I,MAY_JUNE,2017,BACK,ME1602,4.0,APPLIED THERMODYNAMICS II _9 10 11 12 13 14_,88.000000,78.000000,67.000000,57.000000,46.000000,35.000000,MAY_JUNE_2017,0,0,0,0,0
20120498,22.50,6,29.00,F,MAY_JUNE,2017,BACK,ME1602,4.0,APPLIED THERMODYNAMICS II _9 10 11 12 13 14_,88.000000,78.000000,67.000000,57.000000,46.000000,35.000000,MAY_JUNE_2017,0,0,0,0,0
20130025,21.20,17.5,39.00,E,MAY_JUNE,2017,BACK,ME1602,4.0,APPLIED THERMODYNAMICS II _9 10 11 12 13 14_,88.000000,78.000000,67.000000,57.000000,46.000000,35.000000,MAY_JUNE_2017,0,0,0,0,0
201415504,21.20,1,23.00,F,MAY_JUNE,2017,BACK,ME1602,4.0,APPLIED THERMODYNAMICS II _9 10 11 12 13 14_,88.000000,78.000000,67.000000,57.000000,46.000000,35.000000,MAY_JUNE_2017,0,0,0,0,0
