Reg_No,Internal,External,Total,Grade,Time,Year,Type,Code,Credit,Title,Cut-Off-S,Cut-Off-A,Cut-Off-B,Cut-Off-C,Cut-Off-D,Cut-Off-E,Directory,Absentees,Malpractices,Detentions,NA,appeared
201321209,19.25,6,26.00,F,MAY_JUNE,2017,BACK,PH2201,4.0,CLASSICAL & RELATIVISTIC ELECTRODYNAMICS _13 14 15 16_,90.000000,80.000000,70.000000,60.000000,50.000000,40.000000,MAY_JUNE_2017,0,0,0,0,0
201521207,16.30,8,25.00,F,MAY_JUNE,2017,BACK,PH2201,4.0,CLASSICAL & RELATIVISTIC ELECTRODYNAMICS _13 14 15 16_,90.000000,80.000000,70.000000,60.000000,50.000000,40.000000,MAY_JUNE_2017,0,0,0,0,0
201521208,13.20,10.25,24.00,F,MAY_JUNE,2017,BACK,PH2201,4.0,CLASSICAL & RELATIVISTIC ELECTRODYNAMICS _13 14 15 16_,90.000000,80.000000,70.000000,60.000000,50.000000,40.000000,MAY_JUNE_2017,0,0,0,0,0
201521217,18.45,12.5,31.00,F,MAY_JUNE,2017,BACK,PH2201,4.0,CLASSICAL & RELATIVISTIC ELECTRODYNAMICS _13 14 15 16_,90.000000,80.000000,70.000000,60.000000,50.000000,40.000000,MAY_JUNE_2017,0,0,0,0,0
