Reg_No,Internal,External,Total,Grade,Time,Year,Type,Code,Credit,Title,Cut-Off-S,Cut-Off-A,Cut-Off-B,Cut-Off-C,Cut-Off-D,Cut-Off-E,Directory,Absentees,Malpractices,Detentions,NA,appeared
201419014,16.45,07,24.00,F,NOV_DEC,2015,BACK,BA1104,4.0,FINANCIAL ACCOUNTING,80.000000,71.000000,62.000000,53.000000,44.000000,35.000000,NOV_DEC_2015,0,0,0,0,0
201419033,19.15,16,36.00,E,NOV_DEC,2015,BACK,BA1104,4.0,FINANCIAL ACCOUNTING,80.000000,71.000000,62.000000,53.000000,44.000000,35.000000,NOV_DEC_2015,0,0,0,0,0
201319012,11.90,18.5,31.00,F,NOV_DEC,2015,BACK,BA1104,4.0,FINANCIAL ACCOUNTING,80.000000,71.000000,62.000000,53.000000,44.000000,35.000000,NOV_DEC_2015,0,0,0,0,0
201319013,15.41,21.5,37.00,E,NOV_DEC,2015,BACK,BA1104,4.0,FINANCIAL ACCOUNTING,80.000000,71.000000,62.000000,53.000000,44.000000,35.000000,NOV_DEC_2015,0,0,0,0,0
201319014,16.91,18.25,36.00,E,NOV_DEC,2015,BACK,BA1104,4.0,FINANCIAL ACCOUNTING,80.000000,71.000000,62.000000,53.000000,44.000000,35.000000,NOV_DEC_2015,0,0,0,0,0
201319029,14.61,22,37.00,E,NOV_DEC,2015,BACK,BA1104,4.0,FINANCIAL ACCOUNTING,80.000000,71.000000,62.000000,53.000000,44.000000,35.000000,NOV_DEC_2015,0,0,0,0,0
201319039,14.00,11.5,26.00,F,NOV_DEC,2015,BACK,BA1104,4.0,FINANCIAL ACCOUNTING,80.000000,71.000000,62.000000,53.000000,44.000000,35.000000,NOV_DEC_2015,0,0,0,0,0
