Reg_No,Internal,External,Total,Grade,Time,Year,Type,Code,Credit,Title,Cut-Off-S,Cut-Off-A,Cut-Off-B,Cut-Off-C,Cut-Off-D,Cut-Off-E,Directory,Absentees,Malpractices,Detentions,NA,appeared
201319013,16.91,AB,0.00,I,NOV_DEC,2015,BACK,BA1304,4.0,ACCOUNTING FOR MANAGEMENT,80.000000,71.000000,62.000000,53.000000,44.000000,35.000000,NOV_DEC_2015,0,0,0,0,0
201319014,16.81,1.5,19.00,F,NOV_DEC,2015,BACK,BA1304,4.0,ACCOUNTING FOR MANAGEMENT,80.000000,71.000000,62.000000,53.000000,44.000000,35.000000,NOV_DEC_2015,0,0,0,0,0
201319021,16.30,11.5,28.00,F,NOV_DEC,2015,BACK,BA1304,4.0,ACCOUNTING FOR MANAGEMENT,80.000000,71.000000,62.000000,53.000000,44.000000,35.000000,NOV_DEC_2015,0,0,0,0,0
201319025,15.75,10.5,27.00,F,NOV_DEC,2015,BACK,BA1304,4.0,ACCOUNTING FOR MANAGEMENT,80.000000,71.000000,62.000000,53.000000,44.000000,35.000000,NOV_DEC_2015,0,0,0,0,0
201319031,15.80,27,43.00,E,NOV_DEC,2015,BACK,BA1304,4.0,ACCOUNTING FOR MANAGEMENT,80.000000,71.000000,62.000000,53.000000,44.000000,35.000000,NOV_DEC_2015,0,0,0,0,0
