Reg_No,Internal,External,Total,Grade,Time,Year,Type,Code,Credit,Title,Cut-Off-S,Cut-Off-A,Cut-Off-B,Cut-Off-C,Cut-Off-D,Cut-Off-E,Directory,Absentees,Malpractices,Detentions,NA,appeared
20120036,12.48,8.75,22.00,F,NOV_DEC,2015,BACK,CE1306,4.0,ENGINEERING GEOLOGY,80.000000,71.000000,62.000000,53.000000,44.000000,35.000000,NOV_DEC_2015,0,0,0,0,0
20130282,16.23,13.75,30.00,F,NOV_DEC,2015,BACK,CE1306,4.0,ENGINEERING GEOLOGY,80.000000,71.000000,62.000000,53.000000,44.000000,35.000000,NOV_DEC_2015,0,0,0,0,0
20130480,8.93,AB,0.00,I,NOV_DEC,2015,BACK,CE1306,4.0,ENGINEERING GEOLOGY,80.000000,71.000000,62.000000,53.000000,44.000000,35.000000,NOV_DEC_2015,0,0,0,0,0
20130488,5.60,03,9.00,F,NOV_DEC,2015,BACK,CE1306,4.0,ENGINEERING GEOLOGY,80.000000,71.000000,62.000000,53.000000,44.000000,35.000000,NOV_DEC_2015,0,0,0,0,0
20130569,12.35,06,19.00,F,NOV_DEC,2015,BACK,CE1306,4.0,ENGINEERING GEOLOGY,80.000000,71.000000,62.000000,53.000000,44.000000,35.000000,NOV_DEC_2015,0,0,0,0,0
20130587,10.38,31,42.00,E,NOV_DEC,2015,BACK,CE1306,4.0,ENGINEERING GEOLOGY,80.000000,71.000000,62.000000,53.000000,44.000000,35.000000,NOV_DEC_2015,0,0,0,0,0
20130713,14.10,AB,0.00,I,NOV_DEC,2015,BACK,CE1306,4.0,ENGINEERING GEOLOGY,80.000000,71.000000,62.000000,53.000000,44.000000,35.000000,NOV_DEC_2015,0,0,0,0,0
