Reg_No,Internal,External,Total,Grade,Time,Year,Type,Code,Credit,Title,Cut-Off-S,Cut-Off-A,Cut-Off-B,Cut-Off-C,Cut-Off-D,Cut-Off-E,Directory,Absentees,Malpractices,Detentions,NA,appeared
200811003,22.80,18,41.00,E,NOV_DEC,2015,BACK,COA101_COB101,4.0,ENGINEERING MATHEMATICS I _08 09 10 11_,80.000000,71.000000,62.000000,53.000000,44.000000,35.000000,NOV_DEC_2015,0,0,0,0,0
20110175,25.50,15,41.00,E,NOV_DEC,2015,BACK,COA101_COB101,4.0,ENGINEERING MATHEMATICS I _08 09 10 11_,80.000000,71.000000,62.000000,53.000000,44.000000,35.000000,NOV_DEC_2015,0,0,0,0,0
20110435,19.90,AB,0.00,I,NOV_DEC,2015,BACK,COA101_COB101,4.0,ENGINEERING MATHEMATICS I _08 09 10 11_,80.000000,71.000000,62.000000,53.000000,44.000000,35.000000,NOV_DEC_2015,0,0,0,0,0
201011051,25.10,12,38.00,E,NOV_DEC,2015,BACK,COA101_COB101,4.0,ENGINEERING MATHEMATICS I _08 09 10 11_,80.000000,71.000000,62.000000,53.000000,44.000000,35.000000,NOV_DEC_2015,0,0,0,0,0
20110259,23.90,13,37.00,E,NOV_DEC,2015,BACK,COA101_COB101,4.0,ENGINEERING MATHEMATICS I _08 09 10 11_,80.000000,71.000000,62.000000,53.000000,44.000000,35.000000,NOV_DEC_2015,0,0,0,0,0
20110360,24.20,14,39.00,E,NOV_DEC,2015,BACK,COA101_COB101,4.0,ENGINEERING MATHEMATICS I _08 09 10 11_,80.000000,71.000000,62.000000,53.000000,44.000000,35.000000,NOV_DEC_2015,0,0,0,0,0
20110610,21.40,MP,0.00,MP,NOV_DEC,2015,BACK,COA101_COB101,4.0,ENGINEERING MATHEMATICS I _08 09 10 11_,80.000000,71.000000,62.000000,53.000000,44.000000,35.000000,NOV_DEC_2015,0,0,0,0,0
200913055,15.30,AB,0.00,I,NOV_DEC,2015,BACK,COA101_COB101,4.0,ENGINEERING MATHEMATICS I _08 09 10 11_,80.000000,71.000000,62.000000,53.000000,44.000000,35.000000,NOV_DEC_2015,0,0,0,0,0
