Reg_No,Internal,External,Total,Grade,Time,Year,Type,Code,Credit,Title,Cut-Off-S,Cut-Off-A,Cut-Off-B,Cut-Off-C,Cut-Off-D,Cut-Off-E,Directory,Absentees,Malpractices,Detentions,NA,appeared
20120709,16.80,8.25,26.00,F,NOV_DEC,2015,BACK,COA203_COB103,4.0,ENGINEERING CHEMISTRY _10 11 12_,82.000000,72.000000,63.000000,53.000000,44.000000,35.000000,NOV_DEC_2015,0,0,0,0,0
20120054,17.75,AB,0.00,I,NOV_DEC,2015,BACK,COA203_COB103,4.0,ENGINEERING CHEMISTRY _10 11 12_,82.000000,72.000000,63.000000,53.000000,44.000000,35.000000,NOV_DEC_2015,0,0,0,0,0
20120295,17.16,AB,0.00,I,NOV_DEC,2015,BACK,COA203_COB103,4.0,ENGINEERING CHEMISTRY _10 11 12_,82.000000,72.000000,63.000000,53.000000,44.000000,35.000000,NOV_DEC_2015,0,0,0,0,0
20120453,19.10,AB,0.00,I,NOV_DEC,2015,BACK,COA203_COB103,4.0,ENGINEERING CHEMISTRY _10 11 12_,82.000000,72.000000,63.000000,53.000000,44.000000,35.000000,NOV_DEC_2015,0,0,0,0,0
