Reg_No,Internal,External,Total,Grade,Time,Year,Type,Code,Credit,Title,Cut-Off-S,Cut-Off-A,Cut-Off-B,Cut-Off-C,Cut-Off-D,Cut-Off-E,Directory,Absentees,Malpractices,Detentions,NA,appeared
20120709,14.70,06,21.00,F,NOV_DEC,2015,BACK,COB104_COA204,4.0,ELEMENTS OF ELECTRICAL ENGINEERING _EE1109__11 12 13 14 15_,90.000000,79.000000,68.000000,57.000000,46.000000,35.000000,NOV_DEC_2015,0,0,0,0,0
20120730,12.10,AB,0.00,I,NOV_DEC,2015,BACK,COB104_COA204,4.0,ELEMENTS OF ELECTRICAL ENGINEERING _EE1109__11 12 13 14 15_,90.000000,79.000000,68.000000,57.000000,46.000000,35.000000,NOV_DEC_2015,0,0,0,0,0
20140418,20.20,AB,0.00,I,NOV_DEC,2015,BACK,COB104_COA204,4.0,ELEMENTS OF ELECTRICAL ENGINEERING _EE1109__11 12 13 14 15_,90.000000,79.000000,68.000000,57.000000,46.000000,35.000000,NOV_DEC_2015,0,0,0,0,0
20140442,21.00,AB,0.00,I,NOV_DEC,2015,BACK,COB104_COA204,4.0,ELEMENTS OF ELECTRICAL ENGINEERING _EE1109__11 12 13 14 15_,90.000000,79.000000,68.000000,57.000000,46.000000,35.000000,NOV_DEC_2015,0,0,0,0,0
20140533,17.50,17,35.00,E,NOV_DEC,2015,BACK,COB104_COA204,4.0,ELEMENTS OF ELECTRICAL ENGINEERING _EE1109__11 12 13 14 15_,90.000000,79.000000,68.000000,57.000000,46.000000,35.000000,NOV_DEC_2015,0,0,0,0,0
20140538,15.25,AB,0.00,I,NOV_DEC,2015,BACK,COB104_COA204,4.0,ELEMENTS OF ELECTRICAL ENGINEERING _EE1109__11 12 13 14 15_,90.000000,79.000000,68.000000,57.000000,46.000000,35.000000,NOV_DEC_2015,0,0,0,0,0
20140658,14.75,00,15.00,F,NOV_DEC,2015,BACK,COB104_COA204,4.0,ELEMENTS OF ELECTRICAL ENGINEERING _EE1109__11 12 13 14 15_,90.000000,79.000000,68.000000,57.000000,46.000000,35.000000,NOV_DEC_2015,0,0,0,0,0
20140694,12.30,22,35.00,E,NOV_DEC,2015,BACK,COB104_COA204,4.0,ELEMENTS OF ELECTRICAL ENGINEERING _EE1109__11 12 13 14 15_,90.000000,79.000000,68.000000,57.000000,46.000000,35.000000,NOV_DEC_2015,0,0,0,0,0
