Reg_No,Internal,External,Total,Grade,Time,Year,Type,Code,Credit,Title,Cut-Off-S,Cut-Off-A,Cut-Off-B,Cut-Off-C,Cut-Off-D,Cut-Off-E,Directory,Absentees,Malpractices,Detentions,NA,appeared
20130303,25.20,AB,0.00,I,NOV_DEC,2015,BACK,COB102_COA202,4.0,BASIC ELECTRONICS _EC1107_,80.000000,71.000000,62.000000,53.000000,44.000000,35.000000,NOV_DEC_2015,0,0,0,0,0
20120259,13.80,AB,0.00,I,NOV_DEC,2015,BACK,COB102_COA202,4.0,BASIC ELECTRONICS _EC1107_,80.000000,71.000000,62.000000,53.000000,44.000000,35.000000,NOV_DEC_2015,0,0,0,0,0
20120276,18.90,8.5,28.00,F,NOV_DEC,2015,BACK,COB102_COA202,4.0,BASIC ELECTRONICS _EC1107_,80.000000,71.000000,62.000000,53.000000,44.000000,35.000000,NOV_DEC_2015,0,0,0,0,0
20140141,20.65,13.5,35.00,E,NOV_DEC,2015,BACK,COB102_COA202,4.0,BASIC ELECTRONICS _EC1107_,80.000000,71.000000,62.000000,53.000000,44.000000,35.000000,NOV_DEC_2015,0,0,0,0,0
20140565,8.90,AB,0.00,I,NOV_DEC,2015,BACK,COB102_COA202,4.0,BASIC ELECTRONICS _EC1107_,80.000000,71.000000,62.000000,53.000000,44.000000,35.000000,NOV_DEC_2015,0,0,0,0,0
20140540,20.00,17.5,38.00,E,NOV_DEC,2015,BACK,COB102_COA202,4.0,BASIC ELECTRONICS _EC1107_,80.000000,71.000000,62.000000,53.000000,44.000000,35.000000,NOV_DEC_2015,0,0,0,0,0
