Reg_No,Internal,External,Total,Grade,Time,Year,Type,Code,Credit,Title,Cut-Off-S,Cut-Off-A,Cut-Off-B,Cut-Off-C,Cut-Off-D,Cut-Off-E,Directory,Absentees,Malpractices,Detentions,NA,appeared
20130070,16.30,AB,0.00,I,NOV_DEC,2015,BACK,COB103_COA203,4.0,ENGINEERING CHEMISTRY _CH1108_ _13 14_,90.000000,79.000000,68.000000,57.000000,46.000000,35.000000,NOV_DEC_2015,0,0,0,0,0
20130659,16.10,25,42.00,E,NOV_DEC,2015,BACK,COB103_COA203,4.0,ENGINEERING CHEMISTRY _CH1108_ _13 14_,90.000000,79.000000,68.000000,57.000000,46.000000,35.000000,NOV_DEC_2015,0,0,0,0,0
20130704,21.40,AB,0.00,I,NOV_DEC,2015,BACK,COB103_COA203,4.0,ENGINEERING CHEMISTRY _CH1108_ _13 14_,90.000000,79.000000,68.000000,57.000000,46.000000,35.000000,NOV_DEC_2015,0,0,0,0,0
20140533,18.85,19,38.00,E,NOV_DEC,2015,BACK,COB103_COA203,4.0,ENGINEERING CHEMISTRY _CH1108_ _13 14_,90.000000,79.000000,68.000000,57.000000,46.000000,35.000000,NOV_DEC_2015,0,0,0,0,0
20140565,9.40,AB,0.00,I,NOV_DEC,2015,BACK,COB103_COA203,4.0,ENGINEERING CHEMISTRY _CH1108_ _13 14_,90.000000,79.000000,68.000000,57.000000,46.000000,35.000000,NOV_DEC_2015,0,0,0,0,0
