Reg_No,Internal,External,Total,Grade,Time,Year,Type,Code,Credit,Title,Cut-Off-S,Cut-Off-A,Cut-Off-B,Cut-Off-C,Cut-Off-D,Cut-Off-E,Directory,Absentees,Malpractices,Detentions,NA,appeared
20130268,11.20,27.5,39.00,E,NOV_DEC,2015,BACK,CS1305,4.0,PC HARDWARE & PERIPHERALS,82.000000,72.000000,63.000000,53.000000,44.000000,35.000000,NOV_DEC_2015,0,0,0,0,0
20130352,13.70,AB,0.00,I,NOV_DEC,2015,BACK,CS1305,4.0,PC HARDWARE & PERIPHERALS,82.000000,72.000000,63.000000,53.000000,44.000000,35.000000,NOV_DEC_2015,0,0,0,0,0
20130705,13.30,AB,0.00,I,NOV_DEC,2015,BACK,CS1305,4.0,PC HARDWARE & PERIPHERALS,82.000000,72.000000,63.000000,53.000000,44.000000,35.000000,NOV_DEC_2015,0,0,0,0,0
20120357,8.80,AB,0.00,I,NOV_DEC,2015,BACK,CS1305,4.0,PC HARDWARE & PERIPHERALS,82.000000,72.000000,63.000000,53.000000,44.000000,35.000000,NOV_DEC_2015,0,0,0,0,0
