Reg_No,Internal,External,Total,Grade,Time,Year,Type,Code,Credit,Title,Cut-Off-S,Cut-Off-A,Cut-Off-B,Cut-Off-C,Cut-Off-D,Cut-Off-E,Directory,Absentees,Malpractices,Detentions,NA,appeared
20130083,16.00,AB,0.00,I,NOV_DEC,2015,BACK,CS1303,4.0,PROGRAMMING WITH C++,82.000000,72.000000,63.000000,53.000000,44.000000,35.000000,NOV_DEC_2015,0,0,0,0,0
20130194,13.70,AB,0.00,I,NOV_DEC,2015,BACK,CS1303,4.0,PROGRAMMING WITH C++,82.000000,72.000000,63.000000,53.000000,44.000000,35.000000,NOV_DEC_2015,0,0,0,0,0
20130208,14.20,AB,0.00,I,NOV_DEC,2015,BACK,CS1303,4.0,PROGRAMMING WITH C++,82.000000,72.000000,63.000000,53.000000,44.000000,35.000000,NOV_DEC_2015,0,0,0,0,0
20130352,18.65,18,37.00,E,NOV_DEC,2015,BACK,CS1303,4.0,PROGRAMMING WITH C++,82.000000,72.000000,63.000000,53.000000,44.000000,35.000000,NOV_DEC_2015,0,0,0,0,0
20130434,11.85,23,35.00,E,NOV_DEC,2015,BACK,CS1303,4.0,PROGRAMMING WITH C++,82.000000,72.000000,63.000000,53.000000,44.000000,35.000000,NOV_DEC_2015,0,0,0,0,0
20130502,10.05,AB,0.00,I,NOV_DEC,2015,BACK,CS1303,4.0,PROGRAMMING WITH C++,82.000000,72.000000,63.000000,53.000000,44.000000,35.000000,NOV_DEC_2015,0,0,0,0,0
20130705,5.85,AB,0.00,I,NOV_DEC,2015,BACK,CS1303,4.0,PROGRAMMING WITH C++,82.000000,72.000000,63.000000,53.000000,44.000000,35.000000,NOV_DEC_2015,0,0,0,0,0
20120357,5.50,AB,0.00,I,NOV_DEC,2015,BACK,CS1303,4.0,PROGRAMMING WITH C++,82.000000,72.000000,63.000000,53.000000,44.000000,35.000000,NOV_DEC_2015,0,0,0,0,0
