Reg_No,Internal,External,Total,Grade,Time,Year,Type,Code,Credit,Title,Cut-Off-S,Cut-Off-A,Cut-Off-B,Cut-Off-C,Cut-Off-D,Cut-Off-E,Directory,Absentees,Malpractices,Detentions,NA,appeared
20130224,19.10,21,41.00,E,NOV_DEC,2015,BACK,CS1306,4.0,COMPUTER ORGANIZATION & ARCHITECTURE,80.000000,71.000000,62.000000,53.000000,44.000000,35.000000,NOV_DEC_2015,0,0,0,0,0
20130329,20.80,14.5,36.00,E,NOV_DEC,2015,BACK,CS1306,4.0,COMPUTER ORGANIZATION & ARCHITECTURE,80.000000,71.000000,62.000000,53.000000,44.000000,35.000000,NOV_DEC_2015,0,0,0,0,0
20130373,20.50,28,49.00,D,NOV_DEC,2015,BACK,CS1306,4.0,COMPUTER ORGANIZATION & ARCHITECTURE,80.000000,71.000000,62.000000,53.000000,44.000000,35.000000,NOV_DEC_2015,0,0,0,0,0
20130648,14.40,AB,0.00,I,NOV_DEC,2015,BACK,CS1306,4.0,COMPUTER ORGANIZATION & ARCHITECTURE,80.000000,71.000000,62.000000,53.000000,44.000000,35.000000,NOV_DEC_2015,0,0,0,0,0
20120357,12.65,1.5,15.00,F,NOV_DEC,2015,BACK,CS1306,4.0,COMPUTER ORGANIZATION & ARCHITECTURE,80.000000,71.000000,62.000000,53.000000,44.000000,35.000000,NOV_DEC_2015,0,0,0,0,0
