Reg_No,Internal,External,Total,Grade,Time,Year,Type,Code,Credit,Title,Cut-Off-S,Cut-Off-A,Cut-Off-B,Cut-Off-C,Cut-Off-D,Cut-Off-E,Directory,Absentees,Malpractices,Detentions,NA,appeared
20120360,18.26,26,45.00,D,NOV_DEC,2015,BACK,EC1305,4.0,SIGNALS & SYSTEM,82.000000,72.000000,63.000000,53.000000,44.000000,35.000000,NOV_DEC_2015,0,0,0,0,0
20130455,25.45,24.5,50.00,D,NOV_DEC,2015,BACK,EC1305,4.0,SIGNALS & SYSTEM,82.000000,72.000000,63.000000,53.000000,44.000000,35.000000,NOV_DEC_2015,0,0,0,0,0
20130555,20.95,AB,0.00,I,NOV_DEC,2015,BACK,EC1305,4.0,SIGNALS & SYSTEM,82.000000,72.000000,63.000000,53.000000,44.000000,35.000000,NOV_DEC_2015,0,0,0,0,0
20120233,6.60,AB,0.00,I,NOV_DEC,2015,BACK,EC1305,4.0,SIGNALS & SYSTEM,82.000000,72.000000,63.000000,53.000000,44.000000,35.000000,NOV_DEC_2015,0,0,0,0,0
20120312,18.82,AB,0.00,I,NOV_DEC,2015,BACK,EC1305,4.0,SIGNALS & SYSTEM,82.000000,72.000000,63.000000,53.000000,44.000000,35.000000,NOV_DEC_2015,0,0,0,0,0
20120553,8.10,35.00,44.00,D,NOV_DEC,2015,BACK,EC1305,4.0,SIGNALS & SYSTEM,82.000000,72.000000,63.000000,53.000000,44.000000,35.000000,NOV_DEC_2015,0,0,0,0,0
