Reg_No,Internal,External,Total,Grade,Time,Year,Type,Code,Credit,Title,Cut-Off-S,Cut-Off-A,Cut-Off-B,Cut-Off-C,Cut-Off-D,Cut-Off-E,Directory,Absentees,Malpractices,Detentions,NA,appeared
Subject,Title,:,MATHEMATICS,I,NOV_DEC,2015,BACK,MA1104,4.0,MATHEMATICS I _CA1199_,80.000000,71.000000,62.000000,53.000000,44.000000,35.000000,NOV_DEC_2015,0,0,0,0,0
20121924,21.30,35.5,57.00,C,NOV_DEC,2015,BACK,MA1104,4.0,MATHEMATICS I _CA1199_,80.000000,71.000000,62.000000,53.000000,44.000000,35.000000,NOV_DEC_2015,0,0,0,0,0
201316006,18.80,24.5,44.00,D,NOV_DEC,2015,BACK,MA1104,4.0,MATHEMATICS I _CA1199_,80.000000,71.000000,62.000000,53.000000,44.000000,35.000000,NOV_DEC_2015,0,0,0,0,0
201316013,12.00,AB,0.00,I,NOV_DEC,2015,BACK,MA1104,4.0,MATHEMATICS I _CA1199_,80.000000,71.000000,62.000000,53.000000,44.000000,35.000000,NOV_DEC_2015,0,0,0,0,0
201316027,16.40,09,26.00,F,NOV_DEC,2015,BACK,MA1104,4.0,MATHEMATICS I _CA1199_,80.000000,71.000000,62.000000,53.000000,44.000000,35.000000,NOV_DEC_2015,0,0,0,0,0
201316016,12.20,AB,0.00,I,NOV_DEC,2015,BACK,MA1104,4.0,MATHEMATICS I _CA1199_,80.000000,71.000000,62.000000,53.000000,44.000000,35.000000,NOV_DEC_2015,0,0,0,0,0
201416009,14.40,03,18.00,F,NOV_DEC,2015,BACK,MA1104,4.0,MATHEMATICS I _CA1199_,80.000000,71.000000,62.000000,53.000000,44.000000,35.000000,NOV_DEC_2015,0,0,0,0,0
