Reg_No,Internal,External,Total,Grade,Time,Year,Type,Code,Credit,Title,Cut-Off-S,Cut-Off-A,Cut-Off-B,Cut-Off-C,Cut-Off-D,Cut-Off-E,Directory,Absentees,Malpractices,Detentions,NA,appeared
Subject,Title,:,MATHEMATICS,I,NOV_DEC,2012,BACK,BCA101,4.0,MATHEMATICS I,87.000000,76.000000,66.000000,55.000000,45.000000,35.000000,NOV_DEC_2012,0,0,0,0,0
200716010,15.00,AB,0.00,I,NOV_DEC,2012,BACK,BCA101,4.0,MATHEMATICS I,87.000000,76.000000,66.000000,55.000000,45.000000,35.000000,NOV_DEC_2012,0,0,0,0,0
200716024,17.70,AB,0.00,I,NOV_DEC,2012,BACK,BCA101,4.0,MATHEMATICS I,87.000000,76.000000,66.000000,55.000000,45.000000,35.000000,NOV_DEC_2012,0,0,0,0,0
200816019,9.80,4.5,15.00,F,NOV_DEC,2012,BACK,BCA101,4.0,MATHEMATICS I,87.000000,76.000000,66.000000,55.000000,45.000000,35.000000,NOV_DEC_2012,0,0,0,0,0
200816049,20.60,AB,0.00,I,NOV_DEC,2012,BACK,BCA101,4.0,MATHEMATICS I,87.000000,76.000000,66.000000,55.000000,45.000000,35.000000,NOV_DEC_2012,0,0,0,0,0
200916009,9.80,AB,0.00,I,NOV_DEC,2012,BACK,BCA101,4.0,MATHEMATICS I,87.000000,76.000000,66.000000,55.000000,45.000000,35.000000,NOV_DEC_2012,0,0,0,0,0
200916032,15.40,AB,0.00,I,NOV_DEC,2012,BACK,BCA101,4.0,MATHEMATICS I,87.000000,76.000000,66.000000,55.000000,45.000000,35.000000,NOV_DEC_2012,0,0,0,0,0
201016005,12.20,05,18.00,F,NOV_DEC,2012,BACK,BCA101,4.0,MATHEMATICS I,87.000000,76.000000,66.000000,55.000000,45.000000,35.000000,NOV_DEC_2012,0,0,0,0,0
