Reg_No,Internal,External,Total,Grade,Time,Year,Type,Code,Credit,Title,Cut-Off-S,Cut-Off-A,Cut-Off-B,Cut-Off-C,Cut-Off-D,Cut-Off-E,Directory,Absentees,Malpractices,Detentions,NA,appeared
200918053,18.60,AB,0.00,I,NOV_DEC,2012,BACK,CE301,4.0,ENGINEERING MATHEMATICS III,85.000000,75.000000,65.000000,55.000000,45.000000,35.000000,NOV_DEC_2012,0,0,0,0,0
201018006,20.70,AB,0.00,I,NOV_DEC,2012,BACK,CE301,4.0,ENGINEERING MATHEMATICS III,85.000000,75.000000,65.000000,55.000000,45.000000,35.000000,NOV_DEC_2012,0,0,0,0,0
201018016,19.60,29,49.00,D,NOV_DEC,2012,BACK,CE301,4.0,ENGINEERING MATHEMATICS III,85.000000,75.000000,65.000000,55.000000,45.000000,35.000000,NOV_DEC_2012,0,0,0,0,0
201018018,15.10,25,41.00,E,NOV_DEC,2012,BACK,CE301,4.0,ENGINEERING MATHEMATICS III,85.000000,75.000000,65.000000,55.000000,45.000000,35.000000,NOV_DEC_2012,0,0,0,0,0
201018043,19.00,30,49.00,D,NOV_DEC,2012,BACK,CE301,4.0,ENGINEERING MATHEMATICS III,85.000000,75.000000,65.000000,55.000000,45.000000,35.000000,NOV_DEC_2012,0,0,0,0,0
201018049,15.10,31.5,47.00,D,NOV_DEC,2012,BACK,CE301,4.0,ENGINEERING MATHEMATICS III,85.000000,75.000000,65.000000,55.000000,45.000000,35.000000,NOV_DEC_2012,0,0,0,0,0
201118510,14.00,AB,0.00,I,NOV_DEC,2012,BACK,CE301,4.0,ENGINEERING MATHEMATICS III,85.000000,75.000000,65.000000,55.000000,45.000000,35.000000,NOV_DEC_2012,0,0,0,0,0
