Reg_No,Internal,External,Total,Grade,Time,Year,Type,Code,Credit,Title,Cut-Off-S,Cut-Off-A,Cut-Off-B,Cut-Off-C,Cut-Off-D,Cut-Off-E,Directory,Absentees,Malpractices,Detentions,NA,appeared
20110176,18.40,34.5,53.00,C,NOV_DEC,2012,BACK,COA102_COB202,4.0,MECHANICS OF SOLIDS,80.000000,71.000000,62.000000,53.000000,44.000000,35.000000,NOV_DEC_2012,0,0,0,0,0
20110354,18.90,16.5,36.00,E,NOV_DEC,2012,BACK,COA102_COB202,4.0,MECHANICS OF SOLIDS,80.000000,71.000000,62.000000,53.000000,44.000000,35.000000,NOV_DEC_2012,0,0,0,0,0
20110312,18.70,AB,0.00,I,NOV_DEC,2012,BACK,COA102_COB202,4.0,MECHANICS OF SOLIDS,80.000000,71.000000,62.000000,53.000000,44.000000,35.000000,NOV_DEC_2012,0,0,0,0,0
20110331,7.60,AB,0.00,I,NOV_DEC,2012,BACK,COA102_COB202,4.0,MECHANICS OF SOLIDS,80.000000,71.000000,62.000000,53.000000,44.000000,35.000000,NOV_DEC_2012,0,0,0,0,0
