Reg_No,Internal,External,Total,Grade,Time,Year,Type,Code,Credit,Title,Cut-Off-S,Cut-Off-A,Cut-Off-B,Cut-Off-C,Cut-Off-D,Cut-Off-E,Directory,Absentees,Malpractices,Detentions,NA,appeared
200515055,14.10,AB,0.00,I,NOV_DEC,2012,BACK,COA103_COB203,4.0,ENGINEERING PHYSICS,80.000000,71.000000,62.000000,53.000000,44.000000,35.000000,NOV_DEC_2012,0,0,0,0,0
200715055,16.65,AB,0.00,I,NOV_DEC,2012,BACK,COA103_COB203,4.0,ENGINEERING PHYSICS,80.000000,71.000000,62.000000,53.000000,44.000000,35.000000,NOV_DEC_2012,0,0,0,0,0
200713021,17.10,AB,0.00,I,NOV_DEC,2012,BACK,COA103_COB203,4.0,ENGINEERING PHYSICS,80.000000,71.000000,62.000000,53.000000,44.000000,35.000000,NOV_DEC_2012,0,0,0,0,0
200812128,32.30,AB,0.00,I,NOV_DEC,2012,BACK,COA103_COB203,4.0,ENGINEERING PHYSICS,80.000000,71.000000,62.000000,53.000000,44.000000,35.000000,NOV_DEC_2012,0,0,0,0,0
200812133,10.40,5.5,16.00,F,NOV_DEC,2012,BACK,COA103_COB203,4.0,ENGINEERING PHYSICS,80.000000,71.000000,62.000000,53.000000,44.000000,35.000000,NOV_DEC_2012,0,0,0,0,0
200918032,15.10,AB,0.00,I,NOV_DEC,2012,BACK,COA103_COB203,4.0,ENGINEERING PHYSICS,80.000000,71.000000,62.000000,53.000000,44.000000,35.000000,NOV_DEC_2012,0,0,0,0,0
200928004,16.60,22.5,40.00,E,NOV_DEC,2012,BACK,COA103_COB203,4.0,ENGINEERING PHYSICS,80.000000,71.000000,62.000000,53.000000,44.000000,35.000000,NOV_DEC_2012,0,0,0,0,0
200913018,20.20,23,44.00,D,NOV_DEC,2012,BACK,COA103_COB203,4.0,ENGINEERING PHYSICS,80.000000,71.000000,62.000000,53.000000,44.000000,35.000000,NOV_DEC_2012,0,0,0,0,0
200913058,13.35,27.25,41.00,E,NOV_DEC,2012,BACK,COA103_COB203,4.0,ENGINEERING PHYSICS,80.000000,71.000000,62.000000,53.000000,44.000000,35.000000,NOV_DEC_2012,0,0,0,0,0
