Reg_No,Internal,External,Total,Grade,Time,Year,Type,Code,Credit,Title,Cut-Off-S,Cut-Off-A,Cut-Off-B,Cut-Off-C,Cut-Off-D,Cut-Off-E,Directory,Absentees,Malpractices,Detentions,NA,appeared
200911041,22.90,AB,0.00,I,NOV_DEC,2012,BACK,CSE305_IT305,4.0,APPLIED ELECTRONICS,80.000000,71.000000,62.000000,53.000000,44.000000,35.000000,NOV_DEC_2012,0,0,0,0,0
201011017,11.60,AB,0.00,I,NOV_DEC,2012,BACK,CSE305_IT305,4.0,APPLIED ELECTRONICS,80.000000,71.000000,62.000000,53.000000,44.000000,35.000000,NOV_DEC_2012,0,0,0,0,0
200717401,20.60,AB,0.00,I,NOV_DEC,2012,BACK,CSE305_IT305,4.0,APPLIED ELECTRONICS,80.000000,71.000000,62.000000,53.000000,44.000000,35.000000,NOV_DEC_2012,0,0,0,0,0
200914060,33.00,11.75,45.00,D,NOV_DEC,2012,BACK,CSE305_IT305,4.0,APPLIED ELECTRONICS,80.000000,71.000000,62.000000,53.000000,44.000000,35.000000,NOV_DEC_2012,0,0,0,0,0
201014025,17.20,AB,0.00,I,NOV_DEC,2012,BACK,CSE305_IT305,4.0,APPLIED ELECTRONICS,80.000000,71.000000,62.000000,53.000000,44.000000,35.000000,NOV_DEC_2012,0,0,0,0,0
201014080,17.80,5.25,24.00,F,NOV_DEC,2012,BACK,CSE305_IT305,4.0,APPLIED ELECTRONICS,80.000000,71.000000,62.000000,53.000000,44.000000,35.000000,NOV_DEC_2012,0,0,0,0,0
