Reg_No,Internal,External,Total,Grade,Time,Year,Type,Code,Credit,Title,Cut-Off-S,Cut-Off-A,Cut-Off-B,Cut-Off-C,Cut-Off-D,Cut-Off-E,Directory,Absentees,Malpractices,Detentions,NA,appeared
200611501,12.20,AB,0.00,I,NOV_DEC,2012,BACK,CSE501,4.0,ENGINEERING MATHEMATICS V,87.000000,76.000000,66.000000,55.000000,45.000000,35.000000,NOV_DEC_2012,0,0,0,0,0
200711114,22.30,13,36.00,E,NOV_DEC,2012,BACK,CSE501,4.0,ENGINEERING MATHEMATICS V,87.000000,76.000000,66.000000,55.000000,45.000000,35.000000,NOV_DEC_2012,0,0,0,0,0
200811004,8.00,AB,0.00,I,NOV_DEC,2012,BACK,CSE501,4.0,ENGINEERING MATHEMATICS V,87.000000,76.000000,66.000000,55.000000,45.000000,35.000000,NOV_DEC_2012,0,0,0,0,0
200811040,21.10,10.5,32.00,F,NOV_DEC,2012,BACK,CSE501,4.0,ENGINEERING MATHEMATICS V,87.000000,76.000000,66.000000,55.000000,45.000000,35.000000,NOV_DEC_2012,0,0,0,0,0
200911051,13.60,AB,0.00,I,NOV_DEC,2012,BACK,CSE501,4.0,ENGINEERING MATHEMATICS V,87.000000,76.000000,66.000000,55.000000,45.000000,35.000000,NOV_DEC_2012,0,0,0,0,0
200911106,15.50,07,23.00,F,NOV_DEC,2012,BACK,CSE501,4.0,ENGINEERING MATHEMATICS V,87.000000,76.000000,66.000000,55.000000,45.000000,35.000000,NOV_DEC_2012,0,0,0,0,0
200911111,23.40,23,47.00,D,NOV_DEC,2012,BACK,CSE501,4.0,ENGINEERING MATHEMATICS V,87.000000,76.000000,66.000000,55.000000,45.000000,35.000000,NOV_DEC_2012,0,0,0,0,0
