Reg_No,Internal,External,Total,Grade,Time,Year,Type,Code,Credit,Title,Cut-Off-S,Cut-Off-A,Cut-Off-B,Cut-Off-C,Cut-Off-D,Cut-Off-E,Directory,Absentees,Malpractices,Detentions,NA,appeared
200611501,7.00,AB,0.00,I,NOV_DEC,2012,BACK,CSE705,4.0,OPTMIZATION TECHNIQUES,82.000000,73.000000,63.000000,54.000000,44.000000,35.000000,NOV_DEC_2012,0,0,0,0,0
200611040,13.70,AB,0.00,I,NOV_DEC,2012,BACK,CSE705,4.0,OPTMIZATION TECHNIQUES,82.000000,73.000000,63.000000,54.000000,44.000000,35.000000,NOV_DEC_2012,0,0,0,0,0
200711114,11.30,30,42.00,E,NOV_DEC,2012,BACK,CSE705,4.0,OPTMIZATION TECHNIQUES,82.000000,73.000000,63.000000,54.000000,44.000000,35.000000,NOV_DEC_2012,0,0,0,0,0
200811004,8.60,AB,0.00,I,NOV_DEC,2012,BACK,CSE705,4.0,OPTMIZATION TECHNIQUES,82.000000,73.000000,63.000000,54.000000,44.000000,35.000000,NOV_DEC_2012,0,0,0,0,0
