Reg_No,Internal,External,Total,Grade,Time,Year,Type,Code,Credit,Title,Cut-Off-S,Cut-Off-A,Cut-Off-B,Cut-Off-C,Cut-Off-D,Cut-Off-E,Directory,Absentees,Malpractices,Detentions,NA,appeared
200612060,18.39,22,41.00,E,NOV_DEC,2012,BACK,EC506,3.0,OBJECT ORIENTED PROGRAMMING,90.000000,79.000000,68.000000,57.000000,46.000000,35.000000,NOV_DEC_2012,0,0,0,0,0
200712502,8.10,05,14.00,F,NOV_DEC,2012,BACK,EC506,3.0,OBJECT ORIENTED PROGRAMMING,90.000000,79.000000,68.000000,57.000000,46.000000,35.000000,NOV_DEC_2012,0,0,0,0,0
200912016,18.50,3.5,22.00,F,NOV_DEC,2012,BACK,EC506,3.0,OBJECT ORIENTED PROGRAMMING,90.000000,79.000000,68.000000,57.000000,46.000000,35.000000,NOV_DEC_2012,0,0,0,0,0
200912053,17.50,AB,0.00,I,NOV_DEC,2012,BACK,EC506,3.0,OBJECT ORIENTED PROGRAMMING,90.000000,79.000000,68.000000,57.000000,46.000000,35.000000,NOV_DEC_2012,0,0,0,0,0
