Reg_No,Internal,External,Total,Grade,Time,Year,Type,Code,Credit,Title,Cut-Off-S,Cut-Off-A,Cut-Off-B,Cut-Off-C,Cut-Off-D,Cut-Off-E,Directory,Absentees,Malpractices,Detentions,NA,appeared
200712502,14.10,02,17.00,F,NOV_DEC,2012,BACK,EC505,4.0,NETWORK ANALYSIS,80.000000,71.000000,62.000000,53.000000,44.000000,35.000000,NOV_DEC_2012,0,0,0,0,0
200912016,21.30,AB,0.00,I,NOV_DEC,2012,BACK,EC505,4.0,NETWORK ANALYSIS,80.000000,71.000000,62.000000,53.000000,44.000000,35.000000,NOV_DEC_2012,0,0,0,0,0
200912053,20.95,AB,0.00,I,NOV_DEC,2012,BACK,EC505,4.0,NETWORK ANALYSIS,80.000000,71.000000,62.000000,53.000000,44.000000,35.000000,NOV_DEC_2012,0,0,0,0,0
200912096,18.95,20.5,40.00,E,NOV_DEC,2012,BACK,EC505,4.0,NETWORK ANALYSIS,80.000000,71.000000,62.000000,53.000000,44.000000,35.000000,NOV_DEC_2012,0,0,0,0,0
