Reg_No,Internal,External,Total,Grade,Time,Year,Type,Code,Credit,Title,Cut-Off-S,Cut-Off-A,Cut-Off-B,Cut-Off-C,Cut-Off-D,Cut-Off-E,Directory,Absentees,Malpractices,Detentions,NA,appeared
200928020,16.00,AB,0.00,I,NOV_DEC,2012,BACK,IE301,4.0,ENGINEERING MATHEMATICS III,81.000000,72.000000,62.000000,53.000000,44.000000,35.000000,NOV_DEC_2012,0,0,0,0,0
200928039,15.10,19.5,35.00,E,NOV_DEC,2012,BACK,IE301,4.0,ENGINEERING MATHEMATICS III,81.000000,72.000000,62.000000,53.000000,44.000000,35.000000,NOV_DEC_2012,0,0,0,0,0
200928055,20.00,10,30.00,F,NOV_DEC,2012,BACK,IE301,4.0,ENGINEERING MATHEMATICS III,81.000000,72.000000,62.000000,53.000000,44.000000,35.000000,NOV_DEC_2012,0,0,0,0,0
200928060,18.80,AB,0.00,I,NOV_DEC,2012,BACK,IE301,4.0,ENGINEERING MATHEMATICS III,81.000000,72.000000,62.000000,53.000000,44.000000,35.000000,NOV_DEC_2012,0,0,0,0,0
