Reg_No,Internal,External,Total,Grade,Time,Year,Type,Code,Credit,Title,Cut-Off-S,Cut-Off-A,Cut-Off-B,Cut-Off-C,Cut-Off-D,Cut-Off-E,Directory,Absentees,Malpractices,Detentions,NA,appeared
200514049,9.20,AB,0.00,I,NOV_DEC,2012,BACK,IT301,4.0,ENGNIREERING MATHEMATICS III,80.000000,71.000000,62.000000,53.000000,44.000000,35.000000,NOV_DEC_2012,0,0,0,0,0
200614021,16.70,AB,0.00,I,NOV_DEC,2012,BACK,IT301,4.0,ENGNIREERING MATHEMATICS III,80.000000,71.000000,62.000000,53.000000,44.000000,35.000000,NOV_DEC_2012,0,0,0,0,0
200717401,14.80,AB,0.00,I,NOV_DEC,2012,BACK,IT301,4.0,ENGNIREERING MATHEMATICS III,80.000000,71.000000,62.000000,53.000000,44.000000,35.000000,NOV_DEC_2012,0,0,0,0,0
200914023,15.80,4.5,21.00,F,NOV_DEC,2012,BACK,IT301,4.0,ENGNIREERING MATHEMATICS III,80.000000,71.000000,62.000000,53.000000,44.000000,35.000000,NOV_DEC_2012,0,0,0,0,0
200914068,21.30,7.5,29.00,F,NOV_DEC,2012,BACK,IT301,4.0,ENGNIREERING MATHEMATICS III,80.000000,71.000000,62.000000,53.000000,44.000000,35.000000,NOV_DEC_2012,0,0,0,0,0
