Reg_No,Internal,External,Total,Grade,Time,Year,Type,Code,Credit,Title,Cut-Off-S,Cut-Off-A,Cut-Off-B,Cut-Off-C,Cut-Off-D,Cut-Off-E,Directory,Absentees,Malpractices,Detentions,NA,appeared
200715005,11.65,AB,0.00,I,NOV_DEC,2012,BACK,ME304,4.0,THEORY OF MACHINES I,84.000000,74.000000,65.000000,55.000000,45.000000,35.000000,NOV_DEC_2012,0,0,0,0,0
200915504,21.30,AB,0.00,I,NOV_DEC,2012,BACK,ME304,4.0,THEORY OF MACHINES I,84.000000,74.000000,65.000000,55.000000,45.000000,35.000000,NOV_DEC_2012,0,0,0,0,0
200915059,18.60,1.5,21.00,F,NOV_DEC,2012,BACK,ME304,4.0,THEORY OF MACHINES I,84.000000,74.000000,65.000000,55.000000,45.000000,35.000000,NOV_DEC_2012,0,0,0,0,0
200915015,18.80,02,21.00,F,NOV_DEC,2012,BACK,ME304,4.0,THEORY OF MACHINES I,84.000000,74.000000,65.000000,55.000000,45.000000,35.000000,NOV_DEC_2012,0,0,0,0,0
201015018,16.60,AB,0.00,I,NOV_DEC,2012,BACK,ME304,4.0,THEORY OF MACHINES I,84.000000,74.000000,65.000000,55.000000,45.000000,35.000000,NOV_DEC_2012,0,0,0,0,0
