Reg_No,Internal,External,Total,Grade,Time,Year,Type,Code,Credit,Title,Cut-Off-S,Cut-Off-A,Cut-Off-B,Cut-Off-C,Cut-Off-D,Cut-Off-E,Directory,Absentees,Malpractices,Detentions,NA,appeared
200515055,23.90,AB,0.00,I,NOV_DEC,2012,BACK,ME301,4.0,ENGINEERING MATHEMATICS III,80.000000,71.000000,62.000000,53.000000,44.000000,35.000000,NOV_DEC_2012,0,0,0,0,0
200715055,11.90,11.5,24.00,F,NOV_DEC,2012,BACK,ME301,4.0,ENGINEERING MATHEMATICS III,80.000000,71.000000,62.000000,53.000000,44.000000,35.000000,NOV_DEC_2012,0,0,0,0,0
200915504,21.60,AB,0.00,I,NOV_DEC,2012,BACK,ME301,4.0,ENGINEERING MATHEMATICS III,80.000000,71.000000,62.000000,53.000000,44.000000,35.000000,NOV_DEC_2012,0,0,0,0,0
200915054,22.30,13.5,36.00,E,NOV_DEC,2012,BACK,ME301,4.0,ENGINEERING MATHEMATICS III,80.000000,71.000000,62.000000,53.000000,44.000000,35.000000,NOV_DEC_2012,0,0,0,0,0
201015018,17.40,AB,0.00,I,NOV_DEC,2012,BACK,ME301,4.0,ENGINEERING MATHEMATICS III,80.000000,71.000000,62.000000,53.000000,44.000000,35.000000,NOV_DEC_2012,0,0,0,0,0
201015057,13.60,10,24.00,F,NOV_DEC,2012,BACK,ME301,4.0,ENGINEERING MATHEMATICS III,80.000000,71.000000,62.000000,53.000000,44.000000,35.000000,NOV_DEC_2012,0,0,0,0,0
201015058,12.50,02,15.00,F,NOV_DEC,2012,BACK,ME301,4.0,ENGINEERING MATHEMATICS III,80.000000,71.000000,62.000000,53.000000,44.000000,35.000000,NOV_DEC_2012,0,0,0,0,0
