Reg_No,Internal,External,Total,Grade,Time,Year,Type,Code,Credit,Title,Cut-Off-S,Cut-Off-A,Cut-Off-B,Cut-Off-C,Cut-Off-D,Cut-Off-E,Directory,Absentees,Malpractices,Detentions,NA,appeared
201123013,21.40,AB,0.00,I,NOV_DEC,2012,BACK,MGT102,4.0,QUANTITATIVE METHODS IN MANAGEMENT,87.000000,76.000000,66.000000,55.000000,45.000000,35.000000,NOV_DEC_2012,0,0,0,0,0
201123027,19.80,23.5,44.00,E,NOV_DEC,2012,BACK,MGT102,4.0,QUANTITATIVE METHODS IN MANAGEMENT,87.000000,76.000000,66.000000,55.000000,45.000000,35.000000,NOV_DEC_2012,0,0,0,0,0
201123034,16.00,25,41.00,E,NOV_DEC,2012,BACK,MGT102,4.0,QUANTITATIVE METHODS IN MANAGEMENT,87.000000,76.000000,66.000000,55.000000,45.000000,35.000000,NOV_DEC_2012,0,0,0,0,0
201123056,19.90,23.5,44.00,E,NOV_DEC,2012,BACK,MGT102,4.0,QUANTITATIVE METHODS IN MANAGEMENT,87.000000,76.000000,66.000000,55.000000,45.000000,35.000000,NOV_DEC_2012,0,0,0,0,0
201123060,12.10,24,37.00,E,NOV_DEC,2012,BACK,MGT102,4.0,QUANTITATIVE METHODS IN MANAGEMENT,87.000000,76.000000,66.000000,55.000000,45.000000,35.000000,NOV_DEC_2012,0,0,0,0,0
