Reg_No,Internal,External,Total,Grade,Time,Year,Type,Code,Credit,Title,Cut-Off-S,Cut-Off-A,Cut-Off-B,Cut-Off-C,Cut-Off-D,Cut-Off-E,Directory,Absentees,Malpractices,Detentions,NA,appeared
20110536,16.75,28,45.00,D,JULY_AUG,2016,EXTRA,BA1106,3.0,COMMUNICATION SKILLS _8 9 10 11 12 13 14 15_,80.000000,71.000000,62.000000,53.000000,44.000000,35.000000,JULY_AUG_2016,0,0,0,0,0
20130267,16.25,AB,0.00,I,JULY_AUG,2016,EXTRA,BA1106,3.0,COMMUNICATION SKILLS _8 9 10 11 12 13 14 15_,80.000000,71.000000,62.000000,53.000000,44.000000,35.000000,JULY_AUG_2016,0,0,0,0,0
20140518,16.25,32,49.00,D,JULY_AUG,2016,EXTRA,BA1106,3.0,COMMUNICATION SKILLS _8 9 10 11 12 13 14 15_,80.000000,71.000000,62.000000,53.000000,44.000000,35.000000,JULY_AUG_2016,0,0,0,0,0
20140655,11.80,26,38.00,E,JULY_AUG,2016,EXTRA,BA1106,3.0,COMMUNICATION SKILLS _8 9 10 11 12 13 14 15_,80.000000,71.000000,62.000000,53.000000,44.000000,35.000000,JULY_AUG_2016,0,0,0,0,0
20140693,14.65,AB,0.00,I,JULY_AUG,2016,EXTRA,BA1106,3.0,COMMUNICATION SKILLS _8 9 10 11 12 13 14 15_,80.000000,71.000000,62.000000,53.000000,44.000000,35.000000,JULY_AUG_2016,0,0,0,0,0
201500024,30.00,25.5,56.00,C,JULY_AUG,2016,EXTRA,BA1106,3.0,COMMUNICATION SKILLS _8 9 10 11 12 13 14 15_,80.000000,71.000000,62.000000,53.000000,44.000000,35.000000,JULY_AUG_2016,0,0,0,0,0
201500211,28.80,31,60.00,C,JULY_AUG,2016,EXTRA,BA1106,3.0,COMMUNICATION SKILLS _8 9 10 11 12 13 14 15_,80.000000,71.000000,62.000000,53.000000,44.000000,35.000000,JULY_AUG_2016,0,0,0,0,0
201500263,15.38,22,38.00,E,JULY_AUG,2016,EXTRA,BA1106,3.0,COMMUNICATION SKILLS _8 9 10 11 12 13 14 15_,80.000000,71.000000,62.000000,53.000000,44.000000,35.000000,JULY_AUG_2016,0,0,0,0,0
201500422,14.10,27.25,42.00,E,JULY_AUG,2016,EXTRA,BA1106,3.0,COMMUNICATION SKILLS _8 9 10 11 12 13 14 15_,80.000000,71.000000,62.000000,53.000000,44.000000,35.000000,JULY_AUG_2016,0,0,0,0,0
