Reg_No,Internal,External,Total,Grade,Time,Year,Type,Code,Credit,Title,Cut-Off-S,Cut-Off-A,Cut-Off-B,Cut-Off-C,Cut-Off-D,Cut-Off-E,Directory,Absentees,Malpractices,Detentions,NA,appeared
201319028,19.60,7.5,28.00,F,JULY_AUG,2016,EXTRA,BA1203,4.0,ORGANIZATION BEHAVIOUR _13 14 15_,80.000000,71.000000,62.000000,53.000000,44.000000,35.000000,JULY_AUG_2016,0,0,0,0,0
201419004,14.10,22.5,37.00,E,JULY_AUG,2016,EXTRA,BA1203,4.0,ORGANIZATION BEHAVIOUR _13 14 15_,80.000000,71.000000,62.000000,53.000000,44.000000,35.000000,JULY_AUG_2016,0,0,0,0,0
201419011,14.70,24,39.00,E,JULY_AUG,2016,EXTRA,BA1203,4.0,ORGANIZATION BEHAVIOUR _13 14 15_,80.000000,71.000000,62.000000,53.000000,44.000000,35.000000,JULY_AUG_2016,0,0,0,0,0
201419014,14.30,23,38.00,E,JULY_AUG,2016,EXTRA,BA1203,4.0,ORGANIZATION BEHAVIOUR _13 14 15_,80.000000,71.000000,62.000000,53.000000,44.000000,35.000000,JULY_AUG_2016,0,0,0,0,0
201519015,17.60,38,56.00,C,JULY_AUG,2016,EXTRA,BA1203,4.0,ORGANIZATION BEHAVIOUR _13 14 15_,80.000000,71.000000,62.000000,53.000000,44.000000,35.000000,JULY_AUG_2016,0,0,0,0,0
201519044,12.40,31.5,44.00,D,JULY_AUG,2016,EXTRA,BA1203,4.0,ORGANIZATION BEHAVIOUR _13 14 15_,80.000000,71.000000,62.000000,53.000000,44.000000,35.000000,JULY_AUG_2016,0,0,0,0,0
201419017,12.50,AB,0.00,I,JULY_AUG,2016,EXTRA,BA1203,4.0,ORGANIZATION BEHAVIOUR _13 14 15_,80.000000,71.000000,62.000000,53.000000,44.000000,35.000000,JULY_AUG_2016,0,0,0,0,0
