Reg_No,Internal,External,Total,Grade,Time,Year,Type,Code,Credit,Title,Cut-Off-S,Cut-Off-A,Cut-Off-B,Cut-Off-C,Cut-Off-D,Cut-Off-E,Directory,Absentees,Malpractices,Detentions,NA,appeared
201319028,17.75,18,36.00,E,JULY_AUG,2016,EXTRA,BA1201,4.0,HUMAN RESOURCE MANAGEMENT _9 10 11 12 13 14 15_,80.000000,71.000000,62.000000,53.000000,44.000000,35.000000,JULY_AUG_2016,0,0,0,0,0
201419011,16.30,20,37.00,E,JULY_AUG,2016,EXTRA,BA1201,4.0,HUMAN RESOURCE MANAGEMENT _9 10 11 12 13 14 15_,80.000000,71.000000,62.000000,53.000000,44.000000,35.000000,JULY_AUG_2016,0,0,0,0,0
201519015,16.40,24,41.00,E,JULY_AUG,2016,EXTRA,BA1201,4.0,HUMAN RESOURCE MANAGEMENT _9 10 11 12 13 14 15_,80.000000,71.000000,62.000000,53.000000,44.000000,35.000000,JULY_AUG_2016,0,0,0,0,0
201519044,16.35,20,37.00,E,JULY_AUG,2016,EXTRA,BA1201,4.0,HUMAN RESOURCE MANAGEMENT _9 10 11 12 13 14 15_,80.000000,71.000000,62.000000,53.000000,44.000000,35.000000,JULY_AUG_2016,0,0,0,0,0
