Reg_No,Internal,External,Total,Grade,Time,Year,Type,Code,Credit,Title,Cut-Off-S,Cut-Off-A,Cut-Off-B,Cut-Off-C,Cut-Off-D,Cut-Off-E,Directory,Absentees,Malpractices,Detentions,NA,appeared
201319013,16.91,31.5,49.00,D,JULY_AUG,2016,EXTRA,BA1304,4.0,ACCOUNTING FOR MANAGEMENT _10 11 12 13 14_,80.000000,71.000000,62.000000,53.000000,44.000000,35.000000,JULY_AUG_2016,0,0,0,0,0
201319014,16.81,32.5,50.00,D,JULY_AUG,2016,EXTRA,BA1304,4.0,ACCOUNTING FOR MANAGEMENT _10 11 12 13 14_,80.000000,71.000000,62.000000,53.000000,44.000000,35.000000,JULY_AUG_2016,0,0,0,0,0
201319021,16.30,25.5,42.00,E,JULY_AUG,2016,EXTRA,BA1304,4.0,ACCOUNTING FOR MANAGEMENT _10 11 12 13 14_,80.000000,71.000000,62.000000,53.000000,44.000000,35.000000,JULY_AUG_2016,0,0,0,0,0
201319025,15.75,27.5,44.00,D,JULY_AUG,2016,EXTRA,BA1304,4.0,ACCOUNTING FOR MANAGEMENT _10 11 12 13 14_,80.000000,71.000000,62.000000,53.000000,44.000000,35.000000,JULY_AUG_2016,0,0,0,0,0
201319027,12.00,23,35.00,E,JULY_AUG,2016,EXTRA,BA1304,4.0,ACCOUNTING FOR MANAGEMENT _10 11 12 13 14_,80.000000,71.000000,62.000000,53.000000,44.000000,35.000000,JULY_AUG_2016,0,0,0,0,0
