Reg_No,Internal,External,Total,Grade,Time,Year,Type,Code,Credit,Title,Cut-Off-S,Cut-Off-A,Cut-Off-B,Cut-Off-C,Cut-Off-D,Cut-Off-E,Directory,Absentees,Malpractices,Detentions,NA,appeared
20122406,30.50,20,51.00,D,JULY_AUG,2016,EXTRA,BA1406,4.0,PROJECT MANAGEMENT _11 12 13 14_,82.000000,73.000000,63.000000,54.000000,44.000000,35.000000,JULY_AUG_2016,0,0,0,0,0
201419011,11.85,3.5,16.00,F,JULY_AUG,2016,EXTRA,BA1406,4.0,PROJECT MANAGEMENT _11 12 13 14_,82.000000,73.000000,63.000000,54.000000,44.000000,35.000000,JULY_AUG_2016,0,0,0,0,0
201319033,13.83,27,41.00,E,JULY_AUG,2016,EXTRA,BA1406,4.0,PROJECT MANAGEMENT _11 12 13 14_,82.000000,73.000000,63.000000,54.000000,44.000000,35.000000,JULY_AUG_2016,0,0,0,0,0
201319021,30.45,22.5,53.00,D,JULY_AUG,2016,EXTRA,BA1406,4.0,PROJECT MANAGEMENT _11 12 13 14_,82.000000,73.000000,63.000000,54.000000,44.000000,35.000000,JULY_AUG_2016,0,0,0,0,0
201319027,25.00,23,48.00,D,JULY_AUG,2016,EXTRA,BA1406,4.0,PROJECT MANAGEMENT _11 12 13 14_,82.000000,73.000000,63.000000,54.000000,44.000000,35.000000,JULY_AUG_2016,0,0,0,0,0
