Reg_No,Internal,External,Total,Grade,Time,Year,Type,Code,Credit,Title,Cut-Off-S,Cut-Off-A,Cut-Off-B,Cut-Off-C,Cut-Off-D,Cut-Off-E,Directory,Absentees,Malpractices,Detentions,NA,appeared
201419004,16.30,7,24.00,F,JULY_AUG,2016,EXTRA,BA1403,4.0,MARKETING OF SERVICES _10 11 12 13 14_,80.000000,71.000000,62.000000,53.000000,44.000000,35.000000,JULY_AUG_2016,0,0,0,0,0
201419011,14.10,21,36.00,E,JULY_AUG,2016,EXTRA,BA1403,4.0,MARKETING OF SERVICES _10 11 12 13 14_,80.000000,71.000000,62.000000,53.000000,44.000000,35.000000,JULY_AUG_2016,0,0,0,0,0
201419014,15.40,3.5,19.00,F,JULY_AUG,2016,EXTRA,BA1403,4.0,MARKETING OF SERVICES _10 11 12 13 14_,80.000000,71.000000,62.000000,53.000000,44.000000,35.000000,JULY_AUG_2016,0,0,0,0,0
201419019,4.80,23,28.00,F,JULY_AUG,2016,EXTRA,BA1403,4.0,MARKETING OF SERVICES _10 11 12 13 14_,80.000000,71.000000,62.000000,53.000000,44.000000,35.000000,JULY_AUG_2016,0,0,0,0,0
20122425,13.40,22.5,36.00,E,JULY_AUG,2016,EXTRA,BA1403,4.0,MARKETING OF SERVICES _10 11 12 13 14_,80.000000,71.000000,62.000000,53.000000,44.000000,35.000000,JULY_AUG_2016,0,0,0,0,0
