Reg_No,Internal,External,Total,Grade,Time,Year,Type,Code,Credit,Title,Cut-Off-S,Cut-Off-A,Cut-Off-B,Cut-Off-C,Cut-Off-D,Cut-Off-E,Directory,Absentees,Malpractices,Detentions,NA,appeared
20122406,41.00,24,65.00,C,JULY_AUG,2016,EXTRA,BA1571_BBA503,4.0,PROJECT PRESENTATION & SEMINAR,90.000000,80.000000,70.000000,60.000000,50.000000,40.000000,JULY_AUG_2016,0,0,0,0,0
20122425,37.00,25,62.00,C,JULY_AUG,2016,EXTRA,BA1571_BBA503,4.0,PROJECT PRESENTATION & SEMINAR,90.000000,80.000000,70.000000,60.000000,50.000000,40.000000,JULY_AUG_2016,0,0,0,0,0
20122433,37.00,23,60.00,C,JULY_AUG,2016,EXTRA,BA1571_BBA503,4.0,PROJECT PRESENTATION & SEMINAR,90.000000,80.000000,70.000000,60.000000,50.000000,40.000000,JULY_AUG_2016,0,0,0,0,0
201119001,40.00,22,62.00,C,JULY_AUG,2016,EXTRA,BA1571_BBA503,4.0,PROJECT PRESENTATION & SEMINAR,90.000000,80.000000,70.000000,60.000000,50.000000,40.000000,JULY_AUG_2016,0,0,0,0,0
201319005,37.00,27,64.00,C,JULY_AUG,2016,EXTRA,BA1571_BBA503,4.0,PROJECT PRESENTATION & SEMINAR,90.000000,80.000000,70.000000,60.000000,50.000000,40.000000,JULY_AUG_2016,0,0,0,0,0
201319015,38.00,28,66.00,C,JULY_AUG,2016,EXTRA,BA1571_BBA503,4.0,PROJECT PRESENTATION & SEMINAR,90.000000,80.000000,70.000000,60.000000,50.000000,40.000000,JULY_AUG_2016,0,0,0,0,0
201319033,36.00,26,62.00,C,JULY_AUG,2016,EXTRA,BA1571_BBA503,4.0,PROJECT PRESENTATION & SEMINAR,90.000000,80.000000,70.000000,60.000000,50.000000,40.000000,JULY_AUG_2016,0,0,0,0,0
