Reg_No,Internal,External,Total,Grade,Time,Year,Type,Code,Credit,Title,Cut-Off-S,Cut-Off-A,Cut-Off-B,Cut-Off-C,Cut-Off-D,Cut-Off-E,Directory,Absentees,Malpractices,Detentions,NA,appeared
20122411,17.70,22.5,41.00,E,JULY_AUG,2016,EXTRA,BA1603,3.0,INDUSTRIAL MARKETING _10 11 12 13_,80.000000,71.000000,62.000000,53.000000,44.000000,35.000000,JULY_AUG_2016,0,0,0,0,0
20122425,14.00,25,39.00,E,JULY_AUG,2016,EXTRA,BA1603,3.0,INDUSTRIAL MARKETING _10 11 12 13_,80.000000,71.000000,62.000000,53.000000,44.000000,35.000000,JULY_AUG_2016,0,0,0,0,0
201319027,24.50,21.5,46.00,D,JULY_AUG,2016,EXTRA,BA1603,3.0,INDUSTRIAL MARKETING _10 11 12 13_,80.000000,71.000000,62.000000,53.000000,44.000000,35.000000,JULY_AUG_2016,0,0,0,0,0
201319033,26.25,20,47.00,D,JULY_AUG,2016,EXTRA,BA1603,3.0,INDUSTRIAL MARKETING _10 11 12 13_,80.000000,71.000000,62.000000,53.000000,44.000000,35.000000,JULY_AUG_2016,0,0,0,0,0
