Reg_No,Internal,External,Total,Grade,Time,Year,Type,Code,Credit,Title,Cut-Off-S,Cut-Off-A,Cut-Off-B,Cut-Off-C,Cut-Off-D,Cut-Off-E,Directory,Absentees,Malpractices,Detentions,NA,appeared
201423018,12.00,27.5,40.00,E,JULY_AUG,2016,EXTRA,BA2202,4.0,FINANCIAL MANAGEMENT _12 13 14 15_,82.000000,73.000000,63.000000,54.000000,44.000000,35.000000,JULY_AUG_2016,0,0,0,0,0
201523006,14.00,22.5,37.00,E,JULY_AUG,2016,EXTRA,BA2202,4.0,FINANCIAL MANAGEMENT _12 13 14 15_,82.000000,73.000000,63.000000,54.000000,44.000000,35.000000,JULY_AUG_2016,0,0,0,0,0
201523020,12.20,34,47.00,D,JULY_AUG,2016,EXTRA,BA2202,4.0,FINANCIAL MANAGEMENT _12 13 14 15_,82.000000,73.000000,63.000000,54.000000,44.000000,35.000000,JULY_AUG_2016,0,0,0,0,0
201523029,9.60,MP,00.00,MP,JULY_AUG,2016,EXTRA,BA2202,4.0,FINANCIAL MANAGEMENT _12 13 14 15_,82.000000,73.000000,63.000000,54.000000,44.000000,35.000000,JULY_AUG_2016,0,0,0,0,0
20121263,15.31,25.5,41.00,E,JULY_AUG,2016,EXTRA,BA2202,4.0,FINANCIAL MANAGEMENT _12 13 14 15_,82.000000,73.000000,63.000000,54.000000,44.000000,35.000000,JULY_AUG_2016,0,0,0,0,0
