Reg_No,Internal,External,Total,Grade,Time,Year,Type,Code,Credit,Title,Cut-Off-S,Cut-Off-A,Cut-Off-B,Cut-Off-C,Cut-Off-D,Cut-Off-E,Directory,Absentees,Malpractices,Detentions,NA,appeared
201316003,23.70,28,52.00,D,JULY_AUG,2016,EXTRA,BCA605,3.0,ADVANCE JAVA _ELECTIVE II__12 13_,80.000000,71.000000,62.000000,53.000000,44.000000,35.000000,JULY_AUG_2016,0,0,0,0,0
201316005,12.90,26,39.00,E,JULY_AUG,2016,EXTRA,BCA605,3.0,ADVANCE JAVA _ELECTIVE II__12 13_,80.000000,71.000000,62.000000,53.000000,44.000000,35.000000,JULY_AUG_2016,0,0,0,0,0
201316012,17.45,18,36.00,E,JULY_AUG,2016,EXTRA,BCA605,3.0,ADVANCE JAVA _ELECTIVE II__12 13_,80.000000,71.000000,62.000000,53.000000,44.000000,35.000000,JULY_AUG_2016,0,0,0,0,0
201316021,13.60,23.5,38.00,E,JULY_AUG,2016,EXTRA,BCA605,3.0,ADVANCE JAVA _ELECTIVE II__12 13_,80.000000,71.000000,62.000000,53.000000,44.000000,35.000000,JULY_AUG_2016,0,0,0,0,0
201316022,11.80,24.5,37.00,E,JULY_AUG,2016,EXTRA,BCA605,3.0,ADVANCE JAVA _ELECTIVE II__12 13_,80.000000,71.000000,62.000000,53.000000,44.000000,35.000000,JULY_AUG_2016,0,0,0,0,0
201316001,37.00,26.5,64.00,B,JULY_AUG,2016,EXTRA,BCA605,3.0,ADVANCE JAVA _ELECTIVE II__12 13_,80.000000,71.000000,62.000000,53.000000,44.000000,35.000000,JULY_AUG_2016,0,0,0,0,0
