Reg_No,Internal,External,Total,Grade,Time,Year,Type,Code,Credit,Title,Cut-Off-S,Cut-Off-A,Cut-Off-B,Cut-Off-C,Cut-Off-D,Cut-Off-E,Directory,Absentees,Malpractices,Detentions,NA,appeared
201416006,18.15,AB,0.00,I,JULY_AUG,2016,EXTRA,CA1205,4.0,PRINCIPLES OF PROGRAMMING LANGUAGE _10 11 12 13 14 15_,80.000000,71.000000,62.000000,53.000000,44.000000,35.000000,JULY_AUG_2016,0,0,0,0,0
201516004,12.60,7.5,21.00,F,JULY_AUG,2016,EXTRA,CA1205,4.0,PRINCIPLES OF PROGRAMMING LANGUAGE _10 11 12 13 14 15_,80.000000,71.000000,62.000000,53.000000,44.000000,35.000000,JULY_AUG_2016,0,0,0,0,0
20121925,16.10,13.5,30.00,F,JULY_AUG,2016,EXTRA,CA1205,4.0,PRINCIPLES OF PROGRAMMING LANGUAGE _10 11 12 13 14 15_,80.000000,71.000000,62.000000,53.000000,44.000000,35.000000,JULY_AUG_2016,0,0,0,0,0
20121935,31.30,17,49.00,D,JULY_AUG,2016,EXTRA,CA1205,4.0,PRINCIPLES OF PROGRAMMING LANGUAGE _10 11 12 13 14 15_,80.000000,71.000000,62.000000,53.000000,44.000000,35.000000,JULY_AUG_2016,0,0,0,0,0
