Reg_No,Internal,External,Total,Grade,Time,Year,Type,Code,Credit,Title,Cut-Off-S,Cut-Off-A,Cut-Off-B,Cut-Off-C,Cut-Off-D,Cut-Off-E,Directory,Absentees,Malpractices,Detentions,NA,appeared
20121935,33.50,17.5,51.00,D,JULY_AUG,2016,EXTRA,CA1304,4.0,OOP USING C++ _10 11 12 13 14_,80.000000,71.000000,62.000000,53.000000,44.000000,35.000000,JULY_AUG_2016,0,0,0,0,0
201316014,13.80,31.5,46.00,D,JULY_AUG,2016,EXTRA,CA1304,4.0,OOP USING C++ _10 11 12 13 14_,80.000000,71.000000,62.000000,53.000000,44.000000,35.000000,JULY_AUG_2016,0,0,0,0,0
201316022,12.25,22.5,35.00,E,JULY_AUG,2016,EXTRA,CA1304,4.0,OOP USING C++ _10 11 12 13 14_,80.000000,71.000000,62.000000,53.000000,44.000000,35.000000,JULY_AUG_2016,0,0,0,0,0
