Reg_No,Internal,External,Total,Grade,Time,Year,Type,Code,Credit,Title,Cut-Off-S,Cut-Off-A,Cut-Off-B,Cut-Off-C,Cut-Off-D,Cut-Off-E,Directory,Absentees,Malpractices,Detentions,NA,appeared
201316013,18.00,24.5,43.00,E,JULY_AUG,2016,EXTRA,CA1401,4.0,DATABASE MANAGEMENT SYSTEM _9 10 11 12 13 14_,80.000000,71.000000,62.000000,53.000000,44.000000,35.000000,JULY_AUG_2016,0,0,0,0,0
201432003,17.30,29.5,47.00,D,JULY_AUG,2016,EXTRA,CA1401,4.0,DATABASE MANAGEMENT SYSTEM _9 10 11 12 13 14_,80.000000,71.000000,62.000000,53.000000,44.000000,35.000000,JULY_AUG_2016,0,0,0,0,0
20121912,11.70,AB,0.00,I,JULY_AUG,2016,EXTRA,CA1401,4.0,DATABASE MANAGEMENT SYSTEM _9 10 11 12 13 14_,80.000000,71.000000,62.000000,53.000000,44.000000,35.000000,JULY_AUG_2016,0,0,0,0,0
20121925,14.15,23,38.00,E,JULY_AUG,2016,EXTRA,CA1401,4.0,DATABASE MANAGEMENT SYSTEM _9 10 11 12 13 14_,80.000000,71.000000,62.000000,53.000000,44.000000,35.000000,JULY_AUG_2016,0,0,0,0,0
201316022,19.70,34.5,55.00,C,JULY_AUG,2016,EXTRA,CA1401,4.0,DATABASE MANAGEMENT SYSTEM _9 10 11 12 13 14_,80.000000,71.000000,62.000000,53.000000,44.000000,35.000000,JULY_AUG_2016,0,0,0,0,0
201316021,35.55,22,58.00,C,JULY_AUG,2016,EXTRA,CA1401,4.0,DATABASE MANAGEMENT SYSTEM _9 10 11 12 13 14_,80.000000,71.000000,62.000000,53.000000,44.000000,35.000000,JULY_AUG_2016,0,0,0,0,0
