Reg_No,Internal,External,Total,Grade,Time,Year,Type,Code,Credit,Title,Cut-Off-S,Cut-Off-A,Cut-Off-B,Cut-Off-C,Cut-Off-D,Cut-Off-E,Directory,Absentees,Malpractices,Detentions,NA,appeared
201322014,44.00,13,57.00,D,JULY_AUG,2016,EXTRA,CA2462,1.5,COMPUTER NETWORKS LABORATORY,86.000000,78.000000,71.000000,63.000000,56.000000,48.000000,JULY_AUG_2016,0,0,0,0,0
201322015,44.00,19,63.00,C,JULY_AUG,2016,EXTRA,CA2462,1.5,COMPUTER NETWORKS LABORATORY,86.000000,78.000000,71.000000,63.000000,56.000000,48.000000,JULY_AUG_2016,0,0,0,0,0
201422003,50.50,14,65.00,C,JULY_AUG,2016,EXTRA,CA2462,1.5,COMPUTER NETWORKS LABORATORY,86.000000,78.000000,71.000000,63.000000,56.000000,48.000000,JULY_AUG_2016,0,0,0,0,0
201422004,48.00,18,66.00,C,JULY_AUG,2016,EXTRA,CA2462,1.5,COMPUTER NETWORKS LABORATORY,86.000000,78.000000,71.000000,63.000000,56.000000,48.000000,JULY_AUG_2016,0,0,0,0,0
201422005,48.00,18,66.00,C,JULY_AUG,2016,EXTRA,CA2462,1.5,COMPUTER NETWORKS LABORATORY,86.000000,78.000000,71.000000,63.000000,56.000000,48.000000,JULY_AUG_2016,0,0,0,0,0
