Reg_No,Internal,External,Total,Grade,Time,Year,Type,Code,Credit,Title,Cut-Off-S,Cut-Off-A,Cut-Off-B,Cut-Off-C,Cut-Off-D,Cut-Off-E,Directory,Absentees,Malpractices,Detentions,NA,appeared
Subject,Title,:,SURVEYING,I,JULY_AUG,2016,EXTRA,CE1305,4.0,SURVEYING I _9 10 11 12 13 14_,80.000000,71.000000,62.000000,53.000000,44.000000,35.000000,JULY_AUG_2016,0,0,0,0,0
20130500,10.60,AB,0.00,I,JULY_AUG,2016,EXTRA,CE1305,4.0,SURVEYING I _9 10 11 12 13 14_,80.000000,71.000000,62.000000,53.000000,44.000000,35.000000,JULY_AUG_2016,0,0,0,0,0
20130508,17.10,30.0,48.00,D,JULY_AUG,2016,EXTRA,CE1305,4.0,SURVEYING I _9 10 11 12 13 14_,80.000000,71.000000,62.000000,53.000000,44.000000,35.000000,JULY_AUG_2016,0,0,0,0,0
20140222,6.30,AB,0.00,I,JULY_AUG,2016,EXTRA,CE1305,4.0,SURVEYING I _9 10 11 12 13 14_,80.000000,71.000000,62.000000,53.000000,44.000000,35.000000,JULY_AUG_2016,0,0,0,0,0
20140236,16.70,2.5,20.00,F,JULY_AUG,2016,EXTRA,CE1305,4.0,SURVEYING I _9 10 11 12 13 14_,80.000000,71.000000,62.000000,53.000000,44.000000,35.000000,JULY_AUG_2016,0,0,0,0,0
20140261,7.50,30.5,38.00,E,JULY_AUG,2016,EXTRA,CE1305,4.0,SURVEYING I _9 10 11 12 13 14_,80.000000,71.000000,62.000000,53.000000,44.000000,35.000000,JULY_AUG_2016,0,0,0,0,0
20140345,12.70,18.0,31.00,F,JULY_AUG,2016,EXTRA,CE1305,4.0,SURVEYING I _9 10 11 12 13 14_,80.000000,71.000000,62.000000,53.000000,44.000000,35.000000,JULY_AUG_2016,0,0,0,0,0
20140704,18.90,AB,0.00,I,JULY_AUG,2016,EXTRA,CE1305,4.0,SURVEYING I _9 10 11 12 13 14_,80.000000,71.000000,62.000000,53.000000,44.000000,35.000000,JULY_AUG_2016,0,0,0,0,0
