Reg_No,Internal,External,Total,Grade,Time,Year,Type,Code,Credit,Title,Cut-Off-S,Cut-Off-A,Cut-Off-B,Cut-Off-C,Cut-Off-D,Cut-Off-E,Directory,Absentees,Malpractices,Detentions,NA,appeared
20130564,58.10,16,75.00,B,JULY_AUG,2016,EXTRA,CE1463,1.5,SURVEYING PRACTICE I,87.000000,80.000000,72.000000,65.000000,57.000000,50.000000,JULY_AUG_2016,0,0,0,0,0
20140027,58.50,20,79.00,B,JULY_AUG,2016,EXTRA,CE1463,1.5,SURVEYING PRACTICE I,87.000000,80.000000,72.000000,65.000000,57.000000,50.000000,JULY_AUG_2016,0,0,0,0,0
20140089,33.40,17,51.00,E,JULY_AUG,2016,EXTRA,CE1463,1.5,SURVEYING PRACTICE I,87.000000,80.000000,72.000000,65.000000,57.000000,50.000000,JULY_AUG_2016,0,0,0,0,0
20140117,58.50,12,71.00,C,JULY_AUG,2016,EXTRA,CE1463,1.5,SURVEYING PRACTICE I,87.000000,80.000000,72.000000,65.000000,57.000000,50.000000,JULY_AUG_2016,0,0,0,0,0
20140135,53.70,13,67.00,C,JULY_AUG,2016,EXTRA,CE1463,1.5,SURVEYING PRACTICE I,87.000000,80.000000,72.000000,65.000000,57.000000,50.000000,JULY_AUG_2016,0,0,0,0,0
20140236,58.90,16,75.00,B,JULY_AUG,2016,EXTRA,CE1463,1.5,SURVEYING PRACTICE I,87.000000,80.000000,72.000000,65.000000,57.000000,50.000000,JULY_AUG_2016,0,0,0,0,0
20140261,46.40,14,61.00,D,JULY_AUG,2016,EXTRA,CE1463,1.5,SURVEYING PRACTICE I,87.000000,80.000000,72.000000,65.000000,57.000000,50.000000,JULY_AUG_2016,0,0,0,0,0
20140634,46.40,13,60.00,D,JULY_AUG,2016,EXTRA,CE1463,1.5,SURVEYING PRACTICE I,87.000000,80.000000,72.000000,65.000000,57.000000,50.000000,JULY_AUG_2016,0,0,0,0,0
20140657,52.40,13,66.00,C,JULY_AUG,2016,EXTRA,CE1463,1.5,SURVEYING PRACTICE I,87.000000,80.000000,72.000000,65.000000,57.000000,50.000000,JULY_AUG_2016,0,0,0,0,0
