Reg_No,Internal,External,Total,Grade,Time,Year,Type,Code,Credit,Title,Cut-Off-S,Cut-Off-A,Cut-Off-B,Cut-Off-C,Cut-Off-D,Cut-Off-E,Directory,Absentees,Malpractices,Detentions,NA,appeared
20130076,49.90,8,58.00,D,JULY_AUG,2016,EXTRA,CE1462,1.5,MATERIAL TESTING LAB II,81.000000,75.000000,69.000000,62.000000,56.000000,50.000000,JULY_AUG_2016,0,0,0,0,0
20140089,59.30,8,68.00,C,JULY_AUG,2016,EXTRA,CE1462,1.5,MATERIAL TESTING LAB II,81.000000,75.000000,69.000000,62.000000,56.000000,50.000000,JULY_AUG_2016,0,0,0,0,0
20140138,64.00,8,72.00,B,JULY_AUG,2016,EXTRA,CE1462,1.5,MATERIAL TESTING LAB II,81.000000,75.000000,69.000000,62.000000,56.000000,50.000000,JULY_AUG_2016,0,0,0,0,0
20140176,60.80,9,70.00,B,JULY_AUG,2016,EXTRA,CE1462,1.5,MATERIAL TESTING LAB II,81.000000,75.000000,69.000000,62.000000,56.000000,50.000000,JULY_AUG_2016,0,0,0,0,0
20140222,60.80,10,71.00,B,JULY_AUG,2016,EXTRA,CE1462,1.5,MATERIAL TESTING LAB II,81.000000,75.000000,69.000000,62.000000,56.000000,50.000000,JULY_AUG_2016,0,0,0,0,0
20140236,62.40,11,74.00,B,JULY_AUG,2016,EXTRA,CE1462,1.5,MATERIAL TESTING LAB II,81.000000,75.000000,69.000000,62.000000,56.000000,50.000000,JULY_AUG_2016,0,0,0,0,0
20140261,57.70,12,70.00,B,JULY_AUG,2016,EXTRA,CE1462,1.5,MATERIAL TESTING LAB II,81.000000,75.000000,69.000000,62.000000,56.000000,50.000000,JULY_AUG_2016,0,0,0,0,0
20140657,49.90,14,64.00,C,JULY_AUG,2016,EXTRA,CE1462,1.5,MATERIAL TESTING LAB II,81.000000,75.000000,69.000000,62.000000,56.000000,50.000000,JULY_AUG_2016,0,0,0,0,0
20140665,59.30,15,75.00,A,JULY_AUG,2016,EXTRA,CE1462,1.5,MATERIAL TESTING LAB II,81.000000,75.000000,69.000000,62.000000,56.000000,50.000000,JULY_AUG_2016,0,0,0,0,0
