Reg_No,Internal,External,Total,Grade,Time,Year,Type,Code,Credit,Title,Cut-Off-S,Cut-Off-A,Cut-Off-B,Cut-Off-C,Cut-Off-D,Cut-Off-E,Directory,Absentees,Malpractices,Detentions,NA,appeared
20130056,34.75,6.5,42.00,E,JULY_AUG,2016,EXTRA,CE1501,4.0,GEOTECHNICAL ENGINEERING I _9 10 11 12 13_,89.000000,78.000000,67.000000,57.000000,46.000000,35.000000,JULY_AUG_2016,0,0,0,0,0
20130210,32.75,32,65.00,C,JULY_AUG,2016,EXTRA,CE1501,4.0,GEOTECHNICAL ENGINEERING I _9 10 11 12 13_,89.000000,78.000000,67.000000,57.000000,46.000000,35.000000,JULY_AUG_2016,0,0,0,0,0
20130527,31.00,18,49.00,D,JULY_AUG,2016,EXTRA,CE1501,4.0,GEOTECHNICAL ENGINEERING I _9 10 11 12 13_,89.000000,78.000000,67.000000,57.000000,46.000000,35.000000,JULY_AUG_2016,0,0,0,0,0
201418511,9.75,1,11.00,F,JULY_AUG,2016,EXTRA,CE1501,4.0,GEOTECHNICAL ENGINEERING I _9 10 11 12 13_,89.000000,78.000000,67.000000,57.000000,46.000000,35.000000,JULY_AUG_2016,0,0,0,0,0
20110061,32.50,21,54.00,D,JULY_AUG,2016,EXTRA,CE1501,4.0,GEOTECHNICAL ENGINEERING I _9 10 11 12 13_,89.000000,78.000000,67.000000,57.000000,46.000000,35.000000,JULY_AUG_2016,0,0,0,0,0
20110348,39.00,7,46.00,D,JULY_AUG,2016,EXTRA,CE1501,4.0,GEOTECHNICAL ENGINEERING I _9 10 11 12 13_,89.000000,78.000000,67.000000,57.000000,46.000000,35.000000,JULY_AUG_2016,0,0,0,0,0
20120123,19.48,20,40.00,E,JULY_AUG,2016,EXTRA,CE1501,4.0,GEOTECHNICAL ENGINEERING I _9 10 11 12 13_,89.000000,78.000000,67.000000,57.000000,46.000000,35.000000,JULY_AUG_2016,0,0,0,0,0
20120156,43.50,5.75,50.00,D,JULY_AUG,2016,EXTRA,CE1501,4.0,GEOTECHNICAL ENGINEERING I _9 10 11 12 13_,89.000000,78.000000,67.000000,57.000000,46.000000,35.000000,JULY_AUG_2016,0,0,0,0,0
20120232,35.00,5.5,41.00,E,JULY_AUG,2016,EXTRA,CE1501,4.0,GEOTECHNICAL ENGINEERING I _9 10 11 12 13_,89.000000,78.000000,67.000000,57.000000,46.000000,35.000000,JULY_AUG_2016,0,0,0,0,0
