Reg_No,Internal,External,Total,Grade,Time,Year,Type,Code,Credit,Title,Cut-Off-S,Cut-Off-A,Cut-Off-B,Cut-Off-C,Cut-Off-D,Cut-Off-E,Directory,Absentees,Malpractices,Detentions,NA,appeared
20130056,32.70,AB,0.00,I,JULY_AUG,2016,EXTRA,CE1506,4.0,TRANSPORTATION ENGINEERING I _9 10 11 12 13_,90.000000,79.000000,68.000000,57.000000,46.000000,35.000000,JULY_AUG_2016,0,0,0,0,0
20130210,38.20,36,75.00,B,JULY_AUG,2016,EXTRA,CE1506,4.0,TRANSPORTATION ENGINEERING I _9 10 11 12 13_,90.000000,79.000000,68.000000,57.000000,46.000000,35.000000,JULY_AUG_2016,0,0,0,0,0
20130500,14.70,3.25,18.00,F,JULY_AUG,2016,EXTRA,CE1506,4.0,TRANSPORTATION ENGINEERING I _9 10 11 12 13_,90.000000,79.000000,68.000000,57.000000,46.000000,35.000000,JULY_AUG_2016,0,0,0,0,0
201418502,21.10,19,41.00,E,JULY_AUG,2016,EXTRA,CE1506,4.0,TRANSPORTATION ENGINEERING I _9 10 11 12 13_,90.000000,79.000000,68.000000,57.000000,46.000000,35.000000,JULY_AUG_2016,0,0,0,0,0
200918002,23.10,18,42.00,E,JULY_AUG,2016,EXTRA,CE1506,4.0,TRANSPORTATION ENGINEERING I _9 10 11 12 13_,90.000000,79.000000,68.000000,57.000000,46.000000,35.000000,JULY_AUG_2016,0,0,0,0,0
20130189,34.30,33.75,69.00,B,JULY_AUG,2016,EXTRA,CE1506,4.0,TRANSPORTATION ENGINEERING I _9 10 11 12 13_,90.000000,79.000000,68.000000,57.000000,46.000000,35.000000,JULY_AUG_2016,0,0,0,0,0
