Reg_No,Internal,External,Total,Grade,Time,Year,Type,Code,Credit,Title,Cut-Off-S,Cut-Off-A,Cut-Off-B,Cut-Off-C,Cut-Off-D,Cut-Off-E,Directory,Absentees,Malpractices,Detentions,NA,appeared
20130056,23.10,AB,0.00,I,JULY_AUG,2016,EXTRA,CE1505,4.0,ENVIRONMENTAL ENGINEERING I _9 10 11 12 13_,89.000000,78.000000,67.000000,57.000000,46.000000,35.000000,JULY_AUG_2016,0,0,0,0,0
20130605,15.30,26,42.00,E,JULY_AUG,2016,EXTRA,CE1505,4.0,ENVIRONMENTAL ENGINEERING I _9 10 11 12 13_,89.000000,78.000000,67.000000,57.000000,46.000000,35.000000,JULY_AUG_2016,0,0,0,0,0
20120232,12.27,22.5,35.00,E,JULY_AUG,2016,EXTRA,CE1505,4.0,ENVIRONMENTAL ENGINEERING I _9 10 11 12 13_,89.000000,78.000000,67.000000,57.000000,46.000000,35.000000,JULY_AUG_2016,0,0,0,0,0
200918002,23.60,18.5,43.00,E,JULY_AUG,2016,EXTRA,CE1505,4.0,ENVIRONMENTAL ENGINEERING I _9 10 11 12 13_,89.000000,78.000000,67.000000,57.000000,46.000000,35.000000,JULY_AUG_2016,0,0,0,0,0
