Reg_No,Internal,External,Total,Grade,Time,Year,Type,Code,Credit,Title,Cut-Off-S,Cut-Off-A,Cut-Off-B,Cut-Off-C,Cut-Off-D,Cut-Off-E,Directory,Absentees,Malpractices,Detentions,NA,appeared
20120181,0.00,DT,0.00,DT,JULY_AUG,2016,EXTRA,CE1661,3.0,STRUCTURAL DESIGN & DRAWING,84.000000,77.000000,70.000000,64.000000,57.000000,50.000000,JULY_AUG_2016,0,0,0,0,0
20130017,55.50,15,71.00,B,JULY_AUG,2016,EXTRA,CE1661,3.0,STRUCTURAL DESIGN & DRAWING,84.000000,77.000000,70.000000,64.000000,57.000000,50.000000,JULY_AUG_2016,0,0,0,0,0
20130056,52.50,12,65.00,C,JULY_AUG,2016,EXTRA,CE1661,3.0,STRUCTURAL DESIGN & DRAWING,84.000000,77.000000,70.000000,64.000000,57.000000,50.000000,JULY_AUG_2016,0,0,0,0,0
20130063,54.50,15,70.00,B,JULY_AUG,2016,EXTRA,CE1661,3.0,STRUCTURAL DESIGN & DRAWING,84.000000,77.000000,70.000000,64.000000,57.000000,50.000000,JULY_AUG_2016,0,0,0,0,0
20130105,56.50,18,75.00,B,JULY_AUG,2016,EXTRA,CE1661,3.0,STRUCTURAL DESIGN & DRAWING,84.000000,77.000000,70.000000,64.000000,57.000000,50.000000,JULY_AUG_2016,0,0,0,0,0
