Reg_No,Internal,External,Total,Grade,Time,Year,Type,Code,Credit,Title,Cut-Off-S,Cut-Off-A,Cut-Off-B,Cut-Off-C,Cut-Off-D,Cut-Off-E,Directory,Absentees,Malpractices,Detentions,NA,appeared
20130055,34.25,28,63.00,C,JULY_AUG,2016,EXTRA,CE1603,4.0,ENVIRONMENTAL ENGINEERING II _10 11 12 13_,84.000000,74.000000,64.000000,55.000000,45.000000,35.000000,JULY_AUG_2016,0,0,0,0,0
20130546,38.90,AB,0.00,I,JULY_AUG,2016,EXTRA,CE1603,4.0,ENVIRONMENTAL ENGINEERING II _10 11 12 13_,84.000000,74.000000,64.000000,55.000000,45.000000,35.000000,JULY_AUG_2016,0,0,0,0,0
20130597,41.00,39,80.00,A,JULY_AUG,2016,EXTRA,CE1603,4.0,ENVIRONMENTAL ENGINEERING II _10 11 12 13_,84.000000,74.000000,64.000000,55.000000,45.000000,35.000000,JULY_AUG_2016,0,0,0,0,0
20130634,37.60,41.5,80.00,A,JULY_AUG,2016,EXTRA,CE1603,4.0,ENVIRONMENTAL ENGINEERING II _10 11 12 13_,84.000000,74.000000,64.000000,55.000000,45.000000,35.000000,JULY_AUG_2016,0,0,0,0,0
20120256,13.80,21,35.00,E,JULY_AUG,2016,EXTRA,CE1603,4.0,ENVIRONMENTAL ENGINEERING II _10 11 12 13_,84.000000,74.000000,64.000000,55.000000,45.000000,35.000000,JULY_AUG_2016,0,0,0,0,0
