Reg_No,Internal,External,Total,Grade,Time,Year,Type,Code,Credit,Title,Cut-Off-S,Cut-Off-A,Cut-Off-B,Cut-Off-C,Cut-Off-D,Cut-Off-E,Directory,Absentees,Malpractices,Detentions,NA,appeared
20130035,16.13,26.5,43.00,E,JULY_AUG,2016,EXTRA,CE1640,4.0,OPEN CHANNEL FLOW & SEDIMENT TRANSPORT _ELECTIVE II__13_,90.000000,79.000000,68.000000,57.000000,46.000000,35.000000,JULY_AUG_2016,0,0,0,0,0
20130055,26.10,32,59.00,C,JULY_AUG,2016,EXTRA,CE1640,4.0,OPEN CHANNEL FLOW & SEDIMENT TRANSPORT _ELECTIVE II__13_,90.000000,79.000000,68.000000,57.000000,46.000000,35.000000,JULY_AUG_2016,0,0,0,0,0
20130157,12.75,AB,0.00,I,JULY_AUG,2016,EXTRA,CE1640,4.0,OPEN CHANNEL FLOW & SEDIMENT TRANSPORT _ELECTIVE II__13_,90.000000,79.000000,68.000000,57.000000,46.000000,35.000000,JULY_AUG_2016,0,0,0,0,0
20130597,39.73,28.5,69.00,B,JULY_AUG,2016,EXTRA,CE1640,4.0,OPEN CHANNEL FLOW & SEDIMENT TRANSPORT _ELECTIVE II__13_,90.000000,79.000000,68.000000,57.000000,46.000000,35.000000,JULY_AUG_2016,0,0,0,0,0
20130634,32.85,28.5,62.00,C,JULY_AUG,2016,EXTRA,CE1640,4.0,OPEN CHANNEL FLOW & SEDIMENT TRANSPORT _ELECTIVE II__13_,90.000000,79.000000,68.000000,57.000000,46.000000,35.000000,JULY_AUG_2016,0,0,0,0,0
201418502,12.63,26,39.00,E,JULY_AUG,2016,EXTRA,CE1640,4.0,OPEN CHANNEL FLOW & SEDIMENT TRANSPORT _ELECTIVE II__13_,90.000000,79.000000,68.000000,57.000000,46.000000,35.000000,JULY_AUG_2016,0,0,0,0,0
201418511,17.16,24.5,42.00,E,JULY_AUG,2016,EXTRA,CE1640,4.0,OPEN CHANNEL FLOW & SEDIMENT TRANSPORT _ELECTIVE II__13_,90.000000,79.000000,68.000000,57.000000,46.000000,35.000000,JULY_AUG_2016,0,0,0,0,0
