Reg_No,Internal,External,Total,Grade,Time,Year,Type,Code,Credit,Title,Cut-Off-S,Cut-Off-A,Cut-Off-B,Cut-Off-C,Cut-Off-D,Cut-Off-E,Directory,Absentees,Malpractices,Detentions,NA,appeared
20130035,12.20,27.5,40.00,E,JULY_AUG,2016,EXTRA,CE1604,4.0,TRANSPORTATION ENGINEERING II _11 12 13_,88.000000,77.000000,67.000000,56.000000,46.000000,35.000000,JULY_AUG_2016,0,0,0,0,0
20130055,24.40,20.5,45.00,E,JULY_AUG,2016,EXTRA,CE1604,4.0,TRANSPORTATION ENGINEERING II _11 12 13_,88.000000,77.000000,67.000000,56.000000,46.000000,35.000000,JULY_AUG_2016,0,0,0,0,0
20130210,38.20,46.5,85.00,A,JULY_AUG,2016,EXTRA,CE1604,4.0,TRANSPORTATION ENGINEERING II _11 12 13_,88.000000,77.000000,67.000000,56.000000,46.000000,35.000000,JULY_AUG_2016,0,0,0,0,0
20130713,25.50,AB,0.00,I,JULY_AUG,2016,EXTRA,CE1604,4.0,TRANSPORTATION ENGINEERING II _11 12 13_,88.000000,77.000000,67.000000,56.000000,46.000000,35.000000,JULY_AUG_2016,0,0,0,0,0
