Reg_No,Internal,External,Total,Grade,Time,Year,Type,Code,Credit,Title,Cut-Off-S,Cut-Off-A,Cut-Off-B,Cut-Off-C,Cut-Off-D,Cut-Off-E,Directory,Absentees,Malpractices,Detentions,NA,appeared
20110187,15.65,AB,0.00,I,JULY_AUG,2016,EXTRA,CE705,4.0,EL III _EARTHQUAKE RESISTANCE DESIGN OF STRUCTURES_ _11 12_,81.000000,72.000000,63.000000,53.000000,44.000000,35.000000,JULY_AUG_2016,0,0,0,0,0
20110323,36.90,22,59.00,C,JULY_AUG,2016,EXTRA,CE705,4.0,EL III _EARTHQUAKE RESISTANCE DESIGN OF STRUCTURES_ _11 12_,81.000000,72.000000,63.000000,53.000000,44.000000,35.000000,JULY_AUG_2016,0,0,0,0,0
20120021,16.90,29.5,47.00,D,JULY_AUG,2016,EXTRA,CE705,4.0,EL III _EARTHQUAKE RESISTANCE DESIGN OF STRUCTURES_ _11 12_,81.000000,72.000000,63.000000,53.000000,44.000000,35.000000,JULY_AUG_2016,0,0,0,0,0
20120123,12.05,24.5,37.00,E,JULY_AUG,2016,EXTRA,CE705,4.0,EL III _EARTHQUAKE RESISTANCE DESIGN OF STRUCTURES_ _11 12_,81.000000,72.000000,63.000000,53.000000,44.000000,35.000000,JULY_AUG_2016,0,0,0,0,0
20120232,11.05,28,40.00,E,JULY_AUG,2016,EXTRA,CE705,4.0,EL III _EARTHQUAKE RESISTANCE DESIGN OF STRUCTURES_ _11 12_,81.000000,72.000000,63.000000,53.000000,44.000000,35.000000,JULY_AUG_2016,0,0,0,0,0
20120256,26.50,24,51.00,D,JULY_AUG,2016,EXTRA,CE705,4.0,EL III _EARTHQUAKE RESISTANCE DESIGN OF STRUCTURES_ _11 12_,81.000000,72.000000,63.000000,53.000000,44.000000,35.000000,JULY_AUG_2016,0,0,0,0,0
20120535,30.70,33,64.00,B,JULY_AUG,2016,EXTRA,CE705,4.0,EL III _EARTHQUAKE RESISTANCE DESIGN OF STRUCTURES_ _11 12_,81.000000,72.000000,63.000000,53.000000,44.000000,35.000000,JULY_AUG_2016,0,0,0,0,0
20121810,24.00,29,53.00,C,JULY_AUG,2016,EXTRA,CE705,4.0,EL III _EARTHQUAKE RESISTANCE DESIGN OF STRUCTURES_ _11 12_,81.000000,72.000000,63.000000,53.000000,44.000000,35.000000,JULY_AUG_2016,0,0,0,0,0
20110061,24.20,29.5,54.00,C,JULY_AUG,2016,EXTRA,CE705,4.0,EL III _EARTHQUAKE RESISTANCE DESIGN OF STRUCTURES_ _11 12_,81.000000,72.000000,63.000000,53.000000,44.000000,35.000000,JULY_AUG_2016,0,0,0,0,0
