Reg_No,Internal,External,Total,Grade,Time,Year,Type,Code,Credit,Title,Cut-Off-S,Cut-Off-A,Cut-Off-B,Cut-Off-C,Cut-Off-D,Cut-Off-E,Directory,Absentees,Malpractices,Detentions,NA,appeared
20110061,35.00,24,59.00,C,JULY_AUG,2016,EXTRA,CE706,4.0,EL IV _FINITE ELEMENT METHOD OF ANALYSIS_ _10 11 12_,86.000000,76.000000,66.000000,55.000000,45.000000,35.000000,JULY_AUG_2016,0,0,0,0,0
20110323,41.50,23.5,65.00,C,JULY_AUG,2016,EXTRA,CE706,4.0,EL IV _FINITE ELEMENT METHOD OF ANALYSIS_ _10 11 12_,86.000000,76.000000,66.000000,55.000000,45.000000,35.000000,JULY_AUG_2016,0,0,0,0,0
20120021,11.83,24.5,37.00,E,JULY_AUG,2016,EXTRA,CE706,4.0,EL IV _FINITE ELEMENT METHOD OF ANALYSIS_ _10 11 12_,86.000000,76.000000,66.000000,55.000000,45.000000,35.000000,JULY_AUG_2016,0,0,0,0,0
20120065,24.00,19,43.00,E,JULY_AUG,2016,EXTRA,CE706,4.0,EL IV _FINITE ELEMENT METHOD OF ANALYSIS_ _10 11 12_,86.000000,76.000000,66.000000,55.000000,45.000000,35.000000,JULY_AUG_2016,0,0,0,0,0
20120123,38.00,23,61.00,C,JULY_AUG,2016,EXTRA,CE706,4.0,EL IV _FINITE ELEMENT METHOD OF ANALYSIS_ _10 11 12_,86.000000,76.000000,66.000000,55.000000,45.000000,35.000000,JULY_AUG_2016,0,0,0,0,0
20120232,6.00,29,35.00,E,JULY_AUG,2016,EXTRA,CE706,4.0,EL IV _FINITE ELEMENT METHOD OF ANALYSIS_ _10 11 12_,86.000000,76.000000,66.000000,55.000000,45.000000,35.000000,JULY_AUG_2016,0,0,0,0,0
20120256,12.58,22.5,36.00,E,JULY_AUG,2016,EXTRA,CE706,4.0,EL IV _FINITE ELEMENT METHOD OF ANALYSIS_ _10 11 12_,86.000000,76.000000,66.000000,55.000000,45.000000,35.000000,JULY_AUG_2016,0,0,0,0,0
20120535,11.95,23,35.00,E,JULY_AUG,2016,EXTRA,CE706,4.0,EL IV _FINITE ELEMENT METHOD OF ANALYSIS_ _10 11 12_,86.000000,76.000000,66.000000,55.000000,45.000000,35.000000,JULY_AUG_2016,0,0,0,0,0
20120580,19.25,24.5,44.00,E,JULY_AUG,2016,EXTRA,CE706,4.0,EL IV _FINITE ELEMENT METHOD OF ANALYSIS_ _10 11 12_,86.000000,76.000000,66.000000,55.000000,45.000000,35.000000,JULY_AUG_2016,0,0,0,0,0
