Reg_No,Internal,External,Total,Grade,Time,Year,Type,Code,Credit,Title,Cut-Off-S,Cut-Off-A,Cut-Off-B,Cut-Off-C,Cut-Off-D,Cut-Off-E,Directory,Absentees,Malpractices,Detentions,NA,appeared
20110061,32.00,15,47.00,D,JULY_AUG,2016,EXTRA,CE704,4.0,DESIGN OF PRE STRESSED CONCRETE STRUCTURES _11 12_,86.000000,76.000000,66.000000,55.000000,45.000000,35.000000,JULY_AUG_2016,0,0,0,0,0
20120021,24.70,28,53.00,D,JULY_AUG,2016,EXTRA,CE704,4.0,DESIGN OF PRE STRESSED CONCRETE STRUCTURES _11 12_,86.000000,76.000000,66.000000,55.000000,45.000000,35.000000,JULY_AUG_2016,0,0,0,0,0
20120256,16.60,21.5,39.00,E,JULY_AUG,2016,EXTRA,CE704,4.0,DESIGN OF PRE STRESSED CONCRETE STRUCTURES _11 12_,86.000000,76.000000,66.000000,55.000000,45.000000,35.000000,JULY_AUG_2016,0,0,0,0,0
20120535,19.60,21.5,42.00,E,JULY_AUG,2016,EXTRA,CE704,4.0,DESIGN OF PRE STRESSED CONCRETE STRUCTURES _11 12_,86.000000,76.000000,66.000000,55.000000,45.000000,35.000000,JULY_AUG_2016,0,0,0,0,0
20120643,33.60,10,44.00,E,JULY_AUG,2016,EXTRA,CE704,4.0,DESIGN OF PRE STRESSED CONCRETE STRUCTURES _11 12_,86.000000,76.000000,66.000000,55.000000,45.000000,35.000000,JULY_AUG_2016,0,0,0,0,0
