Reg_No,Internal,External,Total,Grade,Time,Year,Type,Code,Credit,Title,Cut-Off-S,Cut-Off-A,Cut-Off-B,Cut-Off-C,Cut-Off-D,Cut-Off-E,Directory,Absentees,Malpractices,Detentions,NA,appeared
20120192,16.85,25,42.00,E,JULY_AUG,2016,EXTRA,COA203_COB103,4.0,ENGINEERING CHEMISTRY _10 11 12_,82.000000,73.000000,63.000000,54.000000,44.000000,35.000000,JULY_AUG_2016,0,0,0,0,0
20120196,32.80,15.75,49.00,D,JULY_AUG,2016,EXTRA,COA203_COB103,4.0,ENGINEERING CHEMISTRY _10 11 12_,82.000000,73.000000,63.000000,54.000000,44.000000,35.000000,JULY_AUG_2016,0,0,0,0,0
20120210,31.20,33.75,65.00,B,JULY_AUG,2016,EXTRA,COA203_COB103,4.0,ENGINEERING CHEMISTRY _10 11 12_,82.000000,73.000000,63.000000,54.000000,44.000000,35.000000,JULY_AUG_2016,0,0,0,0,0
20120269,17.05,25,43.00,E,JULY_AUG,2016,EXTRA,COA203_COB103,4.0,ENGINEERING CHEMISTRY _10 11 12_,82.000000,73.000000,63.000000,54.000000,44.000000,35.000000,JULY_AUG_2016,0,0,0,0,0
20120453,30.40,24.75,56.00,C,JULY_AUG,2016,EXTRA,COA203_COB103,4.0,ENGINEERING CHEMISTRY _10 11 12_,82.000000,73.000000,63.000000,54.000000,44.000000,35.000000,JULY_AUG_2016,0,0,0,0,0
20120709,16.80,21.25,39.00,E,JULY_AUG,2016,EXTRA,COA203_COB103,4.0,ENGINEERING CHEMISTRY _10 11 12_,82.000000,73.000000,63.000000,54.000000,44.000000,35.000000,JULY_AUG_2016,0,0,0,0,0
