Reg_No,Internal,External,Total,Grade,Time,Year,Type,Code,Credit,Title,Cut-Off-S,Cut-Off-A,Cut-Off-B,Cut-Off-C,Cut-Off-D,Cut-Off-E,Directory,Absentees,Malpractices,Detentions,NA,appeared
20110536,12.70,23,36.00,E,JULY_AUG,2016,EXTRA,COA206_COB106,2.0,ENVIRONMENTAL SCIENCE _10 11 12_,80.000000,71.000000,62.000000,53.000000,44.000000,35.000000,JULY_AUG_2016,0,0,0,0,0
20120269,13.80,31,45.00,D,JULY_AUG,2016,EXTRA,COA206_COB106,2.0,ENVIRONMENTAL SCIENCE _10 11 12_,80.000000,71.000000,62.000000,53.000000,44.000000,35.000000,JULY_AUG_2016,0,0,0,0,0
20110187,26.40,25,52.00,D,JULY_AUG,2016,EXTRA,COA206_COB106,2.0,ENVIRONMENTAL SCIENCE _10 11 12_,80.000000,71.000000,62.000000,53.000000,44.000000,35.000000,JULY_AUG_2016,0,0,0,0,0
20110474,25.10,20,46.00,D,JULY_AUG,2016,EXTRA,COA206_COB106,2.0,ENVIRONMENTAL SCIENCE _10 11 12_,80.000000,71.000000,62.000000,53.000000,44.000000,35.000000,JULY_AUG_2016,0,0,0,0,0
