Reg_No,Internal,External,Total,Grade,Time,Year,Type,Code,Credit,Title,Cut-Off-S,Cut-Off-A,Cut-Off-B,Cut-Off-C,Cut-Off-D,Cut-Off-E,Directory,Absentees,Malpractices,Detentions,NA,appeared
20120664,16.95,AB,0.00,I,JULY_AUG,2016,EXTRA,CS1502,4.0,OPERATING SYSTEMS _11 12 13_,80.000000,71.000000,62.000000,53.000000,44.000000,35.000000,JULY_AUG_2016,0,0,0,0,0
20130101,12.35,AB,0.00,I,JULY_AUG,2016,EXTRA,CS1502,4.0,OPERATING SYSTEMS _11 12 13_,80.000000,71.000000,62.000000,53.000000,44.000000,35.000000,JULY_AUG_2016,0,0,0,0,0
20130329,14.35,14,29.00,F,JULY_AUG,2016,EXTRA,CS1502,4.0,OPERATING SYSTEMS _11 12 13_,80.000000,71.000000,62.000000,53.000000,44.000000,35.000000,JULY_AUG_2016,0,0,0,0,0
20130590,11.40,AB,0.00,I,JULY_AUG,2016,EXTRA,CS1502,4.0,OPERATING SYSTEMS _11 12 13_,80.000000,71.000000,62.000000,53.000000,44.000000,35.000000,JULY_AUG_2016,0,0,0,0,0
20130649,12.00,25.5,38.00,E,JULY_AUG,2016,EXTRA,CS1502,4.0,OPERATING SYSTEMS _11 12 13_,80.000000,71.000000,62.000000,53.000000,44.000000,35.000000,JULY_AUG_2016,0,0,0,0,0
20130660,16.20,25.5,42.00,E,JULY_AUG,2016,EXTRA,CS1502,4.0,OPERATING SYSTEMS _11 12 13_,80.000000,71.000000,62.000000,53.000000,44.000000,35.000000,JULY_AUG_2016,0,0,0,0,0
20130682,24.10,35.5,60.00,C,JULY_AUG,2016,EXTRA,CS1502,4.0,OPERATING SYSTEMS _11 12 13_,80.000000,71.000000,62.000000,53.000000,44.000000,35.000000,JULY_AUG_2016,0,0,0,0,0
201311506,14.05,25,40.00,E,JULY_AUG,2016,EXTRA,CS1502,4.0,OPERATING SYSTEMS _11 12 13_,80.000000,71.000000,62.000000,53.000000,44.000000,35.000000,JULY_AUG_2016,0,0,0,0,0
200811030,14.00,23,37.00,E,JULY_AUG,2016,EXTRA,CS1502,4.0,OPERATING SYSTEMS _11 12 13_,80.000000,71.000000,62.000000,53.000000,44.000000,35.000000,JULY_AUG_2016,0,0,0,0,0
