Reg_No,Internal,External,Total,Grade,Time,Year,Type,Code,Credit,Title,Cut-Off-S,Cut-Off-A,Cut-Off-B,Cut-Off-C,Cut-Off-D,Cut-Off-E,Directory,Absentees,Malpractices,Detentions,NA,appeared
20110161,19.30,AB,0.00,I,JULY_AUG,2016,EXTRA,CS1633,4.0,DIGITAL IMAGE PROCESSING _ELECTIVE II__12 13_,82.000000,73.000000,63.000000,54.000000,44.000000,35.000000,JULY_AUG_2016,0,0,0,0,0
20120370,5.85,8,14.00,F,JULY_AUG,2016,EXTRA,CS1633,4.0,DIGITAL IMAGE PROCESSING _ELECTIVE II__12 13_,82.000000,73.000000,63.000000,54.000000,44.000000,35.000000,JULY_AUG_2016,0,0,0,0,0
20130242,12.65,AB,0.00,I,JULY_AUG,2016,EXTRA,CS1633,4.0,DIGITAL IMAGE PROCESSING _ELECTIVE II__12 13_,82.000000,73.000000,63.000000,54.000000,44.000000,35.000000,JULY_AUG_2016,0,0,0,0,0
20130264,16.90,29.5,47.00,D,JULY_AUG,2016,EXTRA,CS1633,4.0,DIGITAL IMAGE PROCESSING _ELECTIVE II__12 13_,82.000000,73.000000,63.000000,54.000000,44.000000,35.000000,JULY_AUG_2016,0,0,0,0,0
20130362,12.75,AB,0.00,I,JULY_AUG,2016,EXTRA,CS1633,4.0,DIGITAL IMAGE PROCESSING _ELECTIVE II__12 13_,82.000000,73.000000,63.000000,54.000000,44.000000,35.000000,JULY_AUG_2016,0,0,0,0,0
20130619,8.50,22,31.00,F,JULY_AUG,2016,EXTRA,CS1633,4.0,DIGITAL IMAGE PROCESSING _ELECTIVE II__12 13_,82.000000,73.000000,63.000000,54.000000,44.000000,35.000000,JULY_AUG_2016,0,0,0,0,0
20130649,12.00,AB,0.00,I,JULY_AUG,2016,EXTRA,CS1633,4.0,DIGITAL IMAGE PROCESSING _ELECTIVE II__12 13_,82.000000,73.000000,63.000000,54.000000,44.000000,35.000000,JULY_AUG_2016,0,0,0,0,0
