Reg_No,Internal,External,Total,Grade,Time,Year,Type,Code,Credit,Title,Cut-Off-S,Cut-Off-A,Cut-Off-B,Cut-Off-C,Cut-Off-D,Cut-Off-E,Directory,Absentees,Malpractices,Detentions,NA,appeared
20110161,18.65,AB,0.00,I,JULY_AUG,2016,EXTRA,CS1601,4.0,OBJECT ORIENTED ANALYSIS & DESIGN USING UML _11 12 13_,80.000000,71.000000,62.000000,53.000000,44.000000,35.000000,JULY_AUG_2016,0,0,0,0,0
20120664,15.00,30,45.00,D,JULY_AUG,2016,EXTRA,CS1601,4.0,OBJECT ORIENTED ANALYSIS & DESIGN USING UML _11 12 13_,80.000000,71.000000,62.000000,53.000000,44.000000,35.000000,JULY_AUG_2016,0,0,0,0,0
20130118,13.50,AB,0.00,I,JULY_AUG,2016,EXTRA,CS1601,4.0,OBJECT ORIENTED ANALYSIS & DESIGN USING UML _11 12 13_,80.000000,71.000000,62.000000,53.000000,44.000000,35.000000,JULY_AUG_2016,0,0,0,0,0
20130198,16.75,23,40.00,E,JULY_AUG,2016,EXTRA,CS1601,4.0,OBJECT ORIENTED ANALYSIS & DESIGN USING UML _11 12 13_,80.000000,71.000000,62.000000,53.000000,44.000000,35.000000,JULY_AUG_2016,0,0,0,0,0
20130365,18.70,20,39.00,E,JULY_AUG,2016,EXTRA,CS1601,4.0,OBJECT ORIENTED ANALYSIS & DESIGN USING UML _11 12 13_,80.000000,71.000000,62.000000,53.000000,44.000000,35.000000,JULY_AUG_2016,0,0,0,0,0
201411505,17.85,28,46.00,D,JULY_AUG,2016,EXTRA,CS1601,4.0,OBJECT ORIENTED ANALYSIS & DESIGN USING UML _11 12 13_,80.000000,71.000000,62.000000,53.000000,44.000000,35.000000,JULY_AUG_2016,0,0,0,0,0
