Reg_No,Internal,External,Total,Grade,Time,Year,Type,Code,Credit,Title,Cut-Off-S,Cut-Off-A,Cut-Off-B,Cut-Off-C,Cut-Off-D,Cut-Off-E,Directory,Absentees,Malpractices,Detentions,NA,appeared
20120370,39.14,10,50.00,E,JULY_AUG,2016,EXTRA,CS1663,1.5,COMPUTER NETWORK LABORATORY,80.000000,73.000000,66.000000,58.000000,51.000000,44.000000,JULY_AUG_2016,0,0,0,0,0
20120593,42.27,14,57.00,D,JULY_AUG,2016,EXTRA,CS1663,1.5,COMPUTER NETWORK LABORATORY,80.000000,73.000000,66.000000,58.000000,51.000000,44.000000,JULY_AUG_2016,0,0,0,0,0
20120666,33.53,15,49.00,E,JULY_AUG,2016,EXTRA,CS1663,1.5,COMPUTER NETWORK LABORATORY,80.000000,73.000000,66.000000,58.000000,51.000000,44.000000,JULY_AUG_2016,0,0,0,0,0
20120700,32.18,14,47.00,E,JULY_AUG,2016,EXTRA,CS1663,1.5,COMPUTER NETWORK LABORATORY,80.000000,73.000000,66.000000,58.000000,51.000000,44.000000,JULY_AUG_2016,0,0,0,0,0
20130090,42.81,15,58.00,C,JULY_AUG,2016,EXTRA,CS1663,1.5,COMPUTER NETWORK LABORATORY,80.000000,73.000000,66.000000,58.000000,51.000000,44.000000,JULY_AUG_2016,0,0,0,0,0
20130547,39.42,13,53.00,D,JULY_AUG,2016,EXTRA,CS1663,1.5,COMPUTER NETWORK LABORATORY,80.000000,73.000000,66.000000,58.000000,51.000000,44.000000,JULY_AUG_2016,0,0,0,0,0
20130590,32.72,16,49.00,E,JULY_AUG,2016,EXTRA,CS1663,1.5,COMPUTER NETWORK LABORATORY,80.000000,73.000000,66.000000,58.000000,51.000000,44.000000,JULY_AUG_2016,0,0,0,0,0
201311506,41.72,14,56.00,D,JULY_AUG,2016,EXTRA,CS1663,1.5,COMPUTER NETWORK LABORATORY,80.000000,73.000000,66.000000,58.000000,51.000000,44.000000,JULY_AUG_2016,0,0,0,0,0
