Reg_No,Internal,External,Total,Grade,Time,Year,Type,Code,Credit,Title,Cut-Off-S,Cut-Off-A,Cut-Off-B,Cut-Off-C,Cut-Off-D,Cut-Off-E,Directory,Absentees,Malpractices,Detentions,NA,appeared
20110320,26.70,17.5,45.00,D,JULY_AUG,2016,EXTRA,CSE701,4.0,DISTRIBUTED SYSTEMS _8 9 10 11 12_,82.000000,73.000000,63.000000,54.000000,44.000000,35.000000,JULY_AUG_2016,0,0,0,0,0
20120061,27.55,32.5,61.00,C,JULY_AUG,2016,EXTRA,CSE701,4.0,DISTRIBUTED SYSTEMS _8 9 10 11 12_,82.000000,73.000000,63.000000,54.000000,44.000000,35.000000,JULY_AUG_2016,0,0,0,0,0
20120642,30.75,26,57.00,C,JULY_AUG,2016,EXTRA,CSE701,4.0,DISTRIBUTED SYSTEMS _8 9 10 11 12_,82.000000,73.000000,63.000000,54.000000,44.000000,35.000000,JULY_AUG_2016,0,0,0,0,0
20120664,25.80,9,35.00,E,JULY_AUG,2016,EXTRA,CSE701,4.0,DISTRIBUTED SYSTEMS _8 9 10 11 12_,82.000000,73.000000,63.000000,54.000000,44.000000,35.000000,JULY_AUG_2016,0,0,0,0,0
201311507,24.50,26.5,51.00,D,JULY_AUG,2016,EXTRA,CSE701,4.0,DISTRIBUTED SYSTEMS _8 9 10 11 12_,82.000000,73.000000,63.000000,54.000000,44.000000,35.000000,JULY_AUG_2016,0,0,0,0,0
20120673,27.90,19.5,48.00,D,JULY_AUG,2016,EXTRA,CSE701,4.0,DISTRIBUTED SYSTEMS _8 9 10 11 12_,82.000000,73.000000,63.000000,54.000000,44.000000,35.000000,JULY_AUG_2016,0,0,0,0,0
