Reg_No,Internal,External,Total,Grade,Time,Year,Type,Code,Credit,Title,Cut-Off-S,Cut-Off-A,Cut-Off-B,Cut-Off-C,Cut-Off-D,Cut-Off-E,Directory,Absentees,Malpractices,Detentions,NA,appeared
20120499,33.75,30,64.00,B,JULY_AUG,2016,EXTRA,CSE706,4.0,INDUSTRIAL ENGINEERING & MANAGEMENT _11 12_,80.000000,71.000000,62.000000,53.000000,44.000000,35.000000,JULY_AUG_2016,0,0,0,0,0
20120542,21.90,22.5,45.00,D,JULY_AUG,2016,EXTRA,CSE706,4.0,INDUSTRIAL ENGINEERING & MANAGEMENT _11 12_,80.000000,71.000000,62.000000,53.000000,44.000000,35.000000,JULY_AUG_2016,0,0,0,0,0
20120664,11.10,AB,0.00,I,JULY_AUG,2016,EXTRA,CSE706,4.0,INDUSTRIAL ENGINEERING & MANAGEMENT _11 12_,80.000000,71.000000,62.000000,53.000000,44.000000,35.000000,JULY_AUG_2016,0,0,0,0,0
20120701,33.50,27.5,61.00,C,JULY_AUG,2016,EXTRA,CSE706,4.0,INDUSTRIAL ENGINEERING & MANAGEMENT _11 12_,80.000000,71.000000,62.000000,53.000000,44.000000,35.000000,JULY_AUG_2016,0,0,0,0,0
201311501,25.60,10,36.00,E,JULY_AUG,2016,EXTRA,CSE706,4.0,INDUSTRIAL ENGINEERING & MANAGEMENT _11 12_,80.000000,71.000000,62.000000,53.000000,44.000000,35.000000,JULY_AUG_2016,0,0,0,0,0
