Reg_No,Internal,External,Total,Grade,Time,Year,Type,Code,Credit,Title,Cut-Off-S,Cut-Off-A,Cut-Off-B,Cut-Off-C,Cut-Off-D,Cut-Off-E,Directory,Absentees,Malpractices,Detentions,NA,appeared
20120673,23.28,33.67,57.00,D,JULY_AUG,2016,EXTRA,CSE801,16.0,MAJOR PROJECT,86.000000,79.000000,72.000000,64.000000,57.000000,50.000000,JULY_AUG_2016,0,0,0,0,0
20120679,25.84,35.33,62.00,D,JULY_AUG,2016,EXTRA,CSE801,16.0,MAJOR PROJECT,86.000000,79.000000,72.000000,64.000000,57.000000,50.000000,JULY_AUG_2016,0,0,0,0,0
20110320,34.57,32.00,67.00,C,JULY_AUG,2016,EXTRA,CSE801,16.0,MAJOR PROJECT,86.000000,79.000000,72.000000,64.000000,57.000000,50.000000,JULY_AUG_2016,0,0,0,0,0
20120145,27.77,30.33,59.00,D,JULY_AUG,2016,EXTRA,CSE801,16.0,MAJOR PROJECT,86.000000,79.000000,72.000000,64.000000,57.000000,50.000000,JULY_AUG_2016,0,0,0,0,0
20120172,28.98,30.00,59.00,D,JULY_AUG,2016,EXTRA,CSE801,16.0,MAJOR PROJECT,86.000000,79.000000,72.000000,64.000000,57.000000,50.000000,JULY_AUG_2016,0,0,0,0,0
