Reg_No,Internal,External,Total,Grade,Time,Year,Type,Code,Credit,Title,Cut-Off-S,Cut-Off-A,Cut-Off-B,Cut-Off-C,Cut-Off-D,Cut-Off-E,Directory,Absentees,Malpractices,Detentions,NA,appeared
20120178,18.80,11.5,31.00,F,JULY_AUG,2016,EXTRA,EC1304,4.0,ELECTRONIC INSTRUMENTATION & MEASUREMENTS _8 9 10 11 12 13 14_,85.000000,75.000000,65.000000,55.000000,45.000000,35.000000,JULY_AUG_2016,0,0,0,0,0
20130137,22.30,23.5,46.00,D,JULY_AUG,2016,EXTRA,EC1304,4.0,ELECTRONIC INSTRUMENTATION & MEASUREMENTS _8 9 10 11 12 13 14_,85.000000,75.000000,65.000000,55.000000,45.000000,35.000000,JULY_AUG_2016,0,0,0,0,0
20130401,21.40,41.5,63.00,C,JULY_AUG,2016,EXTRA,EC1304,4.0,ELECTRONIC INSTRUMENTATION & MEASUREMENTS _8 9 10 11 12 13 14_,85.000000,75.000000,65.000000,55.000000,45.000000,35.000000,JULY_AUG_2016,0,0,0,0,0
20120192,17.00,22,39.00,E,JULY_AUG,2016,EXTRA,EC1304,4.0,ELECTRONIC INSTRUMENTATION & MEASUREMENTS _8 9 10 11 12 13 14_,85.000000,75.000000,65.000000,55.000000,45.000000,35.000000,JULY_AUG_2016,0,0,0,0,0
201312501,13.40,27,41.00,E,JULY_AUG,2016,EXTRA,EC1304,4.0,ELECTRONIC INSTRUMENTATION & MEASUREMENTS _8 9 10 11 12 13 14_,85.000000,75.000000,65.000000,55.000000,45.000000,35.000000,JULY_AUG_2016,0,0,0,0,0
