Reg_No,Internal,External,Total,Grade,Time,Year,Type,Code,Credit,Title,Cut-Off-S,Cut-Off-A,Cut-Off-B,Cut-Off-C,Cut-Off-D,Cut-Off-E,Directory,Absentees,Malpractices,Detentions,NA,appeared
20130137,16.90,10.5,28.00,F,JULY_AUG,2016,EXTRA,EC1302,4.0,ANALOG ELECTRONIC CIRCUITS _11 12 13 14_,80.000000,71.000000,62.000000,53.000000,44.000000,35.000000,JULY_AUG_2016,0,0,0,0,0
20130592,18.80,19.5,39.00,E,JULY_AUG,2016,EXTRA,EC1302,4.0,ANALOG ELECTRONIC CIRCUITS _11 12 13 14_,80.000000,71.000000,62.000000,53.000000,44.000000,35.000000,JULY_AUG_2016,0,0,0,0,0
20140587,18.60,00,19.00,F,JULY_AUG,2016,EXTRA,EC1302,4.0,ANALOG ELECTRONIC CIRCUITS _11 12 13 14_,80.000000,71.000000,62.000000,53.000000,44.000000,35.000000,JULY_AUG_2016,0,0,0,0,0
200912104,34.90,14.5,50.00,D,JULY_AUG,2016,EXTRA,EC1302,4.0,ANALOG ELECTRONIC CIRCUITS _11 12 13 14_,80.000000,71.000000,62.000000,53.000000,44.000000,35.000000,JULY_AUG_2016,0,0,0,0,0
