Reg_No,Internal,External,Total,Grade,Time,Year,Type,Code,Credit,Title,Cut-Off-S,Cut-Off-A,Cut-Off-B,Cut-Off-C,Cut-Off-D,Cut-Off-E,Directory,Absentees,Malpractices,Detentions,NA,appeared
20120178,11.50,23.5,35.00,E,JULY_AUG,2016,EXTRA,EC1402,4.0,LINEAR IC SYSTEM _11 12 13 14_,80.000000,71.000000,62.000000,53.000000,44.000000,35.000000,JULY_AUG_2016,0,0,0,0,0
20140131,16.95,25,42.00,E,JULY_AUG,2016,EXTRA,EC1402,4.0,LINEAR IC SYSTEM _11 12 13 14_,80.000000,71.000000,62.000000,53.000000,44.000000,35.000000,JULY_AUG_2016,0,0,0,0,0
20140450,12.30,28,41.00,E,JULY_AUG,2016,EXTRA,EC1402,4.0,LINEAR IC SYSTEM _11 12 13 14_,80.000000,71.000000,62.000000,53.000000,44.000000,35.000000,JULY_AUG_2016,0,0,0,0,0
20140587,19.65,19.5,40.00,E,JULY_AUG,2016,EXTRA,EC1402,4.0,LINEAR IC SYSTEM _11 12 13 14_,80.000000,71.000000,62.000000,53.000000,44.000000,35.000000,JULY_AUG_2016,0,0,0,0,0
20140696,13.25,5.5,19.00,F,JULY_AUG,2016,EXTRA,EC1402,4.0,LINEAR IC SYSTEM _11 12 13 14_,80.000000,71.000000,62.000000,53.000000,44.000000,35.000000,JULY_AUG_2016,0,0,0,0,0
20140690,15.35,28.5,44.00,D,JULY_AUG,2016,EXTRA,EC1402,4.0,LINEAR IC SYSTEM _11 12 13 14_,80.000000,71.000000,62.000000,53.000000,44.000000,35.000000,JULY_AUG_2016,0,0,0,0,0
