Reg_No,Internal,External,Total,Grade,Time,Year,Type,Code,Credit,Title,Cut-Off-S,Cut-Off-A,Cut-Off-B,Cut-Off-C,Cut-Off-D,Cut-Off-E,Directory,Absentees,Malpractices,Detentions,NA,appeared
20120360,57.00,8,65.00,D,JULY_AUG,2016,EXTRA,EC1463_EC406_OLD_,1.5,DIGITAL SYSTEM LAB_DIGITAL SYSTEM DESIGN LAB,90.000000,82.000000,74.000000,66.000000,58.000000,50.000000,JULY_AUG_2016,0,0,0,0,0
20120553,63.00,11,74.00,B,JULY_AUG,2016,EXTRA,EC1463_EC406_OLD_,1.5,DIGITAL SYSTEM LAB_DIGITAL SYSTEM DESIGN LAB,90.000000,82.000000,74.000000,66.000000,58.000000,50.000000,JULY_AUG_2016,0,0,0,0,0
20121721,50.00,8,58.00,D,JULY_AUG,2016,EXTRA,EC1463_EC406_OLD_,1.5,DIGITAL SYSTEM LAB_DIGITAL SYSTEM DESIGN LAB,90.000000,82.000000,74.000000,66.000000,58.000000,50.000000,JULY_AUG_2016,0,0,0,0,0
20130625,55.00,8,63.00,D,JULY_AUG,2016,EXTRA,EC1463_EC406_OLD_,1.5,DIGITAL SYSTEM LAB_DIGITAL SYSTEM DESIGN LAB,90.000000,82.000000,74.000000,66.000000,58.000000,50.000000,JULY_AUG_2016,0,0,0,0,0
20130683,0.00,DT,0.00,DT,JULY_AUG,2016,EXTRA,EC1463_EC406_OLD_,1.5,DIGITAL SYSTEM LAB_DIGITAL SYSTEM DESIGN LAB,90.000000,82.000000,74.000000,66.000000,58.000000,50.000000,JULY_AUG_2016,0,0,0,0,0
20140450,48.00,6,54.00,E,JULY_AUG,2016,EXTRA,EC1463_EC406_OLD_,1.5,DIGITAL SYSTEM LAB_DIGITAL SYSTEM DESIGN LAB,90.000000,82.000000,74.000000,66.000000,58.000000,50.000000,JULY_AUG_2016,0,0,0,0,0
20140690,47.00,3,50.00,E,JULY_AUG,2016,EXTRA,EC1463_EC406_OLD_,1.5,DIGITAL SYSTEM LAB_DIGITAL SYSTEM DESIGN LAB,90.000000,82.000000,74.000000,66.000000,58.000000,50.000000,JULY_AUG_2016,0,0,0,0,0
20110569,55.00,12,67.00,C,JULY_AUG,2016,EXTRA,EC1463_EC406_OLD_,1.5,DIGITAL SYSTEM LAB_DIGITAL SYSTEM DESIGN LAB,90.000000,82.000000,74.000000,66.000000,58.000000,50.000000,JULY_AUG_2016,0,0,0,0,0
