Reg_No,Internal,External,Total,Grade,Time,Year,Type,Code,Credit,Title,Cut-Off-S,Cut-Off-A,Cut-Off-B,Cut-Off-C,Cut-Off-D,Cut-Off-E,Directory,Absentees,Malpractices,Detentions,NA,appeared
20110536,16.40,AB,0.00,I,JULY_AUG,2016,EXTRA,EC1505,4.0,DIGITAL SIGNAL PROCESSING _11 12 13_,80.000000,71.000000,62.000000,53.000000,44.000000,35.000000,JULY_AUG_2016,0,0,0,0,0
20120312,10.40,AB,0.00,I,JULY_AUG,2016,EXTRA,EC1505,4.0,DIGITAL SIGNAL PROCESSING _11 12 13_,80.000000,71.000000,62.000000,53.000000,44.000000,35.000000,JULY_AUG_2016,0,0,0,0,0
20121101,13.10,AB,0.00,I,JULY_AUG,2016,EXTRA,EC1505,4.0,DIGITAL SIGNAL PROCESSING _11 12 13_,80.000000,71.000000,62.000000,53.000000,44.000000,35.000000,JULY_AUG_2016,0,0,0,0,0
20130137,15.05,AB,0.00,I,JULY_AUG,2016,EXTRA,EC1505,4.0,DIGITAL SIGNAL PROCESSING _11 12 13_,80.000000,71.000000,62.000000,53.000000,44.000000,35.000000,JULY_AUG_2016,0,0,0,0,0
20130416,14.10,30,45.00,D,JULY_AUG,2016,EXTRA,EC1505,4.0,DIGITAL SIGNAL PROCESSING _11 12 13_,80.000000,71.000000,62.000000,53.000000,44.000000,35.000000,JULY_AUG_2016,0,0,0,0,0
20130460,2.30,AB,0.00,I,JULY_AUG,2016,EXTRA,EC1505,4.0,DIGITAL SIGNAL PROCESSING _11 12 13_,80.000000,71.000000,62.000000,53.000000,44.000000,35.000000,JULY_AUG_2016,0,0,0,0,0
20130487,16.00,26,42.00,E,JULY_AUG,2016,EXTRA,EC1505,4.0,DIGITAL SIGNAL PROCESSING _11 12 13_,80.000000,71.000000,62.000000,53.000000,44.000000,35.000000,JULY_AUG_2016,0,0,0,0,0
20130554,12.50,23,36.00,E,JULY_AUG,2016,EXTRA,EC1505,4.0,DIGITAL SIGNAL PROCESSING _11 12 13_,80.000000,71.000000,62.000000,53.000000,44.000000,35.000000,JULY_AUG_2016,0,0,0,0,0
20120091,48.20,43,92.00,S,JULY_AUG,2016,EXTRA,EC1505,4.0,DIGITAL SIGNAL PROCESSING _11 12 13_,80.000000,71.000000,62.000000,53.000000,44.000000,35.000000,JULY_AUG_2016,0,0,0,0,0
