Reg_No,Internal,External,Total,Grade,Time,Year,Type,Code,Credit,Title,Cut-Off-S,Cut-Off-A,Cut-Off-B,Cut-Off-C,Cut-Off-D,Cut-Off-E,Directory,Absentees,Malpractices,Detentions,NA,appeared
20130010,12.90,22,35.00,E,JULY_AUG,2016,EXTRA,EC1502,4.0,LINEAR & DIGITAL CONTROL SYSTEM,84.000000,74.000000,64.000000,55.000000,45.000000,35.000000,JULY_AUG_2016,0,0,0,0,0
20130306,11.30,22,34.00,F,JULY_AUG,2016,EXTRA,EC1502,4.0,LINEAR & DIGITAL CONTROL SYSTEM,84.000000,74.000000,64.000000,55.000000,45.000000,35.000000,JULY_AUG_2016,0,0,0,0,0
20130401,20.60,39.5,61.00,C,JULY_AUG,2016,EXTRA,EC1502,4.0,LINEAR & DIGITAL CONTROL SYSTEM,84.000000,74.000000,64.000000,55.000000,45.000000,35.000000,JULY_AUG_2016,0,0,0,0,0
20130460,12.80,AB,0.00,I,JULY_AUG,2016,EXTRA,EC1502,4.0,LINEAR & DIGITAL CONTROL SYSTEM,84.000000,74.000000,64.000000,55.000000,45.000000,35.000000,JULY_AUG_2016,0,0,0,0,0
20130554,19.15,11.5,31.00,F,JULY_AUG,2016,EXTRA,EC1502,4.0,LINEAR & DIGITAL CONTROL SYSTEM,84.000000,74.000000,64.000000,55.000000,45.000000,35.000000,JULY_AUG_2016,0,0,0,0,0
20130555,14.65,AB,0.00,I,JULY_AUG,2016,EXTRA,EC1502,4.0,LINEAR & DIGITAL CONTROL SYSTEM,84.000000,74.000000,64.000000,55.000000,45.000000,35.000000,JULY_AUG_2016,0,0,0,0,0
201312502,16.80,4.5,22.00,F,JULY_AUG,2016,EXTRA,EC1502,4.0,LINEAR & DIGITAL CONTROL SYSTEM,84.000000,74.000000,64.000000,55.000000,45.000000,35.000000,JULY_AUG_2016,0,0,0,0,0
20120455,32.20,9,42.00,E,JULY_AUG,2016,EXTRA,EC1502,4.0,LINEAR & DIGITAL CONTROL SYSTEM,84.000000,74.000000,64.000000,55.000000,45.000000,35.000000,JULY_AUG_2016,0,0,0,0,0
200812133,42.00,37.5,80.00,A,JULY_AUG,2016,EXTRA,EC1502,4.0,LINEAR & DIGITAL CONTROL SYSTEM,84.000000,74.000000,64.000000,55.000000,45.000000,35.000000,JULY_AUG_2016,0,0,0,0,0
