Reg_No,Internal,External,Total,Grade,Time,Year,Type,Code,Credit,Title,Cut-Off-S,Cut-Off-A,Cut-Off-B,Cut-Off-C,Cut-Off-D,Cut-Off-E,Directory,Absentees,Malpractices,Detentions,NA,appeared
20120553,19.45,AB,0.00,I,JULY_AUG,2016,EXTRA,EC1602,4.0,EMBEDDED SYSTEMS _9 10 11 12 13_,86.000000,77.000000,67.000000,58.000000,48.000000,39.000000,JULY_AUG_2016,0,0,0,0,0
20130397,18.15,26.5,45.00,E,JULY_AUG,2016,EXTRA,EC1602,4.0,EMBEDDED SYSTEMS _9 10 11 12 13_,86.000000,77.000000,67.000000,58.000000,48.000000,39.000000,JULY_AUG_2016,0,0,0,0,0
20130504,28.30,21.5,50.00,D,JULY_AUG,2016,EXTRA,EC1602,4.0,EMBEDDED SYSTEMS _9 10 11 12 13_,86.000000,77.000000,67.000000,58.000000,48.000000,39.000000,JULY_AUG_2016,0,0,0,0,0
20130709,31.40,24,56.00,D,JULY_AUG,2016,EXTRA,EC1602,4.0,EMBEDDED SYSTEMS _9 10 11 12 13_,86.000000,77.000000,67.000000,58.000000,48.000000,39.000000,JULY_AUG_2016,0,0,0,0,0
200912104,21.80,24,46.00,E,JULY_AUG,2016,EXTRA,EC1602,4.0,EMBEDDED SYSTEMS _9 10 11 12 13_,86.000000,77.000000,67.000000,58.000000,48.000000,39.000000,JULY_AUG_2016,0,0,0,0,0
201012032,36.50,34,71.00,B,JULY_AUG,2016,EXTRA,EC1602,4.0,EMBEDDED SYSTEMS _9 10 11 12 13_,86.000000,77.000000,67.000000,58.000000,48.000000,39.000000,JULY_AUG_2016,0,0,0,0,0
201012035,14.00,AB,0.00,I,JULY_AUG,2016,EXTRA,EC1602,4.0,EMBEDDED SYSTEMS _9 10 11 12 13_,86.000000,77.000000,67.000000,58.000000,48.000000,39.000000,JULY_AUG_2016,0,0,0,0,0
