Reg_No,Internal,External,Total,Grade,Time,Year,Type,Code,Credit,Title,Cut-Off-S,Cut-Off-A,Cut-Off-B,Cut-Off-C,Cut-Off-D,Cut-Off-E,Directory,Absentees,Malpractices,Detentions,NA,appeared
20120312,22.50,33.5,56.00,C,JULY_AUG,2016,EXTRA,EC1632,4.0,DIGITAL COMPUTER ARCHITECTURE _ELECTIVE I__11 12 13_,84.000000,74.000000,64.000000,55.000000,45.000000,35.000000,JULY_AUG_2016,0,0,0,0,0
20120553,30.30,21,52.00,D,JULY_AUG,2016,EXTRA,EC1632,4.0,DIGITAL COMPUTER ARCHITECTURE _ELECTIVE I__11 12 13_,84.000000,74.000000,64.000000,55.000000,45.000000,35.000000,JULY_AUG_2016,0,0,0,0,0
20121101,29.60,19,49.00,D,JULY_AUG,2016,EXTRA,EC1632,4.0,DIGITAL COMPUTER ARCHITECTURE _ELECTIVE I__11 12 13_,84.000000,74.000000,64.000000,55.000000,45.000000,35.000000,JULY_AUG_2016,0,0,0,0,0
20130504,30.50,10,41.00,E,JULY_AUG,2016,EXTRA,EC1632,4.0,DIGITAL COMPUTER ARCHITECTURE _ELECTIVE I__11 12 13_,84.000000,74.000000,64.000000,55.000000,45.000000,35.000000,JULY_AUG_2016,0,0,0,0,0
20130709,29.40,22,52.00,D,JULY_AUG,2016,EXTRA,EC1632,4.0,DIGITAL COMPUTER ARCHITECTURE _ELECTIVE I__11 12 13_,84.000000,74.000000,64.000000,55.000000,45.000000,35.000000,JULY_AUG_2016,0,0,0,0,0
