Reg_No,Internal,External,Total,Grade,Time,Year,Type,Code,Credit,Title,Cut-Off-S,Cut-Off-A,Cut-Off-B,Cut-Off-C,Cut-Off-D,Cut-Off-E,Directory,Absentees,Malpractices,Detentions,NA,appeared
20130103,24.60,38,63.00,C,JULY_AUG,2016,EXTRA,EC1633,4.0,SPEECH PROCESSING _ELECTIVE I__12 13_,85.000000,75.000000,65.000000,55.000000,45.000000,35.000000,JULY_AUG_2016,0,0,0,0,0
20130460,9.40,30.5,40.00,E,JULY_AUG,2016,EXTRA,EC1633,4.0,SPEECH PROCESSING _ELECTIVE I__12 13_,85.000000,75.000000,65.000000,55.000000,45.000000,35.000000,JULY_AUG_2016,0,0,0,0,0
20130486,25.20,24,50.00,D,JULY_AUG,2016,EXTRA,EC1633,4.0,SPEECH PROCESSING _ELECTIVE I__12 13_,85.000000,75.000000,65.000000,55.000000,45.000000,35.000000,JULY_AUG_2016,0,0,0,0,0
20130544,15.30,22,38.00,E,JULY_AUG,2016,EXTRA,EC1633,4.0,SPEECH PROCESSING _ELECTIVE I__12 13_,85.000000,75.000000,65.000000,55.000000,45.000000,35.000000,JULY_AUG_2016,0,0,0,0,0
20130554,12.60,28,41.00,E,JULY_AUG,2016,EXTRA,EC1633,4.0,SPEECH PROCESSING _ELECTIVE I__12 13_,85.000000,75.000000,65.000000,55.000000,45.000000,35.000000,JULY_AUG_2016,0,0,0,0,0
20130707,24.10,37.5,62.00,C,JULY_AUG,2016,EXTRA,EC1633,4.0,SPEECH PROCESSING _ELECTIVE I__12 13_,85.000000,75.000000,65.000000,55.000000,45.000000,35.000000,JULY_AUG_2016,0,0,0,0,0
20130397,11.90,13.0,25.00,F,JULY_AUG,2016,EXTRA,EC1633,4.0,SPEECH PROCESSING _ELECTIVE I__12 13_,85.000000,75.000000,65.000000,55.000000,45.000000,35.000000,JULY_AUG_2016,0,0,0,0,0
201312501,16.00,21.0,37.00,E,JULY_AUG,2016,EXTRA,EC1633,4.0,SPEECH PROCESSING _ELECTIVE I__12 13_,85.000000,75.000000,65.000000,55.000000,45.000000,35.000000,JULY_AUG_2016,0,0,0,0,0
