Reg_No,Internal,External,Total,Grade,Time,Year,Type,Code,Credit,Title,Cut-Off-S,Cut-Off-A,Cut-Off-B,Cut-Off-C,Cut-Off-D,Cut-Off-E,Directory,Absentees,Malpractices,Detentions,NA,appeared
20110266,28.40,33,62.00,C,JULY_AUG,2016,EXTRA,EC704,4.0,COMPUTER COMMUNICATION _7 8 9 10 11 12_,87.000000,79.000000,70.000000,62.000000,53.000000,45.000000,JULY_AUG_2016,0,0,0,0,0
20120455,26.90,4,31.00,F,JULY_AUG,2016,EXTRA,EC704,4.0,COMPUTER COMMUNICATION _7 8 9 10 11 12_,87.000000,79.000000,70.000000,62.000000,53.000000,45.000000,JULY_AUG_2016,0,0,0,0,0
20120571,20.10,28,49.00,E,JULY_AUG,2016,EXTRA,EC704,4.0,COMPUTER COMMUNICATION _7 8 9 10 11 12_,87.000000,79.000000,70.000000,62.000000,53.000000,45.000000,JULY_AUG_2016,0,0,0,0,0
200912104,15.70,31,47.00,E,JULY_AUG,2016,EXTRA,EC704,4.0,COMPUTER COMMUNICATION _7 8 9 10 11 12_,87.000000,79.000000,70.000000,62.000000,53.000000,45.000000,JULY_AUG_2016,0,0,0,0,0
201312501,22.10,25,48.00,E,JULY_AUG,2016,EXTRA,EC704,4.0,COMPUTER COMMUNICATION _7 8 9 10 11 12_,87.000000,79.000000,70.000000,62.000000,53.000000,45.000000,JULY_AUG_2016,0,0,0,0,0
