Reg_No,Internal,External,Total,Grade,Time,Year,Type,Code,Credit,Title,Cut-Off-S,Cut-Off-A,Cut-Off-B,Cut-Off-C,Cut-Off-D,Cut-Off-E,Directory,Absentees,Malpractices,Detentions,NA,appeared
20110234,29.80,11,41.00,E,JULY_AUG,2016,EXTRA,EC702,4.0,ADAPTIVE SIGNAL PROCESSING _11 12_,80.000000,71.000000,62.000000,53.000000,44.000000,35.000000,JULY_AUG_2016,0,0,0,0,0
20120138,11.25,7.5,19.00,F,JULY_AUG,2016,EXTRA,EC702,4.0,ADAPTIVE SIGNAL PROCESSING _11 12_,80.000000,71.000000,62.000000,53.000000,44.000000,35.000000,JULY_AUG_2016,0,0,0,0,0
20120233,14.70,17,32.00,F,JULY_AUG,2016,EXTRA,EC702,4.0,ADAPTIVE SIGNAL PROCESSING _11 12_,80.000000,71.000000,62.000000,53.000000,44.000000,35.000000,JULY_AUG_2016,0,0,0,0,0
20120455,13.40,6,20.00,F,JULY_AUG,2016,EXTRA,EC702,4.0,ADAPTIVE SIGNAL PROCESSING _11 12_,80.000000,71.000000,62.000000,53.000000,44.000000,35.000000,JULY_AUG_2016,0,0,0,0,0
20121721,15.50,19,35.00,E,JULY_AUG,2016,EXTRA,EC702,4.0,ADAPTIVE SIGNAL PROCESSING _11 12_,80.000000,71.000000,62.000000,53.000000,44.000000,35.000000,JULY_AUG_2016,0,0,0,0,0
200912104,3.00,32,35.00,E,JULY_AUG,2016,EXTRA,EC702,4.0,ADAPTIVE SIGNAL PROCESSING _11 12_,80.000000,71.000000,62.000000,53.000000,44.000000,35.000000,JULY_AUG_2016,0,0,0,0,0
200912120,37.40,20,58.00,C,JULY_AUG,2016,EXTRA,EC702,4.0,ADAPTIVE SIGNAL PROCESSING _11 12_,80.000000,71.000000,62.000000,53.000000,44.000000,35.000000,JULY_AUG_2016,0,0,0,0,0
201312501,39.60,42,82.00,S,JULY_AUG,2016,EXTRA,EC702,4.0,ADAPTIVE SIGNAL PROCESSING _11 12_,80.000000,71.000000,62.000000,53.000000,44.000000,35.000000,JULY_AUG_2016,0,0,0,0,0
201312503,32.30,26.5,59.00,C,JULY_AUG,2016,EXTRA,EC702,4.0,ADAPTIVE SIGNAL PROCESSING _11 12_,80.000000,71.000000,62.000000,53.000000,44.000000,35.000000,JULY_AUG_2016,0,0,0,0,0
