Reg_No,Internal,External,Total,Grade,Time,Year,Type,Code,Credit,Title,Cut-Off-S,Cut-Off-A,Cut-Off-B,Cut-Off-C,Cut-Off-D,Cut-Off-E,Directory,Absentees,Malpractices,Detentions,NA,appeared
20110234,43.50,16.5,60.00,C,JULY_AUG,2016,EXTRA,EC705,4.0,MOBILE COMMUNICATION _11 12_,81.000000,72.000000,63.000000,53.000000,44.000000,35.000000,JULY_AUG_2016,0,0,0,0,0
20110266,36.95,04,41.00,E,JULY_AUG,2016,EXTRA,EC705,4.0,MOBILE COMMUNICATION _11 12_,81.000000,72.000000,63.000000,53.000000,44.000000,35.000000,JULY_AUG_2016,0,0,0,0,0
20120028,24.50,23,48.00,D,JULY_AUG,2016,EXTRA,EC705,4.0,MOBILE COMMUNICATION _11 12_,81.000000,72.000000,63.000000,53.000000,44.000000,35.000000,JULY_AUG_2016,0,0,0,0,0
20120138,11.60,12,24.00,F,JULY_AUG,2016,EXTRA,EC705,4.0,MOBILE COMMUNICATION _11 12_,81.000000,72.000000,63.000000,53.000000,44.000000,35.000000,JULY_AUG_2016,0,0,0,0,0
20120161,27.00,17,44.00,D,JULY_AUG,2016,EXTRA,EC705,4.0,MOBILE COMMUNICATION _11 12_,81.000000,72.000000,63.000000,53.000000,44.000000,35.000000,JULY_AUG_2016,0,0,0,0,0
20120173,32.10,14,47.00,D,JULY_AUG,2016,EXTRA,EC705,4.0,MOBILE COMMUNICATION _11 12_,81.000000,72.000000,63.000000,53.000000,44.000000,35.000000,JULY_AUG_2016,0,0,0,0,0
20120455,20.10,AB,0.00,I,JULY_AUG,2016,EXTRA,EC705,4.0,MOBILE COMMUNICATION _11 12_,81.000000,72.000000,63.000000,53.000000,44.000000,35.000000,JULY_AUG_2016,0,0,0,0,0
20121721,15.30,24,40.00,E,JULY_AUG,2016,EXTRA,EC705,4.0,MOBILE COMMUNICATION _11 12_,81.000000,72.000000,63.000000,53.000000,44.000000,35.000000,JULY_AUG_2016,0,0,0,0,0
200912104,7.00,10,17.00,F,JULY_AUG,2016,EXTRA,EC705,4.0,MOBILE COMMUNICATION _11 12_,81.000000,72.000000,63.000000,53.000000,44.000000,35.000000,JULY_AUG_2016,0,0,0,0,0
