Reg_No,Internal,External,Total,Grade,Time,Year,Type,Code,Credit,Title,Cut-Off-S,Cut-Off-A,Cut-Off-B,Cut-Off-C,Cut-Off-D,Cut-Off-E,Directory,Absentees,Malpractices,Detentions,NA,appeared
20110234,21.70,35.5,58.00,D,JULY_AUG,2016,EXTRA,EC701,4.0,SATELLITE & OPTICAL COMMUNICATION SYSTEM _8 9 10 11 12 13_,90.000000,81.000000,71.000000,62.000000,52.000000,43.000000,JULY_AUG_2016,0,0,0,0,0
20120138,19.50,35,55.00,D,JULY_AUG,2016,EXTRA,EC701,4.0,SATELLITE & OPTICAL COMMUNICATION SYSTEM _8 9 10 11 12 13_,90.000000,81.000000,71.000000,62.000000,52.000000,43.000000,JULY_AUG_2016,0,0,0,0,0
20120455,19.70,AB,0.00,I,JULY_AUG,2016,EXTRA,EC701,4.0,SATELLITE & OPTICAL COMMUNICATION SYSTEM _8 9 10 11 12 13_,90.000000,81.000000,71.000000,62.000000,52.000000,43.000000,JULY_AUG_2016,0,0,0,0,0
20120571,16.70,36,53.00,D,JULY_AUG,2016,EXTRA,EC701,4.0,SATELLITE & OPTICAL COMMUNICATION SYSTEM _8 9 10 11 12 13_,90.000000,81.000000,71.000000,62.000000,52.000000,43.000000,JULY_AUG_2016,0,0,0,0,0
200912104,22.60,38,61.00,D,JULY_AUG,2016,EXTRA,EC701,4.0,SATELLITE & OPTICAL COMMUNICATION SYSTEM _8 9 10 11 12 13_,90.000000,81.000000,71.000000,62.000000,52.000000,43.000000,JULY_AUG_2016,0,0,0,0,0
