Reg_No,Internal,External,Total,Grade,Time,Year,Type,Code,Credit,Title,Cut-Off-S,Cut-Off-A,Cut-Off-B,Cut-Off-C,Cut-Off-D,Cut-Off-E,Directory,Absentees,Malpractices,Detentions,NA,appeared
20130184,15.70,15.5,32.00,F,JULY_AUG,2016,EXTRA,EE1304,4.0,ELECTRICAL MEASUREMENT _8 9 10 11 12 13 14_,82.000000,73.000000,63.000000,54.000000,44.000000,35.000000,JULY_AUG_2016,0,0,0,0,0
20140082,8.70,37,46.00,D,JULY_AUG,2016,EXTRA,EE1304,4.0,ELECTRICAL MEASUREMENT _8 9 10 11 12 13 14_,82.000000,73.000000,63.000000,54.000000,44.000000,35.000000,JULY_AUG_2016,0,0,0,0,0
20110312,16.00,18.5,35.00,E,JULY_AUG,2016,EXTRA,EE1304,4.0,ELECTRICAL MEASUREMENT _8 9 10 11 12 13 14_,82.000000,73.000000,63.000000,54.000000,44.000000,35.000000,JULY_AUG_2016,0,0,0,0,0
20130192,6.00,22.5,29.00,F,JULY_AUG,2016,EXTRA,EE1304,4.0,ELECTRICAL MEASUREMENT _8 9 10 11 12 13 14_,82.000000,73.000000,63.000000,54.000000,44.000000,35.000000,JULY_AUG_2016,0,0,0,0,0
