Reg_No,Internal,External,Total,Grade,Time,Year,Type,Code,Credit,Title,Cut-Off-S,Cut-Off-A,Cut-Off-B,Cut-Off-C,Cut-Off-D,Cut-Off-E,Directory,Absentees,Malpractices,Detentions,NA,appeared
20130576,13.60,7.5,22.00,F,JULY_AUG,2016,EXTRA,EE1305,4.0,DIGITAL ELECTRONICS _8 9 10 11 12 13 14_,86.000000,76.000000,66.000000,55.000000,45.000000,35.000000,JULY_AUG_2016,0,0,0,0,0
20140082,7.00,30.5,38.00,E,JULY_AUG,2016,EXTRA,EE1305,4.0,DIGITAL ELECTRONICS _8 9 10 11 12 13 14_,86.000000,76.000000,66.000000,55.000000,45.000000,35.000000,JULY_AUG_2016,0,0,0,0,0
20140501,12.30,25.5,38.00,E,JULY_AUG,2016,EXTRA,EE1305,4.0,DIGITAL ELECTRONICS _8 9 10 11 12 13 14_,86.000000,76.000000,66.000000,55.000000,45.000000,35.000000,JULY_AUG_2016,0,0,0,0,0
