Reg_No,Internal,External,Total,Grade,Time,Year,Type,Code,Credit,Title,Cut-Off-S,Cut-Off-A,Cut-Off-B,Cut-Off-C,Cut-Off-D,Cut-Off-E,Directory,Absentees,Malpractices,Detentions,NA,appeared
20130192,10.90,AB,0.00,I,JULY_AUG,2016,EXTRA,EE1302,4.0,CIRCUITS & NETWORKS _8 9 10 11 12 13 14_,88.000000,77.000000,67.000000,56.000000,46.000000,35.000000,JULY_AUG_2016,0,0,0,0,0
20110433,43.60,39,83.00,A,JULY_AUG,2016,EXTRA,EE1302,4.0,CIRCUITS & NETWORKS _8 9 10 11 12 13 14_,88.000000,77.000000,67.000000,56.000000,46.000000,35.000000,JULY_AUG_2016,0,0,0,0,0
201113508,19.70,15,35.00,E,JULY_AUG,2016,EXTRA,EE1302,4.0,CIRCUITS & NETWORKS _8 9 10 11 12 13 14_,88.000000,77.000000,67.000000,56.000000,46.000000,35.000000,JULY_AUG_2016,0,0,0,0,0
