Reg_No,Internal,External,Total,Grade,Time,Year,Type,Code,Credit,Title,Cut-Off-S,Cut-Off-A,Cut-Off-B,Cut-Off-C,Cut-Off-D,Cut-Off-E,Directory,Absentees,Malpractices,Detentions,NA,appeared
20120487,21.20,18,40.00,E,JULY_AUG,2016,EXTRA,EE1306,4.0,ANALOG ELECTRONIC CIRCUIT _11 12 13 14_,87.000000,77.000000,66.000000,56.000000,45.000000,35.000000,JULY_AUG_2016,0,0,0,0,0
20120719,14.30,17,32.00,F,JULY_AUG,2016,EXTRA,EE1306,4.0,ANALOG ELECTRONIC CIRCUIT _11 12 13 14_,87.000000,77.000000,66.000000,56.000000,45.000000,35.000000,JULY_AUG_2016,0,0,0,0,0
20130184,17.00,17.5,35.00,E,JULY_AUG,2016,EXTRA,EE1306,4.0,ANALOG ELECTRONIC CIRCUIT _11 12 13 14_,87.000000,77.000000,66.000000,56.000000,45.000000,35.000000,JULY_AUG_2016,0,0,0,0,0
20140082,9.00,35,44.00,E,JULY_AUG,2016,EXTRA,EE1306,4.0,ANALOG ELECTRONIC CIRCUIT _11 12 13 14_,87.000000,77.000000,66.000000,56.000000,45.000000,35.000000,JULY_AUG_2016,0,0,0,0,0
