Reg_No,Internal,External,Total,Grade,Time,Year,Type,Code,Credit,Title,Cut-Off-S,Cut-Off-A,Cut-Off-B,Cut-Off-C,Cut-Off-D,Cut-Off-E,Directory,Absentees,Malpractices,Detentions,NA,appeared
20130647,28.00,3,31.00,F,JULY_AUG,2016,EXTRA,EE1463,1.5,C++ LABORATORY,85.000000,75.000000,65.000000,55.000000,45.000000,35.000000,JULY_AUG_2016,0,0,0,0,0
20130688,50.00,14,64.00,C,JULY_AUG,2016,EXTRA,EE1463,1.5,C++ LABORATORY,85.000000,75.000000,65.000000,55.000000,45.000000,35.000000,JULY_AUG_2016,0,0,0,0,0
20130692,50.00,13,63.00,C,JULY_AUG,2016,EXTRA,EE1463,1.5,C++ LABORATORY,85.000000,75.000000,65.000000,55.000000,45.000000,35.000000,JULY_AUG_2016,0,0,0,0,0
201313504,42.00,12,54.00,D,JULY_AUG,2016,EXTRA,EE1463,1.5,C++ LABORATORY,85.000000,75.000000,65.000000,55.000000,45.000000,35.000000,JULY_AUG_2016,0,0,0,0,0
