Reg_No,Internal,External,Total,Grade,Time,Year,Type,Code,Credit,Title,Cut-Off-S,Cut-Off-A,Cut-Off-B,Cut-Off-C,Cut-Off-D,Cut-Off-E,Directory,Absentees,Malpractices,Detentions,NA,appeared
20130034,16.00,4.5,21.00,F,JULY_AUG,2016,EXTRA,EE1506,4.0,POWER SYSTEM ANALYSIS _11 12 13_,81.000000,72.000000,63.000000,53.000000,44.000000,35.000000,JULY_AUG_2016,0,0,0,0,0
20130176,15.00,23.5,39.00,E,JULY_AUG,2016,EXTRA,EE1506,4.0,POWER SYSTEM ANALYSIS _11 12 13_,81.000000,72.000000,63.000000,53.000000,44.000000,35.000000,JULY_AUG_2016,0,0,0,0,0
20130289,22.10,AB,0.00,I,JULY_AUG,2016,EXTRA,EE1506,4.0,POWER SYSTEM ANALYSIS _11 12 13_,81.000000,72.000000,63.000000,53.000000,44.000000,35.000000,JULY_AUG_2016,0,0,0,0,0
20130366,15.90,3,19.00,F,JULY_AUG,2016,EXTRA,EE1506,4.0,POWER SYSTEM ANALYSIS _11 12 13_,81.000000,72.000000,63.000000,53.000000,44.000000,35.000000,JULY_AUG_2016,0,0,0,0,0
20110312,14.90,21.5,37.00,E,JULY_AUG,2016,EXTRA,EE1506,4.0,POWER SYSTEM ANALYSIS _11 12 13_,81.000000,72.000000,63.000000,53.000000,44.000000,35.000000,JULY_AUG_2016,0,0,0,0,0
20110327,12.40,AB,0.00,I,JULY_AUG,2016,EXTRA,EE1506,4.0,POWER SYSTEM ANALYSIS _11 12 13_,81.000000,72.000000,63.000000,53.000000,44.000000,35.000000,JULY_AUG_2016,0,0,0,0,0
