Reg_No,Internal,External,Total,Grade,Time,Year,Type,Code,Credit,Title,Cut-Off-S,Cut-Off-A,Cut-Off-B,Cut-Off-C,Cut-Off-D,Cut-Off-E,Directory,Absentees,Malpractices,Detentions,NA,appeared
20120719,13.00,9.5,23.00,F,JULY_AUG,2016,EXTRA,EE1504,4.0,DIGITAL SYSTEM DESIGN _8 9 10 11 12 13_,90.000000,79.000000,68.000000,57.000000,46.000000,35.000000,JULY_AUG_2016,0,0,0,0,0
20130160,19.40,16.5,36.00,E,JULY_AUG,2016,EXTRA,EE1504,4.0,DIGITAL SYSTEM DESIGN _8 9 10 11 12 13_,90.000000,79.000000,68.000000,57.000000,46.000000,35.000000,JULY_AUG_2016,0,0,0,0,0
20130176,22.20,AB,0.00,I,JULY_AUG,2016,EXTRA,EE1504,4.0,DIGITAL SYSTEM DESIGN _8 9 10 11 12 13_,90.000000,79.000000,68.000000,57.000000,46.000000,35.000000,JULY_AUG_2016,0,0,0,0,0
20110312,16.70,23,40.00,E,JULY_AUG,2016,EXTRA,EE1504,4.0,DIGITAL SYSTEM DESIGN _8 9 10 11 12 13_,90.000000,79.000000,68.000000,57.000000,46.000000,35.000000,JULY_AUG_2016,0,0,0,0,0
200913008,34.95,21.5,57.00,C,JULY_AUG,2016,EXTRA,EE1504,4.0,DIGITAL SYSTEM DESIGN _8 9 10 11 12 13_,90.000000,79.000000,68.000000,57.000000,46.000000,35.000000,JULY_AUG_2016,0,0,0,0,0
