Reg_No,Internal,External,Total,Grade,Time,Year,Type,Code,Credit,Title,Cut-Off-S,Cut-Off-A,Cut-Off-B,Cut-Off-C,Cut-Off-D,Cut-Off-E,Directory,Absentees,Malpractices,Detentions,NA,appeared
20120719,17.40,17,35.00,E,JULY_AUG,2016,EXTRA,EE1503,4.0,MICROPROCESSOR & MICROCONTROLLER _8 9 10 11 12 13_,80.000000,71.000000,62.000000,53.000000,44.000000,35.000000,JULY_AUG_2016,0,0,0,0,0
20130034,15.30,1,17.00,F,JULY_AUG,2016,EXTRA,EE1503,4.0,MICROPROCESSOR & MICROCONTROLLER _8 9 10 11 12 13_,80.000000,71.000000,62.000000,53.000000,44.000000,35.000000,JULY_AUG_2016,0,0,0,0,0
20130160,19.90,17.5,38.00,E,JULY_AUG,2016,EXTRA,EE1503,4.0,MICROPROCESSOR & MICROCONTROLLER _8 9 10 11 12 13_,80.000000,71.000000,62.000000,53.000000,44.000000,35.000000,JULY_AUG_2016,0,0,0,0,0
20130289,21.20,AB,0.00,I,JULY_AUG,2016,EXTRA,EE1503,4.0,MICROPROCESSOR & MICROCONTROLLER _8 9 10 11 12 13_,80.000000,71.000000,62.000000,53.000000,44.000000,35.000000,JULY_AUG_2016,0,0,0,0,0
