Reg_No,Internal,External,Total,Grade,Time,Year,Type,Code,Credit,Title,Cut-Off-S,Cut-Off-A,Cut-Off-B,Cut-Off-C,Cut-Off-D,Cut-Off-E,Directory,Absentees,Malpractices,Detentions,NA,appeared
20120283,16.70,27,44.00,E,JULY_AUG,2016,EXTRA,EE1602,4.0,ADVANCED CONTROL THEORY _9 10 11 12 13_,88.000000,77.000000,67.000000,56.000000,46.000000,35.000000,JULY_AUG_2016,0,0,0,0,0
20130003,15.30,29.5,45.00,E,JULY_AUG,2016,EXTRA,EE1602,4.0,ADVANCED CONTROL THEORY _9 10 11 12 13_,88.000000,77.000000,67.000000,56.000000,46.000000,35.000000,JULY_AUG_2016,0,0,0,0,0
20130034,17.20,24,42.00,E,JULY_AUG,2016,EXTRA,EE1602,4.0,ADVANCED CONTROL THEORY _9 10 11 12 13_,88.000000,77.000000,67.000000,56.000000,46.000000,35.000000,JULY_AUG_2016,0,0,0,0,0
20130071,14.40,27,42.00,E,JULY_AUG,2016,EXTRA,EE1602,4.0,ADVANCED CONTROL THEORY _9 10 11 12 13_,88.000000,77.000000,67.000000,56.000000,46.000000,35.000000,JULY_AUG_2016,0,0,0,0,0
20130130,21.30,39.5,61.00,C,JULY_AUG,2016,EXTRA,EE1602,4.0,ADVANCED CONTROL THEORY _9 10 11 12 13_,88.000000,77.000000,67.000000,56.000000,46.000000,35.000000,JULY_AUG_2016,0,0,0,0,0
20130727,21.90,42.5,65.00,C,JULY_AUG,2016,EXTRA,EE1602,4.0,ADVANCED CONTROL THEORY _9 10 11 12 13_,88.000000,77.000000,67.000000,56.000000,46.000000,35.000000,JULY_AUG_2016,0,0,0,0,0
201313505,14.20,29,44.00,E,JULY_AUG,2016,EXTRA,EE1602,4.0,ADVANCED CONTROL THEORY _9 10 11 12 13_,88.000000,77.000000,67.000000,56.000000,46.000000,35.000000,JULY_AUG_2016,0,0,0,0,0
20130655,11.80,27.5,40.00,E,JULY_AUG,2016,EXTRA,EE1602,4.0,ADVANCED CONTROL THEORY _9 10 11 12 13_,88.000000,77.000000,67.000000,56.000000,46.000000,35.000000,JULY_AUG_2016,0,0,0,0,0
