Reg_No,Internal,External,Total,Grade,Time,Year,Type,Code,Credit,Title,Cut-Off-S,Cut-Off-A,Cut-Off-B,Cut-Off-C,Cut-Off-D,Cut-Off-E,Directory,Absentees,Malpractices,Detentions,NA,appeared
20110433,29.20,25,55.00,C,JULY_AUG,2016,EXTRA,EE702,4.0,SWITCHGEAR & PROTECTION _8 9 10 11 12_,82.000000,73.000000,63.000000,54.000000,44.000000,35.000000,JULY_AUG_2016,0,0,0,0,0
20120259,32.50,30.5,63.00,B,JULY_AUG,2016,EXTRA,EE702,4.0,SWITCHGEAR & PROTECTION _8 9 10 11 12_,82.000000,73.000000,63.000000,54.000000,44.000000,35.000000,JULY_AUG_2016,0,0,0,0,0
20120452,20.70,23.5,45.00,D,JULY_AUG,2016,EXTRA,EE702,4.0,SWITCHGEAR & PROTECTION _8 9 10 11 12_,82.000000,73.000000,63.000000,54.000000,44.000000,35.000000,JULY_AUG_2016,0,0,0,0,0
20120577,19.80,30.5,51.00,D,JULY_AUG,2016,EXTRA,EE702,4.0,SWITCHGEAR & PROTECTION _8 9 10 11 12_,82.000000,73.000000,63.000000,54.000000,44.000000,35.000000,JULY_AUG_2016,0,0,0,0,0
20120725,19.10,19,39.00,E,JULY_AUG,2016,EXTRA,EE702,4.0,SWITCHGEAR & PROTECTION _8 9 10 11 12_,82.000000,73.000000,63.000000,54.000000,44.000000,35.000000,JULY_AUG_2016,0,0,0,0,0
