Reg_No,Internal,External,Total,Grade,Time,Year,Type,Code,Credit,Title,Cut-Off-S,Cut-Off-A,Cut-Off-B,Cut-Off-C,Cut-Off-D,Cut-Off-E,Directory,Absentees,Malpractices,Detentions,NA,appeared
20120176,19.60,21.5,42.00,E,JULY_AUG,2016,EXTRA,EE701,4.0,SPECIAL MACHINES & DRIVES _11 12_,85.000000,75.000000,65.000000,55.000000,45.000000,35.000000,JULY_AUG_2016,0,0,0,0,0
20120725,36.80,14,51.00,D,JULY_AUG,2016,EXTRA,EE701,4.0,SPECIAL MACHINES & DRIVES _11 12_,85.000000,75.000000,65.000000,55.000000,45.000000,35.000000,JULY_AUG_2016,0,0,0,0,0
200913008,38.30,8.5,47.00,D,JULY_AUG,2016,EXTRA,EE701,4.0,SPECIAL MACHINES & DRIVES _11 12_,85.000000,75.000000,65.000000,55.000000,45.000000,35.000000,JULY_AUG_2016,0,0,0,0,0
201313509,16.85,29,46.00,D,JULY_AUG,2016,EXTRA,EE701,4.0,SPECIAL MACHINES & DRIVES _11 12_,85.000000,75.000000,65.000000,55.000000,45.000000,35.000000,JULY_AUG_2016,0,0,0,0,0
