Reg_No,Internal,External,Total,Grade,Time,Year,Type,Code,Credit,Title,Cut-Off-S,Cut-Off-A,Cut-Off-B,Cut-Off-C,Cut-Off-D,Cut-Off-E,Directory,Absentees,Malpractices,Detentions,NA,appeared
20120244,19.50,33.5,53.00,D,JULY_AUG,2016,EXTRA,EE703,4.0,DESIGN OF EMBEDDED SYSTEMS _11 12_,87.000000,77.000000,66.000000,56.000000,45.000000,35.000000,JULY_AUG_2016,0,0,0,0,0
20120577,22.00,37,59.00,C,JULY_AUG,2016,EXTRA,EE703,4.0,DESIGN OF EMBEDDED SYSTEMS _11 12_,87.000000,77.000000,66.000000,56.000000,45.000000,35.000000,JULY_AUG_2016,0,0,0,0,0
20121745,19.80,17,37.00,E,JULY_AUG,2016,EXTRA,EE703,4.0,DESIGN OF EMBEDDED SYSTEMS _11 12_,87.000000,77.000000,66.000000,56.000000,45.000000,35.000000,JULY_AUG_2016,0,0,0,0,0
200913008,28.30,33,62.00,C,JULY_AUG,2016,EXTRA,EE703,4.0,DESIGN OF EMBEDDED SYSTEMS _11 12_,87.000000,77.000000,66.000000,56.000000,45.000000,35.000000,JULY_AUG_2016,0,0,0,0,0
201013007,38.50,36.5,75.00,B,JULY_AUG,2016,EXTRA,EE703,4.0,DESIGN OF EMBEDDED SYSTEMS _11 12_,87.000000,77.000000,66.000000,56.000000,45.000000,35.000000,JULY_AUG_2016,0,0,0,0,0
