Reg_No,Internal,External,Total,Grade,Time,Year,Type,Code,Credit,Title,Cut-Off-S,Cut-Off-A,Cut-Off-B,Cut-Off-C,Cut-Off-D,Cut-Off-E,Directory,Absentees,Malpractices,Detentions,NA,appeared
20110452,16.40,20,37.00,E,JULY_AUG,2016,EXTRA,IE305,4.0,ANALOG ELECTRONIC CIRCUITS _12_,80.000000,71.000000,62.000000,53.000000,44.000000,35.000000,JULY_AUG_2016,0,0,0,0,0
20120260,41.10,27.5,69.00,B,JULY_AUG,2016,EXTRA,IE305,4.0,ANALOG ELECTRONIC CIRCUITS _12_,80.000000,71.000000,62.000000,53.000000,44.000000,35.000000,JULY_AUG_2016,0,0,0,0,0
20120269,39.90,8,48.00,D,JULY_AUG,2016,EXTRA,IE305,4.0,ANALOG ELECTRONIC CIRCUITS _12_,80.000000,71.000000,62.000000,53.000000,44.000000,35.000000,JULY_AUG_2016,0,0,0,0,0
20120295,41.80,27.5,70.00,B,JULY_AUG,2016,EXTRA,IE305,4.0,ANALOG ELECTRONIC CIRCUITS _12_,80.000000,71.000000,62.000000,53.000000,44.000000,35.000000,JULY_AUG_2016,0,0,0,0,0
20120307,30.70,17.5,49.00,D,JULY_AUG,2016,EXTRA,IE305,4.0,ANALOG ELECTRONIC CIRCUITS _12_,80.000000,71.000000,62.000000,53.000000,44.000000,35.000000,JULY_AUG_2016,0,0,0,0,0
