Reg_No,Internal,External,Total,Grade,Time,Year,Type,Code,Credit,Title,Cut-Off-S,Cut-Off-A,Cut-Off-B,Cut-Off-C,Cut-Off-D,Cut-Off-E,Directory,Absentees,Malpractices,Detentions,NA,appeared
20110515,41.00,12.5,54.00,C,JULY_AUG,2016,EXTRA,IE702_EE705_ELECTIVE_,4.0,BIOMEDICAL INSTRUMENTATION,80.000000,71.000000,62.000000,53.000000,44.000000,35.000000,JULY_AUG_2016,0,0,0,0,0
20110312,18.40,20,39.00,E,JULY_AUG,2016,EXTRA,IE702_EE705_ELECTIVE_,4.0,BIOMEDICAL INSTRUMENTATION,80.000000,71.000000,62.000000,53.000000,44.000000,35.000000,JULY_AUG_2016,0,0,0,0,0
20120148,45.70,40,86.00,S,JULY_AUG,2016,EXTRA,IE702_EE705_ELECTIVE_,4.0,BIOMEDICAL INSTRUMENTATION,80.000000,71.000000,62.000000,53.000000,44.000000,35.000000,JULY_AUG_2016,0,0,0,0,0
20120452,16.90,22.5,40.00,E,JULY_AUG,2016,EXTRA,IE702_EE705_ELECTIVE_,4.0,BIOMEDICAL INSTRUMENTATION,80.000000,71.000000,62.000000,53.000000,44.000000,35.000000,JULY_AUG_2016,0,0,0,0,0
20120725,19.90,19.5,40.00,E,JULY_AUG,2016,EXTRA,IE702_EE705_ELECTIVE_,4.0,BIOMEDICAL INSTRUMENTATION,80.000000,71.000000,62.000000,53.000000,44.000000,35.000000,JULY_AUG_2016,0,0,0,0,0
200913008,34.00,16.5,51.00,D,JULY_AUG,2016,EXTRA,IE702_EE705_ELECTIVE_,4.0,BIOMEDICAL INSTRUMENTATION,80.000000,71.000000,62.000000,53.000000,44.000000,35.000000,JULY_AUG_2016,0,0,0,0,0
