Reg_No,Internal,External,Total,Grade,Time,Year,Type,Code,Credit,Title,Cut-Off-S,Cut-Off-A,Cut-Off-B,Cut-Off-C,Cut-Off-D,Cut-Off-E,Directory,Absentees,Malpractices,Detentions,NA,appeared
20140676,17.70,33,51.00,D,JULY_AUG,2016,EXTRA,IT1306,4.0,NUMERICAL TECHNIQUES _9 10 11 12 13 14_,90.000000,80.000000,70.000000,60.000000,50.000000,40.000000,JULY_AUG_2016,0,0,0,0,0
201114501,39.50,2,42.00,E,JULY_AUG,2016,EXTRA,IT1306,4.0,NUMERICAL TECHNIQUES _9 10 11 12 13 14_,90.000000,80.000000,70.000000,60.000000,50.000000,40.000000,JULY_AUG_2016,0,0,0,0,0
201314502,13.70,00,14.00,F,JULY_AUG,2016,EXTRA,IT1306,4.0,NUMERICAL TECHNIQUES _9 10 11 12 13 14_,90.000000,80.000000,70.000000,60.000000,50.000000,40.000000,JULY_AUG_2016,0,0,0,0,0
