Reg_No,Internal,External,Total,Grade,Time,Year,Type,Code,Credit,Title,Cut-Off-S,Cut-Off-A,Cut-Off-B,Cut-Off-C,Cut-Off-D,Cut-Off-E,Directory,Absentees,Malpractices,Detentions,NA,appeared
20130103,22.10,30.25,53.00,D,JULY_AUG,2016,EXTRA,IT1506,4.0,OBJECT ORIENTED PROGRAMMING _8 9 10 11 12 13_,88.000000,77.000000,67.000000,56.000000,46.000000,35.000000,JULY_AUG_2016,0,0,0,0,0
20130137,18.05,38,57.00,C,JULY_AUG,2016,EXTRA,IT1506,4.0,OBJECT ORIENTED PROGRAMMING _8 9 10 11 12 13_,88.000000,77.000000,67.000000,56.000000,46.000000,35.000000,JULY_AUG_2016,0,0,0,0,0
20130306,12.10,17.5,30.00,F,JULY_AUG,2016,EXTRA,IT1506,4.0,OBJECT ORIENTED PROGRAMMING _8 9 10 11 12 13_,88.000000,77.000000,67.000000,56.000000,46.000000,35.000000,JULY_AUG_2016,0,0,0,0,0
201312502,18.35,25.5,44.00,E,JULY_AUG,2016,EXTRA,IT1506,4.0,OBJECT ORIENTED PROGRAMMING _8 9 10 11 12 13_,88.000000,77.000000,67.000000,56.000000,46.000000,35.000000,JULY_AUG_2016,0,0,0,0,0
20110266,34.73,15,50.00,D,JULY_AUG,2016,EXTRA,IT1506,4.0,OBJECT ORIENTED PROGRAMMING _8 9 10 11 12 13_,88.000000,77.000000,67.000000,56.000000,46.000000,35.000000,JULY_AUG_2016,0,0,0,0,0
20110569,23.50,23.5,47.00,D,JULY_AUG,2016,EXTRA,IT1506,4.0,OBJECT ORIENTED PROGRAMMING _8 9 10 11 12 13_,88.000000,77.000000,67.000000,56.000000,46.000000,35.000000,JULY_AUG_2016,0,0,0,0,0
201012032,39.70,28.5,69.00,B,JULY_AUG,2016,EXTRA,IT1506,4.0,OBJECT ORIENTED PROGRAMMING _8 9 10 11 12 13_,88.000000,77.000000,67.000000,56.000000,46.000000,35.000000,JULY_AUG_2016,0,0,0,0,0
20130555,9.55,42,52.00,D,JULY_AUG,2016,EXTRA,IT1506,4.0,OBJECT ORIENTED PROGRAMMING _8 9 10 11 12 13_,88.000000,77.000000,67.000000,56.000000,46.000000,35.000000,JULY_AUG_2016,0,0,0,0,0
20130469,14.80,16,31.00,F,JULY_AUG,2016,EXTRA,IT1506,4.0,OBJECT ORIENTED PROGRAMMING _8 9 10 11 12 13_,88.000000,77.000000,67.000000,56.000000,46.000000,35.000000,JULY_AUG_2016,0,0,0,0,0
