Reg_No,Internal,External,Total,Grade,Time,Year,Type,Code,Credit,Title,Cut-Off-S,Cut-Off-A,Cut-Off-B,Cut-Off-C,Cut-Off-D,Cut-Off-E,Directory,Absentees,Malpractices,Detentions,NA,appeared
20130116,42.90,11,54.00,D,JULY_AUG,2016,EXTRA,IT1605,4.0,DIGITAL IMAGE PROCESSING _9 10 11 12 13_,90.000000,80.000000,70.000000,60.000000,50.000000,40.000000,JULY_AUG_2016,0,0,0,0,0
20110451,27.05,22,50.00,D,JULY_AUG,2016,EXTRA,IT1605,4.0,DIGITAL IMAGE PROCESSING _9 10 11 12 13_,90.000000,80.000000,70.000000,60.000000,50.000000,40.000000,JULY_AUG_2016,0,0,0,0,0
20120250,32.90,27.25,61.00,C,JULY_AUG,2016,EXTRA,IT1605,4.0,DIGITAL IMAGE PROCESSING _9 10 11 12 13_,90.000000,80.000000,70.000000,60.000000,50.000000,40.000000,JULY_AUG_2016,0,0,0,0,0
201114501,24.70,24,49.00,E,JULY_AUG,2016,EXTRA,IT1605,4.0,DIGITAL IMAGE PROCESSING _9 10 11 12 13_,90.000000,80.000000,70.000000,60.000000,50.000000,40.000000,JULY_AUG_2016,0,0,0,0,0
201314502,23.40,20.75,45.00,E,JULY_AUG,2016,EXTRA,IT1605,4.0,DIGITAL IMAGE PROCESSING _9 10 11 12 13_,90.000000,80.000000,70.000000,60.000000,50.000000,40.000000,JULY_AUG_2016,0,0,0,0,0
