Reg_No,Internal,External,Total,Grade,Time,Year,Type,Code,Credit,Title,Cut-Off-S,Cut-Off-A,Cut-Off-B,Cut-Off-C,Cut-Off-D,Cut-Off-E,Directory,Absentees,Malpractices,Detentions,NA,appeared
Subject,Title,:,MATHEMATICS,I,JULY_AUG,2016,EXTRA,MA1104,4.0,MATHEMATICS I _12 13 14 15_,80.000000,71.000000,62.000000,53.000000,44.000000,35.000000,JULY_AUG_2016,0,0,0,0,0
201316008,33.90,27,61.00,C,JULY_AUG,2016,EXTRA,MA1104,4.0,MATHEMATICS I _12 13 14 15_,80.000000,71.000000,62.000000,53.000000,44.000000,35.000000,JULY_AUG_2016,0,0,0,0,0
201316010,35.30,30.5,66.00,B,JULY_AUG,2016,EXTRA,MA1104,4.0,MATHEMATICS I _12 13 14 15_,80.000000,71.000000,62.000000,53.000000,44.000000,35.000000,JULY_AUG_2016,0,0,0,0,0
201316011,32.30,27.5,60.00,C,JULY_AUG,2016,EXTRA,MA1104,4.0,MATHEMATICS I _12 13 14 15_,80.000000,71.000000,62.000000,53.000000,44.000000,35.000000,JULY_AUG_2016,0,0,0,0,0
201316027,35.70,43,79.00,A,JULY_AUG,2016,EXTRA,MA1104,4.0,MATHEMATICS I _12 13 14 15_,80.000000,71.000000,62.000000,53.000000,44.000000,35.000000,JULY_AUG_2016,0,0,0,0,0
201316014,23.40,16.5,40.00,E,JULY_AUG,2016,EXTRA,MA1104,4.0,MATHEMATICS I _12 13 14 15_,80.000000,71.000000,62.000000,53.000000,44.000000,35.000000,JULY_AUG_2016,0,0,0,0,0
201316021,24.10,16.5,41.00,E,JULY_AUG,2016,EXTRA,MA1104,4.0,MATHEMATICS I _12 13 14 15_,80.000000,71.000000,62.000000,53.000000,44.000000,35.000000,JULY_AUG_2016,0,0,0,0,0
201316022,23.60,20.5,45.00,D,JULY_AUG,2016,EXTRA,MA1104,4.0,MATHEMATICS I _12 13 14 15_,80.000000,71.000000,62.000000,53.000000,44.000000,35.000000,JULY_AUG_2016,0,0,0,0,0
