Reg_No,Internal,External,Total,Grade,Time,Year,Type,Code,Credit,Title,Cut-Off-S,Cut-Off-A,Cut-Off-B,Cut-Off-C,Cut-Off-D,Cut-Off-E,Directory,Absentees,Malpractices,Detentions,NA,appeared
201416025,9.90,24.5,35.00,E,JULY_AUG,2016,EXTRA,MA1204,4.0,MATHEMATICS II _12 13 14 15_,80.000000,71.000000,62.000000,53.000000,44.000000,35.000000,JULY_AUG_2016,0,0,0,0,0
201516022,7.40,AB,0.00,I,JULY_AUG,2016,EXTRA,MA1204,4.0,MATHEMATICS II _12 13 14 15_,80.000000,71.000000,62.000000,53.000000,44.000000,35.000000,JULY_AUG_2016,0,0,0,0,0
201516026,11.90,6,18.00,F,JULY_AUG,2016,EXTRA,MA1204,4.0,MATHEMATICS II _12 13 14 15_,80.000000,71.000000,62.000000,53.000000,44.000000,35.000000,JULY_AUG_2016,0,0,0,0,0
20121912,11.80,10.5,23.00,F,JULY_AUG,2016,EXTRA,MA1204,4.0,MATHEMATICS II _12 13 14 15_,80.000000,71.000000,62.000000,53.000000,44.000000,35.000000,JULY_AUG_2016,0,0,0,0,0
201316023,17.20,6.5,24.00,F,JULY_AUG,2016,EXTRA,MA1204,4.0,MATHEMATICS II _12 13 14 15_,80.000000,71.000000,62.000000,53.000000,44.000000,35.000000,JULY_AUG_2016,0,0,0,0,0
201316004,31.20,17,49.00,D,JULY_AUG,2016,EXTRA,MA1204,4.0,MATHEMATICS II _12 13 14 15_,80.000000,71.000000,62.000000,53.000000,44.000000,35.000000,JULY_AUG_2016,0,0,0,0,0
201316014,19.60,7,27.00,F,JULY_AUG,2016,EXTRA,MA1204,4.0,MATHEMATICS II _12 13 14 15_,80.000000,71.000000,62.000000,53.000000,44.000000,35.000000,JULY_AUG_2016,0,0,0,0,0
201316022,24.40,16,41.00,E,JULY_AUG,2016,EXTRA,MA1204,4.0,MATHEMATICS II _12 13 14 15_,80.000000,71.000000,62.000000,53.000000,44.000000,35.000000,JULY_AUG_2016,0,0,0,0,0
