Reg_No,Internal,External,Total,Grade,Time,Year,Type,Code,Credit,Title,Cut-Off-S,Cut-Off-A,Cut-Off-B,Cut-Off-C,Cut-Off-D,Cut-Off-E,Directory,Absentees,Malpractices,Detentions,NA,appeared
201316023,16.80,8,25.00,F,JULY_AUG,2016,EXTRA,MA1304,4.0,MATHEMATICS III _12 13 14_,81.000000,72.000000,63.000000,53.000000,44.000000,35.000000,JULY_AUG_2016,0,0,0,0,0
201316014,16.60,12,29.00,F,JULY_AUG,2016,EXTRA,MA1304,4.0,MATHEMATICS III _12 13 14_,81.000000,72.000000,63.000000,53.000000,44.000000,35.000000,JULY_AUG_2016,0,0,0,0,0
201316022,22.10,15.5,38.00,E,JULY_AUG,2016,EXTRA,MA1304,4.0,MATHEMATICS III _12 13 14_,81.000000,72.000000,63.000000,53.000000,44.000000,35.000000,JULY_AUG_2016,0,0,0,0,0
