Reg_No,Internal,External,Total,Grade,Time,Year,Type,Code,Credit,Title,Cut-Off-S,Cut-Off-A,Cut-Off-B,Cut-Off-C,Cut-Off-D,Cut-Off-E,Directory,Absentees,Malpractices,Detentions,NA,appeared
20110451,13.20,14,28.00,F,JULY_AUG,2016,EXTRA,MA1404,4.0,PROBABILITY & STATISTICS _12 13 14_,90.000000,80.000000,70.000000,60.000000,50.000000,40.000000,JULY_AUG_2016,0,0,0,0,0
20110474,30.30,13.5,44.00,E,JULY_AUG,2016,EXTRA,MA1404,4.0,PROBABILITY & STATISTICS _12 13 14_,90.000000,80.000000,70.000000,60.000000,50.000000,40.000000,JULY_AUG_2016,0,0,0,0,0
20110514,23.40,16,40.00,E,JULY_AUG,2016,EXTRA,MA1404,4.0,PROBABILITY & STATISTICS _12 13 14_,90.000000,80.000000,70.000000,60.000000,50.000000,40.000000,JULY_AUG_2016,0,0,0,0,0
20120707,30.60,48,79.00,B,JULY_AUG,2016,EXTRA,MA1404,4.0,PROBABILITY & STATISTICS _12 13 14_,90.000000,80.000000,70.000000,60.000000,50.000000,40.000000,JULY_AUG_2016,0,0,0,0,0
201014051,25.40,27,53.00,D,JULY_AUG,2016,EXTRA,MA1404,4.0,PROBABILITY & STATISTICS _12 13 14_,90.000000,80.000000,70.000000,60.000000,50.000000,40.000000,JULY_AUG_2016,0,0,0,0,0
201114501,0.00,DT,0.00,DT,JULY_AUG,2016,EXTRA,MA1404,4.0,PROBABILITY & STATISTICS _12 13 14_,90.000000,80.000000,70.000000,60.000000,50.000000,40.000000,JULY_AUG_2016,0,0,0,0,0
201314501,32.20,24.5,57.00,D,JULY_AUG,2016,EXTRA,MA1404,4.0,PROBABILITY & STATISTICS _12 13 14_,90.000000,80.000000,70.000000,60.000000,50.000000,40.000000,JULY_AUG_2016,0,0,0,0,0
201314502,16.30,8.5,25.00,F,JULY_AUG,2016,EXTRA,MA1404,4.0,PROBABILITY & STATISTICS _12 13 14_,90.000000,80.000000,70.000000,60.000000,50.000000,40.000000,JULY_AUG_2016,0,0,0,0,0
201314503,29.20,17.5,47.00,E,JULY_AUG,2016,EXTRA,MA1404,4.0,PROBABILITY & STATISTICS _12 13 14_,90.000000,80.000000,70.000000,60.000000,50.000000,40.000000,JULY_AUG_2016,0,0,0,0,0
