Reg_No,Internal,External,Total,Grade,Time,Year,Type,Code,Credit,Title,Cut-Off-S,Cut-Off-A,Cut-Off-B,Cut-Off-C,Cut-Off-D,Cut-Off-E,Directory,Absentees,Malpractices,Detentions,NA,appeared
201522003,15.40,20.5,36.00,E,JULY_AUG,2016,EXTRA,MA2308,4.0,NUMERICAL ANALYSIS A SOFTWARE APPROACH _12 13 14_,88.000000,77.000000,67.000000,56.000000,46.000000,35.000000,JULY_AUG_2016,0,0,0,0,0
201422503,17.30,26,44.00,E,JULY_AUG,2016,EXTRA,MA2308,4.0,NUMERICAL ANALYSIS A SOFTWARE APPROACH _12 13 14_,88.000000,77.000000,67.000000,56.000000,46.000000,35.000000,JULY_AUG_2016,0,0,0,0,0
201422506,9.40,17,27.00,F,JULY_AUG,2016,EXTRA,MA2308,4.0,NUMERICAL ANALYSIS A SOFTWARE APPROACH _12 13 14_,88.000000,77.000000,67.000000,56.000000,46.000000,35.000000,JULY_AUG_2016,0,0,0,0,0
201422510,15.30,25.5,41.00,E,JULY_AUG,2016,EXTRA,MA2308,4.0,NUMERICAL ANALYSIS A SOFTWARE APPROACH _12 13 14_,88.000000,77.000000,67.000000,56.000000,46.000000,35.000000,JULY_AUG_2016,0,0,0,0,0
201422512,15.60,18.5,35.00,E,JULY_AUG,2016,EXTRA,MA2308,4.0,NUMERICAL ANALYSIS A SOFTWARE APPROACH _12 13 14_,88.000000,77.000000,67.000000,56.000000,46.000000,35.000000,JULY_AUG_2016,0,0,0,0,0
201422518,13.50,25,39.00,E,JULY_AUG,2016,EXTRA,MA2308,4.0,NUMERICAL ANALYSIS A SOFTWARE APPROACH _12 13 14_,88.000000,77.000000,67.000000,56.000000,46.000000,35.000000,JULY_AUG_2016,0,0,0,0,0
201422520,16.60,20,37.00,E,JULY_AUG,2016,EXTRA,MA2308,4.0,NUMERICAL ANALYSIS A SOFTWARE APPROACH _12 13 14_,88.000000,77.000000,67.000000,56.000000,46.000000,35.000000,JULY_AUG_2016,0,0,0,0,0
