Reg_No,Internal,External,Total,Grade,Time,Year,Type,Code,Credit,Title,Cut-Off-S,Cut-Off-A,Cut-Off-B,Cut-Off-C,Cut-Off-D,Cut-Off-E,Directory,Absentees,Malpractices,Detentions,NA,appeared
201421412,14.50,10.5,25.00,F,JULY_AUG,2016,EXTRA,MA2303,4,DYNAMICAL SYSTEMS _12 13 14_,90.000000,80.000000,70.000000,60.000000,50.000000,40.000000,JULY_AUG_2016,0,0,0,0,0
201421413,14.50,26,41.00,E,JULY_AUG,2016,EXTRA,MA2303,4,DYNAMICAL SYSTEMS _12 13 14_,90.000000,80.000000,70.000000,60.000000,50.000000,40.000000,JULY_AUG_2016,0,0,0,0,0
201421416,13.50,27,41.00,E,JULY_AUG,2016,EXTRA,MA2303,4,DYNAMICAL SYSTEMS _12 13 14_,90.000000,80.000000,70.000000,60.000000,50.000000,40.000000,JULY_AUG_2016,0,0,0,0,0
