Reg_No,Internal,External,Total,Grade,Time,Year,Type,Code,Credit,Title,Cut-Off-S,Cut-Off-A,Cut-Off-B,Cut-Off-C,Cut-Off-D,Cut-Off-E,Directory,Absentees,Malpractices,Detentions,NA,appeared
201422502,42.38,42.33,85.00,A,JULY_AUG,2016,EXTRA,MCA601,16.0,MAJOR PROJECT,90.000000,82.000000,74.000000,66.000000,58.000000,50.000000,JULY_AUG_2016,0,0,0,0,0
201422503,31.13,28.00,60.00,D,JULY_AUG,2016,EXTRA,MCA601,16.0,MAJOR PROJECT,90.000000,82.000000,74.000000,66.000000,58.000000,50.000000,JULY_AUG_2016,0,0,0,0,0
201422508,31.50,29.00,61.00,D,JULY_AUG,2016,EXTRA,MCA601,16.0,MAJOR PROJECT,90.000000,82.000000,74.000000,66.000000,58.000000,50.000000,JULY_AUG_2016,0,0,0,0,0
201422517,0.00,DT,0.00,DT,JULY_AUG,2016,EXTRA,MCA601,16.0,MAJOR PROJECT,90.000000,82.000000,74.000000,66.000000,58.000000,50.000000,JULY_AUG_2016,0,0,0,0,0
20121310,45.00,44.67,90.00,S,JULY_AUG,2016,EXTRA,MCA601,16.0,MAJOR PROJECT,90.000000,82.000000,74.000000,66.000000,58.000000,50.000000,JULY_AUG_2016,0,0,0,0,0
