Reg_No,Internal,External,Total,Grade,Time,Year,Type,Code,Credit,Title,Cut-Off-S,Cut-Off-A,Cut-Off-B,Cut-Off-C,Cut-Off-D,Cut-Off-E,Directory,Absentees,Malpractices,Detentions,NA,appeared
201500184,65.10,15,81.00,B,JULY_AUG,2016,EXTRA,ME1161,1.5,WORKSHOP PRACTICE LAB,90.000000,82.000000,74.000000,66.000000,58.000000,50.000000,JULY_AUG_2016,0,0,0,0,0
201500316,59.60,16,76.00,B,JULY_AUG,2016,EXTRA,ME1161,1.5,WORKSHOP PRACTICE LAB,90.000000,82.000000,74.000000,66.000000,58.000000,50.000000,JULY_AUG_2016,0,0,0,0,0
201500325,53.30,14,68.00,C,JULY_AUG,2016,EXTRA,ME1161,1.5,WORKSHOP PRACTICE LAB,90.000000,82.000000,74.000000,66.000000,58.000000,50.000000,JULY_AUG_2016,0,0,0,0,0
201514501,63.10,16,80.00,B,JULY_AUG,2016,EXTRA,ME1161,1.5,WORKSHOP PRACTICE LAB,90.000000,82.000000,74.000000,66.000000,58.000000,50.000000,JULY_AUG_2016,0,0,0,0,0
