Reg_No,Internal,External,Total,Grade,Time,Year,Type,Code,Credit,Title,Cut-Off-S,Cut-Off-A,Cut-Off-B,Cut-Off-C,Cut-Off-D,Cut-Off-E,Directory,Absentees,Malpractices,Detentions,NA,appeared
20120159,25.50,20.5,46.00,D,JULY_AUG,2016,EXTRA,ME1303,4.0,MANUFACTURING PROCESS I _8 9 10 11 12 13 14_,86.000000,76.000000,66.000000,55.000000,45.000000,35.000000,JULY_AUG_2016,0,0,0,0,0
20130070,11.30,28,40.00,E,JULY_AUG,2016,EXTRA,ME1303,4.0,MANUFACTURING PROCESS I _8 9 10 11 12 13 14_,86.000000,76.000000,66.000000,55.000000,45.000000,35.000000,JULY_AUG_2016,0,0,0,0,0
20140234,27.00,20,47.00,D,JULY_AUG,2016,EXTRA,ME1303,4.0,MANUFACTURING PROCESS I _8 9 10 11 12 13 14_,86.000000,76.000000,66.000000,55.000000,45.000000,35.000000,JULY_AUG_2016,0,0,0,0,0
20140382,23.90,22.5,47.00,D,JULY_AUG,2016,EXTRA,ME1303,4.0,MANUFACTURING PROCESS I _8 9 10 11 12 13 14_,86.000000,76.000000,66.000000,55.000000,45.000000,35.000000,JULY_AUG_2016,0,0,0,0,0
20140418,15.10,AB,0.00,I,JULY_AUG,2016,EXTRA,ME1303,4.0,MANUFACTURING PROCESS I _8 9 10 11 12 13 14_,86.000000,76.000000,66.000000,55.000000,45.000000,35.000000,JULY_AUG_2016,0,0,0,0,0
20140517,17.10,22,40.00,E,JULY_AUG,2016,EXTRA,ME1303,4.0,MANUFACTURING PROCESS I _8 9 10 11 12 13 14_,86.000000,76.000000,66.000000,55.000000,45.000000,35.000000,JULY_AUG_2016,0,0,0,0,0
