Reg_No,Internal,External,Total,Grade,Time,Year,Type,Code,Credit,Title,Cut-Off-S,Cut-Off-A,Cut-Off-B,Cut-Off-C,Cut-Off-D,Cut-Off-E,Directory,Absentees,Malpractices,Detentions,NA,appeared
20120587,67.75,16,84.00,A,JULY_AUG,2016,EXTRA,ME1463,1.5,THERMAL ENGINEERING LABORATORY I,88.000000,80.000000,73.000000,65.000000,58.000000,50.000000,JULY_AUG_2016,0,0,0,0,0
20130507,69.25,15,85.00,A,JULY_AUG,2016,EXTRA,ME1463,1.5,THERMAL ENGINEERING LABORATORY I,88.000000,80.000000,73.000000,65.000000,58.000000,50.000000,JULY_AUG_2016,0,0,0,0,0
20140147,70.50,19,90.00,S,JULY_AUG,2016,EXTRA,ME1463,1.5,THERMAL ENGINEERING LABORATORY I,88.000000,80.000000,73.000000,65.000000,58.000000,50.000000,JULY_AUG_2016,0,0,0,0,0
20140219,68.25,15,84.00,A,JULY_AUG,2016,EXTRA,ME1463,1.5,THERMAL ENGINEERING LABORATORY I,88.000000,80.000000,73.000000,65.000000,58.000000,50.000000,JULY_AUG_2016,0,0,0,0,0
20140641,67.75,17,85.00,A,JULY_AUG,2016,EXTRA,ME1463,1.5,THERMAL ENGINEERING LABORATORY I,88.000000,80.000000,73.000000,65.000000,58.000000,50.000000,JULY_AUG_2016,0,0,0,0,0
201315502,66.50,17,84.00,A,JULY_AUG,2016,EXTRA,ME1463,1.5,THERMAL ENGINEERING LABORATORY I,88.000000,80.000000,73.000000,65.000000,58.000000,50.000000,JULY_AUG_2016,0,0,0,0,0
