Reg_No,Internal,External,Total,Grade,Time,Year,Type,Code,Credit,Title,Cut-Off-S,Cut-Off-A,Cut-Off-B,Cut-Off-C,Cut-Off-D,Cut-Off-E,Directory,Absentees,Malpractices,Detentions,NA,appeared
20130070,10.20,29,40.00,E,JULY_AUG,2016,EXTRA,ME1405,4.0,MATERIAL SCIENCE _9 10 11 12 13 14_,84.000000,74.000000,64.000000,55.000000,45.000000,35.000000,JULY_AUG_2016,0,0,0,0,0
20130356,27.55,19,47.00,D,JULY_AUG,2016,EXTRA,ME1405,4.0,MATERIAL SCIENCE _9 10 11 12 13 14_,84.000000,74.000000,64.000000,55.000000,45.000000,35.000000,JULY_AUG_2016,0,0,0,0,0
20130742,12.80,36,49.00,D,JULY_AUG,2016,EXTRA,ME1405,4.0,MATERIAL SCIENCE _9 10 11 12 13 14_,84.000000,74.000000,64.000000,55.000000,45.000000,35.000000,JULY_AUG_2016,0,0,0,0,0
20140370,30.90,29,60.00,C,JULY_AUG,2016,EXTRA,ME1405,4.0,MATERIAL SCIENCE _9 10 11 12 13 14_,84.000000,74.000000,64.000000,55.000000,45.000000,35.000000,JULY_AUG_2016,0,0,0,0,0
20140405,15.70,19,35.00,E,JULY_AUG,2016,EXTRA,ME1405,4.0,MATERIAL SCIENCE _9 10 11 12 13 14_,84.000000,74.000000,64.000000,55.000000,45.000000,35.000000,JULY_AUG_2016,0,0,0,0,0
20140418,8.00,AB,0.00,I,JULY_AUG,2016,EXTRA,ME1405,4.0,MATERIAL SCIENCE _9 10 11 12 13 14_,84.000000,74.000000,64.000000,55.000000,45.000000,35.000000,JULY_AUG_2016,0,0,0,0,0
20140592,8.30,26.5,35.00,E,JULY_AUG,2016,EXTRA,ME1405,4.0,MATERIAL SCIENCE _9 10 11 12 13 14_,84.000000,74.000000,64.000000,55.000000,45.000000,35.000000,JULY_AUG_2016,0,0,0,0,0
20140382,20.20,23.00,44.00,E,JULY_AUG,2016,EXTRA,ME1405,4.0,MATERIAL SCIENCE _9 10 11 12 13 14_,84.000000,74.000000,64.000000,55.000000,45.000000,35.000000,JULY_AUG_2016,0,0,0,0,0
