Reg_No,Internal,External,Total,Grade,Time,Year,Type,Code,Credit,Title,Cut-Off-S,Cut-Off-A,Cut-Off-B,Cut-Off-C,Cut-Off-D,Cut-Off-E,Directory,Absentees,Malpractices,Detentions,NA,appeared
20120004,25.20,29,55.00,D,JULY_AUG,2016,EXTRA,ME1505,4.0,METROLOGY _8 9 10 11 12 13_,88.000000,77.000000,67.000000,56.000000,46.000000,35.000000,JULY_AUG_2016,0,0,0,0,0
20120159,16.50,15.5,32.00,F,JULY_AUG,2016,EXTRA,ME1505,4.0,METROLOGY _8 9 10 11 12 13_,88.000000,77.000000,67.000000,56.000000,46.000000,35.000000,JULY_AUG_2016,0,0,0,0,0
20130120,41.05,42,84.00,A,JULY_AUG,2016,EXTRA,ME1505,4.0,METROLOGY _8 9 10 11 12 13_,88.000000,77.000000,67.000000,56.000000,46.000000,35.000000,JULY_AUG_2016,0,0,0,0,0
20130144,17.40,21,39.00,E,JULY_AUG,2016,EXTRA,ME1505,4.0,METROLOGY _8 9 10 11 12 13_,88.000000,77.000000,67.000000,56.000000,46.000000,35.000000,JULY_AUG_2016,0,0,0,0,0
20130356,33.80,34,68.00,B,JULY_AUG,2016,EXTRA,ME1505,4.0,METROLOGY _8 9 10 11 12 13_,88.000000,77.000000,67.000000,56.000000,46.000000,35.000000,JULY_AUG_2016,0,0,0,0,0
20120056,14.95,29,44.00,E,JULY_AUG,2016,EXTRA,ME1505,4.0,METROLOGY _8 9 10 11 12 13_,88.000000,77.000000,67.000000,56.000000,46.000000,35.000000,JULY_AUG_2016,0,0,0,0,0
20130417,13.50,33.5,47.00,D,JULY_AUG,2016,EXTRA,ME1505,4.0,METROLOGY _8 9 10 11 12 13_,88.000000,77.000000,67.000000,56.000000,46.000000,35.000000,JULY_AUG_2016,0,0,0,0,0
