Reg_No,Internal,External,Total,Grade,Time,Year,Type,Code,Credit,Title,Cut-Off-S,Cut-Off-A,Cut-Off-B,Cut-Off-C,Cut-Off-D,Cut-Off-E,Directory,Absentees,Malpractices,Detentions,NA,appeared
20120032,14.80,00,15.00,F,JULY_AUG,2016,EXTRA,ME1605,4.0,MECHATRONICS _8 9 10 11 12 13_,80.000000,71.000000,62.000000,53.000000,44.000000,35.000000,JULY_AUG_2016,0,0,0,0,0
20120159,19.20,19,39.00,E,JULY_AUG,2016,EXTRA,ME1605,4.0,MECHATRONICS _8 9 10 11 12 13_,80.000000,71.000000,62.000000,53.000000,44.000000,35.000000,JULY_AUG_2016,0,0,0,0,0
20121103,13.60,13,27.00,F,JULY_AUG,2016,EXTRA,ME1605,4.0,MECHATRONICS _8 9 10 11 12 13_,80.000000,71.000000,62.000000,53.000000,44.000000,35.000000,JULY_AUG_2016,0,0,0,0,0
20130158,15.40,34.5,50.00,D,JULY_AUG,2016,EXTRA,ME1605,4.0,MECHATRONICS _8 9 10 11 12 13_,80.000000,71.000000,62.000000,53.000000,44.000000,35.000000,JULY_AUG_2016,0,0,0,0,0
20130274,11.70,30.5,43.00,E,JULY_AUG,2016,EXTRA,ME1605,4.0,MECHATRONICS _8 9 10 11 12 13_,80.000000,71.000000,62.000000,53.000000,44.000000,35.000000,JULY_AUG_2016,0,0,0,0,0
20130417,11.00,AB,0.00,I,JULY_AUG,2016,EXTRA,ME1605,4.0,MECHATRONICS _8 9 10 11 12 13_,80.000000,71.000000,62.000000,53.000000,44.000000,35.000000,JULY_AUG_2016,0,0,0,0,0
20130512,20.30,36.5,57.00,C,JULY_AUG,2016,EXTRA,ME1605,4.0,MECHATRONICS _8 9 10 11 12 13_,80.000000,71.000000,62.000000,53.000000,44.000000,35.000000,JULY_AUG_2016,0,0,0,0,0
201415504,24.05,20.5,45.00,D,JULY_AUG,2016,EXTRA,ME1605,4.0,MECHATRONICS _8 9 10 11 12 13_,80.000000,71.000000,62.000000,53.000000,44.000000,35.000000,JULY_AUG_2016,0,0,0,0,0
20120210,19.40,AB,0.00,I,JULY_AUG,2016,EXTRA,ME1605,4.0,MECHATRONICS _8 9 10 11 12 13_,80.000000,71.000000,62.000000,53.000000,44.000000,35.000000,JULY_AUG_2016,0,0,0,0,0
