Reg_No,Internal,External,Total,Grade,Time,Year,Type,Code,Credit,Title,Cut-Off-S,Cut-Off-A,Cut-Off-B,Cut-Off-C,Cut-Off-D,Cut-Off-E,Directory,Absentees,Malpractices,Detentions,NA,appeared
20120136,60.00,16,76.00,B,JULY_AUG,2016,EXTRA,ME1661,1.5,THERMAL ENGINEERING LABORATORY II,90.000000,82.000000,74.000000,66.000000,58.000000,50.000000,JULY_AUG_2016,0,0,0,0,0
20130318,63.00,15,78.00,B,JULY_AUG,2016,EXTRA,ME1661,1.5,THERMAL ENGINEERING LABORATORY II,90.000000,82.000000,74.000000,66.000000,58.000000,50.000000,JULY_AUG_2016,0,0,0,0,0
20130025,62.40,13,76.00,B,JULY_AUG,2016,EXTRA,ME1661,1.5,THERMAL ENGINEERING LABORATORY II,90.000000,82.000000,74.000000,66.000000,58.000000,50.000000,JULY_AUG_2016,0,0,0,0,0
20130144,60.60,13,74.00,B,JULY_AUG,2016,EXTRA,ME1661,1.5,THERMAL ENGINEERING LABORATORY II,90.000000,82.000000,74.000000,66.000000,58.000000,50.000000,JULY_AUG_2016,0,0,0,0,0
20130277,63.00,15,78.00,B,JULY_AUG,2016,EXTRA,ME1661,1.5,THERMAL ENGINEERING LABORATORY II,90.000000,82.000000,74.000000,66.000000,58.000000,50.000000,JULY_AUG_2016,0,0,0,0,0
20130198,66.60,15,82.00,A,JULY_AUG,2016,EXTRA,ME1661,1.5,THERMAL ENGINEERING LABORATORY II,90.000000,82.000000,74.000000,66.000000,58.000000,50.000000,JULY_AUG_2016,0,0,0,0,0
20130755,61.80,14,76.00,B,JULY_AUG,2016,EXTRA,ME1661,1.5,THERMAL ENGINEERING LABORATORY II,90.000000,82.000000,74.000000,66.000000,58.000000,50.000000,JULY_AUG_2016,0,0,0,0,0
201415504,62.70,13,76.00,B,JULY_AUG,2016,EXTRA,ME1661,1.5,THERMAL ENGINEERING LABORATORY II,90.000000,82.000000,74.000000,66.000000,58.000000,50.000000,JULY_AUG_2016,0,0,0,0,0
