Reg_No,Internal,External,Total,Grade,Time,Year,Type,Code,Credit,Title,Cut-Off-S,Cut-Off-A,Cut-Off-B,Cut-Off-C,Cut-Off-D,Cut-Off-E,Directory,Absentees,Malpractices,Detentions,NA,appeared
20120004,35.60,16.5,53.00,D,JULY_AUG,2016,EXTRA,ME1604,4.0,AUTOMOBILE ENGINEERING _11 12 13_,83.000000,73.000000,64.000000,54.000000,45.000000,35.000000,JULY_AUG_2016,0,0,0,0,0
20120115,29.20,20,50.00,D,JULY_AUG,2016,EXTRA,ME1604,4.0,AUTOMOBILE ENGINEERING _11 12 13_,83.000000,73.000000,64.000000,54.000000,45.000000,35.000000,JULY_AUG_2016,0,0,0,0,0
20120159,25.30,18.5,44.00,E,JULY_AUG,2016,EXTRA,ME1604,4.0,AUTOMOBILE ENGINEERING _11 12 13_,83.000000,73.000000,64.000000,54.000000,45.000000,35.000000,JULY_AUG_2016,0,0,0,0,0
20130144,17.30,19,37.00,E,JULY_AUG,2016,EXTRA,ME1604,4.0,AUTOMOBILE ENGINEERING _11 12 13_,83.000000,73.000000,64.000000,54.000000,45.000000,35.000000,JULY_AUG_2016,0,0,0,0,0
20130356,22.00,27.5,50.00,D,JULY_AUG,2016,EXTRA,ME1604,4.0,AUTOMOBILE ENGINEERING _11 12 13_,83.000000,73.000000,64.000000,54.000000,45.000000,35.000000,JULY_AUG_2016,0,0,0,0,0
20130393,21.70,18.5,41.00,E,JULY_AUG,2016,EXTRA,ME1604,4.0,AUTOMOBILE ENGINEERING _11 12 13_,83.000000,73.000000,64.000000,54.000000,45.000000,35.000000,JULY_AUG_2016,0,0,0,0,0
20130417,16.00,27,43.00,E,JULY_AUG,2016,EXTRA,ME1604,4.0,AUTOMOBILE ENGINEERING _11 12 13_,83.000000,73.000000,64.000000,54.000000,45.000000,35.000000,JULY_AUG_2016,0,0,0,0,0
20130536,21.20,14.5,36.00,E,JULY_AUG,2016,EXTRA,ME1604,4.0,AUTOMOBILE ENGINEERING _11 12 13_,83.000000,73.000000,64.000000,54.000000,45.000000,35.000000,JULY_AUG_2016,0,0,0,0,0
201415509,24.40,28,53.00,D,JULY_AUG,2016,EXTRA,ME1604,4.0,AUTOMOBILE ENGINEERING _11 12 13_,83.000000,73.000000,64.000000,54.000000,45.000000,35.000000,JULY_AUG_2016,0,0,0,0,0
