Reg_No,Internal,External,Total,Grade,Time,Year,Type,Code,Credit,Title,Cut-Off-S,Cut-Off-A,Cut-Off-B,Cut-Off-C,Cut-Off-D,Cut-Off-E,Directory,Absentees,Malpractices,Detentions,NA,appeared
20120159,18.20,16.5,35.00,E,JULY_AUG,2016,EXTRA,ME1603,4.0,MACHINE DESIGN II _8 9 10 11 12 13_,87.000000,77.000000,66.000000,56.000000,45.000000,35.000000,JULY_AUG_2016,0,0,0,0,0
20130144,13.30,35,49.00,D,JULY_AUG,2016,EXTRA,ME1603,4.0,MACHINE DESIGN II _8 9 10 11 12 13_,87.000000,77.000000,66.000000,56.000000,45.000000,35.000000,JULY_AUG_2016,0,0,0,0,0
20130277,15.00,26,41.00,E,JULY_AUG,2016,EXTRA,ME1603,4.0,MACHINE DESIGN II _8 9 10 11 12 13_,87.000000,77.000000,66.000000,56.000000,45.000000,35.000000,JULY_AUG_2016,0,0,0,0,0
20130436,18.00,26.5,45.00,D,JULY_AUG,2016,EXTRA,ME1603,4.0,MACHINE DESIGN II _8 9 10 11 12 13_,87.000000,77.000000,66.000000,56.000000,45.000000,35.000000,JULY_AUG_2016,0,0,0,0,0
20130485,31.90,31,63.00,C,JULY_AUG,2016,EXTRA,ME1603,4.0,MACHINE DESIGN II _8 9 10 11 12 13_,87.000000,77.000000,66.000000,56.000000,45.000000,35.000000,JULY_AUG_2016,0,0,0,0,0
20130512,23.90,37.5,62.00,C,JULY_AUG,2016,EXTRA,ME1603,4.0,MACHINE DESIGN II _8 9 10 11 12 13_,87.000000,77.000000,66.000000,56.000000,45.000000,35.000000,JULY_AUG_2016,0,0,0,0,0
20130536,14.40,32.5,47.00,D,JULY_AUG,2016,EXTRA,ME1603,4.0,MACHINE DESIGN II _8 9 10 11 12 13_,87.000000,77.000000,66.000000,56.000000,45.000000,35.000000,JULY_AUG_2016,0,0,0,0,0
20130755,19.30,35,55.00,D,JULY_AUG,2016,EXTRA,ME1603,4.0,MACHINE DESIGN II _8 9 10 11 12 13_,87.000000,77.000000,66.000000,56.000000,45.000000,35.000000,JULY_AUG_2016,0,0,0,0,0
20120136,14.40,20.5,35.00,E,JULY_AUG,2016,EXTRA,ME1603,4.0,MACHINE DESIGN II _8 9 10 11 12 13_,87.000000,77.000000,66.000000,56.000000,45.000000,35.000000,JULY_AUG_2016,0,0,0,0,0
