Reg_No,Internal,External,Total,Grade,Time,Year,Type,Code,Credit,Title,Cut-Off-S,Cut-Off-A,Cut-Off-B,Cut-Off-C,Cut-Off-D,Cut-Off-E,Directory,Absentees,Malpractices,Detentions,NA,appeared
20120077,39.90,3,43.00,E,JULY_AUG,2016,EXTRA,ME701,4.0,MECHANICAL VIBRATIONS _8 9 10 11 12_,89.000000,78.000000,67.000000,57.000000,46.000000,35.000000,JULY_AUG_2016,0,0,0,0,0
20120103,18.40,33.5,52.00,D,JULY_AUG,2016,EXTRA,ME701,4.0,MECHANICAL VIBRATIONS _8 9 10 11 12_,89.000000,78.000000,67.000000,57.000000,46.000000,35.000000,JULY_AUG_2016,0,0,0,0,0
20120155,40.70,4,45.00,E,JULY_AUG,2016,EXTRA,ME701,4.0,MECHANICAL VIBRATIONS _8 9 10 11 12_,89.000000,78.000000,67.000000,57.000000,46.000000,35.000000,JULY_AUG_2016,0,0,0,0,0
20120175,43.70,5,49.00,D,JULY_AUG,2016,EXTRA,ME701,4.0,MECHANICAL VIBRATIONS _8 9 10 11 12_,89.000000,78.000000,67.000000,57.000000,46.000000,35.000000,JULY_AUG_2016,0,0,0,0,0
20120333,45.60,3.5,50.00,D,JULY_AUG,2016,EXTRA,ME701,4.0,MECHANICAL VIBRATIONS _8 9 10 11 12_,89.000000,78.000000,67.000000,57.000000,46.000000,35.000000,JULY_AUG_2016,0,0,0,0,0
20120513,22.50,31,54.00,D,JULY_AUG,2016,EXTRA,ME701,4.0,MECHANICAL VIBRATIONS _8 9 10 11 12_,89.000000,78.000000,67.000000,57.000000,46.000000,35.000000,JULY_AUG_2016,0,0,0,0,0
20120672,43.30,5,49.00,D,JULY_AUG,2016,EXTRA,ME701,4.0,MECHANICAL VIBRATIONS _8 9 10 11 12_,89.000000,78.000000,67.000000,57.000000,46.000000,35.000000,JULY_AUG_2016,0,0,0,0,0
20120729,17.40,18,36.00,E,JULY_AUG,2016,EXTRA,ME701,4.0,MECHANICAL VIBRATIONS _8 9 10 11 12_,89.000000,78.000000,67.000000,57.000000,46.000000,35.000000,JULY_AUG_2016,0,0,0,0,0
