Reg_No,Internal,External,Total,Grade,Time,Year,Type,Code,Credit,Title,Cut-Off-S,Cut-Off-A,Cut-Off-B,Cut-Off-C,Cut-Off-D,Cut-Off-E,Directory,Absentees,Malpractices,Detentions,NA,appeared
201321209,16.55,23.5,41.00,E,JULY_AUG,2016,EXTRA,PH2204,4.0,QUANTUM MECHANICS II _12 13 14 15_,90.000000,80.000000,70.000000,60.000000,50.000000,40.000000,JULY_AUG_2016,0,0,0,0,0
201521211,25.55,18,44.00,E,JULY_AUG,2016,EXTRA,PH2204,4.0,QUANTUM MECHANICS II _12 13 14 15_,90.000000,80.000000,70.000000,60.000000,50.000000,40.000000,JULY_AUG_2016,0,0,0,0,0
201521214,32.45,32,65.00,C,JULY_AUG,2016,EXTRA,PH2204,4.0,QUANTUM MECHANICS II _12 13 14 15_,90.000000,80.000000,70.000000,60.000000,50.000000,40.000000,JULY_AUG_2016,0,0,0,0,0
