Reg_No,Internal,External,Total,Grade,Time,Year,Type,Code,Credit,Title,Cut-Off-S,Cut-Off-A,Cut-Off-B,Cut-Off-C,Cut-Off-D,Cut-Off-E,Directory,Absentees,Malpractices,Detentions,NA,appeared
201419004,9.90,06,16.00,F,NOV_DEC,2016,BACK,BA1304,4.0,ACCOUNTING FOR MANAGEMENT _11 12 13 14 15_,80.000000,71.000000,62.000000,53.000000,44.000000,35.000000,NOV_DEC_2016,0,0,0,0,0
201419019,8.50,05,14.00,F,NOV_DEC,2016,BACK,BA1304,4.0,ACCOUNTING FOR MANAGEMENT _11 12 13 14 15_,80.000000,71.000000,62.000000,53.000000,44.000000,35.000000,NOV_DEC_2016,0,0,0,0,0
201419033,15.80,09,25.00,F,NOV_DEC,2016,BACK,BA1304,4.0,ACCOUNTING FOR MANAGEMENT _11 12 13 14 15_,80.000000,71.000000,62.000000,53.000000,44.000000,35.000000,NOV_DEC_2016,0,0,0,0,0
