Reg_No,Internal,External,Total,Grade,Time,Year,Type,Code,Credit,Title,Cut-Off-S,Cut-Off-A,Cut-Off-B,Cut-Off-C,Cut-Off-D,Cut-Off-E,Directory,Absentees,Malpractices,Detentions,NA,appeared
20130480,8.93,8.75,18.00,F,NOV_DEC,2016,BACK,CE1306,4.0,ENGINEERING GEOLOGY _9 10 11 12 13 14 15_,80.000000,71.000000,62.000000,53.000000,44.000000,35.000000,NOV_DEC_2016,0,0,0,0,0
20131102,16.30,AB,0.00,I,NOV_DEC,2016,BACK,CE1306,4.0,ENGINEERING GEOLOGY _9 10 11 12 13 14 15_,80.000000,71.000000,62.000000,53.000000,44.000000,35.000000,NOV_DEC_2016,0,0,0,0,0
20140008,12.30,AB,0.00,I,NOV_DEC,2016,BACK,CE1306,4.0,ENGINEERING GEOLOGY _9 10 11 12 13 14 15_,80.000000,71.000000,62.000000,53.000000,44.000000,35.000000,NOV_DEC_2016,0,0,0,0,0
20140238,14.50,14.5,29.00,F,NOV_DEC,2016,BACK,CE1306,4.0,ENGINEERING GEOLOGY _9 10 11 12 13 14 15_,80.000000,71.000000,62.000000,53.000000,44.000000,35.000000,NOV_DEC_2016,0,0,0,0,0
20140638,16.10,AB,0.00,I,NOV_DEC,2016,BACK,CE1306,4.0,ENGINEERING GEOLOGY _9 10 11 12 13 14 15_,80.000000,71.000000,62.000000,53.000000,44.000000,35.000000,NOV_DEC_2016,0,0,0,0,0
20140704,9.20,AB,0.00,I,NOV_DEC,2016,BACK,CE1306,4.0,ENGINEERING GEOLOGY _9 10 11 12 13 14 15_,80.000000,71.000000,62.000000,53.000000,44.000000,35.000000,NOV_DEC_2016,0,0,0,0,0
