Reg_No,Internal,External,Total,Grade,Time,Year,Type,Code,Credit,Title,Cut-Off-S,Cut-Off-A,Cut-Off-B,Cut-Off-C,Cut-Off-D,Cut-Off-E,Directory,Absentees,Malpractices,Detentions,NA,appeared
20120357,20.00,AB,0.00,I,NOV_DEC,2016,BACK,CS1303,4.0,PROGRAMMING WITH C++ _11 12 13 14 15_,90.000000,79.000000,68.000000,57.000000,46.000000,35.000000,NOV_DEC_2016,0,0,0,0,0
20120370,13.20,AB,0.00,I,NOV_DEC,2016,BACK,CS1303,4.0,PROGRAMMING WITH C++ _11 12 13 14 15_,90.000000,79.000000,68.000000,57.000000,46.000000,35.000000,NOV_DEC_2016,0,0,0,0,0
20130254,19.10,AB,0.00,I,NOV_DEC,2016,BACK,CS1303,4.0,PROGRAMMING WITH C++ _11 12 13 14 15_,90.000000,79.000000,68.000000,57.000000,46.000000,35.000000,NOV_DEC_2016,0,0,0,0,0
20140036,19.65,AB,0.00,I,NOV_DEC,2016,BACK,CS1303,4.0,PROGRAMMING WITH C++ _11 12 13 14 15_,90.000000,79.000000,68.000000,57.000000,46.000000,35.000000,NOV_DEC_2016,0,0,0,0,0
20140129,18.60,00,19.00,F,NOV_DEC,2016,BACK,CS1303,4.0,PROGRAMMING WITH C++ _11 12 13 14 15_,90.000000,79.000000,68.000000,57.000000,46.000000,35.000000,NOV_DEC_2016,0,0,0,0,0
20140139,9.25,AB,0.00,I,NOV_DEC,2016,BACK,CS1303,4.0,PROGRAMMING WITH C++ _11 12 13 14 15_,90.000000,79.000000,68.000000,57.000000,46.000000,35.000000,NOV_DEC_2016,0,0,0,0,0
20140318,16.15,20.25,37.00,E,NOV_DEC,2016,BACK,CS1303,4.0,PROGRAMMING WITH C++ _11 12 13 14 15_,90.000000,79.000000,68.000000,57.000000,46.000000,35.000000,NOV_DEC_2016,0,0,0,0,0
20140384,6.85,02.5,10.00,F,NOV_DEC,2016,BACK,CS1303,4.0,PROGRAMMING WITH C++ _11 12 13 14 15_,90.000000,79.000000,68.000000,57.000000,46.000000,35.000000,NOV_DEC_2016,0,0,0,0,0
