Reg_No,Internal,External,Total,Grade,Time,Year,Type,Code,Credit,Title,Cut-Off-S,Cut-Off-A,Cut-Off-B,Cut-Off-C,Cut-Off-D,Cut-Off-E,Directory,Absentees,Malpractices,Detentions,NA,appeared
20120370,12.30,AB,0.00,I,NOV_DEC,2016,BACK,CS1302,4.0,DATA STRUCTURES _9 10 11 12 13 14 15_,80.000000,71.000000,62.000000,53.000000,44.000000,35.000000,NOV_DEC_2016,0,0,0,0,0
20140322,15.00,AB,0.00,I,NOV_DEC,2016,BACK,CS1302,4.0,DATA STRUCTURES _9 10 11 12 13 14 15_,80.000000,71.000000,62.000000,53.000000,44.000000,35.000000,NOV_DEC_2016,0,0,0,0,0
20140604,18.50,11.0,30.00,F,NOV_DEC,2016,BACK,CS1302,4.0,DATA STRUCTURES _9 10 11 12 13 14 15_,80.000000,71.000000,62.000000,53.000000,44.000000,35.000000,NOV_DEC_2016,0,0,0,0,0
