Reg_No,Internal,External,Total,Grade,Time,Year,Type,Code,Credit,Title,Cut-Off-S,Cut-Off-A,Cut-Off-B,Cut-Off-C,Cut-Off-D,Cut-Off-E,Directory,Absentees,Malpractices,Detentions,NA,appeared
20120666,11.85,7.5,20.00,F,NOV_DEC,2016,BACK,CS1504,4.0,SOFTWARE ENGINEERING _9 10 11 12 13 14_,82.000000,72.000000,63.000000,53.000000,44.000000,35.000000,NOV_DEC_2016,0,0,0,0,0
20120700,13.60,25.5,40.00,E,NOV_DEC,2016,BACK,CS1504,4.0,SOFTWARE ENGINEERING _9 10 11 12 13 14_,82.000000,72.000000,63.000000,53.000000,44.000000,35.000000,NOV_DEC_2016,0,0,0,0,0
20120357,10.60,AB,0.00,I,NOV_DEC,2016,BACK,CS1504,4.0,SOFTWARE ENGINEERING _9 10 11 12 13 14_,82.000000,72.000000,63.000000,53.000000,44.000000,35.000000,NOV_DEC_2016,0,0,0,0,0
