Reg_No,Internal,External,Total,Grade,Time,Year,Type,Code,Credit,Title,Cut-Off-S,Cut-Off-A,Cut-Off-B,Cut-Off-C,Cut-Off-D,Cut-Off-E,Directory,Absentees,Malpractices,Detentions,NA,appeared
20130513,15.00,08,23.00,F,NOV_DEC,2016,BACK,EC1107,4.0,BASIC ELECTRONICS _11 12 13 14 15 16_,80.000000,71.000000,62.000000,53.000000,44.000000,35.000000,NOV_DEC_2016,0,0,0,0,0
20140151,17.25,26,44.00,D,NOV_DEC,2016,BACK,EC1107,4.0,BASIC ELECTRONICS _11 12 13 14 15 16_,80.000000,71.000000,62.000000,53.000000,44.000000,35.000000,NOV_DEC_2016,0,0,0,0,0
20140158,17.10,21.5,39.00,E,NOV_DEC,2016,BACK,EC1107,4.0,BASIC ELECTRONICS _11 12 13 14 15 16_,80.000000,71.000000,62.000000,53.000000,44.000000,35.000000,NOV_DEC_2016,0,0,0,0,0
20140736,16.40,07,24.00,F,NOV_DEC,2016,BACK,EC1107,4.0,BASIC ELECTRONICS _11 12 13 14 15 16_,80.000000,71.000000,62.000000,53.000000,44.000000,35.000000,NOV_DEC_2016,0,0,0,0,0
201500019,6.90,AB,0.00,I,NOV_DEC,2016,BACK,EC1107,4.0,BASIC ELECTRONICS _11 12 13 14 15 16_,80.000000,71.000000,62.000000,53.000000,44.000000,35.000000,NOV_DEC_2016,0,0,0,0,0
