Reg_No,Internal,External,Total,Grade,Time,Year,Type,Code,Credit,Title,Cut-Off-S,Cut-Off-A,Cut-Off-B,Cut-Off-C,Cut-Off-D,Cut-Off-E,Directory,Absentees,Malpractices,Detentions,NA,appeared
20140674,25.60,21.5,48.00,D,NOV_DEC,2016,NORMAL,EC1307,4.0,APPLIED ELECTRONICS _EC1307_,82.000000,73.000000,64.000000,56.000000,47.000000,38.000000,NOV_DEC_2016,1,0,0,0,8
20140692,34.35,6.5,41.00,E,NOV_DEC,2016,NORMAL,EC1307,4.0,APPLIED ELECTRONICS _EC1307_,82.000000,73.000000,64.000000,56.000000,47.000000,38.000000,NOV_DEC_2016,1,0,0,0,8
201500009,32.60,35,68.00,B,NOV_DEC,2016,NORMAL,EC1307,4.0,APPLIED ELECTRONICS _EC1307_,82.000000,73.000000,64.000000,56.000000,47.000000,38.000000,NOV_DEC_2016,1,0,0,0,8
201500022,37.85,32.5,71.00,B,NOV_DEC,2016,NORMAL,EC1307,4.0,APPLIED ELECTRONICS _EC1307_,82.000000,73.000000,64.000000,56.000000,47.000000,38.000000,NOV_DEC_2016,1,0,0,0,8
201500301,35.40,24.5,60.00,C,NOV_DEC,2016,NORMAL,EC1307,4.0,APPLIED ELECTRONICS _EC1307_,82.000000,73.000000,64.000000,56.000000,47.000000,38.000000,NOV_DEC_2016,1,0,0,0,8
201500413,37.10,31,69.00,B,NOV_DEC,2016,NORMAL,EC1307,4.0,APPLIED ELECTRONICS _EC1307_,82.000000,73.000000,64.000000,56.000000,47.000000,38.000000,NOV_DEC_2016,1,0,0,0,8
201500417,35.60,42.5,79.00,A,NOV_DEC,2016,NORMAL,EC1307,4.0,APPLIED ELECTRONICS _EC1307_,82.000000,73.000000,64.000000,56.000000,47.000000,38.000000,NOV_DEC_2016,1,0,0,0,8
201500529,36.10,33,70.00,B,NOV_DEC,2016,NORMAL,EC1307,4.0,APPLIED ELECTRONICS _EC1307_,82.000000,73.000000,64.000000,56.000000,47.000000,38.000000,NOV_DEC_2016,1,0,0,0,8
20140512,8.00,AB,0.00,I,NOV_DEC,2016,NORMAL,EC1307,4.0,APPLIED ELECTRONICS _EC1307_,82.000000,73.000000,64.000000,56.000000,47.000000,38.000000,NOV_DEC_2016,1,0,0,0,8
