Reg_No,Internal,External,Total,Grade,Time,Year,Type,Code,Credit,Title,Cut-Off-S,Cut-Off-A,Cut-Off-B,Cut-Off-C,Cut-Off-D,Cut-Off-E,Directory,Absentees,Malpractices,Detentions,NA,appeared
20140674,53.00,6,59.00,D,NOV_DEC,2016,NORMAL,EC1364,1.5,APPLIED ELECTRONICS LAB _EC1364_,88.000000,80.000000,73.000000,65.000000,58.000000,50.000000,NOV_DEC_2016,0,0,1,0,7
20140692,0.00,DT,0.00,DT,NOV_DEC,2016,NORMAL,EC1364,1.5,APPLIED ELECTRONICS LAB _EC1364_,88.000000,80.000000,73.000000,65.000000,58.000000,50.000000,NOV_DEC_2016,0,0,1,0,7
201500009,65.00,14,79.00,B,NOV_DEC,2016,NORMAL,EC1364,1.5,APPLIED ELECTRONICS LAB _EC1364_,88.000000,80.000000,73.000000,65.000000,58.000000,50.000000,NOV_DEC_2016,0,0,1,0,7
201500022,68.00,11,79.00,B,NOV_DEC,2016,NORMAL,EC1364,1.5,APPLIED ELECTRONICS LAB _EC1364_,88.000000,80.000000,73.000000,65.000000,58.000000,50.000000,NOV_DEC_2016,0,0,1,0,7
201500301,67.00,8,75.00,B,NOV_DEC,2016,NORMAL,EC1364,1.5,APPLIED ELECTRONICS LAB _EC1364_,88.000000,80.000000,73.000000,65.000000,58.000000,50.000000,NOV_DEC_2016,0,0,1,0,7
201500413,57.00,7,64.00,D,NOV_DEC,2016,NORMAL,EC1364,1.5,APPLIED ELECTRONICS LAB _EC1364_,88.000000,80.000000,73.000000,65.000000,58.000000,50.000000,NOV_DEC_2016,0,0,1,0,7
201500417,68.00,19,87.00,A,NOV_DEC,2016,NORMAL,EC1364,1.5,APPLIED ELECTRONICS LAB _EC1364_,88.000000,80.000000,73.000000,65.000000,58.000000,50.000000,NOV_DEC_2016,0,0,1,0,7
201500529,58.00,5,63.00,D,NOV_DEC,2016,NORMAL,EC1364,1.5,APPLIED ELECTRONICS LAB _EC1364_,88.000000,80.000000,73.000000,65.000000,58.000000,50.000000,NOV_DEC_2016,0,0,1,0,7
