Reg_No,Internal,External,Total,Grade,Time,Year,Type,Code,Credit,Title,Cut-Off-S,Cut-Off-A,Cut-Off-B,Cut-Off-C,Cut-Off-D,Cut-Off-E,Directory,Absentees,Malpractices,Detentions,NA,appeared
20130010,9.27,1.5,11.00,F,NOV_DEC,2016,BACK,EC1306,4.0,DIGITAL ELECTRONICS _11 12 13 14 15_,80.000000,71.000000,62.000000,53.000000,44.000000,35.000000,NOV_DEC_2016,0,0,0,0,0
20130592,12.95,AB,0.00,I,NOV_DEC,2016,BACK,EC1306,4.0,DIGITAL ELECTRONICS _11 12 13 14 15_,80.000000,71.000000,62.000000,53.000000,44.000000,35.000000,NOV_DEC_2016,0,0,0,0,0
20130638,13.25,11.25,25.00,F,NOV_DEC,2016,BACK,EC1306,4.0,DIGITAL ELECTRONICS _11 12 13 14 15_,80.000000,71.000000,62.000000,53.000000,44.000000,35.000000,NOV_DEC_2016,0,0,0,0,0
20130696,15.40,08,24.00,F,NOV_DEC,2016,BACK,EC1306,4.0,DIGITAL ELECTRONICS _11 12 13 14 15_,80.000000,71.000000,62.000000,53.000000,44.000000,35.000000,NOV_DEC_2016,0,0,0,0,0
20140355,15.25,AB,0.00,I,NOV_DEC,2016,BACK,EC1306,4.0,DIGITAL ELECTRONICS _11 12 13 14 15_,80.000000,71.000000,62.000000,53.000000,44.000000,35.000000,NOV_DEC_2016,0,0,0,0,0
20140558,14.00,20.75,35.00,E,NOV_DEC,2016,BACK,EC1306,4.0,DIGITAL ELECTRONICS _11 12 13 14 15_,80.000000,71.000000,62.000000,53.000000,44.000000,35.000000,NOV_DEC_2016,0,0,0,0,0
20140581,11.05,23,35.00,E,NOV_DEC,2016,BACK,EC1306,4.0,DIGITAL ELECTRONICS _11 12 13 14 15_,80.000000,71.000000,62.000000,53.000000,44.000000,35.000000,NOV_DEC_2016,0,0,0,0,0
20140587,14.00,AB,0.00,I,NOV_DEC,2016,BACK,EC1306,4.0,DIGITAL ELECTRONICS _11 12 13 14 15_,80.000000,71.000000,62.000000,53.000000,44.000000,35.000000,NOV_DEC_2016,0,0,0,0,0
