Reg_No,Internal,External,Total,Grade,Time,Year,Type,Code,Credit,Title,Cut-Off-S,Cut-Off-A,Cut-Off-B,Cut-Off-C,Cut-Off-D,Cut-Off-E,Directory,Absentees,Malpractices,Detentions,NA,appeared
20120312,18.20,AB,0.00,I,NOV_DEC,2016,BACK,EC1501,4.0,ANTENNA _9 10 11 12 13 14_,86.000000,76.000000,65.000000,55.000000,45.000000,35.000000,NOV_DEC_2016,0,0,0,0,0
20130378,18.50,5.5,24.00,F,NOV_DEC,2016,BACK,EC1501,4.0,ANTENNA _9 10 11 12 13 14_,86.000000,76.000000,65.000000,55.000000,45.000000,35.000000,NOV_DEC_2016,0,0,0,0,0
20130401,13.00,32.5,46.00,D,NOV_DEC,2016,BACK,EC1501,4.0,ANTENNA _9 10 11 12 13 14_,86.000000,76.000000,65.000000,55.000000,45.000000,35.000000,NOV_DEC_2016,0,0,0,0,0
