Reg_No,Internal,External,Total,Grade,Time,Year,Type,Code,Credit,Title,Cut-Off-S,Cut-Off-A,Cut-Off-B,Cut-Off-C,Cut-Off-D,Cut-Off-E,Directory,Absentees,Malpractices,Detentions,NA,appeared
20120370,12.70,AB,0.00,I,NOV_DEC,2016,BACK,EE1109,4.0,ELEMENTS OF ELECTRICAL ENGINEERING _11 12 13 14 15 16_,90.000000,79.000000,68.000000,57.000000,46.000000,35.000000,NOV_DEC_2016,0,0,0,0,0
20140070,17.95,22,40.00,E,NOV_DEC,2016,BACK,EE1109,4.0,ELEMENTS OF ELECTRICAL ENGINEERING _11 12 13 14 15 16_,90.000000,79.000000,68.000000,57.000000,46.000000,35.000000,NOV_DEC_2016,0,0,0,0,0
20140139,13.30,AB,0.00,I,NOV_DEC,2016,BACK,EE1109,4.0,ELEMENTS OF ELECTRICAL ENGINEERING _11 12 13 14 15 16_,90.000000,79.000000,68.000000,57.000000,46.000000,35.000000,NOV_DEC_2016,0,0,0,0,0
20140418,20.20,AB,0.00,I,NOV_DEC,2016,BACK,EE1109,4.0,ELEMENTS OF ELECTRICAL ENGINEERING _11 12 13 14 15 16_,90.000000,79.000000,68.000000,57.000000,46.000000,35.000000,NOV_DEC_2016,0,0,0,0,0
20140465,14.60,AB,0.00,I,NOV_DEC,2016,BACK,EE1109,4.0,ELEMENTS OF ELECTRICAL ENGINEERING _11 12 13 14 15 16_,90.000000,79.000000,68.000000,57.000000,46.000000,35.000000,NOV_DEC_2016,0,0,0,0,0
20140535,14.00,AB,0.00,I,NOV_DEC,2016,BACK,EE1109,4.0,ELEMENTS OF ELECTRICAL ENGINEERING _11 12 13 14 15 16_,90.000000,79.000000,68.000000,57.000000,46.000000,35.000000,NOV_DEC_2016,0,0,0,0,0
20140655,11.40,AB,0.00,I,NOV_DEC,2016,BACK,EE1109,4.0,ELEMENTS OF ELECTRICAL ENGINEERING _11 12 13 14 15 16_,90.000000,79.000000,68.000000,57.000000,46.000000,35.000000,NOV_DEC_2016,0,0,0,0,0
