Reg_No,Internal,External,Total,Grade,Time,Year,Type,Code,Credit,Title,Cut-Off-S,Cut-Off-A,Cut-Off-B,Cut-Off-C,Cut-Off-D,Cut-Off-E,Directory,Absentees,Malpractices,Detentions,NA,appeared
20140674,33.70,31,65.00,C,NOV_DEC,2016,NORMAL,IT1302,4.0,DATA STRUCTURES,90.000000,81.000000,72.000000,63.000000,54.000000,45.000000,NOV_DEC_2016,0,0,0,0,9
20140692,36.50,30.5,67.00,C,NOV_DEC,2016,NORMAL,IT1302,4.0,DATA STRUCTURES,90.000000,81.000000,72.000000,63.000000,54.000000,45.000000,NOV_DEC_2016,0,0,0,0,9
201500009,41.95,47,89.00,A,NOV_DEC,2016,NORMAL,IT1302,4.0,DATA STRUCTURES,90.000000,81.000000,72.000000,63.000000,54.000000,45.000000,NOV_DEC_2016,0,0,0,0,9
201500022,47.50,49,97.00,S,NOV_DEC,2016,NORMAL,IT1302,4.0,DATA STRUCTURES,90.000000,81.000000,72.000000,63.000000,54.000000,45.000000,NOV_DEC_2016,0,0,0,0,9
201500301,39.30,21.5,61.00,D,NOV_DEC,2016,NORMAL,IT1302,4.0,DATA STRUCTURES,90.000000,81.000000,72.000000,63.000000,54.000000,45.000000,NOV_DEC_2016,0,0,0,0,9
201500413,41.55,29,71.00,C,NOV_DEC,2016,NORMAL,IT1302,4.0,DATA STRUCTURES,90.000000,81.000000,72.000000,63.000000,54.000000,45.000000,NOV_DEC_2016,0,0,0,0,9
201500417,42.90,47.5,91.00,S,NOV_DEC,2016,NORMAL,IT1302,4.0,DATA STRUCTURES,90.000000,81.000000,72.000000,63.000000,54.000000,45.000000,NOV_DEC_2016,0,0,0,0,9
201500529,32.25,32,65.00,C,NOV_DEC,2016,NORMAL,IT1302,4.0,DATA STRUCTURES,90.000000,81.000000,72.000000,63.000000,54.000000,45.000000,NOV_DEC_2016,0,0,0,0,9
20140512,38.05,36,75.00,B,NOV_DEC,2016,NORMAL,IT1302,4.0,DATA STRUCTURES,90.000000,81.000000,72.000000,63.000000,54.000000,45.000000,NOV_DEC_2016,0,0,0,0,9
