Reg_No,Internal,External,Total,Grade,Time,Year,Type,Code,Credit,Title,Cut-Off-S,Cut-Off-A,Cut-Off-B,Cut-Off-C,Cut-Off-D,Cut-Off-E,Directory,Absentees,Malpractices,Detentions,NA,appeared
20140674,58.50,10,69.00,C,NOV_DEC,2016,NORMAL,IT1362,1.5,DIGITAL CIRCUITS & LOGIC DESIGN LAB,90.000000,82.000000,74.000000,66.000000,58.000000,50.000000,NOV_DEC_2016,0,0,0,0,8
20140692,55.50,11,67.00,C,NOV_DEC,2016,NORMAL,IT1362,1.5,DIGITAL CIRCUITS & LOGIC DESIGN LAB,90.000000,82.000000,74.000000,66.000000,58.000000,50.000000,NOV_DEC_2016,0,0,0,0,8
201500009,70.50,21,92.00,S,NOV_DEC,2016,NORMAL,IT1362,1.5,DIGITAL CIRCUITS & LOGIC DESIGN LAB,90.000000,82.000000,74.000000,66.000000,58.000000,50.000000,NOV_DEC_2016,0,0,0,0,8
201500022,75.25,22,98.00,S,NOV_DEC,2016,NORMAL,IT1362,1.5,DIGITAL CIRCUITS & LOGIC DESIGN LAB,90.000000,82.000000,74.000000,66.000000,58.000000,50.000000,NOV_DEC_2016,0,0,0,0,8
201500301,72.50,20,93.00,S,NOV_DEC,2016,NORMAL,IT1362,1.5,DIGITAL CIRCUITS & LOGIC DESIGN LAB,90.000000,82.000000,74.000000,66.000000,58.000000,50.000000,NOV_DEC_2016,0,0,0,0,8
201500413,70.40,20,91.00,S,NOV_DEC,2016,NORMAL,IT1362,1.5,DIGITAL CIRCUITS & LOGIC DESIGN LAB,90.000000,82.000000,74.000000,66.000000,58.000000,50.000000,NOV_DEC_2016,0,0,0,0,8
201500417,68.25,21,90.00,S,NOV_DEC,2016,NORMAL,IT1362,1.5,DIGITAL CIRCUITS & LOGIC DESIGN LAB,90.000000,82.000000,74.000000,66.000000,58.000000,50.000000,NOV_DEC_2016,0,0,0,0,8
201500529,75.25,20,96.00,S,NOV_DEC,2016,NORMAL,IT1362,1.5,DIGITAL CIRCUITS & LOGIC DESIGN LAB,90.000000,82.000000,74.000000,66.000000,58.000000,50.000000,NOV_DEC_2016,0,0,0,0,8
