Reg_No,Internal,External,Total,Grade,Time,Year,Type,Code,Credit,Title,Cut-Off-S,Cut-Off-A,Cut-Off-B,Cut-Off-C,Cut-Off-D,Cut-Off-E,Directory,Absentees,Malpractices,Detentions,NA,appeared
20140674,16.60,38.5,56.00,D,NOV_DEC,2016,NORMAL,IT1307,4.0,DATA COMMUNICATION,80.000000,73.000000,65.000000,58.000000,50.000000,43.000000,NOV_DEC_2016,2,0,0,0,7
20140692,20.90,AB,0.00,I,NOV_DEC,2016,NORMAL,IT1307,4.0,DATA COMMUNICATION,80.000000,73.000000,65.000000,58.000000,50.000000,43.000000,NOV_DEC_2016,2,0,0,0,7
201500009,25.70,34.5,61.00,C,NOV_DEC,2016,NORMAL,IT1307,4.0,DATA COMMUNICATION,80.000000,73.000000,65.000000,58.000000,50.000000,43.000000,NOV_DEC_2016,2,0,0,0,7
201500022,32.90,36,69.00,B,NOV_DEC,2016,NORMAL,IT1307,4.0,DATA COMMUNICATION,80.000000,73.000000,65.000000,58.000000,50.000000,43.000000,NOV_DEC_2016,2,0,0,0,7
201500301,26.90,26.5,54.00,D,NOV_DEC,2016,NORMAL,IT1307,4.0,DATA COMMUNICATION,80.000000,73.000000,65.000000,58.000000,50.000000,43.000000,NOV_DEC_2016,2,0,0,0,7
201500413,31.60,32,64.00,C,NOV_DEC,2016,NORMAL,IT1307,4.0,DATA COMMUNICATION,80.000000,73.000000,65.000000,58.000000,50.000000,43.000000,NOV_DEC_2016,2,0,0,0,7
201500417,24.30,45.5,70.00,B,NOV_DEC,2016,NORMAL,IT1307,4.0,DATA COMMUNICATION,80.000000,73.000000,65.000000,58.000000,50.000000,43.000000,NOV_DEC_2016,2,0,0,0,7
201500529,14.95,31,46.00,E,NOV_DEC,2016,NORMAL,IT1307,4.0,DATA COMMUNICATION,80.000000,73.000000,65.000000,58.000000,50.000000,43.000000,NOV_DEC_2016,2,0,0,0,7
20140512,8.50,AB,0.00,I,NOV_DEC,2016,NORMAL,IT1307,4.0,DATA COMMUNICATION,80.000000,73.000000,65.000000,58.000000,50.000000,43.000000,NOV_DEC_2016,2,0,0,0,7
