Reg_No,Internal,External,Total,Grade,Time,Year,Type,Code,Credit,Title,Cut-Off-S,Cut-Off-A,Cut-Off-B,Cut-Off-C,Cut-Off-D,Cut-Off-E,Directory,Absentees,Malpractices,Detentions,NA,appeared
20140674,24.45,25,50.00,D,NOV_DEC,2016,NORMAL,IT1304,4.0,DIGITAL CIRCUITS AND LOGIC DESIGN,90.000000,79.000000,68.000000,57.000000,46.000000,35.000000,NOV_DEC_2016,0,0,0,0,9
20140692,23.20,20,44.00,E,NOV_DEC,2016,NORMAL,IT1304,4.0,DIGITAL CIRCUITS AND LOGIC DESIGN,90.000000,79.000000,68.000000,57.000000,46.000000,35.000000,NOV_DEC_2016,0,0,0,0,9
201500009,41.90,46.75,89.00,A,NOV_DEC,2016,NORMAL,IT1304,4.0,DIGITAL CIRCUITS AND LOGIC DESIGN,90.000000,79.000000,68.000000,57.000000,46.000000,35.000000,NOV_DEC_2016,0,0,0,0,9
201500022,39.30,48,88.00,A,NOV_DEC,2016,NORMAL,IT1304,4.0,DIGITAL CIRCUITS AND LOGIC DESIGN,90.000000,79.000000,68.000000,57.000000,46.000000,35.000000,NOV_DEC_2016,0,0,0,0,9
201500301,32.95,37,70.00,B,NOV_DEC,2016,NORMAL,IT1304,4.0,DIGITAL CIRCUITS AND LOGIC DESIGN,90.000000,79.000000,68.000000,57.000000,46.000000,35.000000,NOV_DEC_2016,0,0,0,0,9
201500413,41.55,43.75,86.00,A,NOV_DEC,2016,NORMAL,IT1304,4.0,DIGITAL CIRCUITS AND LOGIC DESIGN,90.000000,79.000000,68.000000,57.000000,46.000000,35.000000,NOV_DEC_2016,0,0,0,0,9
201500417,29.55,43.25,73.00,B,NOV_DEC,2016,NORMAL,IT1304,4.0,DIGITAL CIRCUITS AND LOGIC DESIGN,90.000000,79.000000,68.000000,57.000000,46.000000,35.000000,NOV_DEC_2016,0,0,0,0,9
201500529,37.35,46,84.00,A,NOV_DEC,2016,NORMAL,IT1304,4.0,DIGITAL CIRCUITS AND LOGIC DESIGN,90.000000,79.000000,68.000000,57.000000,46.000000,35.000000,NOV_DEC_2016,0,0,0,0,9
20140512,25.05,10,36.00,E,NOV_DEC,2016,NORMAL,IT1304,4.0,DIGITAL CIRCUITS AND LOGIC DESIGN,90.000000,79.000000,68.000000,57.000000,46.000000,35.000000,NOV_DEC_2016,0,0,0,0,9
