Reg_No,Internal,External,Total,Grade,Time,Year,Type,Code,Credit,Title,Cut-Off-S,Cut-Off-A,Cut-Off-B,Cut-Off-C,Cut-Off-D,Cut-Off-E,Directory,Absentees,Malpractices,Detentions,NA,appeared
20121925,20.10,AB,0.00,I,NOV_DEC,2016,BACK,MA1104_MA3101,4.0,MATHEMATICS I _12 13 14 15 16_,84.000000,74.000000,65.000000,55.000000,45.000000,35.000000,NOV_DEC_2016,0,0,0,0,0
201316025,14.30,0.5,15.00,F,NOV_DEC,2016,BACK,MA1104_MA3101,4.0,MATHEMATICS I _12 13 14 15 16_,84.000000,74.000000,65.000000,55.000000,45.000000,35.000000,NOV_DEC_2016,0,0,0,0,0
201416007,5.50,AB,0.00,I,NOV_DEC,2016,BACK,MA1104_MA3101,4.0,MATHEMATICS I _12 13 14 15 16_,84.000000,74.000000,65.000000,55.000000,45.000000,35.000000,NOV_DEC_2016,0,0,0,0,0
201416010,18.30,12.5,31.00,F,NOV_DEC,2016,BACK,MA1104_MA3101,4.0,MATHEMATICS I _12 13 14 15 16_,84.000000,74.000000,65.000000,55.000000,45.000000,35.000000,NOV_DEC_2016,0,0,0,0,0
201416017,18.00,7.5,26.00,F,NOV_DEC,2016,BACK,MA1104_MA3101,4.0,MATHEMATICS I _12 13 14 15 16_,84.000000,74.000000,65.000000,55.000000,45.000000,35.000000,NOV_DEC_2016,0,0,0,0,0
201516015,16.60,03,20.00,F,NOV_DEC,2016,BACK,MA1104_MA3101,4.0,MATHEMATICS I _12 13 14 15 16_,84.000000,74.000000,65.000000,55.000000,45.000000,35.000000,NOV_DEC_2016,0,0,0,0,0
