Reg_No,Internal,External,Total,Grade,Time,Year,Type,Code,Credit,Title,Cut-Off-S,Cut-Off-A,Cut-Off-B,Cut-Off-C,Cut-Off-D,Cut-Off-E,Directory,Absentees,Malpractices,Detentions,NA,appeared
20130480,15.30,22,38.00,E,NOV_DEC,2016,BACK,MA1301,4.0,ENGINEERING MATHEMATICS III _9 10 11 12 13 14 15_,80.000000,71.000000,62.000000,53.000000,44.000000,35.000000,NOV_DEC_2016,0,0,0,0,0
201418510,15.10,22.5,38.00,E,NOV_DEC,2016,BACK,MA1301,4.0,ENGINEERING MATHEMATICS III _9 10 11 12 13 14 15_,80.000000,71.000000,62.000000,53.000000,44.000000,35.000000,NOV_DEC_2016,0,0,0,0,0
201418515,17.70,AB,0.00,I,NOV_DEC,2016,BACK,MA1301,4.0,ENGINEERING MATHEMATICS III _9 10 11 12 13 14 15_,80.000000,71.000000,62.000000,53.000000,44.000000,35.000000,NOV_DEC_2016,0,0,0,0,0
20140243,13.90,AB,0.00,I,NOV_DEC,2016,BACK,MA1301,4.0,ENGINEERING MATHEMATICS III _9 10 11 12 13 14 15_,80.000000,71.000000,62.000000,53.000000,44.000000,35.000000,NOV_DEC_2016,0,0,0,0,0
20140638,11.60,AB,0.00,I,NOV_DEC,2016,BACK,MA1301,4.0,ENGINEERING MATHEMATICS III _9 10 11 12 13 14 15_,80.000000,71.000000,62.000000,53.000000,44.000000,35.000000,NOV_DEC_2016,0,0,0,0,0
