Reg_No,Internal,External,Total,Grade,Time,Year,Type,Code,Credit,Title,Cut-Off-S,Cut-Off-A,Cut-Off-B,Cut-Off-C,Cut-Off-D,Cut-Off-E,Directory,Absentees,Malpractices,Detentions,NA,appeared
20120498,17.15,AB,0.00,I,NOV_DEC,2016,BACK,ME1304,0,THEORY OF MACHINES I _9 10 11 12 13 14_,84.000000,74.000000,65.000000,55.000000,45.000000,35.000000,NOV_DEC_2016,0,0,0,0,0
201315502,17.20,23,41.00,E,NOV_DEC,2016,BACK,ME1304,0,THEORY OF MACHINES I _9 10 11 12 13 14_,84.000000,74.000000,65.000000,55.000000,45.000000,35.000000,NOV_DEC_2016,0,0,0,0,0
20140153,21.50,21.5,43.00,E,NOV_DEC,2016,BACK,ME1304,0,THEORY OF MACHINES I _9 10 11 12 13 14_,84.000000,74.000000,65.000000,55.000000,45.000000,35.000000,NOV_DEC_2016,0,0,0,0,0
20140405,12.10,07,20.00,F,NOV_DEC,2016,BACK,ME1304,0,THEORY OF MACHINES I _9 10 11 12 13 14_,84.000000,74.000000,65.000000,55.000000,45.000000,35.000000,NOV_DEC_2016,0,0,0,0,0
20140418,6.00,00,6.00,F,NOV_DEC,2016,BACK,ME1304,0,THEORY OF MACHINES I _9 10 11 12 13 14_,84.000000,74.000000,65.000000,55.000000,45.000000,35.000000,NOV_DEC_2016,0,0,0,0,0
