Reg_No,Internal,External,Total,Grade,Time,Year,Type,Code,Credit,Title,Cut-Off-S,Cut-Off-A,Cut-Off-B,Cut-Off-C,Cut-Off-D,Cut-Off-E,Directory,Absentees,Malpractices,Detentions,NA,appeared
20120032,16.60,00,17.00,F,NOV_DEC,2016,BACK,ME1506,4.0,MECHANICS OF SOLID II _11 12 13 14_,80.000000,71.000000,62.000000,53.000000,44.000000,35.000000,NOV_DEC_2016,0,0,0,0,0
20130493,13.80,AB,0.00,I,NOV_DEC,2016,BACK,ME1506,4.0,MECHANICS OF SOLID II _11 12 13 14_,80.000000,71.000000,62.000000,53.000000,44.000000,35.000000,NOV_DEC_2016,0,0,0,0,0
20130596,24.00,AB,0.00,I,NOV_DEC,2016,BACK,ME1506,4.0,MECHANICS OF SOLID II _11 12 13 14_,80.000000,71.000000,62.000000,53.000000,44.000000,35.000000,NOV_DEC_2016,0,0,0,0,0
20130755,21.30,AB,0.00,I,NOV_DEC,2016,BACK,ME1506,4.0,MECHANICS OF SOLID II _11 12 13 14_,80.000000,71.000000,62.000000,53.000000,44.000000,35.000000,NOV_DEC_2016,0,0,0,0,0
201315502,23.60,AB,0.00,I,NOV_DEC,2016,BACK,ME1506,4.0,MECHANICS OF SOLID II _11 12 13 14_,80.000000,71.000000,62.000000,53.000000,44.000000,35.000000,NOV_DEC_2016,0,0,0,0,0
201415510,19.10,AB,0.00,I,NOV_DEC,2016,BACK,ME1506,4.0,MECHANICS OF SOLID II _11 12 13 14_,80.000000,71.000000,62.000000,53.000000,44.000000,35.000000,NOV_DEC_2016,0,0,0,0,0
