Reg_No,Internal,External,Total,Grade,Time,Year,Type,Code,Credit,Title,Cut-Off-S,Cut-Off-A,Cut-Off-B,Cut-Off-C,Cut-Off-D,Cut-Off-E,Directory,Absentees,Malpractices,Detentions,NA,appeared
201319021,21.55,05,27.00,F,EXTRA,2014,EXTRA,BBA103,4.0,QUANTITATIVE ANALYSIS,80.000000,71.000000,62.000000,53.000000,44.000000,35.000000,EXTRA_2014,0,0,0,0,0
201319028,27.40,AB,0.00,I,EXTRA,2014,EXTRA,BBA103,4.0,QUANTITATIVE ANALYSIS,80.000000,71.000000,62.000000,53.000000,44.000000,35.000000,EXTRA_2014,0,0,0,0,0
201319037,21.60,9,31.00,F,EXTRA,2014,EXTRA,BBA103,4.0,QUANTITATIVE ANALYSIS,80.000000,71.000000,62.000000,53.000000,44.000000,35.000000,EXTRA_2014,0,0,0,0,0
201319014,25.10,14.25,40.00,F,EXTRA,2014,EXTRA,BBA103,4.0,QUANTITATIVE ANALYSIS,80.000000,71.000000,62.000000,53.000000,44.000000,35.000000,EXTRA_2014,0,0,0,0,0
