Reg_No,Internal,External,Total,Grade,Time,Year,Type,Code,Credit,Title,Cut-Off-S,Cut-Off-A,Cut-Off-B,Cut-Off-C,Cut-Off-D,Cut-Off-E,Directory,Absentees,Malpractices,Detentions,NA,appeared
201319012,12.00,AB,0.00,I,EXTRA,2014,EXTRA,BBA101,4.0,PRINCIPLES & PRACTICE OF MANAGEMENT,80.000000,71.000000,62.000000,53.000000,44.000000,35.000000,EXTRA_2014,0,0,0,0,0
201319015,20.10,23.5,44.00,D,EXTRA,2014,EXTRA,BBA101,4.0,PRINCIPLES & PRACTICE OF MANAGEMENT,80.000000,71.000000,62.000000,53.000000,44.000000,35.000000,EXTRA_2014,0,0,0,0,0
201319021,12.35,29.5,42.00,E,EXTRA,2014,EXTRA,BBA101,4.0,PRINCIPLES & PRACTICE OF MANAGEMENT,80.000000,71.000000,62.000000,53.000000,44.000000,35.000000,EXTRA_2014,0,0,0,0,0
201319031,19.05,23.25,43.00,E,EXTRA,2014,EXTRA,BBA101,4.0,PRINCIPLES & PRACTICE OF MANAGEMENT,80.000000,71.000000,62.000000,53.000000,44.000000,35.000000,EXTRA_2014,0,0,0,0,0
201319033,24.35,30.5,55.00,C,EXTRA,2014,EXTRA,BBA101,4.0,PRINCIPLES & PRACTICE OF MANAGEMENT,80.000000,71.000000,62.000000,53.000000,44.000000,35.000000,EXTRA_2014,0,0,0,0,0
201319039,12.70,AB,0.00,I,EXTRA,2014,EXTRA,BBA101,4.0,PRINCIPLES & PRACTICE OF MANAGEMENT,80.000000,71.000000,62.000000,53.000000,44.000000,35.000000,EXTRA_2014,0,0,0,0,0
