Reg_No,Internal,External,Total,Grade,Time,Year,Type,Code,Credit,Title,Cut-Off-S,Cut-Off-A,Cut-Off-B,Cut-Off-C,Cut-Off-D,Cut-Off-E,Directory,Absentees,Malpractices,Detentions,NA,appeared
201319013,7.40,30.00,38.00,E,EXTRA,2014,EXTRA,BBA102,4.0,COMPUTERS APPLICATIONS IN BUSINESS,80.000000,71.000000,62.000000,53.000000,44.000000,35.000000,EXTRA_2014,0,0,0,0,0
201319021,8.70,30.00,39.00,E,EXTRA,2014,EXTRA,BBA102,4.0,COMPUTERS APPLICATIONS IN BUSINESS,80.000000,71.000000,62.000000,53.000000,44.000000,35.000000,EXTRA_2014,0,0,0,0,0
201319031,13.50,23.00,37.00,E,EXTRA,2014,EXTRA,BBA102,4.0,COMPUTERS APPLICATIONS IN BUSINESS,80.000000,71.000000,62.000000,53.000000,44.000000,35.000000,EXTRA_2014,0,0,0,0,0
201319033,10.10,AB,0.00,I,EXTRA,2014,EXTRA,BBA102,4.0,COMPUTERS APPLICATIONS IN BUSINESS,80.000000,71.000000,62.000000,53.000000,44.000000,35.000000,EXTRA_2014,0,0,0,0,0
201319037,10.80,29.50,41.00,E,EXTRA,2014,EXTRA,BBA102,4.0,COMPUTERS APPLICATIONS IN BUSINESS,80.000000,71.000000,62.000000,53.000000,44.000000,35.000000,EXTRA_2014,0,0,0,0,0
201319014,14.20,6.5,21.00,F,EXTRA,2014,EXTRA,BBA102,4.0,COMPUTERS APPLICATIONS IN BUSINESS,80.000000,71.000000,62.000000,53.000000,44.000000,35.000000,EXTRA_2014,0,0,0,0,0
