Reg_No,Internal,External,Total,Grade,Time,Year,Type,Code,Credit,Title,Cut-Off-S,Cut-Off-A,Cut-Off-B,Cut-Off-C,Cut-Off-D,Cut-Off-E,Directory,Absentees,Malpractices,Detentions,NA,appeared
201319018,36.10,27,64.00,B,EXTRA,2014,EXTRA,BBA204,4.0,ORGANIZATIONAL BEHAVIOUR,80.000000,71.000000,62.000000,53.000000,44.000000,35.000000,EXTRA_2014,0,0,0,0,0
201319021,14.80,12.5,28.00,F,EXTRA,2014,EXTRA,BBA204,4.0,ORGANIZATIONAL BEHAVIOUR,80.000000,71.000000,62.000000,53.000000,44.000000,35.000000,EXTRA_2014,0,0,0,0,0
201319024,18.60,18.5,38.00,E,EXTRA,2014,EXTRA,BBA204,4.0,ORGANIZATIONAL BEHAVIOUR,80.000000,71.000000,62.000000,53.000000,44.000000,35.000000,EXTRA_2014,0,0,0,0,0
201319027,17.60,17.5,36.00,E,EXTRA,2014,EXTRA,BBA204,4.0,ORGANIZATIONAL BEHAVIOUR,80.000000,71.000000,62.000000,53.000000,44.000000,35.000000,EXTRA_2014,0,0,0,0,0
201319037,18.70,13.25,32.00,F,EXTRA,2014,EXTRA,BBA204,4.0,ORGANIZATIONAL BEHAVIOUR,80.000000,71.000000,62.000000,53.000000,44.000000,35.000000,EXTRA_2014,0,0,0,0,0
201319038,20.20,18,39.00,E,EXTRA,2014,EXTRA,BBA204,4.0,ORGANIZATIONAL BEHAVIOUR,80.000000,71.000000,62.000000,53.000000,44.000000,35.000000,EXTRA_2014,0,0,0,0,0
