Reg_No,Internal,External,Total,Grade,Time,Year,Type,Code,Credit,Title,Cut-Off-S,Cut-Off-A,Cut-Off-B,Cut-Off-C,Cut-Off-D,Cut-Off-E,Directory,Absentees,Malpractices,Detentions,NA,appeared
20122406,9.10,AB,0.00,I,EXTRA,2014,EXTRA,BBA305,4.0,MARKETING MANAGEMENT,86.000000,76.000000,66.000000,55.000000,45.000000,35.000000,EXTRA_2014,0,0,0,0,0
20122453,15.10,25.5,41.00,E,EXTRA,2014,EXTRA,BBA305,4.0,MARKETING MANAGEMENT,86.000000,76.000000,66.000000,55.000000,45.000000,35.000000,EXTRA_2014,0,0,0,0,0
201119020,36.85,27.5,65.00,C,EXTRA,2014,EXTRA,BBA305,4.0,MARKETING MANAGEMENT,86.000000,76.000000,66.000000,55.000000,45.000000,35.000000,EXTRA_2014,0,0,0,0,0
201119026,25.50,28.5,54.00,D,EXTRA,2014,EXTRA,BBA305,4.0,MARKETING MANAGEMENT,86.000000,76.000000,66.000000,55.000000,45.000000,35.000000,EXTRA_2014,0,0,0,0,0
201119050,13.70,34,48.00,D,EXTRA,2014,EXTRA,BBA305,4.0,MARKETING MANAGEMENT,86.000000,76.000000,66.000000,55.000000,45.000000,35.000000,EXTRA_2014,0,0,0,0,0
