Reg_No,Internal,External,Total,Grade,Time,Year,Type,Code,Credit,Title,Cut-Off-S,Cut-Off-A,Cut-Off-B,Cut-Off-C,Cut-Off-D,Cut-Off-E,Directory,Absentees,Malpractices,Detentions,NA,appeared
20122406,26.10,7.5,34.00,F,EXTRA,2014,EXTRA,BBA303,4.0,BUSINESS LAW,85.000000,77.000000,69.000000,61.000000,53.000000,45.000000,EXTRA_2014,0,0,0,0,0
20122430,21.60,22.5,45.00,E,EXTRA,2014,EXTRA,BBA303,4.0,BUSINESS LAW,85.000000,77.000000,69.000000,61.000000,53.000000,45.000000,EXTRA_2014,0,0,0,0,0
201119050,37.15,23,61.00,C,EXTRA,2014,EXTRA,BBA303,4.0,BUSINESS LAW,85.000000,77.000000,69.000000,61.000000,53.000000,45.000000,EXTRA_2014,0,0,0,0,0
