Reg_No,Internal,External,Total,Grade,Time,Year,Type,Code,Credit,Title,Cut-Off-S,Cut-Off-A,Cut-Off-B,Cut-Off-C,Cut-Off-D,Cut-Off-E,Directory,Absentees,Malpractices,Detentions,NA,appeared
201119046,32.90,25,58.00,C,EXTRA,2014,EXTRA,BBA512,3.0,WAGE & SALARY ADMINISTRATION _BBA HR 503_,80.000000,71.000000,62.000000,53.000000,44.000000,35.000000,EXTRA_2014,0,0,0,0,0
201119049,11.30,25,37.00,E,EXTRA,2014,EXTRA,BBA512,3.0,WAGE & SALARY ADMINISTRATION _BBA HR 503_,80.000000,71.000000,62.000000,53.000000,44.000000,35.000000,EXTRA_2014,0,0,0,0,0
201119050,17.90,31,49.00,D,EXTRA,2014,EXTRA,BBA512,3.0,WAGE & SALARY ADMINISTRATION _BBA HR 503_,80.000000,71.000000,62.000000,53.000000,44.000000,35.000000,EXTRA_2014,0,0,0,0,0
201119052,31.90,37.5,70.00,B,EXTRA,2014,EXTRA,BBA512,3.0,WAGE & SALARY ADMINISTRATION _BBA HR 503_,80.000000,71.000000,62.000000,53.000000,44.000000,35.000000,EXTRA_2014,0,0,0,0,0
