Reg_No,Internal,External,Total,Grade,Time,Year,Type,Code,Credit,Title,Cut-Off-S,Cut-Off-A,Cut-Off-B,Cut-Off-C,Cut-Off-D,Cut-Off-E,Directory,Absentees,Malpractices,Detentions,NA,appeared
201119026,27.20,28.00,56.00,C,EXTRA,2014,EXTRA,BBA506,3.0,SALES & DISTRIBUTION MANAGEMENT _ELECTIVE_,80.000000,71.000000,62.000000,53.000000,44.000000,35.000000,EXTRA_2014,0,0,0,0,0
201119048,19.00,20.50,40.00,E,EXTRA,2014,EXTRA,BBA506,3.0,SALES & DISTRIBUTION MANAGEMENT _ELECTIVE_,80.000000,71.000000,62.000000,53.000000,44.000000,35.000000,EXTRA_2014,0,0,0,0,0
201119050,30.00,23.00,53.00,C,EXTRA,2014,EXTRA,BBA506,3.0,SALES & DISTRIBUTION MANAGEMENT _ELECTIVE_,80.000000,71.000000,62.000000,53.000000,44.000000,35.000000,EXTRA_2014,0,0,0,0,0
201119052,22.35,22.50,45.00,D,EXTRA,2014,EXTRA,BBA506,3.0,SALES & DISTRIBUTION MANAGEMENT _ELECTIVE_,80.000000,71.000000,62.000000,53.000000,44.000000,35.000000,EXTRA_2014,0,0,0,0,0
201119057,12.40,22.50,35.00,E,EXTRA,2014,EXTRA,BBA506,3.0,SALES & DISTRIBUTION MANAGEMENT _ELECTIVE_,80.000000,71.000000,62.000000,53.000000,44.000000,35.000000,EXTRA_2014,0,0,0,0,0
