Reg_No,Internal,External,Total,Grade,Time,Year,Type,Code,Credit,Title,Cut-Off-S,Cut-Off-A,Cut-Off-B,Cut-Off-C,Cut-Off-D,Cut-Off-E,Directory,Absentees,Malpractices,Detentions,NA,appeared
201119044,35.20,24.5,60.00,C,EXTRA,2014,EXTRA,BBA501,4.0,BUSINESS POLICY & STRATEGY,84.000000,74.000000,64.000000,55.000000,45.000000,35.000000,EXTRA_2014,0,0,0,0,0
201119048,36.50,4.5,41.00,E,EXTRA,2014,EXTRA,BBA501,4.0,BUSINESS POLICY & STRATEGY,84.000000,74.000000,64.000000,55.000000,45.000000,35.000000,EXTRA_2014,0,0,0,0,0
201119052,15.90,35.5,52.00,D,EXTRA,2014,EXTRA,BBA501,4.0,BUSINESS POLICY & STRATEGY,84.000000,74.000000,64.000000,55.000000,45.000000,35.000000,EXTRA_2014,0,0,0,0,0
201119057,16.80,16,33.00,F,EXTRA,2014,EXTRA,BBA501,4.0,BUSINESS POLICY & STRATEGY,84.000000,74.000000,64.000000,55.000000,45.000000,35.000000,EXTRA_2014,0,0,0,0,0
