Reg_No,Internal,External,Total,Grade,Time,Year,Type,Code,Credit,Title,Cut-Off-S,Cut-Off-A,Cut-Off-B,Cut-Off-C,Cut-Off-D,Cut-Off-E,Directory,Absentees,Malpractices,Detentions,NA,appeared
201119044,32.20,25,58.00,C,EXTRA,2014,EXTRA,BBA510,3.0,INDUSTRIAL RELATIONS _BBA HR 501_,80.000000,71.000000,62.000000,53.000000,44.000000,35.000000,EXTRA_2014,0,0,0,0,0
201119050,10.50,26,37.00,E,EXTRA,2014,EXTRA,BBA510,3.0,INDUSTRIAL RELATIONS _BBA HR 501_,80.000000,71.000000,62.000000,53.000000,44.000000,35.000000,EXTRA_2014,0,0,0,0,0
201119052,8.10,22.25,31.00,F,EXTRA,2014,EXTRA,BBA510,3.0,INDUSTRIAL RELATIONS _BBA HR 501_,80.000000,71.000000,62.000000,53.000000,44.000000,35.000000,EXTRA_2014,0,0,0,0,0
201119057,23.80,10.75,35.00,E,EXTRA,2014,EXTRA,BBA510,3.0,INDUSTRIAL RELATIONS _BBA HR 501_,80.000000,71.000000,62.000000,53.000000,44.000000,35.000000,EXTRA_2014,0,0,0,0,0
