Reg_No,Internal,External,Total,Grade,Time,Year,Type,Code,Credit,Title,Cut-Off-S,Cut-Off-A,Cut-Off-B,Cut-Off-C,Cut-Off-D,Cut-Off-E,Directory,Absentees,Malpractices,Detentions,NA,appeared
201116007,34.50,18.5,53.00,C,EXTRA,2014,EXTRA,BCA103,4.0,FUNDAMENTALS OF BUSINESS MGT. & COMMUNICATION,80.000000,71.000000,62.000000,53.000000,44.000000,35.000000,EXTRA_2014,0,0,0,0,0
201116011,28.32,32.25,61.00,C,EXTRA,2014,EXTRA,BCA103,4.0,FUNDAMENTALS OF BUSINESS MGT. & COMMUNICATION,80.000000,71.000000,62.000000,53.000000,44.000000,35.000000,EXTRA_2014,0,0,0,0,0
201116042,24.18,25.75,50.00,D,EXTRA,2014,EXTRA,BCA103,4.0,FUNDAMENTALS OF BUSINESS MGT. & COMMUNICATION,80.000000,71.000000,62.000000,53.000000,44.000000,35.000000,EXTRA_2014,0,0,0,0,0
201316022,21.35,15.75,38.00,F,EXTRA,2014,EXTRA,BCA103,4.0,FUNDAMENTALS OF BUSINESS MGT. & COMMUNICATION,80.000000,71.000000,62.000000,53.000000,44.000000,35.000000,EXTRA_2014,0,0,0,0,0
201316028,20.93,15,36.00,F,EXTRA,2014,EXTRA,BCA103,4.0,FUNDAMENTALS OF BUSINESS MGT. & COMMUNICATION,80.000000,71.000000,62.000000,53.000000,44.000000,35.000000,EXTRA_2014,0,0,0,0,0
