Reg_No,Internal,External,Total,Grade,Time,Year,Type,Code,Credit,Title,Cut-Off-S,Cut-Off-A,Cut-Off-B,Cut-Off-C,Cut-Off-D,Cut-Off-E,Directory,Absentees,Malpractices,Detentions,NA,appeared
20121925,18.30,AB,0.00,I,EXTRA,2014,EXTRA,BCA202,4.0,C PROGRAMMING II,80.000000,71.000000,62.000000,53.000000,44.000000,35.000000,EXTRA_2014,0,0,0,0,0
20121936,15.00,00,15.00,F,EXTRA,2014,EXTRA,BCA202,4.0,C PROGRAMMING II,80.000000,71.000000,62.000000,53.000000,44.000000,35.000000,EXTRA_2014,0,0,0,0,0
201116045,14.10,18.50,33.00,F,EXTRA,2014,EXTRA,BCA202,4.0,C PROGRAMMING II,80.000000,71.000000,62.000000,53.000000,44.000000,35.000000,EXTRA_2014,0,0,0,0,0
201316011,15.95,25,41.00,E,EXTRA,2014,EXTRA,BCA202,4.0,C PROGRAMMING II,80.000000,71.000000,62.000000,53.000000,44.000000,35.000000,EXTRA_2014,0,0,0,0,0
201316013,9.50,AB,0.00,I,EXTRA,2014,EXTRA,BCA202,4.0,C PROGRAMMING II,80.000000,71.000000,62.000000,53.000000,44.000000,35.000000,EXTRA_2014,0,0,0,0,0
201316014,9.50,01,11.00,F,EXTRA,2014,EXTRA,BCA202,4.0,C PROGRAMMING II,80.000000,71.000000,62.000000,53.000000,44.000000,35.000000,EXTRA_2014,0,0,0,0,0
201316020,12.50,15,28.00,F,EXTRA,2014,EXTRA,BCA202,4.0,C PROGRAMMING II,80.000000,71.000000,62.000000,53.000000,44.000000,35.000000,EXTRA_2014,0,0,0,0,0
201316021,15.50,13.50,29.00,F,EXTRA,2014,EXTRA,BCA202,4.0,C PROGRAMMING II,80.000000,71.000000,62.000000,53.000000,44.000000,35.000000,EXTRA_2014,0,0,0,0,0
201316023,23.15,10.50,34.00,F,EXTRA,2014,EXTRA,BCA202,4.0,C PROGRAMMING II,80.000000,71.000000,62.000000,53.000000,44.000000,35.000000,EXTRA_2014,0,0,0,0,0
