Reg_No,Internal,External,Total,Grade,Time,Year,Type,Code,Credit,Title,Cut-Off-S,Cut-Off-A,Cut-Off-B,Cut-Off-C,Cut-Off-D,Cut-Off-E,Directory,Absentees,Malpractices,Detentions,NA,appeared
20121935,15.80,15.5,32.00,F,EXTRA,2014,EXTRA,BCA205,4.0,PRINCIPLES OF PROGRAMMING LANGUAGE,81.000000,72.000000,63.000000,53.000000,44.000000,35.000000,EXTRA_2014,0,0,0,0,0
20121936,15.50,AB,0.00,I,EXTRA,2014,EXTRA,BCA205,4.0,PRINCIPLES OF PROGRAMMING LANGUAGE,81.000000,72.000000,63.000000,53.000000,44.000000,35.000000,EXTRA_2014,0,0,0,0,0
201116052,12.70,16.5,30.00,F,EXTRA,2014,EXTRA,BCA205,4.0,PRINCIPLES OF PROGRAMMING LANGUAGE,81.000000,72.000000,63.000000,53.000000,44.000000,35.000000,EXTRA_2014,0,0,0,0,0
201316009,20.90,19,40.00,E,EXTRA,2014,EXTRA,BCA205,4.0,PRINCIPLES OF PROGRAMMING LANGUAGE,81.000000,72.000000,63.000000,53.000000,44.000000,35.000000,EXTRA_2014,0,0,0,0,0
201316023,33.30,17.5,51.00,D,EXTRA,2014,EXTRA,BCA205,4.0,PRINCIPLES OF PROGRAMMING LANGUAGE,81.000000,72.000000,63.000000,53.000000,44.000000,35.000000,EXTRA_2014,0,0,0,0,0
201316028,19.90,33.5,54.00,C,EXTRA,2014,EXTRA,BCA205,4.0,PRINCIPLES OF PROGRAMMING LANGUAGE,81.000000,72.000000,63.000000,53.000000,44.000000,35.000000,EXTRA_2014,0,0,0,0,0
