Reg_No,Internal,External,Total,Grade,Time,Year,Type,Code,Credit,Title,Cut-Off-S,Cut-Off-A,Cut-Off-B,Cut-Off-C,Cut-Off-D,Cut-Off-E,Directory,Absentees,Malpractices,Detentions,NA,appeared
201016031,13.10,08,22.00,F,EXTRA,2014,EXTRA,BCA605,3.0,COMPUTER NETWORK SECURITY _ELECTIVE II_,80.000000,71.000000,62.000000,53.000000,44.000000,35.000000,EXTRA_2014,0,0,0,0,0
201016034,27.50,18.5,46.00,D,EXTRA,2014,EXTRA,BCA605,3.0,COMPUTER NETWORK SECURITY _ELECTIVE II_,80.000000,71.000000,62.000000,53.000000,44.000000,35.000000,EXTRA_2014,0,0,0,0,0
201116007,14.40,25,40.00,E,EXTRA,2014,EXTRA,BCA605,3.0,COMPUTER NETWORK SECURITY _ELECTIVE II_,80.000000,71.000000,62.000000,53.000000,44.000000,35.000000,EXTRA_2014,0,0,0,0,0
201116009,21.50,17,39.00,E,EXTRA,2014,EXTRA,BCA605,3.0,COMPUTER NETWORK SECURITY _ELECTIVE II_,80.000000,71.000000,62.000000,53.000000,44.000000,35.000000,EXTRA_2014,0,0,0,0,0
201116015,18.45,15.5,34.00,F,EXTRA,2014,EXTRA,BCA605,3.0,COMPUTER NETWORK SECURITY _ELECTIVE II_,80.000000,71.000000,62.000000,53.000000,44.000000,35.000000,EXTRA_2014,0,0,0,0,0
201116035,24.50,24,49.00,D,EXTRA,2014,EXTRA,BCA605,3.0,COMPUTER NETWORK SECURITY _ELECTIVE II_,80.000000,71.000000,62.000000,53.000000,44.000000,35.000000,EXTRA_2014,0,0,0,0,0
