Reg_No,Internal,External,Total,Grade,Time,Year,Type,Code,Credit,Title,Cut-Off-S,Cut-Off-A,Cut-Off-B,Cut-Off-C,Cut-Off-D,Cut-Off-E,Directory,Absentees,Malpractices,Detentions,NA,appeared
200916009,23.60,16,40.00,E,EXTRA,2014,EXTRA,BCA602,4.0,OPERATING SYSTEMS,84.000000,74.000000,64.000000,55.000000,45.000000,35.000000,EXTRA_2014,0,0,0,0,0
201016034,16.20,17,34.00,F,EXTRA,2014,EXTRA,BCA602,4.0,OPERATING SYSTEMS,84.000000,74.000000,64.000000,55.000000,45.000000,35.000000,EXTRA_2014,0,0,0,0,0
201116009,25.00,18,43.00,E,EXTRA,2014,EXTRA,BCA602,4.0,OPERATING SYSTEMS,84.000000,74.000000,64.000000,55.000000,45.000000,35.000000,EXTRA_2014,0,0,0,0,0
201116035,36.00,35,71.00,B,EXTRA,2014,EXTRA,BCA602,4.0,OPERATING SYSTEMS,84.000000,74.000000,64.000000,55.000000,45.000000,35.000000,EXTRA_2014,0,0,0,0,0
