Reg_No,Internal,External,Total,Grade,Time,Year,Type,Code,Credit,Title,Cut-Off-S,Cut-Off-A,Cut-Off-B,Cut-Off-C,Cut-Off-D,Cut-Off-E,Directory,Absentees,Malpractices,Detentions,NA,appeared
Subject,Title,:,ELECTIVE,I,EXTRA,2014,EXTRA,BCA609,3.0,ELECTIVE I _VB.NET_,83.000000,73.000000,64.000000,54.000000,45.000000,35.000000,EXTRA_2014,0,0,0,0,0
201116007,15.10,29.00,45.00,D,EXTRA,2014,EXTRA,BCA609,3.0,ELECTIVE I _VB.NET_,83.000000,73.000000,64.000000,54.000000,45.000000,35.000000,EXTRA_2014,0,0,0,0,0
201116029,9.60,30.50,41.00,E,EXTRA,2014,EXTRA,BCA609,3.0,ELECTIVE I _VB.NET_,83.000000,73.000000,64.000000,54.000000,45.000000,35.000000,EXTRA_2014,0,0,0,0,0
201116037,23.55,21.50,46.00,D,EXTRA,2014,EXTRA,BCA609,3.0,ELECTIVE I _VB.NET_,83.000000,73.000000,64.000000,54.000000,45.000000,35.000000,EXTRA_2014,0,0,0,0,0
