Reg_No,Internal,External,Total,Grade,Time,Year,Type,Code,Credit,Title,Cut-Off-S,Cut-Off-A,Cut-Off-B,Cut-Off-C,Cut-Off-D,Cut-Off-E,Directory,Absentees,Malpractices,Detentions,NA,appeared
Subject,Title,:,SURVEYING,I,EXTRA,2014,EXTRA,CE305,4.0,SURVEYING I,84.000000,74.000000,64.000000,55.000000,45.000000,35.000000,EXTRA_2014,0,0,0,0,0
20110141,28.70,29,58.00,C,EXTRA,2014,EXTRA,CE305,4.0,SURVEYING I,84.000000,74.000000,64.000000,55.000000,45.000000,35.000000,EXTRA_2014,0,0,0,0,0
20110184,12.30,AB,0.00,I,EXTRA,2014,EXTRA,CE305,4.0,SURVEYING I,84.000000,74.000000,64.000000,55.000000,45.000000,35.000000,EXTRA_2014,0,0,0,0,0
20120232,17.30,29.5,47.00,D,EXTRA,2014,EXTRA,CE305,4.0,SURVEYING I,84.000000,74.000000,64.000000,55.000000,45.000000,35.000000,EXTRA_2014,0,0,0,0,0
20120274,14.20,25,40.00,E,EXTRA,2014,EXTRA,CE305,4.0,SURVEYING I,84.000000,74.000000,64.000000,55.000000,45.000000,35.000000,EXTRA_2014,0,0,0,0,0
20120535,13.30,35,49.00,D,EXTRA,2014,EXTRA,CE305,4.0,SURVEYING I,84.000000,74.000000,64.000000,55.000000,45.000000,35.000000,EXTRA_2014,0,0,0,0,0
