Reg_No,Internal,External,Total,Grade,Time,Year,Type,Code,Credit,Title,Cut-Off-S,Cut-Off-A,Cut-Off-B,Cut-Off-C,Cut-Off-D,Cut-Off-E,Directory,Absentees,Malpractices,Detentions,NA,appeared
20110354,37.00,16.00,53.00,E,EXTRA,2014,EXTRA,CE307,1.5,PLANNING & CA DRAWING OF BUILDING,86.000000,81.000000,72.000000,63.000000,54.000000,45.000000,EXTRA_2014,0,0,0,0,0
20110392,31.00,20.00,51.00,E,EXTRA,2014,EXTRA,CE307,1.5,PLANNING & CA DRAWING OF BUILDING,86.000000,81.000000,72.000000,63.000000,54.000000,45.000000,EXTRA_2014,0,0,0,0,0
201018001,55.00,13.00,68.00,C,EXTRA,2014,EXTRA,CE307,1.5,PLANNING & CA DRAWING OF BUILDING,86.000000,81.000000,72.000000,63.000000,54.000000,45.000000,EXTRA_2014,0,0,0,0,0
201018003,58.00,30.00,88.00,A,EXTRA,2014,EXTRA,CE307,1.5,PLANNING & CA DRAWING OF BUILDING,86.000000,81.000000,72.000000,63.000000,54.000000,45.000000,EXTRA_2014,0,0,0,0,0
201018011,44.00,13.00,57.00,D,EXTRA,2014,EXTRA,CE307,1.5,PLANNING & CA DRAWING OF BUILDING,86.000000,81.000000,72.000000,63.000000,54.000000,45.000000,EXTRA_2014,0,0,0,0,0
