Reg_No,Internal,External,Total,Grade,Time,Year,Type,Code,Credit,Title,Cut-Off-S,Cut-Off-A,Cut-Off-B,Cut-Off-C,Cut-Off-D,Cut-Off-E,Directory,Absentees,Malpractices,Detentions,NA,appeared
20110141,37.00,28,65.00,B,EXTRA,2014,EXTRA,CE309,1.5,GEOLOGY LAB,80.000000,71.000000,62.000000,53.000000,44.000000,35.000000,EXTRA_2014,0,0,0,0,0
20110354,33.75,18,52.00,D,EXTRA,2014,EXTRA,CE309,1.5,GEOLOGY LAB,80.000000,71.000000,62.000000,53.000000,44.000000,35.000000,EXTRA_2014,0,0,0,0,0
20110392,30.75,00,31.00,F,EXTRA,2014,EXTRA,CE309,1.5,GEOLOGY LAB,80.000000,71.000000,62.000000,53.000000,44.000000,35.000000,EXTRA_2014,0,0,0,0,0
20120232,30.50,10,41.00,E,EXTRA,2014,EXTRA,CE309,1.5,GEOLOGY LAB,80.000000,71.000000,62.000000,53.000000,44.000000,35.000000,EXTRA_2014,0,0,0,0,0
201018011,34.25,19,54.00,C,EXTRA,2014,EXTRA,CE309,1.5,GEOLOGY LAB,80.000000,71.000000,62.000000,53.000000,44.000000,35.000000,EXTRA_2014,0,0,0,0,0
