Reg_No,Internal,External,Total,Grade,Time,Year,Type,Code,Credit,Title,Cut-Off-S,Cut-Off-A,Cut-Off-B,Cut-Off-C,Cut-Off-D,Cut-Off-E,Directory,Absentees,Malpractices,Detentions,NA,appeared
20110141,15.40,42,58.00,C,EXTRA,2014,EXTRA,CE302,4.0,FLUID MECHANICS I,80.000000,71.000000,62.000000,53.000000,44.000000,35.000000,EXTRA_2014,0,0,0,0,0
20111013,18.10,27,46.00,D,EXTRA,2014,EXTRA,CE302,4.0,FLUID MECHANICS I,80.000000,71.000000,62.000000,53.000000,44.000000,35.000000,EXTRA_2014,0,0,0,0,0
201018019,15.60,17.5,34.00,F,EXTRA,2014,EXTRA,CE302,4.0,FLUID MECHANICS I,80.000000,71.000000,62.000000,53.000000,44.000000,35.000000,EXTRA_2014,0,0,0,0,0
