Reg_No,Internal,External,Total,Grade,Time,Year,Type,Code,Credit,Title,Cut-Off-S,Cut-Off-A,Cut-Off-B,Cut-Off-C,Cut-Off-D,Cut-Off-E,Directory,Absentees,Malpractices,Detentions,NA,appeared
20110541,10.65,20.5,32.00,F,EXTRA,2014,EXTRA,CE403,4.0,STRUCTURAL ANALYSIS II,84.000000,74.000000,64.000000,55.000000,45.000000,35.000000,EXTRA_2014,0,0,0,0,0
20120021,9.80,AB,0.00,I,EXTRA,2014,EXTRA,CE403,4.0,STRUCTURAL ANALYSIS II,84.000000,74.000000,64.000000,55.000000,45.000000,35.000000,EXTRA_2014,0,0,0,0,0
20120022,12.90,AB,0.00,I,EXTRA,2014,EXTRA,CE403,4.0,STRUCTURAL ANALYSIS II,84.000000,74.000000,64.000000,55.000000,45.000000,35.000000,EXTRA_2014,0,0,0,0,0
20120232,7.80,AB,0.00,I,EXTRA,2014,EXTRA,CE403,4.0,STRUCTURAL ANALYSIS II,84.000000,74.000000,64.000000,55.000000,45.000000,35.000000,EXTRA_2014,0,0,0,0,0
20121806,15.65,14,30.00,F,EXTRA,2014,EXTRA,CE403,4.0,STRUCTURAL ANALYSIS II,84.000000,74.000000,64.000000,55.000000,45.000000,35.000000,EXTRA_2014,0,0,0,0,0
20121810,16.55,13,30.00,F,EXTRA,2014,EXTRA,CE403,4.0,STRUCTURAL ANALYSIS II,84.000000,74.000000,64.000000,55.000000,45.000000,35.000000,EXTRA_2014,0,0,0,0,0
