Reg_No,Internal,External,Total,Grade,Time,Year,Type,Code,Credit,Title,Cut-Off-S,Cut-Off-A,Cut-Off-B,Cut-Off-C,Cut-Off-D,Cut-Off-E,Directory,Absentees,Malpractices,Detentions,NA,appeared
20110348,10.90,20,31.00,F,EXTRA,2014,EXTRA,CE502,4.0,DESIGN OF ADVANCED RC STRUCTURES,90.000000,79.000000,68.000000,57.000000,46.000000,35.000000,EXTRA_2014,0,0,0,0,0
20110541,14.10,23.5,38.00,E,EXTRA,2014,EXTRA,CE502,4.0,DESIGN OF ADVANCED RC STRUCTURES,90.000000,79.000000,68.000000,57.000000,46.000000,35.000000,EXTRA_2014,0,0,0,0,0
20121806,3.60,33.5,38.00,E,EXTRA,2014,EXTRA,CE502,4.0,DESIGN OF ADVANCED RC STRUCTURES,90.000000,79.000000,68.000000,57.000000,46.000000,35.000000,EXTRA_2014,0,0,0,0,0
201118510,10.80,26,37.00,E,EXTRA,2014,EXTRA,CE502,4.0,DESIGN OF ADVANCED RC STRUCTURES,90.000000,79.000000,68.000000,57.000000,46.000000,35.000000,EXTRA_2014,0,0,0,0,0
