Reg_No,Internal,External,Total,Grade,Time,Year,Type,Code,Credit,Title,Cut-Off-S,Cut-Off-A,Cut-Off-B,Cut-Off-C,Cut-Off-D,Cut-Off-E,Directory,Absentees,Malpractices,Detentions,NA,appeared
20110141,12.20,45,58.00,C,EXTRA,2014,EXTRA,CE501,4.0,GEOTECHNICAL ENGINEERING I,85.000000,75.000000,65.000000,55.000000,45.000000,35.000000,EXTRA_2014,0,0,0,0,0
20110333,15.40,31.5,47.00,D,EXTRA,2014,EXTRA,CE501,4.0,GEOTECHNICAL ENGINEERING I,85.000000,75.000000,65.000000,55.000000,45.000000,35.000000,EXTRA_2014,0,0,0,0,0
20110348,10.00,18.5,29.00,F,EXTRA,2014,EXTRA,CE501,4.0,GEOTECHNICAL ENGINEERING I,85.000000,75.000000,65.000000,55.000000,45.000000,35.000000,EXTRA_2014,0,0,0,0,0
20110392,20.70,43,64.00,C,EXTRA,2014,EXTRA,CE501,4.0,GEOTECHNICAL ENGINEERING I,85.000000,75.000000,65.000000,55.000000,45.000000,35.000000,EXTRA_2014,0,0,0,0,0
20110541,18.20,18.5,37.00,E,EXTRA,2014,EXTRA,CE501,4.0,GEOTECHNICAL ENGINEERING I,85.000000,75.000000,65.000000,55.000000,45.000000,35.000000,EXTRA_2014,0,0,0,0,0
20121806,15.10,20,36.00,E,EXTRA,2014,EXTRA,CE501,4.0,GEOTECHNICAL ENGINEERING I,85.000000,75.000000,65.000000,55.000000,45.000000,35.000000,EXTRA_2014,0,0,0,0,0
201018014,42.50,23,66.00,B,EXTRA,2014,EXTRA,CE501,4.0,GEOTECHNICAL ENGINEERING I,85.000000,75.000000,65.000000,55.000000,45.000000,35.000000,EXTRA_2014,0,0,0,0,0
201118510,13.50,36.5,50.00,D,EXTRA,2014,EXTRA,CE501,4.0,GEOTECHNICAL ENGINEERING I,85.000000,75.000000,65.000000,55.000000,45.000000,35.000000,EXTRA_2014,0,0,0,0,0
