Reg_No,Internal,External,Total,Grade,Time,Year,Type,Code,Credit,Title,Cut-Off-S,Cut-Off-A,Cut-Off-B,Cut-Off-C,Cut-Off-D,Cut-Off-E,Directory,Absentees,Malpractices,Detentions,NA,appeared
20110333,9.10,20,30.00,F,EXTRA,2014,EXTRA,CE504,4.0,WATER RESOURCES ENGINEERING,90.000000,79.000000,68.000000,57.000000,46.000000,35.000000,EXTRA_2014,0,0,0,0,0
20110348,14.10,09,24.00,F,EXTRA,2014,EXTRA,CE504,4.0,WATER RESOURCES ENGINEERING,90.000000,79.000000,68.000000,57.000000,46.000000,35.000000,EXTRA_2014,0,0,0,0,0
20121810,18.60,AB,0.00,I,EXTRA,2014,EXTRA,CE504,4.0,WATER RESOURCES ENGINEERING,90.000000,79.000000,68.000000,57.000000,46.000000,35.000000,EXTRA_2014,0,0,0,0,0
201118502,16.70,2.5,20.00,F,EXTRA,2014,EXTRA,CE504,4.0,WATER RESOURCES ENGINEERING,90.000000,79.000000,68.000000,57.000000,46.000000,35.000000,EXTRA_2014,0,0,0,0,0
