Reg_No,Internal,External,Total,Grade,Time,Year,Type,Code,Credit,Title,Cut-Off-S,Cut-Off-A,Cut-Off-B,Cut-Off-C,Cut-Off-D,Cut-Off-E,Directory,Absentees,Malpractices,Detentions,NA,appeared
20110141,28.00,34,62.00,D,EXTRA,2014,EXTRA,CE607,1.5,STRUCTURAL DESIGN & DRAWING,84.000000,77.000000,70.000000,64.000000,57.000000,50.000000,EXTRA_2014,0,0,0,0,0
20110061,27.00,33,60.00,D,EXTRA,2014,EXTRA,CE607,1.5,STRUCTURAL DESIGN & DRAWING,84.000000,77.000000,70.000000,64.000000,57.000000,50.000000,EXTRA_2014,0,0,0,0,0
20110354,36.00,34,70.00,B,EXTRA,2014,EXTRA,CE607,1.5,STRUCTURAL DESIGN & DRAWING,84.000000,77.000000,70.000000,64.000000,57.000000,50.000000,EXTRA_2014,0,0,0,0,0
20121804,43.00,35,78.00,A,EXTRA,2014,EXTRA,CE607,1.5,STRUCTURAL DESIGN & DRAWING,84.000000,77.000000,70.000000,64.000000,57.000000,50.000000,EXTRA_2014,0,0,0,0,0
