Reg_No,Internal,External,Total,Grade,Time,Year,Type,Code,Credit,Title,Cut-Off-S,Cut-Off-A,Cut-Off-B,Cut-Off-C,Cut-Off-D,Cut-Off-E,Directory,Absentees,Malpractices,Detentions,NA,appeared
20110392,17.60,40,58.00,C,EXTRA,2014,EXTRA,CE604,4.0,TRANSPORTATION ENGINEERING II,86.000000,77.000000,68.000000,58.000000,49.000000,40.000000,EXTRA_2014,0,0,0,0,0
20110537,25.10,35.5,61.00,C,EXTRA,2014,EXTRA,CE604,4.0,TRANSPORTATION ENGINEERING II,86.000000,77.000000,68.000000,58.000000,49.000000,40.000000,EXTRA_2014,0,0,0,0,0
20110541,20.20,30.5,51.00,D,EXTRA,2014,EXTRA,CE604,4.0,TRANSPORTATION ENGINEERING II,86.000000,77.000000,68.000000,58.000000,49.000000,40.000000,EXTRA_2014,0,0,0,0,0
20110597,14.30,3.5,18.00,F,EXTRA,2014,EXTRA,CE604,4.0,TRANSPORTATION ENGINEERING II,86.000000,77.000000,68.000000,58.000000,49.000000,40.000000,EXTRA_2014,0,0,0,0,0
20121802,19.60,37.5,58.00,C,EXTRA,2014,EXTRA,CE604,4.0,TRANSPORTATION ENGINEERING II,86.000000,77.000000,68.000000,58.000000,49.000000,40.000000,EXTRA_2014,0,0,0,0,0
