Reg_No,Internal,External,Total,Grade,Time,Year,Type,Code,Credit,Title,Cut-Off-S,Cut-Off-A,Cut-Off-B,Cut-Off-C,Cut-Off-D,Cut-Off-E,Directory,Absentees,Malpractices,Detentions,NA,appeared
200918055,25.40,33.5,59.00,D,EXTRA,2014,EXTRA,CE705,3.0,PRE STRESSED CONCRETE STRUCTURES,90.000000,80.000000,70.000000,60.000000,50.000000,40.000000,EXTRA_2014,0,0,0,0,0
201018008,45.00,42,87.00,A,EXTRA,2014,EXTRA,CE705,3.0,PRE STRESSED CONCRETE STRUCTURES,90.000000,80.000000,70.000000,60.000000,50.000000,40.000000,EXTRA_2014,0,0,0,0,0
201018014,36.80,20,57.00,D,EXTRA,2014,EXTRA,CE705,3.0,PRE STRESSED CONCRETE STRUCTURES,90.000000,80.000000,70.000000,60.000000,50.000000,40.000000,EXTRA_2014,0,0,0,0,0
201018019,19.00,22.5,42.00,E,EXTRA,2014,EXTRA,CE705,3.0,PRE STRESSED CONCRETE STRUCTURES,90.000000,80.000000,70.000000,60.000000,50.000000,40.000000,EXTRA_2014,0,0,0,0,0
201018027,17.40,26.5,44.00,E,EXTRA,2014,EXTRA,CE705,3.0,PRE STRESSED CONCRETE STRUCTURES,90.000000,80.000000,70.000000,60.000000,50.000000,40.000000,EXTRA_2014,0,0,0,0,0
201018036,30.60,21.5,53.00,D,EXTRA,2014,EXTRA,CE705,3.0,PRE STRESSED CONCRETE STRUCTURES,90.000000,80.000000,70.000000,60.000000,50.000000,40.000000,EXTRA_2014,0,0,0,0,0
201118508,23.10,19,43.00,E,EXTRA,2014,EXTRA,CE705,3.0,PRE STRESSED CONCRETE STRUCTURES,90.000000,80.000000,70.000000,60.000000,50.000000,40.000000,EXTRA_2014,0,0,0,0,0
