Reg_No,Internal,External,Total,Grade,Time,Year,Type,Code,Credit,Title,Cut-Off-S,Cut-Off-A,Cut-Off-B,Cut-Off-C,Cut-Off-D,Cut-Off-E,Directory,Absentees,Malpractices,Detentions,NA,appeared
200918015,16.00,27,43.00,E,EXTRA,2014,EXTRA,CE703,4.0,ENGINEERING ECONOMICS & MANAGEMENT,83.000000,73.000000,64.000000,54.000000,45.000000,35.000000,EXTRA_2014,0,0,0,0,0
200918055,22.15,27.5,50.00,D,EXTRA,2014,EXTRA,CE703,4.0,ENGINEERING ECONOMICS & MANAGEMENT,83.000000,73.000000,64.000000,54.000000,45.000000,35.000000,EXTRA_2014,0,0,0,0,0
201018011,23.80,22.5,47.00,D,EXTRA,2014,EXTRA,CE703,4.0,ENGINEERING ECONOMICS & MANAGEMENT,83.000000,73.000000,64.000000,54.000000,45.000000,35.000000,EXTRA_2014,0,0,0,0,0
201018019,13.70,02,16.00,F,EXTRA,2014,EXTRA,CE703,4.0,ENGINEERING ECONOMICS & MANAGEMENT,83.000000,73.000000,64.000000,54.000000,45.000000,35.000000,EXTRA_2014,0,0,0,0,0
201118502,14.85,23.50,39.00,E,EXTRA,2014,EXTRA,CE703,4.0,ENGINEERING ECONOMICS & MANAGEMENT,83.000000,73.000000,64.000000,54.000000,45.000000,35.000000,EXTRA_2014,0,0,0,0,0
