Reg_No,Internal,External,Total,Grade,Time,Year,Type,Code,Credit,Title,Cut-Off-S,Cut-Off-A,Cut-Off-B,Cut-Off-C,Cut-Off-D,Cut-Off-E,Directory,Absentees,Malpractices,Detentions,NA,appeared
200711042,8.10,AB,0.00,I,EXTRA,2014,EXTRA,COA102_COB102,3.0,ENGINEERING MECHANICS,80.000000,71.000000,62.000000,53.000000,44.000000,35.000000,EXTRA_2014,0,0,0,0,0
200928024,32.40,2.5,35.00,E,EXTRA,2014,EXTRA,COA102_COB102,3.0,ENGINEERING MECHANICS,80.000000,71.000000,62.000000,53.000000,44.000000,35.000000,EXTRA_2014,0,0,0,0,0
201015027,14.90,21,36.00,E,EXTRA,2014,EXTRA,COA102_COB102,3.0,ENGINEERING MECHANICS,80.000000,71.000000,62.000000,53.000000,44.000000,35.000000,EXTRA_2014,0,0,0,0,0
200812133,16.70,22.5,40.00,E,EXTRA,2014,EXTRA,COA102_COB102,3.0,ENGINEERING MECHANICS,80.000000,71.000000,62.000000,53.000000,44.000000,35.000000,EXTRA_2014,0,0,0,0,0
201011129,14.25,AB,0.00,I,EXTRA,2014,EXTRA,COA102_COB102,3.0,ENGINEERING MECHANICS,80.000000,71.000000,62.000000,53.000000,44.000000,35.000000,EXTRA_2014,0,0,0,0,0
201014051,10.40,AB,0.00,I,EXTRA,2014,EXTRA,COA102_COB102,3.0,ENGINEERING MECHANICS,80.000000,71.000000,62.000000,53.000000,44.000000,35.000000,EXTRA_2014,0,0,0,0,0
201014077,33.90,29,63.00,B,EXTRA,2014,EXTRA,COA102_COB102,3.0,ENGINEERING MECHANICS,80.000000,71.000000,62.000000,53.000000,44.000000,35.000000,EXTRA_2014,0,0,0,0,0
