Reg_No,Internal,External,Total,Grade,Time,Year,Type,Code,Credit,Title,Cut-Off-S,Cut-Off-A,Cut-Off-B,Cut-Off-C,Cut-Off-D,Cut-Off-E,Directory,Absentees,Malpractices,Detentions,NA,appeared
20120498,53.25,24,78.00,B,EXTRA,2014,EXTRA,COA207_COB107,1.5,ENGINEERING CHEMISTRY LAB,90.000000,82.000000,74.000000,66.000000,58.000000,50.000000,EXTRA_2014,0,0,0,0,0
20130003,51.00,23,74.00,B,EXTRA,2014,EXTRA,COA207_COB107,1.5,ENGINEERING CHEMISTRY LAB,90.000000,82.000000,74.000000,66.000000,58.000000,50.000000,EXTRA_2014,0,0,0,0,0
20130111,0.00,AB,0.00,I,EXTRA,2014,EXTRA,COA207_COB107,1.5,ENGINEERING CHEMISTRY LAB,90.000000,82.000000,74.000000,66.000000,58.000000,50.000000,EXTRA_2014,0,0,0,0,0
20130364,48.45,22,71.00,C,EXTRA,2014,EXTRA,COA207_COB107,1.5,ENGINEERING CHEMISTRY LAB,90.000000,82.000000,74.000000,66.000000,58.000000,50.000000,EXTRA_2014,0,0,0,0,0
20120071,52.20,30,83.00,A,EXTRA,2014,EXTRA,COA207_COB107,1.5,ENGINEERING CHEMISTRY LAB,90.000000,82.000000,74.000000,66.000000,58.000000,50.000000,EXTRA_2014,0,0,0,0,0
