Reg_No,Internal,External,Total,Grade,Time,Year,Type,Code,Credit,Title,Cut-Off-S,Cut-Off-A,Cut-Off-B,Cut-Off-C,Cut-Off-D,Cut-Off-E,Directory,Absentees,Malpractices,Detentions,NA,appeared
20130003,45.00,33.00,78.00,B,EXTRA,2014,EXTRA,COA208,1.5,COMPUTER PROGRAMMING LAB,89.000000,79.000000,70.000000,60.000000,51.000000,41.000000,EXTRA_2014,0,0,0,0,0
20130191,33.60,12.00,46.00,E,EXTRA,2014,EXTRA,COA208,1.5,COMPUTER PROGRAMMING LAB,89.000000,79.000000,70.000000,60.000000,51.000000,41.000000,EXTRA_2014,0,0,0,0,0
20130565,38.40,31.00,70.00,B,EXTRA,2014,EXTRA,COA208,1.5,COMPUTER PROGRAMMING LAB,89.000000,79.000000,70.000000,60.000000,51.000000,41.000000,EXTRA_2014,0,0,0,0,0
20130591,36.60,23.00,60.00,C,EXTRA,2014,EXTRA,COA208,1.5,COMPUTER PROGRAMMING LAB,89.000000,79.000000,70.000000,60.000000,51.000000,41.000000,EXTRA_2014,0,0,0,0,0
20130592,34.80,28.00,63.00,C,EXTRA,2014,EXTRA,COA208,1.5,COMPUTER PROGRAMMING LAB,89.000000,79.000000,70.000000,60.000000,51.000000,41.000000,EXTRA_2014,0,0,0,0,0
200928004,40.80,32.00,73.00,B,EXTRA,2014,EXTRA,COA208,1.5,COMPUTER PROGRAMMING LAB,89.000000,79.000000,70.000000,60.000000,51.000000,41.000000,EXTRA_2014,0,0,0,0,0
20130482,45.60,34.00,80.00,A,EXTRA,2014,EXTRA,COA208,1.5,COMPUTER PROGRAMMING LAB,89.000000,79.000000,70.000000,60.000000,51.000000,41.000000,EXTRA_2014,0,0,0,0,0
