Reg_No,Internal,External,Total,Grade,Time,Year,Type,Code,Credit,Title,Cut-Off-S,Cut-Off-A,Cut-Off-B,Cut-Off-C,Cut-Off-D,Cut-Off-E,Directory,Absentees,Malpractices,Detentions,NA,appeared
200811004,22.00,46.00,68.00,B,EXTRA,2014,EXTRA,COA210_COB210,1.5,COMPUTATIONAL PRACTICE LAB,90.000000,79.000000,68.000000,57.000000,46.000000,35.000000,EXTRA_2014,0,0,0,0,0
200928007,35.40,14.00,50.00,D,EXTRA,2014,EXTRA,COA210_COB210,1.5,COMPUTATIONAL PRACTICE LAB,90.000000,79.000000,68.000000,57.000000,46.000000,35.000000,EXTRA_2014,0,0,0,0,0
201015049,45.00,32.00,77.00,B,EXTRA,2014,EXTRA,COA210_COB210,1.5,COMPUTATIONAL PRACTICE LAB,90.000000,79.000000,68.000000,57.000000,46.000000,35.000000,EXTRA_2014,0,0,0,0,0
201018011,36.00,9.00,45.00,E,EXTRA,2014,EXTRA,COA210_COB210,1.5,COMPUTATIONAL PRACTICE LAB,90.000000,79.000000,68.000000,57.000000,46.000000,35.000000,EXTRA_2014,0,0,0,0,0
201028010,39.60,36.00,76.00,B,EXTRA,2014,EXTRA,COA210_COB210,1.5,COMPUTATIONAL PRACTICE LAB,90.000000,79.000000,68.000000,57.000000,46.000000,35.000000,EXTRA_2014,0,0,0,0,0
