Reg_No,Internal,External,Total,Grade,Time,Year,Type,Code,Credit,Title,Cut-Off-S,Cut-Off-A,Cut-Off-B,Cut-Off-C,Cut-Off-D,Cut-Off-E,Directory,Absentees,Malpractices,Detentions,NA,appeared
20110452,48.90,25.5,75.00,B,EXTRA,2014,EXTRA,COB207_COA107,1.5,ENGINEERING PHYSICS LAB,84.000000,77.000000,70.000000,62.000000,55.000000,48.000000,EXTRA_2014,0,0,0,0,0
20130192,46.05,18,65.00,C,EXTRA,2014,EXTRA,COB207_COA107,1.5,ENGINEERING PHYSICS LAB,84.000000,77.000000,70.000000,62.000000,55.000000,48.000000,EXTRA_2014,0,0,0,0,0
20130401,53.40,35.5,89.00,S,EXTRA,2014,EXTRA,COB207_COA107,1.5,ENGINEERING PHYSICS LAB,84.000000,77.000000,70.000000,62.000000,55.000000,48.000000,EXTRA_2014,0,0,0,0,0
20130461,49.05,24,74.00,B,EXTRA,2014,EXTRA,COB207_COA107,1.5,ENGINEERING PHYSICS LAB,84.000000,77.000000,70.000000,62.000000,55.000000,48.000000,EXTRA_2014,0,0,0,0,0
200928013,48.60,17,66.00,C,EXTRA,2014,EXTRA,COB207_COA107,1.5,ENGINEERING PHYSICS LAB,84.000000,77.000000,70.000000,62.000000,55.000000,48.000000,EXTRA_2014,0,0,0,0,0
201018011,48.75,19,68.00,C,EXTRA,2014,EXTRA,COB207_COA107,1.5,ENGINEERING PHYSICS LAB,84.000000,77.000000,70.000000,62.000000,55.000000,48.000000,EXTRA_2014,0,0,0,0,0
201018008,50.25,26.5,77.00,A,EXTRA,2014,EXTRA,COB207_COA107,1.5,ENGINEERING PHYSICS LAB,84.000000,77.000000,70.000000,62.000000,55.000000,48.000000,EXTRA_2014,0,0,0,0,0
201015015,46.95,16,63.00,C,EXTRA,2014,EXTRA,COB207_COA107,1.5,ENGINEERING PHYSICS LAB,84.000000,77.000000,70.000000,62.000000,55.000000,48.000000,EXTRA_2014,0,0,0,0,0
