Reg_No,Internal,External,Total,Grade,Time,Year,Type,Code,Credit,Title,Cut-Off-S,Cut-Off-A,Cut-Off-B,Cut-Off-C,Cut-Off-D,Cut-Off-E,Directory,Absentees,Malpractices,Detentions,NA,appeared
200811004,35.30,19.5,55.00,C,EXTRA,2014,EXTRA,COB204,4.0,ELEMENTS OF ELECTRICAL ENGINEERING,80.000000,71.000000,62.000000,53.000000,44.000000,35.000000,EXTRA_2014,0,0,0,0,0
200911019,27.90,31,59.00,C,EXTRA,2014,EXTRA,COB204,4.0,ELEMENTS OF ELECTRICAL ENGINEERING,80.000000,71.000000,62.000000,53.000000,44.000000,35.000000,EXTRA_2014,0,0,0,0,0
201011129,11.60,AB,0.00,I,EXTRA,2014,EXTRA,COB204,4.0,ELEMENTS OF ELECTRICAL ENGINEERING,80.000000,71.000000,62.000000,53.000000,44.000000,35.000000,EXTRA_2014,0,0,0,0,0
201012011,23.10,14,38.00,E,EXTRA,2014,EXTRA,COB204,4.0,ELEMENTS OF ELECTRICAL ENGINEERING,80.000000,71.000000,62.000000,53.000000,44.000000,35.000000,EXTRA_2014,0,0,0,0,0
201012088,29.10,15.5,45.00,D,EXTRA,2014,EXTRA,COB204,4.0,ELEMENTS OF ELECTRICAL ENGINEERING,80.000000,71.000000,62.000000,53.000000,44.000000,35.000000,EXTRA_2014,0,0,0,0,0
201014050,41.10,30,72.00,A,EXTRA,2014,EXTRA,COB204,4.0,ELEMENTS OF ELECTRICAL ENGINEERING,80.000000,71.000000,62.000000,53.000000,44.000000,35.000000,EXTRA_2014,0,0,0,0,0
201015063,12.65,AB,0.00,I,EXTRA,2014,EXTRA,COB204,4.0,ELEMENTS OF ELECTRICAL ENGINEERING,80.000000,71.000000,62.000000,53.000000,44.000000,35.000000,EXTRA_2014,0,0,0,0,0
