Reg_No,Internal,External,Total,Grade,Time,Year,Type,Code,Credit,Title,Cut-Off-S,Cut-Off-A,Cut-Off-B,Cut-Off-C,Cut-Off-D,Cut-Off-E,Directory,Absentees,Malpractices,Detentions,NA,appeared
20110460,40.20,30,71.00,C,EXTRA,2014,EXTRA,COB208_COA108,1.5,WORKSHOP PRACTICE LAB,87.000000,80.000000,72.000000,65.000000,57.000000,50.000000,EXTRA_2014,0,0,0,NA,0
20130192,40.80,29.00,70.00,C,EXTRA,2014,EXTRA,COB208_COA108,1.5,WORKSHOP PRACTICE LAB,87.000000,80.000000,72.000000,65.000000,57.000000,50.000000,EXTRA_2014,0,0,0,NA,0
20130278,45.00,29.00,74.00,B,EXTRA,2014,EXTRA,COB208_COA108,1.5,WORKSHOP PRACTICE LAB,87.000000,80.000000,72.000000,65.000000,57.000000,50.000000,EXTRA_2014,0,0,0,NA,0
20130527,42.00,33.00,75.00,B,EXTRA,2014,EXTRA,COB208_COA108,1.5,WORKSHOP PRACTICE LAB,87.000000,80.000000,72.000000,65.000000,57.000000,50.000000,EXTRA_2014,0,0,0,NA,0
200915015,42.00,30.00,72.00,B,EXTRA,2014,EXTRA,COB208_COA108,1.5,WORKSHOP PRACTICE LAB,87.000000,80.000000,72.000000,65.000000,57.000000,50.000000,EXTRA_2014,0,0,0,NA,0
201015059,42.75,28.00,71.00,C,EXTRA,2014,EXTRA,COB208_COA108,1.5,WORKSHOP PRACTICE LAB,87.000000,80.000000,72.000000,65.000000,57.000000,50.000000,EXTRA_2014,0,0,0,NA,0
