Reg_No,Internal,External,Total,Grade,Time,Year,Type,Code,Credit,Title,Cut-Off-S,Cut-Off-A,Cut-Off-B,Cut-Off-C,Cut-Off-D,Cut-Off-E,Directory,Absentees,Malpractices,Detentions,NA,appeared
20110018,15.10,MP,00,MP,EXTRA,2014,EXTRA,CSE305,4.0,PC HARDWARE & PERIPHERALS,80.000000,71.000000,62.000000,53.000000,44.000000,35.000000,EXTRA_2014,0,0,0,0,0
20120212,18.40,38,57.00,C,EXTRA,2014,EXTRA,CSE305,4.0,PC HARDWARE & PERIPHERALS,80.000000,71.000000,62.000000,53.000000,44.000000,35.000000,EXTRA_2014,0,0,0,0,0
20120432,18.20,17.5,36.00,E,EXTRA,2014,EXTRA,CSE305,4.0,PC HARDWARE & PERIPHERALS,80.000000,71.000000,62.000000,53.000000,44.000000,35.000000,EXTRA_2014,0,0,0,0,0
20120475,18.83,25,44.00,D,EXTRA,2014,EXTRA,CSE305,4.0,PC HARDWARE & PERIPHERALS,80.000000,71.000000,62.000000,53.000000,44.000000,35.000000,EXTRA_2014,0,0,0,0,0
20120562,21.00,25,46.00,D,EXTRA,2014,EXTRA,CSE305,4.0,PC HARDWARE & PERIPHERALS,80.000000,71.000000,62.000000,53.000000,44.000000,35.000000,EXTRA_2014,0,0,0,0,0
20120664,15.45,32.5,48.00,D,EXTRA,2014,EXTRA,CSE305,4.0,PC HARDWARE & PERIPHERALS,80.000000,71.000000,62.000000,53.000000,44.000000,35.000000,EXTRA_2014,0,0,0,0,0
20120670,12.15,26,39.00,E,EXTRA,2014,EXTRA,CSE305,4.0,PC HARDWARE & PERIPHERALS,80.000000,71.000000,62.000000,53.000000,44.000000,35.000000,EXTRA_2014,0,0,0,0,0
20120700,16.93,AB,0.00,I,EXTRA,2014,EXTRA,CSE305,4.0,PC HARDWARE & PERIPHERALS,80.000000,71.000000,62.000000,53.000000,44.000000,35.000000,EXTRA_2014,0,0,0,0,0
201011129,9.80,AB,0.00,I,EXTRA,2014,EXTRA,CSE305,4.0,PC HARDWARE & PERIPHERALS,80.000000,71.000000,62.000000,53.000000,44.000000,35.000000,EXTRA_2014,0,0,0,0,0
