Reg_No,Internal,External,Total,Grade,Time,Year,Type,Code,Credit,Title,Cut-Off-S,Cut-Off-A,Cut-Off-B,Cut-Off-C,Cut-Off-D,Cut-Off-E,Directory,Absentees,Malpractices,Detentions,NA,appeared
20110233,11.15,31.5,43.00,E,EXTRA,2014,EXTRA,CSE304,4.0,DIGITAL CIRCUITS & LOGIC DESIGN,83.000000,74.000000,65.000000,56.000000,47.000000,38.000000,EXTRA_2014,0,0,0,0,0
20110315,18.30,20,39.00,E,EXTRA,2014,EXTRA,CSE304,4.0,DIGITAL CIRCUITS & LOGIC DESIGN,83.000000,74.000000,65.000000,56.000000,47.000000,38.000000,EXTRA_2014,0,0,0,0,0
20110320,18.40,34,53.00,D,EXTRA,2014,EXTRA,CSE304,4.0,DIGITAL CIRCUITS & LOGIC DESIGN,83.000000,74.000000,65.000000,56.000000,47.000000,38.000000,EXTRA_2014,0,0,0,0,0
20110337,15.40,AB,0.00,I,EXTRA,2014,EXTRA,CSE304,4.0,DIGITAL CIRCUITS & LOGIC DESIGN,83.000000,74.000000,65.000000,56.000000,47.000000,38.000000,EXTRA_2014,0,0,0,0,0
20110444,20.80,15,36.00,F,EXTRA,2014,EXTRA,CSE304,4.0,DIGITAL CIRCUITS & LOGIC DESIGN,83.000000,74.000000,65.000000,56.000000,47.000000,38.000000,EXTRA_2014,0,0,0,0,0
20120357,17.05,30,48.00,D,EXTRA,2014,EXTRA,CSE304,4.0,DIGITAL CIRCUITS & LOGIC DESIGN,83.000000,74.000000,65.000000,56.000000,47.000000,38.000000,EXTRA_2014,0,0,0,0,0
201011129,20.50,28.75,50.00,D,EXTRA,2014,EXTRA,CSE304,4.0,DIGITAL CIRCUITS & LOGIC DESIGN,83.000000,74.000000,65.000000,56.000000,47.000000,38.000000,EXTRA_2014,0,0,0,0,0
20120664,27.70,39.5,68.00,B,EXTRA,2014,EXTRA,CSE304,4.0,DIGITAL CIRCUITS & LOGIC DESIGN,83.000000,74.000000,65.000000,56.000000,47.000000,38.000000,EXTRA_2014,0,0,0,0,0
