Reg_No,Internal,External,Total,Grade,Time,Year,Type,Code,Credit,Title,Cut-Off-S,Cut-Off-A,Cut-Off-B,Cut-Off-C,Cut-Off-D,Cut-Off-E,Directory,Absentees,Malpractices,Detentions,NA,appeared
20110258,19.90,23.5,44.00,D,EXTRA,2014,EXTRA,CSE302,4.0,DATA STRUCTURES,80.000000,71.000000,62.000000,53.000000,44.000000,35.000000,EXTRA_2014,0,0,0,0,0
20120357,13.90,23,37.00,E,EXTRA,2014,EXTRA,CSE302,4.0,DATA STRUCTURES,80.000000,71.000000,62.000000,53.000000,44.000000,35.000000,EXTRA_2014,0,0,0,0,0
20120370,12.30,21.5,34.00,F,EXTRA,2014,EXTRA,CSE302,4.0,DATA STRUCTURES,80.000000,71.000000,62.000000,53.000000,44.000000,35.000000,EXTRA_2014,0,0,0,0,0
201011032,23.40,22,46.00,D,EXTRA,2014,EXTRA,CSE302,4.0,DATA STRUCTURES,80.000000,71.000000,62.000000,53.000000,44.000000,35.000000,EXTRA_2014,0,0,0,0,0
201311509,15.45,11.5,27.00,F,EXTRA,2014,EXTRA,CSE302,4.0,DATA STRUCTURES,80.000000,71.000000,62.000000,53.000000,44.000000,35.000000,EXTRA_2014,0,0,0,0,0
