Reg_No,Internal,External,Total,Grade,Time,Year,Type,Code,Credit,Title,Cut-Off-S,Cut-Off-A,Cut-Off-B,Cut-Off-C,Cut-Off-D,Cut-Off-E,Directory,Absentees,Malpractices,Detentions,NA,appeared
201011033,30.10,22.00,53.00,D,EXTRA,2014,EXTRA,CSE306_IT309,4.0,COMMUNICATION TECHNIQUES,89.000000,78.000000,67.000000,57.000000,46.000000,35.000000,EXTRA_2014,0,0,0,0,0
201011094,36.20,21.50,58.00,C,EXTRA,2014,EXTRA,CSE306_IT309,4.0,COMMUNICATION TECHNIQUES,89.000000,78.000000,67.000000,57.000000,46.000000,35.000000,EXTRA_2014,0,0,0,0,0
201111503,30.90,21.00,52.00,D,EXTRA,2014,EXTRA,CSE306_IT309,4.0,COMMUNICATION TECHNIQUES,89.000000,78.000000,67.000000,57.000000,46.000000,35.000000,EXTRA_2014,0,0,0,0,0
201111508,26.80,22.00,49.00,D,EXTRA,2014,EXTRA,CSE306_IT309,4.0,COMMUNICATION TECHNIQUES,89.000000,78.000000,67.000000,57.000000,46.000000,35.000000,EXTRA_2014,0,0,0,0,0
200714018,37.10,31.50,69.00,B,EXTRA,2014,EXTRA,CSE306_IT309,4.0,COMMUNICATION TECHNIQUES,89.000000,78.000000,67.000000,57.000000,46.000000,35.000000,EXTRA_2014,0,0,0,0,0
