Reg_No,Internal,External,Total,Grade,Time,Year,Type,Code,Credit,Title,Cut-Off-S,Cut-Off-A,Cut-Off-B,Cut-Off-C,Cut-Off-D,Cut-Off-E,Directory,Absentees,Malpractices,Detentions,NA,appeared
20120666,45.27,32,78.00,A,EXTRA,2014,EXTRA,CSE409,1.5,COMPUTER GRAPHICS LAB,86.000000,77.000000,68.000000,58.000000,49.000000,40.000000,EXTRA_2014,0,0,0,0,0
20120700,43.09,30,74.00,B,EXTRA,2014,EXTRA,CSE409,1.5,COMPUTER GRAPHICS LAB,86.000000,77.000000,68.000000,58.000000,49.000000,40.000000,EXTRA_2014,0,0,0,0,0
200911005,39.81,34,74.00,B,EXTRA,2014,EXTRA,CSE409,1.5,COMPUTER GRAPHICS LAB,86.000000,77.000000,68.000000,58.000000,49.000000,40.000000,EXTRA_2014,0,0,0,0,0
200811004,28.00,30,58.00,C,EXTRA,2014,EXTRA,CSE409,1.5,COMPUTER GRAPHICS LAB,86.000000,77.000000,68.000000,58.000000,49.000000,40.000000,EXTRA_2014,0,0,0,0,0
200711042,43.64,28,72.00,B,EXTRA,2014,EXTRA,CSE409,1.5,COMPUTER GRAPHICS LAB,86.000000,77.000000,68.000000,58.000000,49.000000,40.000000,EXTRA_2014,0,0,0,0,0
