Reg_No,Internal,External,Total,Grade,Time,Year,Type,Code,Credit,Title,Cut-Off-S,Cut-Off-A,Cut-Off-B,Cut-Off-C,Cut-Off-D,Cut-Off-E,Directory,Absentees,Malpractices,Detentions,NA,appeared
20110058,19.60,AB,0.00,I,EXTRA,2014,EXTRA,CSE403,4.0,DATABASE MANAGEMENT SYSTEMS,90.000000,79.000000,68.000000,57.000000,46.000000,35.000000,EXTRA_2014,0,0,0,0,0
20110308,12.75,27,40.00,E,EXTRA,2014,EXTRA,CSE403,4.0,DATABASE MANAGEMENT SYSTEMS,90.000000,79.000000,68.000000,57.000000,46.000000,35.000000,EXTRA_2014,0,0,0,0,0
20110315,16.15,21,38.00,E,EXTRA,2014,EXTRA,CSE403,4.0,DATABASE MANAGEMENT SYSTEMS,90.000000,79.000000,68.000000,57.000000,46.000000,35.000000,EXTRA_2014,0,0,0,0,0
20120460,25.75,00,26.00,F,EXTRA,2014,EXTRA,CSE403,4.0,DATABASE MANAGEMENT SYSTEMS,90.000000,79.000000,68.000000,57.000000,46.000000,35.000000,EXTRA_2014,0,0,0,0,0
20120666,13.70,23.5,38.00,E,EXTRA,2014,EXTRA,CSE403,4.0,DATABASE MANAGEMENT SYSTEMS,90.000000,79.000000,68.000000,57.000000,46.000000,35.000000,EXTRA_2014,0,0,0,0,0
20120701,10.60,24.5,36.00,E,EXTRA,2014,EXTRA,CSE403,4.0,DATABASE MANAGEMENT SYSTEMS,90.000000,79.000000,68.000000,57.000000,46.000000,35.000000,EXTRA_2014,0,0,0,0,0
200711042,15.60,11.5,28.00,F,EXTRA,2014,EXTRA,CSE403,4.0,DATABASE MANAGEMENT SYSTEMS,90.000000,79.000000,68.000000,57.000000,46.000000,35.000000,EXTRA_2014,0,0,0,0,0
201011043,18.00,18,36.00,E,EXTRA,2014,EXTRA,CSE403,4.0,DATABASE MANAGEMENT SYSTEMS,90.000000,79.000000,68.000000,57.000000,46.000000,35.000000,EXTRA_2014,0,0,0,0,0
201111509,14.05,21,36.00,E,EXTRA,2014,EXTRA,CSE403,4.0,DATABASE MANAGEMENT SYSTEMS,90.000000,79.000000,68.000000,57.000000,46.000000,35.000000,EXTRA_2014,0,0,0,0,0
