Reg_No,Internal,External,Total,Grade,Time,Year,Type,Code,Credit,Title,Cut-Off-S,Cut-Off-A,Cut-Off-B,Cut-Off-C,Cut-Off-D,Cut-Off-E,Directory,Absentees,Malpractices,Detentions,NA,appeared
200911019,36.90,32,69.00,B,EXTRA,2014,EXTRA,CSE505,4.0,FORMAL LANGUAGE & AUTOMATA THEORY,80.000000,71.000000,62.000000,53.000000,44.000000,35.000000,EXTRA_2014,0,0,0,0,0
200911067,27.00,28.5,56.00,C,EXTRA,2014,EXTRA,CSE505,4.0,FORMAL LANGUAGE & AUTOMATA THEORY,80.000000,71.000000,62.000000,53.000000,44.000000,35.000000,EXTRA_2014,0,0,0,0,0
201011052,25.40,14.5,40.00,E,EXTRA,2014,EXTRA,CSE505,4.0,FORMAL LANGUAGE & AUTOMATA THEORY,80.000000,71.000000,62.000000,53.000000,44.000000,35.000000,EXTRA_2014,0,0,0,0,0
201011082,16.30,11.5,28.00,F,EXTRA,2014,EXTRA,CSE505,4.0,FORMAL LANGUAGE & AUTOMATA THEORY,80.000000,71.000000,62.000000,53.000000,44.000000,35.000000,EXTRA_2014,0,0,0,0,0
201011116,10.60,06,17.00,F,EXTRA,2014,EXTRA,CSE505,4.0,FORMAL LANGUAGE & AUTOMATA THEORY,80.000000,71.000000,62.000000,53.000000,44.000000,35.000000,EXTRA_2014,0,0,0,0,0
201011130,13.90,17.5,32.00,F,EXTRA,2014,EXTRA,CSE505,4.0,FORMAL LANGUAGE & AUTOMATA THEORY,80.000000,71.000000,62.000000,53.000000,44.000000,35.000000,EXTRA_2014,0,0,0,0,0
201011051,12.90,13,26.00,F,EXTRA,2014,EXTRA,CSE505,4.0,FORMAL LANGUAGE & AUTOMATA THEORY,80.000000,71.000000,62.000000,53.000000,44.000000,35.000000,EXTRA_2014,0,0,0,0,0
