Reg_No,Internal,External,Total,Grade,Time,Year,Type,Code,Credit,Title,Cut-Off-S,Cut-Off-A,Cut-Off-B,Cut-Off-C,Cut-Off-D,Cut-Off-E,Directory,Absentees,Malpractices,Detentions,NA,appeared
20110155,14.30,AB,0.00,I,EXTRA,2014,EXTRA,CSE602,4.0,UNIX_LINUX INTERNALS,86.000000,76.000000,66.000000,55.000000,45.000000,35.000000,EXTRA_2014,0,0,0,0,0
20110201,7.00,13,20.00,F,EXTRA,2014,EXTRA,CSE602,4.0,UNIX_LINUX INTERNALS,86.000000,76.000000,66.000000,55.000000,45.000000,35.000000,EXTRA_2014,0,0,0,0,0
20110320,14.60,18,33.00,F,EXTRA,2014,EXTRA,CSE602,4.0,UNIX_LINUX INTERNALS,86.000000,76.000000,66.000000,55.000000,45.000000,35.000000,EXTRA_2014,0,0,0,0,0
20121710,14.85,14.5,30.00,F,EXTRA,2014,EXTRA,CSE602,4.0,UNIX_LINUX INTERNALS,86.000000,76.000000,66.000000,55.000000,45.000000,35.000000,EXTRA_2014,0,0,0,0,0
201111509,22.25,15,38.00,E,EXTRA,2014,EXTRA,CSE602,4.0,UNIX_LINUX INTERNALS,86.000000,76.000000,66.000000,55.000000,45.000000,35.000000,EXTRA_2014,0,0,0,0,0
