Reg_No,Internal,External,Total,Grade,Time,Year,Type,Code,Credit,Title,Cut-Off-S,Cut-Off-A,Cut-Off-B,Cut-Off-C,Cut-Off-D,Cut-Off-E,Directory,Absentees,Malpractices,Detentions,NA,appeared
20110201,10.75,21,32.00,F,EXTRA,2014,EXTRA,CSE603,4.0,COMPUTER NETWORK,84.000000,74.000000,64.000000,55.000000,45.000000,35.000000,EXTRA_2014,0,0,0,0,0
20110277,26.50,17.5,44.00,E,EXTRA,2014,EXTRA,CSE603,4.0,COMPUTER NETWORK,84.000000,74.000000,64.000000,55.000000,45.000000,35.000000,EXTRA_2014,0,0,0,0,0
20110308,16.70,20,37.00,E,EXTRA,2014,EXTRA,CSE603,4.0,COMPUTER NETWORK,84.000000,74.000000,64.000000,55.000000,45.000000,35.000000,EXTRA_2014,0,0,0,0,0
20110320,15.50,10.5,26.00,F,EXTRA,2014,EXTRA,CSE603,4.0,COMPUTER NETWORK,84.000000,74.000000,64.000000,55.000000,45.000000,35.000000,EXTRA_2014,0,0,0,0,0
20121710,20.40,11,32.00,F,EXTRA,2014,EXTRA,CSE603,4.0,COMPUTER NETWORK,84.000000,74.000000,64.000000,55.000000,45.000000,35.000000,EXTRA_2014,0,0,0,0,0
20121715,26.40,38.5,65.00,B,EXTRA,2014,EXTRA,CSE603,4.0,COMPUTER NETWORK,84.000000,74.000000,64.000000,55.000000,45.000000,35.000000,EXTRA_2014,0,0,0,0,0
200811030,18.16,AB,0.00,I,EXTRA,2014,EXTRA,CSE603,4.0,COMPUTER NETWORK,84.000000,74.000000,64.000000,55.000000,45.000000,35.000000,EXTRA_2014,0,0,0,0,0
