Reg_No,Internal,External,Total,Grade,Time,Year,Type,Code,Credit,Title,Cut-Off-S,Cut-Off-A,Cut-Off-B,Cut-Off-C,Cut-Off-D,Cut-Off-E,Directory,Absentees,Malpractices,Detentions,NA,appeared
201011033,32.20,16.5,49.00,D,EXTRA,2014,EXTRA,CSE701,4.0,DISTRIBUTED SYSTEMS,84.000000,74.000000,64.000000,55.000000,45.000000,35.000000,EXTRA_2014,0,0,0,0,0
201011035,18.00,15.5,34.00,F,EXTRA,2014,EXTRA,CSE701,4.0,DISTRIBUTED SYSTEMS,84.000000,74.000000,64.000000,55.000000,45.000000,35.000000,EXTRA_2014,0,0,0,0,0
201011130,34.50,12,47.00,D,EXTRA,2014,EXTRA,CSE701,4.0,DISTRIBUTED SYSTEMS,84.000000,74.000000,64.000000,55.000000,45.000000,35.000000,EXTRA_2014,0,0,0,0,0
201011511,25.90,7.5,34.00,F,EXTRA,2014,EXTRA,CSE701,4.0,DISTRIBUTED SYSTEMS,84.000000,74.000000,64.000000,55.000000,45.000000,35.000000,EXTRA_2014,0,0,0,0,0
201111503,21.30,12.5,34.00,F,EXTRA,2014,EXTRA,CSE701,4.0,DISTRIBUTED SYSTEMS,84.000000,74.000000,64.000000,55.000000,45.000000,35.000000,EXTRA_2014,0,0,0,0,0
201111508,18.00,9.5,28.00,F,EXTRA,2014,EXTRA,CSE701,4.0,DISTRIBUTED SYSTEMS,84.000000,74.000000,64.000000,55.000000,45.000000,35.000000,EXTRA_2014,0,0,0,0,0
