Reg_No,Internal,External,Total,Grade,Time,Year,Type,Code,Credit,Title,Cut-Off-S,Cut-Off-A,Cut-Off-B,Cut-Off-C,Cut-Off-D,Cut-Off-E,Directory,Absentees,Malpractices,Detentions,NA,appeared
201011025,36.70,30,67.00,B,EXTRA,2014,EXTRA,CSE705,4.0,INFORMATION TRANSMISSION & CODING THEORY,87.000000,77.000000,66.000000,56.000000,45.000000,35.000000,EXTRA_2014,0,0,0,0,0
201011035,24.70,10.50,36.00,E,EXTRA,2014,EXTRA,CSE705,4.0,INFORMATION TRANSMISSION & CODING THEORY,87.000000,77.000000,66.000000,56.000000,45.000000,35.000000,EXTRA_2014,0,0,0,0,0
201011069,22.10,25.50,48.00,D,EXTRA,2014,EXTRA,CSE705,4.0,INFORMATION TRANSMISSION & CODING THEORY,87.000000,77.000000,66.000000,56.000000,45.000000,35.000000,EXTRA_2014,0,0,0,0,0
201011124,36.00,23,59.00,C,EXTRA,2014,EXTRA,CSE705,4.0,INFORMATION TRANSMISSION & CODING THEORY,87.000000,77.000000,66.000000,56.000000,45.000000,35.000000,EXTRA_2014,0,0,0,0,0
201111502,16.35,19,36.00,E,EXTRA,2014,EXTRA,CSE705,4.0,INFORMATION TRANSMISSION & CODING THEORY,87.000000,77.000000,66.000000,56.000000,45.000000,35.000000,EXTRA_2014,0,0,0,0,0
201111503,35.70,3.50,40.00,E,EXTRA,2014,EXTRA,CSE705,4.0,INFORMATION TRANSMISSION & CODING THEORY,87.000000,77.000000,66.000000,56.000000,45.000000,35.000000,EXTRA_2014,0,0,0,0,0
201111508,31.50,8.50,40.00,E,EXTRA,2014,EXTRA,CSE705,4.0,INFORMATION TRANSMISSION & CODING THEORY,87.000000,77.000000,66.000000,56.000000,45.000000,35.000000,EXTRA_2014,0,0,0,0,0
200711042,13.60,22.50,37.00,E,EXTRA,2014,EXTRA,CSE705,4.0,INFORMATION TRANSMISSION & CODING THEORY,87.000000,77.000000,66.000000,56.000000,45.000000,35.000000,EXTRA_2014,0,0,0,0,0
