Reg_No,Internal,External,Total,Grade,Time,Year,Type,Code,Credit,Title,Cut-Off-S,Cut-Off-A,Cut-Off-B,Cut-Off-C,Cut-Off-D,Cut-Off-E,Directory,Absentees,Malpractices,Detentions,NA,appeared
20110266,20.60,07,28.00,F,EXTRA,2014,EXTRA,EC302,3.0,ANALOG ELECTRONIC CIRCUITS,83.000000,73.000000,64.000000,54.000000,45.000000,35.000000,EXTRA_2014,0,0,0,0,0
20120400,19.65,19,39.00,E,EXTRA,2014,EXTRA,EC302,3.0,ANALOG ELECTRONIC CIRCUITS,83.000000,73.000000,64.000000,54.000000,45.000000,35.000000,EXTRA_2014,0,0,0,0,0
20120553,24.00,19.5,44.00,E,EXTRA,2014,EXTRA,EC302,3.0,ANALOG ELECTRONIC CIRCUITS,83.000000,73.000000,64.000000,54.000000,45.000000,35.000000,EXTRA_2014,0,0,0,0,0
20121721,18.50,17,36.00,E,EXTRA,2014,EXTRA,EC302,3.0,ANALOG ELECTRONIC CIRCUITS,83.000000,73.000000,64.000000,54.000000,45.000000,35.000000,EXTRA_2014,0,0,0,0,0
201312502,20.70,AB,0.00,I,EXTRA,2014,EXTRA,EC302,3.0,ANALOG ELECTRONIC CIRCUITS,83.000000,73.000000,64.000000,54.000000,45.000000,35.000000,EXTRA_2014,0,0,0,0,0
