Reg_No,Internal,External,Total,Grade,Time,Year,Type,Code,Credit,Title,Cut-Off-S,Cut-Off-A,Cut-Off-B,Cut-Off-C,Cut-Off-D,Cut-Off-E,Directory,Absentees,Malpractices,Detentions,NA,appeared
200712117,41.00,32,73.00,B,EXTRA,2014,EXTRA,EC307,1.5,ELECTRONIC DEVICES AND COMPONENTS LAB,84.000000,77.000000,69.000000,62.000000,54.000000,47.000000,EXTRA_2014,0,0,0,0,0
20111001,41.00,30,71.00,B,EXTRA,2014,EXTRA,EC307,1.5,ELECTRONIC DEVICES AND COMPONENTS LAB,84.000000,77.000000,69.000000,62.000000,54.000000,47.000000,EXTRA_2014,0,0,0,0,0
20120312,39.50,29,69.00,B,EXTRA,2014,EXTRA,EC307,1.5,ELECTRONIC DEVICES AND COMPONENTS LAB,84.000000,77.000000,69.000000,62.000000,54.000000,47.000000,EXTRA_2014,0,0,0,0,0
20120400,36.50,16,53.00,E,EXTRA,2014,EXTRA,EC307,1.5,ELECTRONIC DEVICES AND COMPONENTS LAB,84.000000,77.000000,69.000000,62.000000,54.000000,47.000000,EXTRA_2014,0,0,0,0,0
20120553,39.00,26,65.00,C,EXTRA,2014,EXTRA,EC307,1.5,ELECTRONIC DEVICES AND COMPONENTS LAB,84.000000,77.000000,69.000000,62.000000,54.000000,47.000000,EXTRA_2014,0,0,0,0,0
20120575,37.50,29,67.00,C,EXTRA,2014,EXTRA,EC307,1.5,ELECTRONIC DEVICES AND COMPONENTS LAB,84.000000,77.000000,69.000000,62.000000,54.000000,47.000000,EXTRA_2014,0,0,0,0,0
