Reg_No,Internal,External,Total,Grade,Time,Year,Type,Code,Credit,Title,Cut-Off-S,Cut-Off-A,Cut-Off-B,Cut-Off-C,Cut-Off-D,Cut-Off-E,Directory,Absentees,Malpractices,Detentions,NA,appeared
20110279,40.00,28,68.00,C,EXTRA,2014,EXTRA,EC507,1.5,ADVANCED MICROPROCESSOR LABORATORY,89.000000,81.000000,73.000000,66.000000,58.000000,50.000000,EXTRA_2014,0,0,0,0,0
20110243,0.00,DT,0.00,DT,EXTRA,2014,EXTRA,EC507,1.5,ADVANCED MICROPROCESSOR LABORATORY,89.000000,81.000000,73.000000,66.000000,58.000000,50.000000,EXTRA_2014,0,0,0,0,0
200912046,40.00,25,65.00,D,EXTRA,2014,EXTRA,EC507,1.5,ADVANCED MICROPROCESSOR LABORATORY,89.000000,81.000000,73.000000,66.000000,58.000000,50.000000,EXTRA_2014,0,0,0,0,0
200912104,33.00,32,65.00,D,EXTRA,2014,EXTRA,EC507,1.5,ADVANCED MICROPROCESSOR LABORATORY,89.000000,81.000000,73.000000,66.000000,58.000000,50.000000,EXTRA_2014,0,0,0,0,0
201012066,42.00,20,62.00,D,EXTRA,2014,EXTRA,EC507,1.5,ADVANCED MICROPROCESSOR LABORATORY,89.000000,81.000000,73.000000,66.000000,58.000000,50.000000,EXTRA_2014,0,0,0,0,0
