Reg_No,Internal,External,Total,Grade,Time,Year,Type,Code,Credit,Title,Cut-Off-S,Cut-Off-A,Cut-Off-B,Cut-Off-C,Cut-Off-D,Cut-Off-E,Directory,Absentees,Malpractices,Detentions,NA,appeared
201012100,19.80,18,38.00,E,EXTRA,2014,EXTRA,EC501,4.0,ANTENNA,85.000000,75.000000,65.000000,55.000000,45.000000,35.000000,EXTRA_2014,0,0,0,0,0
20110007,15.30,AB,0.00,I,EXTRA,2014,EXTRA,EC501,4.0,ANTENNA,85.000000,75.000000,65.000000,55.000000,45.000000,35.000000,EXTRA_2014,0,0,0,0,0
20110152,9.10,11.5,21.00,F,EXTRA,2014,EXTRA,EC501,4.0,ANTENNA,85.000000,75.000000,65.000000,55.000000,45.000000,35.000000,EXTRA_2014,0,0,0,0,0
20110304,11.90,27.5,40.00,E,EXTRA,2014,EXTRA,EC501,4.0,ANTENNA,85.000000,75.000000,65.000000,55.000000,45.000000,35.000000,EXTRA_2014,0,0,0,0,0
201012052,34.80,27.5,63.00,C,EXTRA,2014,EXTRA,EC501,4.0,ANTENNA,85.000000,75.000000,65.000000,55.000000,45.000000,35.000000,EXTRA_2014,0,0,0,0,0
