Reg_No,Internal,External,Total,Grade,Time,Year,Type,Code,Credit,Title,Cut-Off-S,Cut-Off-A,Cut-Off-B,Cut-Off-C,Cut-Off-D,Cut-Off-E,Directory,Absentees,Malpractices,Detentions,NA,appeared
200712117,16.30,AB,0.00,I,EXTRA,2014,EXTRA,EC505,4.0,NETWORK ANALYSIS,80.000000,71.000000,62.000000,53.000000,44.000000,35.000000,EXTRA_2014,0,0,0,0,0
200812028,33.35,23,57.00,C,EXTRA,2014,EXTRA,EC505,4.0,NETWORK ANALYSIS,80.000000,71.000000,62.000000,53.000000,44.000000,35.000000,EXTRA_2014,0,0,0,0,0
201012008,21.00,17.5,39.00,E,EXTRA,2014,EXTRA,EC505,4.0,NETWORK ANALYSIS,80.000000,71.000000,62.000000,53.000000,44.000000,35.000000,EXTRA_2014,0,0,0,0,0
201012011,33.15,19,53.00,C,EXTRA,2014,EXTRA,EC505,4.0,NETWORK ANALYSIS,80.000000,71.000000,62.000000,53.000000,44.000000,35.000000,EXTRA_2014,0,0,0,0,0
201012036,13.20,31,45.00,D,EXTRA,2014,EXTRA,EC505,4.0,NETWORK ANALYSIS,80.000000,71.000000,62.000000,53.000000,44.000000,35.000000,EXTRA_2014,0,0,0,0,0
201012080,28.15,20,49.00,D,EXTRA,2014,EXTRA,EC505,4.0,NETWORK ANALYSIS,80.000000,71.000000,62.000000,53.000000,44.000000,35.000000,EXTRA_2014,0,0,0,0,0
201112505,31.00,18,49.00,D,EXTRA,2014,EXTRA,EC505,4.0,NETWORK ANALYSIS,80.000000,71.000000,62.000000,53.000000,44.000000,35.000000,EXTRA_2014,0,0,0,0,0
