Reg_No,Internal,External,Total,Grade,Time,Year,Type,Code,Credit,Title,Cut-Off-S,Cut-Off-A,Cut-Off-B,Cut-Off-C,Cut-Off-D,Cut-Off-E,Directory,Absentees,Malpractices,Detentions,NA,appeared
20110007,24.05,23,48.00,D,EXTRA,2014,EXTRA,EC603,4.0,INDUSTRIAL MANAGEMENT,80.000000,71.000000,62.000000,53.000000,44.000000,35.000000,EXTRA_2014,0,0,0,0,0
20110240,29.90,AB,0.00,I,EXTRA,2014,EXTRA,EC603,4.0,INDUSTRIAL MANAGEMENT,80.000000,71.000000,62.000000,53.000000,44.000000,35.000000,EXTRA_2014,0,0,0,0,0
20110247,23.85,27,51.00,D,EXTRA,2014,EXTRA,EC603,4.0,INDUSTRIAL MANAGEMENT,80.000000,71.000000,62.000000,53.000000,44.000000,35.000000,EXTRA_2014,0,0,0,0,0
20110304,20.70,17.5,39.00,E,EXTRA,2014,EXTRA,EC603,4.0,INDUSTRIAL MANAGEMENT,80.000000,71.000000,62.000000,53.000000,44.000000,35.000000,EXTRA_2014,0,0,0,0,0
20121722,19.60,21,41.00,E,EXTRA,2014,EXTRA,EC603,4.0,INDUSTRIAL MANAGEMENT,80.000000,71.000000,62.000000,53.000000,44.000000,35.000000,EXTRA_2014,0,0,0,0,0
200812133,30.40,20,51.00,D,EXTRA,2014,EXTRA,EC603,4.0,INDUSTRIAL MANAGEMENT,80.000000,71.000000,62.000000,53.000000,44.000000,35.000000,EXTRA_2014,0,0,0,0,0
