Reg_No,Internal,External,Total,Grade,Time,Year,Type,Code,Credit,Title,Cut-Off-S,Cut-Off-A,Cut-Off-B,Cut-Off-C,Cut-Off-D,Cut-Off-E,Directory,Absentees,Malpractices,Detentions,NA,appeared
20110152,26.40,25.5,52.00,E,EXTRA,2014,EXTRA,EC604,4.0,DIGITAL COMMUNICATION,90.000000,81.000000,72.000000,63.000000,54.000000,45.000000,EXTRA_2014,0,0,0,0,0
20110240,36.65,39.5,77.00,B,EXTRA,2014,EXTRA,EC604,4.0,DIGITAL COMMUNICATION,90.000000,81.000000,72.000000,63.000000,54.000000,45.000000,EXTRA_2014,0,0,0,0,0
200812028,38.20,27,66.00,C,EXTRA,2014,EXTRA,EC604,4.0,DIGITAL COMMUNICATION,90.000000,81.000000,72.000000,63.000000,54.000000,45.000000,EXTRA_2014,0,0,0,0,0
200812133,26.30,31,58.00,D,EXTRA,2014,EXTRA,EC604,4.0,DIGITAL COMMUNICATION,90.000000,81.000000,72.000000,63.000000,54.000000,45.000000,EXTRA_2014,0,0,0,0,0
200912071,41.80,28,70.00,C,EXTRA,2014,EXTRA,EC604,4.0,DIGITAL COMMUNICATION,90.000000,81.000000,72.000000,63.000000,54.000000,45.000000,EXTRA_2014,0,0,0,0,0
200912120,30.40,36,67.00,C,EXTRA,2014,EXTRA,EC604,4.0,DIGITAL COMMUNICATION,90.000000,81.000000,72.000000,63.000000,54.000000,45.000000,EXTRA_2014,0,0,0,0,0
201012008,39.00,22.5,62.00,D,EXTRA,2014,EXTRA,EC604,4.0,DIGITAL COMMUNICATION,90.000000,81.000000,72.000000,63.000000,54.000000,45.000000,EXTRA_2014,0,0,0,0,0
201112506,21.70,36.5,59.00,D,EXTRA,2014,EXTRA,EC604,4.0,DIGITAL COMMUNICATION,90.000000,81.000000,72.000000,63.000000,54.000000,45.000000,EXTRA_2014,0,0,0,0,0
