Reg_No,Internal,External,Total,Grade,Time,Year,Type,Code,Credit,Title,Cut-Off-S,Cut-Off-A,Cut-Off-B,Cut-Off-C,Cut-Off-D,Cut-Off-E,Directory,Absentees,Malpractices,Detentions,NA,appeared
20110007,15.00,26.5,42.00,E,EXTRA,2014,EXTRA,EC601,4.0,MICROWAVE ENGINEERING,85.000000,75.000000,65.000000,55.000000,45.000000,35.000000,EXTRA_2014,0,0,0,0,0
20110240,29.00,21,50.00,D,EXTRA,2014,EXTRA,EC601,4.0,MICROWAVE ENGINEERING,85.000000,75.000000,65.000000,55.000000,45.000000,35.000000,EXTRA_2014,0,0,0,0,0
20110247,18.00,20.5,39.00,E,EXTRA,2014,EXTRA,EC601,4.0,MICROWAVE ENGINEERING,85.000000,75.000000,65.000000,55.000000,45.000000,35.000000,EXTRA_2014,0,0,0,0,0
20110304,16.00,13,29.00,F,EXTRA,2014,EXTRA,EC601,4.0,MICROWAVE ENGINEERING,85.000000,75.000000,65.000000,55.000000,45.000000,35.000000,EXTRA_2014,0,0,0,0,0
200812133,20.00,03,23.00,F,EXTRA,2014,EXTRA,EC601,4.0,MICROWAVE ENGINEERING,85.000000,75.000000,65.000000,55.000000,45.000000,35.000000,EXTRA_2014,0,0,0,0,0
200912104,26.20,AB,0.00,I,EXTRA,2014,EXTRA,EC601,4.0,MICROWAVE ENGINEERING,85.000000,75.000000,65.000000,55.000000,45.000000,35.000000,EXTRA_2014,0,0,0,0,0
201012100,12.00,02,14.00,F,EXTRA,2014,EXTRA,EC601,4.0,MICROWAVE ENGINEERING,85.000000,75.000000,65.000000,55.000000,45.000000,35.000000,EXTRA_2014,0,0,0,0,0
201112506,20.00,22,42.00,E,EXTRA,2014,EXTRA,EC601,4.0,MICROWAVE ENGINEERING,85.000000,75.000000,65.000000,55.000000,45.000000,35.000000,EXTRA_2014,0,0,0,0,0
