Reg_No,Internal,External,Total,Grade,Time,Year,Type,Code,Credit,Title,Cut-Off-S,Cut-Off-A,Cut-Off-B,Cut-Off-C,Cut-Off-D,Cut-Off-E,Directory,Absentees,Malpractices,Detentions,NA,appeared
20110007,41.67,29,71.00,B,EXTRA,2014,EXTRA,EC607,1.5,DIGITAL SIGNAL PROCESSING LABORATORY,82.000000,76.000000,69.000000,63.000000,56.000000,50.000000,EXTRA_2014,0,0,0,0,0
20110247,41.00,30,71.00,B,EXTRA,2014,EXTRA,EC607,1.5,DIGITAL SIGNAL PROCESSING LABORATORY,82.000000,76.000000,69.000000,63.000000,56.000000,50.000000,EXTRA_2014,0,0,0,0,0
20110279,41.67,29,71.00,B,EXTRA,2014,EXTRA,EC607,1.5,DIGITAL SIGNAL PROCESSING LABORATORY,82.000000,76.000000,69.000000,63.000000,56.000000,50.000000,EXTRA_2014,0,0,0,0,0
20111006,42.67,30,73.00,B,EXTRA,2014,EXTRA,EC607,1.5,DIGITAL SIGNAL PROCESSING LABORATORY,82.000000,76.000000,69.000000,63.000000,56.000000,50.000000,EXTRA_2014,0,0,0,0,0
200912104,34.67,31,66.00,C,EXTRA,2014,EXTRA,EC607,1.5,DIGITAL SIGNAL PROCESSING LABORATORY,82.000000,76.000000,69.000000,63.000000,56.000000,50.000000,EXTRA_2014,0,0,0,0,0
