Reg_No,Internal,External,Total,Grade,Time,Year,Type,Code,Credit,Title,Cut-Off-S,Cut-Off-A,Cut-Off-B,Cut-Off-C,Cut-Off-D,Cut-Off-E,Directory,Absentees,Malpractices,Detentions,NA,appeared
20110247,42.00,31,73.00,B,EXTRA,2014,EXTRA,EC608,1.5,MICROWAVE ENGINEERING LABORATORY,80.000000,74.000000,68.000000,62.000000,56.000000,50.000000,EXTRA_2014,0,0,0,0,0
20110034,41.00,24,65.00,C,EXTRA,2014,EXTRA,EC608,1.5,MICROWAVE ENGINEERING LABORATORY,80.000000,74.000000,68.000000,62.000000,56.000000,50.000000,EXTRA_2014,0,0,0,0,0
20110062,40.00,27,67.00,C,EXTRA,2014,EXTRA,EC608,1.5,MICROWAVE ENGINEERING LABORATORY,80.000000,74.000000,68.000000,62.000000,56.000000,50.000000,EXTRA_2014,0,0,0,0,0
200912046,25.00,06,31.00,F,EXTRA,2014,EXTRA,EC608,1.5,MICROWAVE ENGINEERING LABORATORY,80.000000,74.000000,68.000000,62.000000,56.000000,50.000000,EXTRA_2014,0,0,0,0,0
