Reg_No,Internal,External,Total,Grade,Time,Year,Type,Code,Credit,Title,Cut-Off-S,Cut-Off-A,Cut-Off-B,Cut-Off-C,Cut-Off-D,Cut-Off-E,Directory,Absentees,Malpractices,Detentions,NA,appeared
20110312,16.00,AB,0.00,I,EXTRA,2014,EXTRA,EE305,4.0,DIGITAL ELECTRONICS,82.000000,73.000000,63.000000,54.000000,44.000000,35.000000,EXTRA_2014,0,0,0,0,0
20110327,21.30,12,34.00,F,EXTRA,2014,EXTRA,EE305,4.0,DIGITAL ELECTRONICS,82.000000,73.000000,63.000000,54.000000,44.000000,35.000000,EXTRA_2014,0,0,0,0,0
20120031,11.40,20,32.00,F,EXTRA,2014,EXTRA,EE305,4.0,DIGITAL ELECTRONICS,82.000000,73.000000,63.000000,54.000000,44.000000,35.000000,EXTRA_2014,0,0,0,0,0
20120259,15.60,13.5,30.00,F,EXTRA,2014,EXTRA,EE305,4.0,DIGITAL ELECTRONICS,82.000000,73.000000,63.000000,54.000000,44.000000,35.000000,EXTRA_2014,0,0,0,0,0
20120520,11.10,28,40.00,E,EXTRA,2014,EXTRA,EE305,4.0,DIGITAL ELECTRONICS,82.000000,73.000000,63.000000,54.000000,44.000000,35.000000,EXTRA_2014,0,0,0,0,0
200913070,18.00,21,39.00,E,EXTRA,2014,EXTRA,EE305,4.0,DIGITAL ELECTRONICS,82.000000,73.000000,63.000000,54.000000,44.000000,35.000000,EXTRA_2014,0,0,0,0,0
201313505,13.90,16.5,31.00,F,EXTRA,2014,EXTRA,EE305,4.0,DIGITAL ELECTRONICS,82.000000,73.000000,63.000000,54.000000,44.000000,35.000000,EXTRA_2014,0,0,0,0,0
