Reg_No,Internal,External,Total,Grade,Time,Year,Type,Code,Credit,Title,Cut-Off-S,Cut-Off-A,Cut-Off-B,Cut-Off-C,Cut-Off-D,Cut-Off-E,Directory,Absentees,Malpractices,Detentions,NA,appeared
20110312,16.00,4.5,21.00,F,EXTRA,2014,EXTRA,EE304,4.0,ELECTRICAL MEASUREMENT,81.000000,72.000000,63.000000,53.000000,44.000000,35.000000,EXTRA_2014,0,0,0,0,0
20110327,22.00,0.5,23.00,F,EXTRA,2014,EXTRA,EE304,4.0,ELECTRICAL MEASUREMENT,81.000000,72.000000,63.000000,53.000000,44.000000,35.000000,EXTRA_2014,0,0,0,0,0
20110500,31.10,06,38.00,E,EXTRA,2014,EXTRA,EE304,4.0,ELECTRICAL MEASUREMENT,81.000000,72.000000,63.000000,53.000000,44.000000,35.000000,EXTRA_2014,0,0,0,0,0
20120164,23.20,AB,0.00,I,EXTRA,2014,EXTRA,EE304,4.0,ELECTRICAL MEASUREMENT,81.000000,72.000000,63.000000,53.000000,44.000000,35.000000,EXTRA_2014,0,0,0,0,0
20120319,14.60,1.5,17.00,F,EXTRA,2014,EXTRA,EE304,4.0,ELECTRICAL MEASUREMENT,81.000000,72.000000,63.000000,53.000000,44.000000,35.000000,EXTRA_2014,0,0,0,0,0
20120510,12.60,02,15.00,F,EXTRA,2014,EXTRA,EE304,4.0,ELECTRICAL MEASUREMENT,81.000000,72.000000,63.000000,53.000000,44.000000,35.000000,EXTRA_2014,0,0,0,0,0
20120520,12.90,08,21.00,F,EXTRA,2014,EXTRA,EE304,4.0,ELECTRICAL MEASUREMENT,81.000000,72.000000,63.000000,53.000000,44.000000,35.000000,EXTRA_2014,0,0,0,0,0
200813025,28.00,AB,0.00,I,EXTRA,2014,EXTRA,EE304,4.0,ELECTRICAL MEASUREMENT,81.000000,72.000000,63.000000,53.000000,44.000000,35.000000,EXTRA_2014,0,0,0,0,0
201113510,36.00,7.5,44.00,D,EXTRA,2014,EXTRA,EE304,4.0,ELECTRICAL MEASUREMENT,81.000000,72.000000,63.000000,53.000000,44.000000,35.000000,EXTRA_2014,0,0,0,0,0
