Reg_No,Internal,External,Total,Grade,Time,Year,Type,Code,Credit,Title,Cut-Off-S,Cut-Off-A,Cut-Off-B,Cut-Off-C,Cut-Off-D,Cut-Off-E,Directory,Absentees,Malpractices,Detentions,NA,appeared
20110312,19.30,16,36.00,E,EXTRA,2014,EXTRA,EE306,4.0,ANALOG ELECTRONIC CIRCUIT,90.000000,79.000000,68.000000,57.000000,46.000000,35.000000,EXTRA_2014,0,0,0,0,0
20120164,26.80,27,54.00,D,EXTRA,2014,EXTRA,EE306,4.0,ANALOG ELECTRONIC CIRCUIT,90.000000,79.000000,68.000000,57.000000,46.000000,35.000000,EXTRA_2014,0,0,0,0,0
20120259,19.10,AB,0.00,I,EXTRA,2014,EXTRA,EE306,4.0,ANALOG ELECTRONIC CIRCUIT,90.000000,79.000000,68.000000,57.000000,46.000000,35.000000,EXTRA_2014,0,0,0,0,0
20120487,19.10,11.5,31.00,F,EXTRA,2014,EXTRA,EE306,4.0,ANALOG ELECTRONIC CIRCUIT,90.000000,79.000000,68.000000,57.000000,46.000000,35.000000,EXTRA_2014,0,0,0,0,0
20120520,16.50,32,49.00,D,EXTRA,2014,EXTRA,EE306,4.0,ANALOG ELECTRONIC CIRCUIT,90.000000,79.000000,68.000000,57.000000,46.000000,35.000000,EXTRA_2014,0,0,0,0,0
20120577,25.00,29.5,55.00,D,EXTRA,2014,EXTRA,EE306,4.0,ANALOG ELECTRONIC CIRCUIT,90.000000,79.000000,68.000000,57.000000,46.000000,35.000000,EXTRA_2014,0,0,0,0,0
201313505,15.00,30,45.00,E,EXTRA,2014,EXTRA,EE306,4.0,ANALOG ELECTRONIC CIRCUIT,90.000000,79.000000,68.000000,57.000000,46.000000,35.000000,EXTRA_2014,0,0,0,0,0
