Reg_No,Internal,External,Total,Grade,Time,Year,Type,Code,Credit,Title,Cut-Off-S,Cut-Off-A,Cut-Off-B,Cut-Off-C,Cut-Off-D,Cut-Off-E,Directory,Absentees,Malpractices,Detentions,NA,appeared
20110327,11.10,9.5,21.00,F,EXTRA,2014,EXTRA,EE405,4.0,GENERATION  TRANSMISSION & DISTRIBUTION OF ELECTRICAL POWER,87.000000,77.000000,66.000000,56.000000,45.000000,35.000000,EXTRA_2014,0,0,0,0,0
20110358,26.00,29.5,56.00,C,EXTRA,2014,EXTRA,EE405,4.0,GENERATION  TRANSMISSION & DISTRIBUTION OF ELECTRICAL POWER,87.000000,77.000000,66.000000,56.000000,45.000000,35.000000,EXTRA_2014,0,0,0,0,0
20120164,23.00,24.5,48.00,D,EXTRA,2014,EXTRA,EE405,4.0,GENERATION  TRANSMISSION & DISTRIBUTION OF ELECTRICAL POWER,87.000000,77.000000,66.000000,56.000000,45.000000,35.000000,EXTRA_2014,0,0,0,0,0
20120487,14.70,7.5,23.00,F,EXTRA,2014,EXTRA,EE405,4.0,GENERATION  TRANSMISSION & DISTRIBUTION OF ELECTRICAL POWER,87.000000,77.000000,66.000000,56.000000,45.000000,35.000000,EXTRA_2014,0,0,0,0,0
20120710,22.40,35,58.00,C,EXTRA,2014,EXTRA,EE405,4.0,GENERATION  TRANSMISSION & DISTRIBUTION OF ELECTRICAL POWER,87.000000,77.000000,66.000000,56.000000,45.000000,35.000000,EXTRA_2014,0,0,0,0,0
201313505,12.30,17.5,30.00,F,EXTRA,2014,EXTRA,EE405,4.0,GENERATION  TRANSMISSION & DISTRIBUTION OF ELECTRICAL POWER,87.000000,77.000000,66.000000,56.000000,45.000000,35.000000,EXTRA_2014,0,0,0,0,0
200913057,14.00,07,21.00,F,EXTRA,2014,EXTRA,EE405,4.0,GENERATION  TRANSMISSION & DISTRIBUTION OF ELECTRICAL POWER,87.000000,77.000000,66.000000,56.000000,45.000000,35.000000,EXTRA_2014,0,0,0,0,0
200913070,19.00,AB,0.00,I,EXTRA,2014,EXTRA,EE405,4.0,GENERATION  TRANSMISSION & DISTRIBUTION OF ELECTRICAL POWER,87.000000,77.000000,66.000000,56.000000,45.000000,35.000000,EXTRA_2014,0,0,0,0,0
