Reg_No,Internal,External,Total,Grade,Time,Year,Type,Code,Credit,Title,Cut-Off-S,Cut-Off-A,Cut-Off-B,Cut-Off-C,Cut-Off-D,Cut-Off-E,Directory,Absentees,Malpractices,Detentions,NA,appeared
20110085,22.03,23,46.00,D,EXTRA,2014,EXTRA,EE404,4.0,ELECTRONICS MEAS. & INSTRUMENTATION,80.000000,71.000000,62.000000,53.000000,44.000000,35.000000,EXTRA_2014,0,0,0,0,0
20110167,19.50,AB,0.00,I,EXTRA,2014,EXTRA,EE404,4.0,ELECTRONICS MEAS. & INSTRUMENTATION,80.000000,71.000000,62.000000,53.000000,44.000000,35.000000,EXTRA_2014,0,0,0,0,0
20120244,24.30,32.5,57.00,C,EXTRA,2014,EXTRA,EE404,4.0,ELECTRONICS MEAS. & INSTRUMENTATION,80.000000,71.000000,62.000000,53.000000,44.000000,35.000000,EXTRA_2014,0,0,0,0,0
20120319,19.00,27.5,47.00,D,EXTRA,2014,EXTRA,EE404,4.0,ELECTRONICS MEAS. & INSTRUMENTATION,80.000000,71.000000,62.000000,53.000000,44.000000,35.000000,EXTRA_2014,0,0,0,0,0
201313505,17.10,25,43.00,E,EXTRA,2014,EXTRA,EE404,4.0,ELECTRONICS MEAS. & INSTRUMENTATION,80.000000,71.000000,62.000000,53.000000,44.000000,35.000000,EXTRA_2014,0,0,0,0,0
