Reg_No,Internal,External,Total,Grade,Time,Year,Type,Code,Credit,Title,Cut-Off-S,Cut-Off-A,Cut-Off-B,Cut-Off-C,Cut-Off-D,Cut-Off-E,Directory,Absentees,Malpractices,Detentions,NA,appeared
20120487,13.40,3.5,17.00,F,EXTRA,2014,EXTRA,EE401,4.0,ENGINEERING MATHEMATICS IV,80.000000,71.000000,62.000000,53.000000,44.000000,35.000000,EXTRA_2014,0,0,0,0,0
20120520,16.10,26.5,43.00,E,EXTRA,2014,EXTRA,EE401,4.0,ENGINEERING MATHEMATICS IV,80.000000,71.000000,62.000000,53.000000,44.000000,35.000000,EXTRA_2014,0,0,0,0,0
201313502,19.00,AB,0.00,I,EXTRA,2014,EXTRA,EE401,4.0,ENGINEERING MATHEMATICS IV,80.000000,71.000000,62.000000,53.000000,44.000000,35.000000,EXTRA_2014,0,0,0,0,0
201313505,13.20,AB,0.00,I,EXTRA,2014,EXTRA,EE401,4.0,ENGINEERING MATHEMATICS IV,80.000000,71.000000,62.000000,53.000000,44.000000,35.000000,EXTRA_2014,0,0,0,0,0
201313507,14.20,AB,0.00,I,EXTRA,2014,EXTRA,EE401,4.0,ENGINEERING MATHEMATICS IV,80.000000,71.000000,62.000000,53.000000,44.000000,35.000000,EXTRA_2014,0,0,0,0,0
201313509,15.50,5.5,21.00,F,EXTRA,2014,EXTRA,EE401,4.0,ENGINEERING MATHEMATICS IV,80.000000,71.000000,62.000000,53.000000,44.000000,35.000000,EXTRA_2014,0,0,0,0,0
201313511,17.90,19,37.00,E,EXTRA,2014,EXTRA,EE401,4.0,ENGINEERING MATHEMATICS IV,80.000000,71.000000,62.000000,53.000000,44.000000,35.000000,EXTRA_2014,0,0,0,0,0
201313512,18.50,9.5,28.00,F,EXTRA,2014,EXTRA,EE401,4.0,ENGINEERING MATHEMATICS IV,80.000000,71.000000,62.000000,53.000000,44.000000,35.000000,EXTRA_2014,0,0,0,0,0
201313513,17.50,22,40.00,E,EXTRA,2014,EXTRA,EE401,4.0,ENGINEERING MATHEMATICS IV,80.000000,71.000000,62.000000,53.000000,44.000000,35.000000,EXTRA_2014,0,0,0,0,0
