Reg_No,Internal,External,Total,Grade,Time,Year,Type,Code,Credit,Title,Cut-Off-S,Cut-Off-A,Cut-Off-B,Cut-Off-C,Cut-Off-D,Cut-Off-E,Directory,Absentees,Malpractices,Detentions,NA,appeared
20110085,20.70,27,48.00,E,EXTRA,2014,EXTRA,EE504,4.0,DIGITAL SYSTEM DESIGN,89.000000,79.000000,69.000000,59.000000,49.000000,39.000000,EXTRA_2014,0,0,0,0,0
20110331,25.40,21.5,47.00,E,EXTRA,2014,EXTRA,EE504,4.0,DIGITAL SYSTEM DESIGN,89.000000,79.000000,69.000000,59.000000,49.000000,39.000000,EXTRA_2014,0,0,0,0,0
200813025,23.50,AB,0.00,I,EXTRA,2014,EXTRA,EE504,4.0,DIGITAL SYSTEM DESIGN,89.000000,79.000000,69.000000,59.000000,49.000000,39.000000,EXTRA_2014,0,0,0,0,0
200913008,34.95,AB,0.00,I,EXTRA,2014,EXTRA,EE504,4.0,DIGITAL SYSTEM DESIGN,89.000000,79.000000,69.000000,59.000000,49.000000,39.000000,EXTRA_2014,0,0,0,0,0
201113508,22.95,01,24.00,F,EXTRA,2014,EXTRA,EE504,4.0,DIGITAL SYSTEM DESIGN,89.000000,79.000000,69.000000,59.000000,49.000000,39.000000,EXTRA_2014,0,0,0,0,0
