Reg_No,Internal,External,Total,Grade,Time,Year,Type,Code,Credit,Title,Cut-Off-S,Cut-Off-A,Cut-Off-B,Cut-Off-C,Cut-Off-D,Cut-Off-E,Directory,Absentees,Malpractices,Detentions,NA,appeared
20110085,15.80,22,38.00,E,EXTRA,2014,EXTRA,EE501,4.0,POWER ELECTRONICS,80.000000,71.000000,62.000000,53.000000,44.000000,35.000000,EXTRA_2014,0,0,0,0,0
20110322,18.10,AB,0.00,I,EXTRA,2014,EXTRA,EE501,4.0,POWER ELECTRONICS,80.000000,71.000000,62.000000,53.000000,44.000000,35.000000,EXTRA_2014,0,0,0,0,0
200913058,35.90,12,48.00,D,EXTRA,2014,EXTRA,EE501,4.0,POWER ELECTRONICS,80.000000,71.000000,62.000000,53.000000,44.000000,35.000000,EXTRA_2014,0,0,0,0,0
200913070,20.60,14,35.00,E,EXTRA,2014,EXTRA,EE501,4.0,POWER ELECTRONICS,80.000000,71.000000,62.000000,53.000000,44.000000,35.000000,EXTRA_2014,0,0,0,0,0
200913079,37.10,10,48.00,D,EXTRA,2014,EXTRA,EE501,4.0,POWER ELECTRONICS,80.000000,71.000000,62.000000,53.000000,44.000000,35.000000,EXTRA_2014,0,0,0,0,0
200913501,19.90,18.5,39.00,E,EXTRA,2014,EXTRA,EE501,4.0,POWER ELECTRONICS,80.000000,71.000000,62.000000,53.000000,44.000000,35.000000,EXTRA_2014,0,0,0,0,0
201013058,20.25,17.5,38.00,E,EXTRA,2014,EXTRA,EE501,4.0,POWER ELECTRONICS,80.000000,71.000000,62.000000,53.000000,44.000000,35.000000,EXTRA_2014,0,0,0,0,0
201113508,36.50,03,40.00,E,EXTRA,2014,EXTRA,EE501,4.0,POWER ELECTRONICS,80.000000,71.000000,62.000000,53.000000,44.000000,35.000000,EXTRA_2014,0,0,0,0,0
