Reg_No,Internal,External,Total,Grade,Time,Year,Type,Code,Credit,Title,Cut-Off-S,Cut-Off-A,Cut-Off-B,Cut-Off-C,Cut-Off-D,Cut-Off-E,Directory,Absentees,Malpractices,Detentions,NA,appeared
20110176,21.25,41.5,63.00,B,EXTRA,2014,EXTRA,EE502,4.0,LINEAR CONTROL SYSTEMS,80.000000,71.000000,62.000000,53.000000,44.000000,35.000000,EXTRA_2014,0,0,0,NA,0
20110373,18.10,28,47.00,D,EXTRA,2014,EXTRA,EE502,4.0,LINEAR CONTROL SYSTEMS,80.000000,71.000000,62.000000,53.000000,44.000000,35.000000,EXTRA_2014,0,0,0,NA,0
20110608,22.50,27,50.00,D,EXTRA,2014,EXTRA,EE502,4.0,LINEAR CONTROL SYSTEMS,80.000000,71.000000,62.000000,53.000000,44.000000,35.000000,EXTRA_2014,0,0,0,NA,0
20110610,13.00,28,41.00,E,EXTRA,2014,EXTRA,EE502,4.0,LINEAR CONTROL SYSTEMS,80.000000,71.000000,62.000000,53.000000,44.000000,35.000000,EXTRA_2014,0,0,0,NA,0
20110612,17.55,34,52.00,D,EXTRA,2014,EXTRA,EE502,4.0,LINEAR CONTROL SYSTEMS,80.000000,71.000000,62.000000,53.000000,44.000000,35.000000,EXTRA_2014,0,0,0,NA,0
200913057,14.70,16.5,32.00,F,EXTRA,2014,EXTRA,EE502,4.0,LINEAR CONTROL SYSTEMS,80.000000,71.000000,62.000000,53.000000,44.000000,35.000000,EXTRA_2014,0,0,0,NA,0
