Reg_No,Internal,External,Total,Grade,Time,Year,Type,Code,Credit,Title,Cut-Off-S,Cut-Off-A,Cut-Off-B,Cut-Off-C,Cut-Off-D,Cut-Off-E,Directory,Absentees,Malpractices,Detentions,NA,appeared
20110355,26.20,39,66.00,B,EXTRA,2014,EXTRA,EE605,4.0,ADVANCED MICROPROCESSOR & EMBEDDED SYSTEM,80.000000,71.000000,62.000000,53.000000,44.000000,35.000000,EXTRA_2014,0,0,0,0,0
20110373,16.50,20,37.00,E,EXTRA,2014,EXTRA,EE605,4.0,ADVANCED MICROPROCESSOR & EMBEDDED SYSTEM,80.000000,71.000000,62.000000,53.000000,44.000000,35.000000,EXTRA_2014,0,0,0,0,0
20110405,21.80,17,39.00,E,EXTRA,2014,EXTRA,EE605,4.0,ADVANCED MICROPROCESSOR & EMBEDDED SYSTEM,80.000000,71.000000,62.000000,53.000000,44.000000,35.000000,EXTRA_2014,0,0,0,0,0
20121742,27.10,24,52.00,D,EXTRA,2014,EXTRA,EE605,4.0,ADVANCED MICROPROCESSOR & EMBEDDED SYSTEM,80.000000,71.000000,62.000000,53.000000,44.000000,35.000000,EXTRA_2014,0,0,0,0,0
20121755,18.20,21,40.00,E,EXTRA,2014,EXTRA,EE605,4.0,ADVANCED MICROPROCESSOR & EMBEDDED SYSTEM,80.000000,71.000000,62.000000,53.000000,44.000000,35.000000,EXTRA_2014,0,0,0,0,0
20121758,17.50,27,45.00,D,EXTRA,2014,EXTRA,EE605,4.0,ADVANCED MICROPROCESSOR & EMBEDDED SYSTEM,80.000000,71.000000,62.000000,53.000000,44.000000,35.000000,EXTRA_2014,0,0,0,0,0
200813006,11.30,AB,0.00,I,EXTRA,2014,EXTRA,EE605,4.0,ADVANCED MICROPROCESSOR & EMBEDDED SYSTEM,80.000000,71.000000,62.000000,53.000000,44.000000,35.000000,EXTRA_2014,0,0,0,0,0
200913008,14.80,AB,0.00,I,EXTRA,2014,EXTRA,EE605,4.0,ADVANCED MICROPROCESSOR & EMBEDDED SYSTEM,80.000000,71.000000,62.000000,53.000000,44.000000,35.000000,EXTRA_2014,0,0,0,0,0
