Reg_No,Internal,External,Total,Grade,Time,Year,Type,Code,Credit,Title,Cut-Off-S,Cut-Off-A,Cut-Off-B,Cut-Off-C,Cut-Off-D,Cut-Off-E,Directory,Absentees,Malpractices,Detentions,NA,appeared
20110500,23.60,20,44.00,D,EXTRA,2014,EXTRA,EE601,4.0,POWER SYS STABILITY  OP & CTRL,80.000000,71.000000,62.000000,53.000000,44.000000,35.000000,EXTRA_2014,0,0,0,0,0
20121746,15.70,26,42.00,E,EXTRA,2014,EXTRA,EE601,4.0,POWER SYS STABILITY  OP & CTRL,80.000000,71.000000,62.000000,53.000000,44.000000,35.000000,EXTRA_2014,0,0,0,0,0
20121755,21.40,22.5,44.00,D,EXTRA,2014,EXTRA,EE601,4.0,POWER SYS STABILITY  OP & CTRL,80.000000,71.000000,62.000000,53.000000,44.000000,35.000000,EXTRA_2014,0,0,0,0,0
200913008,22.70,AB,0.00,I,EXTRA,2014,EXTRA,EE601,4.0,POWER SYS STABILITY  OP & CTRL,80.000000,71.000000,62.000000,53.000000,44.000000,35.000000,EXTRA_2014,0,0,0,0,0
