Reg_No,Internal,External,Total,Grade,Time,Year,Type,Code,Credit,Title,Cut-Off-S,Cut-Off-A,Cut-Off-B,Cut-Off-C,Cut-Off-D,Cut-Off-E,Directory,Absentees,Malpractices,Detentions,NA,appeared
20110405,15.20,30.5,46.00,D,EXTRA,2014,EXTRA,EE602,4.0,ADVANCED CONTROL THEORY,87.000000,77.000000,66.000000,56.000000,45.000000,35.000000,EXTRA_2014,0,0,0,0,0
20121755,21.35,AB,0.00,I,EXTRA,2014,EXTRA,EE602,4.0,ADVANCED CONTROL THEORY,87.000000,77.000000,66.000000,56.000000,45.000000,35.000000,EXTRA_2014,0,0,0,0,0
200613043,20.20,21,42.00,E,EXTRA,2014,EXTRA,EE602,4.0,ADVANCED CONTROL THEORY,87.000000,77.000000,66.000000,56.000000,45.000000,35.000000,EXTRA_2014,0,0,0,0,0
200913008,23.05,11,35.00,E,EXTRA,2014,EXTRA,EE602,4.0,ADVANCED CONTROL THEORY,87.000000,77.000000,66.000000,56.000000,45.000000,35.000000,EXTRA_2014,0,0,0,0,0
200913079,18.63,5.5,25.00,F,EXTRA,2014,EXTRA,EE602,4.0,ADVANCED CONTROL THEORY,87.000000,77.000000,66.000000,56.000000,45.000000,35.000000,EXTRA_2014,0,0,0,0,0
201013022,27.80,25.5,54.00,D,EXTRA,2014,EXTRA,EE602,4.0,ADVANCED CONTROL THEORY,87.000000,77.000000,66.000000,56.000000,45.000000,35.000000,EXTRA_2014,0,0,0,0,0
201013065,27.20,38,66.00,B,EXTRA,2014,EXTRA,EE602,4.0,ADVANCED CONTROL THEORY,87.000000,77.000000,66.000000,56.000000,45.000000,35.000000,EXTRA_2014,0,0,0,0,0
