Reg_No,Internal,External,Total,Grade,Time,Year,Type,Code,Credit,Title,Cut-Off-S,Cut-Off-A,Cut-Off-B,Cut-Off-C,Cut-Off-D,Cut-Off-E,Directory,Absentees,Malpractices,Detentions,NA,appeared
200913055,39.10,18.5,58.00,C,EXTRA,2014,EXTRA,EE603,4.0,SPECIAL MACHINES & DRIVES,83.000000,73.000000,64.000000,54.000000,45.000000,35.000000,EXTRA_2014,0,0,0,0,0
200913058,14.78,16,31.00,F,EXTRA,2014,EXTRA,EE603,4.0,SPECIAL MACHINES & DRIVES,83.000000,73.000000,64.000000,54.000000,45.000000,35.000000,EXTRA_2014,0,0,0,0,0
201013091,45.25,28.5,74.00,A,EXTRA,2014,EXTRA,EE603,4.0,SPECIAL MACHINES & DRIVES,83.000000,73.000000,64.000000,54.000000,45.000000,35.000000,EXTRA_2014,0,0,0,0,0
201113508,37.65,13.5,52.00,D,EXTRA,2014,EXTRA,EE603,4.0,SPECIAL MACHINES & DRIVES,83.000000,73.000000,64.000000,54.000000,45.000000,35.000000,EXTRA_2014,0,0,0,0,0
