Reg_No,Internal,External,Total,Grade,Time,Year,Type,Code,Credit,Title,Cut-Off-S,Cut-Off-A,Cut-Off-B,Cut-Off-C,Cut-Off-D,Cut-Off-E,Directory,Absentees,Malpractices,Detentions,NA,appeared
20121755,23.60,15,39.00,E,EXTRA,2014,EXTRA,EE612,4.0,EHV AC & DC TRANSMISSION _ACTUAL EE604_,80.000000,71.000000,62.000000,53.000000,44.000000,35.000000,EXTRA_2014,0,0,0,0,0
200913008,23.45,AB,0.00,I,EXTRA,2014,EXTRA,EE612,4.0,EHV AC & DC TRANSMISSION _ACTUAL EE604_,80.000000,71.000000,62.000000,53.000000,44.000000,35.000000,EXTRA_2014,0,0,0,0,0
200913053,17.00,AB,0.00,I,EXTRA,2014,EXTRA,EE612,4.0,EHV AC & DC TRANSMISSION _ACTUAL EE604_,80.000000,71.000000,62.000000,53.000000,44.000000,35.000000,EXTRA_2014,0,0,0,0,0
200913055,19.10,AB,0.00,I,EXTRA,2014,EXTRA,EE612,4.0,EHV AC & DC TRANSMISSION _ACTUAL EE604_,80.000000,71.000000,62.000000,53.000000,44.000000,35.000000,EXTRA_2014,0,0,0,0,0
200913058,20.60,10,31.00,F,EXTRA,2014,EXTRA,EE612,4.0,EHV AC & DC TRANSMISSION _ACTUAL EE604_,80.000000,71.000000,62.000000,53.000000,44.000000,35.000000,EXTRA_2014,0,0,0,0,0
201013022,12.15,AB,0.00,I,EXTRA,2014,EXTRA,EE612,4.0,EHV AC & DC TRANSMISSION _ACTUAL EE604_,80.000000,71.000000,62.000000,53.000000,44.000000,35.000000,EXTRA_2014,0,0,0,0,0
201013035,18.50,AB,0.00,I,EXTRA,2014,EXTRA,EE612,4.0,EHV AC & DC TRANSMISSION _ACTUAL EE604_,80.000000,71.000000,62.000000,53.000000,44.000000,35.000000,EXTRA_2014,0,0,0,0,0
201013058,22.30,14.75,38.00,E,EXTRA,2014,EXTRA,EE612,4.0,EHV AC & DC TRANSMISSION _ACTUAL EE604_,80.000000,71.000000,62.000000,53.000000,44.000000,35.000000,EXTRA_2014,0,0,0,0,0
