Reg_No,Internal,External,Total,Grade,Time,Year,Type,Code,Credit,Title,Cut-Off-S,Cut-Off-A,Cut-Off-B,Cut-Off-C,Cut-Off-D,Cut-Off-E,Directory,Absentees,Malpractices,Detentions,NA,appeared
200913016,22.40,13,36.00,F,EXTRA,2014,EXTRA,EE701,4.0,INDUSTRIAL MANAGEMENT,80.000000,72.000000,64.000000,57.000000,49.000000,41.000000,EXTRA_2014,0,0,0,0,0
201013022,29.45,AB,0.00,I,EXTRA,2014,EXTRA,EE701,4.0,INDUSTRIAL MANAGEMENT,80.000000,72.000000,64.000000,57.000000,49.000000,41.000000,EXTRA_2014,0,0,0,0,0
201013080,20.20,AB,0.00,I,EXTRA,2014,EXTRA,EE701,4.0,INDUSTRIAL MANAGEMENT,80.000000,72.000000,64.000000,57.000000,49.000000,41.000000,EXTRA_2014,0,0,0,0,0
201113508,15.97,11.5,28.00,F,EXTRA,2014,EXTRA,EE701,4.0,INDUSTRIAL MANAGEMENT,80.000000,72.000000,64.000000,57.000000,49.000000,41.000000,EXTRA_2014,0,0,0,0,0
