Reg_No,Internal,External,Total,Grade,Time,Year,Type,Code,Credit,Title,Cut-Off-S,Cut-Off-A,Cut-Off-B,Cut-Off-C,Cut-Off-D,Cut-Off-E,Directory,Absentees,Malpractices,Detentions,NA,appeared
200912071,33.40,24.75,59.00,C,EXTRA,2014,EXTRA,EE712,4.0,FUND. OF NANO ELECTRONICS _ELECTIVE III_,80.000000,71.000000,62.000000,53.000000,44.000000,35.000000,EXTRA_2014,0,0,0,0,0
201012022,11.90,AB,0.00,I,EXTRA,2014,EXTRA,EE712,4.0,FUND. OF NANO ELECTRONICS _ELECTIVE III_,80.000000,71.000000,62.000000,53.000000,44.000000,35.000000,EXTRA_2014,0,0,0,0,0
201012134,22.05,24.5,47.00,D,EXTRA,2014,EXTRA,EE712,4.0,FUND. OF NANO ELECTRONICS _ELECTIVE III_,80.000000,71.000000,62.000000,53.000000,44.000000,35.000000,EXTRA_2014,0,0,0,0,0
200913053,20.25,13.5,34.00,F,EXTRA,2014,EXTRA,EE712,4.0,FUND. OF NANO ELECTRONICS _ELECTIVE III_,80.000000,71.000000,62.000000,53.000000,44.000000,35.000000,EXTRA_2014,0,0,0,0,0
201011046,31.10,16,48.00,D,EXTRA,2014,EXTRA,EE712,4.0,FUND. OF NANO ELECTRONICS _ELECTIVE III_,80.000000,71.000000,62.000000,53.000000,44.000000,35.000000,EXTRA_2014,0,0,0,0,0
