Reg_No,Internal,External,Total,Grade,Time,Year,Type,Code,Credit,Title,Cut-Off-S,Cut-Off-A,Cut-Off-B,Cut-Off-C,Cut-Off-D,Cut-Off-E,Directory,Absentees,Malpractices,Detentions,NA,appeared
20120307,42.00,31,73.00,B,EXTRA,2014,EXTRA,IE308,1.5,DIGITAL ELECTRONIC CIRCUITS LAB,87.000000,80.000000,72.000000,65.000000,57.000000,50.000000,EXTRA_2014,0,0,0,0,0
20110492,40.00,26,66.00,C,EXTRA,2014,EXTRA,IE308,1.5,DIGITAL ELECTRONIC CIRCUITS LAB,87.000000,80.000000,72.000000,65.000000,57.000000,50.000000,EXTRA_2014,0,0,0,0,0
200928013,45.00,36,81.00,A,EXTRA,2014,EXTRA,IE308,1.5,DIGITAL ELECTRONIC CIRCUITS LAB,87.000000,80.000000,72.000000,65.000000,57.000000,50.000000,EXTRA_2014,0,0,0,0,0
20110452,41.00,35,76.00,B,EXTRA,2014,EXTRA,IE308,1.5,DIGITAL ELECTRONIC CIRCUITS LAB,87.000000,80.000000,72.000000,65.000000,57.000000,50.000000,EXTRA_2014,0,0,0,0,0
