Reg_No,Internal,External,Total,Grade,Time,Year,Type,Code,Credit,Title,Cut-Off-S,Cut-Off-A,Cut-Off-B,Cut-Off-C,Cut-Off-D,Cut-Off-E,Directory,Absentees,Malpractices,Detentions,NA,appeared
200928028,29.50,23.5,53.00,C,EXTRA,2014,EXTRA,IE306,4.0,LINEAR ELECTRONICS CIRCUITS,80.000000,71.000000,62.000000,53.000000,44.000000,35.000000,EXTRA_2014,0,0,0,0,0
201028006,33.90,11.5,46.00,D,EXTRA,2014,EXTRA,IE306,4.0,LINEAR ELECTRONICS CIRCUITS,80.000000,71.000000,62.000000,53.000000,44.000000,35.000000,EXTRA_2014,0,0,0,0,0
201028021,12.90,24,37.00,E,EXTRA,2014,EXTRA,IE306,4.0,LINEAR ELECTRONICS CIRCUITS,80.000000,71.000000,62.000000,53.000000,44.000000,35.000000,EXTRA_2014,0,0,0,0,0
201028022,11.90,32,44.00,D,EXTRA,2014,EXTRA,IE306,4.0,LINEAR ELECTRONICS CIRCUITS,80.000000,71.000000,62.000000,53.000000,44.000000,35.000000,EXTRA_2014,0,0,0,0,0
