Reg_No,Internal,External,Total,Grade,Time,Year,Type,Code,Credit,Title,Cut-Off-S,Cut-Off-A,Cut-Off-B,Cut-Off-C,Cut-Off-D,Cut-Off-E,Directory,Absentees,Malpractices,Detentions,NA,appeared
20110450,10.85,23,34.00,F,EXTRA,2014,EXTRA,IE404,4.0,SIGNALS  SYSTEMS & COMMUNICATIONS,87.000000,77.000000,66.000000,56.000000,45.000000,35.000000,EXTRA_2014,0,0,0,0,0
20110456,15.50,22.5,38.00,E,EXTRA,2014,EXTRA,IE404,4.0,SIGNALS  SYSTEMS & COMMUNICATIONS,87.000000,77.000000,66.000000,56.000000,45.000000,35.000000,EXTRA_2014,0,0,0,0,0
20110490,7.70,27,35.00,E,EXTRA,2014,EXTRA,IE404,4.0,SIGNALS  SYSTEMS & COMMUNICATIONS,87.000000,77.000000,66.000000,56.000000,45.000000,35.000000,EXTRA_2014,0,0,0,0,0
20110499,12.65,20.5,34.00,F,EXTRA,2014,EXTRA,IE404,4.0,SIGNALS  SYSTEMS & COMMUNICATIONS,87.000000,77.000000,66.000000,56.000000,45.000000,35.000000,EXTRA_2014,0,0,0,0,0
20110605,16.40,AB,0.00,I,EXTRA,2014,EXTRA,IE404,4.0,SIGNALS  SYSTEMS & COMMUNICATIONS,87.000000,77.000000,66.000000,56.000000,45.000000,35.000000,EXTRA_2014,0,0,0,0,0
20120307,18.85,AB,0.00,I,EXTRA,2014,EXTRA,IE404,4.0,SIGNALS  SYSTEMS & COMMUNICATIONS,87.000000,77.000000,66.000000,56.000000,45.000000,35.000000,EXTRA_2014,0,0,0,0,0
20110522,6.40,25.5,32.00,F,EXTRA,2014,EXTRA,IE404,4.0,SIGNALS  SYSTEMS & COMMUNICATIONS,87.000000,77.000000,66.000000,56.000000,45.000000,35.000000,EXTRA_2014,0,0,0,0,0
