Reg_No,Internal,External,Total,Grade,Time,Year,Type,Code,Credit,Title,Cut-Off-S,Cut-Off-A,Cut-Off-B,Cut-Off-C,Cut-Off-D,Cut-Off-E,Directory,Absentees,Malpractices,Detentions,NA,appeared
20110402,19.50,0.5,20.00,F,EXTRA,2014,EXTRA,IE401,4.0,ENGINEERING MATHEMATICS IV,80.000000,71.000000,62.000000,53.000000,44.000000,35.000000,EXTRA_2014,0,0,0,0,0
20110503,18.00,AB,0.00,I,EXTRA,2014,EXTRA,IE401,4.0,ENGINEERING MATHEMATICS IV,80.000000,71.000000,62.000000,53.000000,44.000000,35.000000,EXTRA_2014,0,0,0,0,0
20110522,13.20,01,15.00,F,EXTRA,2014,EXTRA,IE401,4.0,ENGINEERING MATHEMATICS IV,80.000000,71.000000,62.000000,53.000000,44.000000,35.000000,EXTRA_2014,0,0,0,0,0
200928035,15.90,05,21.00,F,EXTRA,2014,EXTRA,IE401,4.0,ENGINEERING MATHEMATICS IV,80.000000,71.000000,62.000000,53.000000,44.000000,35.000000,EXTRA_2014,0,0,0,0,0
201028018,9.50,01,11.00,F,EXTRA,2014,EXTRA,IE401,4.0,ENGINEERING MATHEMATICS IV,80.000000,71.000000,62.000000,53.000000,44.000000,35.000000,EXTRA_2014,0,0,0,0,0
201028032,12.90,8.5,22.00,F,EXTRA,2014,EXTRA,IE401,4.0,ENGINEERING MATHEMATICS IV,80.000000,71.000000,62.000000,53.000000,44.000000,35.000000,EXTRA_2014,0,0,0,0,0
