Reg_No,Internal,External,Total,Grade,Time,Year,Type,Code,Credit,Title,Cut-Off-S,Cut-Off-A,Cut-Off-B,Cut-Off-C,Cut-Off-D,Cut-Off-E,Directory,Absentees,Malpractices,Detentions,NA,appeared
200928002,31.40,16.5,48.00,D,EXTRA,2014,EXTRA,IE705,4.0,INDUSTRIAL INSTRUMENTATION,80.000000,71.000000,62.000000,53.000000,44.000000,35.000000,EXTRA_2014,0,0,0,0,0
200928028,34.90,06,41.00,E,EXTRA,2014,EXTRA,IE705,4.0,INDUSTRIAL INSTRUMENTATION,80.000000,71.000000,62.000000,53.000000,44.000000,35.000000,EXTRA_2014,0,0,0,0,0
200928035,35.10,9.5,45.00,D,EXTRA,2014,EXTRA,IE705,4.0,INDUSTRIAL INSTRUMENTATION,80.000000,71.000000,62.000000,53.000000,44.000000,35.000000,EXTRA_2014,0,0,0,0,0
201028019,29.80,12.5,43.00,E,EXTRA,2014,EXTRA,IE705,4.0,INDUSTRIAL INSTRUMENTATION,80.000000,71.000000,62.000000,53.000000,44.000000,35.000000,EXTRA_2014,0,0,0,0,0
201028022,33.60,17.5,52.00,D,EXTRA,2014,EXTRA,IE705,4.0,INDUSTRIAL INSTRUMENTATION,80.000000,71.000000,62.000000,53.000000,44.000000,35.000000,EXTRA_2014,0,0,0,0,0
201028031,37.30,18.5,56.00,C,EXTRA,2014,EXTRA,IE705,4.0,INDUSTRIAL INSTRUMENTATION,80.000000,71.000000,62.000000,53.000000,44.000000,35.000000,EXTRA_2014,0,0,0,0,0
