Reg_No,Internal,External,Total,Grade,Time,Year,Type,Code,Credit,Title,Cut-Off-S,Cut-Off-A,Cut-Off-B,Cut-Off-C,Cut-Off-D,Cut-Off-E,Directory,Absentees,Malpractices,Detentions,NA,appeared
200928002,23.25,23.5,47.00,D,EXTRA,2014,EXTRA,IE701,4.0,INDUSTRIAL MANAGEMENT,80.000000,71.000000,62.000000,53.000000,44.000000,35.000000,EXTRA_2014,0,0,0,0,0
200928024,21.45,25.5,47.00,D,EXTRA,2014,EXTRA,IE701,4.0,INDUSTRIAL MANAGEMENT,80.000000,71.000000,62.000000,53.000000,44.000000,35.000000,EXTRA_2014,0,0,0,0,0
201028022,19.25,20.5,40.00,E,EXTRA,2014,EXTRA,IE701,4.0,INDUSTRIAL MANAGEMENT,80.000000,71.000000,62.000000,53.000000,44.000000,35.000000,EXTRA_2014,0,0,0,0,0
201028036,23.10,14.5,38.00,E,EXTRA,2014,EXTRA,IE701,4.0,INDUSTRIAL MANAGEMENT,80.000000,71.000000,62.000000,53.000000,44.000000,35.000000,EXTRA_2014,0,0,0,0,0
