Reg_No,Internal,External,Total,Grade,Time,Year,Type,Code,Credit,Title,Cut-Off-S,Cut-Off-A,Cut-Off-B,Cut-Off-C,Cut-Off-D,Cut-Off-E,Directory,Absentees,Malpractices,Detentions,NA,appeared
20110442,9.70,25,35.00,E,EXTRA,2014,EXTRA,IT402,4.0,COMPUTER ORGANIZATION & ARCHITECTURE,80.000000,71.000000,62.000000,53.000000,44.000000,35.000000,EXTRA_2014,0,0,0,0,0
20110474,14.50,27,42.00,E,EXTRA,2014,EXTRA,IT402,4.0,COMPUTER ORGANIZATION & ARCHITECTURE,80.000000,71.000000,62.000000,53.000000,44.000000,35.000000,EXTRA_2014,0,0,0,0,0
20110477,15.50,26.5,42.00,E,EXTRA,2014,EXTRA,IT402,4.0,COMPUTER ORGANIZATION & ARCHITECTURE,80.000000,71.000000,62.000000,53.000000,44.000000,35.000000,EXTRA_2014,0,0,0,0,0
20110485,19.90,20,40.00,E,EXTRA,2014,EXTRA,IT402,4.0,COMPUTER ORGANIZATION & ARCHITECTURE,80.000000,71.000000,62.000000,53.000000,44.000000,35.000000,EXTRA_2014,0,0,0,0,0
20110486,11.50,19.5,31.00,F,EXTRA,2014,EXTRA,IT402,4.0,COMPUTER ORGANIZATION & ARCHITECTURE,80.000000,71.000000,62.000000,53.000000,44.000000,35.000000,EXTRA_2014,0,0,0,0,0
20120453,17.60,6.5,25.00,F,EXTRA,2014,EXTRA,IT402,4.0,COMPUTER ORGANIZATION & ARCHITECTURE,80.000000,71.000000,62.000000,53.000000,44.000000,35.000000,EXTRA_2014,0,0,0,0,0
200714018,34.50,30.5,65.00,B,EXTRA,2014,EXTRA,IT402,4.0,COMPUTER ORGANIZATION & ARCHITECTURE,80.000000,71.000000,62.000000,53.000000,44.000000,35.000000,EXTRA_2014,0,0,0,0,0
200814020,22.90,24.5,48.00,D,EXTRA,2014,EXTRA,IT402,4.0,COMPUTER ORGANIZATION & ARCHITECTURE,80.000000,71.000000,62.000000,53.000000,44.000000,35.000000,EXTRA_2014,0,0,0,0,0
