Reg_No,Internal,External,Total,Grade,Time,Year,Type,Code,Credit,Title,Cut-Off-S,Cut-Off-A,Cut-Off-B,Cut-Off-C,Cut-Off-D,Cut-Off-E,Directory,Absentees,Malpractices,Detentions,NA,appeared
20110460,20.35,16.5,37.00,E,EXTRA,2014,EXTRA,IT503,4.0,MICROPROCESSOR,80.000000,71.000000,62.000000,53.000000,44.000000,35.000000,EXTRA_2014,0,0,0,0,0
20110527,18.40,18,37.00,E,EXTRA,2014,EXTRA,IT503,4.0,MICROPROCESSOR,80.000000,71.000000,62.000000,53.000000,44.000000,35.000000,EXTRA_2014,0,0,0,0,0
200814020,26.05,13.25,40.00,E,EXTRA,2014,EXTRA,IT503,4.0,MICROPROCESSOR,80.000000,71.000000,62.000000,53.000000,44.000000,35.000000,EXTRA_2014,0,0,0,0,0
200914001,31.00,10.5,42.00,E,EXTRA,2014,EXTRA,IT503,4.0,MICROPROCESSOR,80.000000,71.000000,62.000000,53.000000,44.000000,35.000000,EXTRA_2014,0,0,0,0,0
201014077,28.45,10.75,40.00,E,EXTRA,2014,EXTRA,IT503,4.0,MICROPROCESSOR,80.000000,71.000000,62.000000,53.000000,44.000000,35.000000,EXTRA_2014,0,0,0,0,0
201114502,36.30,15,52.00,D,EXTRA,2014,EXTRA,IT503,4.0,MICROPROCESSOR,80.000000,71.000000,62.000000,53.000000,44.000000,35.000000,EXTRA_2014,0,0,0,0,0
