Reg_No,Internal,External,Total,Grade,Time,Year,Type,Code,Credit,Title,Cut-Off-S,Cut-Off-A,Cut-Off-B,Cut-Off-C,Cut-Off-D,Cut-Off-E,Directory,Absentees,Malpractices,Detentions,NA,appeared
20110462,27.05,16.5,44.00,D,EXTRA,2014,EXTRA,IT602,4.0,COMPUTER NETWORK,80.000000,71.000000,62.000000,53.000000,44.000000,35.000000,EXTRA_2014,0,0,0,0,0
201014006,19.65,16.5,37.00,E,EXTRA,2014,EXTRA,IT602,4.0,COMPUTER NETWORK,80.000000,71.000000,62.000000,53.000000,44.000000,35.000000,EXTRA_2014,0,0,0,0,0
201014040,21.50,AB,0.00,I,EXTRA,2014,EXTRA,IT602,4.0,COMPUTER NETWORK,80.000000,71.000000,62.000000,53.000000,44.000000,35.000000,EXTRA_2014,0,0,0,0,0
201114501,16.20,24.5,41.00,E,EXTRA,2014,EXTRA,IT602,4.0,COMPUTER NETWORK,80.000000,71.000000,62.000000,53.000000,44.000000,35.000000,EXTRA_2014,0,0,0,0,0
