Reg_No,Internal,External,Total,Grade,Time,Year,Type,Code,Credit,Title,Cut-Off-S,Cut-Off-A,Cut-Off-B,Cut-Off-C,Cut-Off-D,Cut-Off-E,Directory,Absentees,Malpractices,Detentions,NA,appeared
201014006,20.50,42.5,63.00,C,EXTRA,2014,EXTRA,IT604,4.0,SYSTEM PROGRAMMING,84.000000,75.000000,66.000000,57.000000,48.000000,39.000000,EXTRA_2014,0,0,0,0,0
201014032,25.20,33,59.00,C,EXTRA,2014,EXTRA,IT604,4.0,SYSTEM PROGRAMMING,84.000000,75.000000,66.000000,57.000000,48.000000,39.000000,EXTRA_2014,0,0,0,0,0
201014058,29.05,38,68.00,B,EXTRA,2014,EXTRA,IT604,4.0,SYSTEM PROGRAMMING,84.000000,75.000000,66.000000,57.000000,48.000000,39.000000,EXTRA_2014,0,0,0,0,0
201114502,21.30,26.5,48.00,D,EXTRA,2014,EXTRA,IT604,4.0,SYSTEM PROGRAMMING,84.000000,75.000000,66.000000,57.000000,48.000000,39.000000,EXTRA_2014,0,0,0,0,0
