Reg_No,Internal,External,Total,Grade,Time,Year,Type,Code,Credit,Title,Cut-Off-S,Cut-Off-A,Cut-Off-B,Cut-Off-C,Cut-Off-D,Cut-Off-E,Directory,Absentees,Malpractices,Detentions,NA,appeared
20110462,22.00,20,42.00,E,EXTRA,2014,EXTRA,IT601,4.0,JAVA PROGRAMMING,82.000000,73.000000,63.000000,54.000000,44.000000,35.000000,EXTRA_2014,0,0,0,0,0
20110485,15.20,21,37.00,E,EXTRA,2014,EXTRA,IT601,4.0,JAVA PROGRAMMING,82.000000,73.000000,63.000000,54.000000,44.000000,35.000000,EXTRA_2014,0,0,0,0,0
20110527,20.25,20,41.00,E,EXTRA,2014,EXTRA,IT601,4.0,JAVA PROGRAMMING,82.000000,73.000000,63.000000,54.000000,44.000000,35.000000,EXTRA_2014,0,0,0,0,0
20111105,14.95,23,38.00,E,EXTRA,2014,EXTRA,IT601,4.0,JAVA PROGRAMMING,82.000000,73.000000,63.000000,54.000000,44.000000,35.000000,EXTRA_2014,0,0,0,0,0
201114501,12.90,15.5,29.00,F,EXTRA,2014,EXTRA,IT601,4.0,JAVA PROGRAMMING,82.000000,73.000000,63.000000,54.000000,44.000000,35.000000,EXTRA_2014,0,0,0,0,0
