Reg_No,Internal,External,Total,Grade,Time,Year,Type,Code,Credit,Title,Cut-Off-S,Cut-Off-A,Cut-Off-B,Cut-Off-C,Cut-Off-D,Cut-Off-E,Directory,Absentees,Malpractices,Detentions,NA,appeared
20110477,28.75,14,43.00,E,EXTRA,2014,EXTRA,IT605,4.0,DIGITAL IMAGE PROCESSING,80.000000,71.000000,62.000000,53.000000,44.000000,35.000000,EXTRA_2014,0,0,0,0,0
201014032,27.80,25,53.00,C,EXTRA,2014,EXTRA,IT605,4.0,DIGITAL IMAGE PROCESSING,80.000000,71.000000,62.000000,53.000000,44.000000,35.000000,EXTRA_2014,0,0,0,0,0
201014040,26.80,16,43.00,E,EXTRA,2014,EXTRA,IT605,4.0,DIGITAL IMAGE PROCESSING,80.000000,71.000000,62.000000,53.000000,44.000000,35.000000,EXTRA_2014,0,0,0,0,0
201014502,27.60,28,56.00,C,EXTRA,2014,EXTRA,IT605,4.0,DIGITAL IMAGE PROCESSING,80.000000,71.000000,62.000000,53.000000,44.000000,35.000000,EXTRA_2014,0,0,0,0,0
