Reg_No,Internal,External,Total,Grade,Time,Year,Type,Code,Credit,Title,Cut-Off-S,Cut-Off-A,Cut-Off-B,Cut-Off-C,Cut-Off-D,Cut-Off-E,Directory,Absentees,Malpractices,Detentions,NA,appeared
20110447,18.50,39.75,59.00,C,EXTRA,2014,EXTRA,IT603,4.0,MICROCONTROLLER,80.000000,71.000000,62.000000,53.000000,44.000000,35.000000,EXTRA_2014,0,0,0,0,0
201014032,21.30,19.50,41.00,E,EXTRA,2014,EXTRA,IT603,4.0,MICROCONTROLLER,80.000000,71.000000,62.000000,53.000000,44.000000,35.000000,EXTRA_2014,0,0,0,0,0
201014040,17.70,15.25,33.00,F,EXTRA,2014,EXTRA,IT603,4.0,MICROCONTROLLER,80.000000,71.000000,62.000000,53.000000,44.000000,35.000000,EXTRA_2014,0,0,0,0,0
