Reg_No,Internal,External,Total,Grade,Time,Year,Type,Code,Credit,Title,Cut-Off-S,Cut-Off-A,Cut-Off-B,Cut-Off-C,Cut-Off-D,Cut-Off-E,Directory,Absentees,Malpractices,Detentions,NA,appeared
200814020,21.20,24.25,46.00,D,EXTRA,2014,EXTRA,IT701,4.0,CRYPTOGRAPHY & NETWORK SECURITY,80.000000,71.000000,62.000000,53.000000,44.000000,35.000000,EXTRA_2014,0,0,0,0,0
201014032,27.55,30,58.00,C,EXTRA,2014,EXTRA,IT701,4.0,CRYPTOGRAPHY & NETWORK SECURITY,80.000000,71.000000,62.000000,53.000000,44.000000,35.000000,EXTRA_2014,0,0,0,0,0
201014058,19.15,30.75,50.00,D,EXTRA,2014,EXTRA,IT701,4.0,CRYPTOGRAPHY & NETWORK SECURITY,80.000000,71.000000,62.000000,53.000000,44.000000,35.000000,EXTRA_2014,0,0,0,0,0
201014064,27.15,30.5,58.00,C,EXTRA,2014,EXTRA,IT701,4.0,CRYPTOGRAPHY & NETWORK SECURITY,80.000000,71.000000,62.000000,53.000000,44.000000,35.000000,EXTRA_2014,0,0,0,0,0
