Reg_No,Internal,External,Total,Grade,Time,Year,Type,Code,Credit,Title,Cut-Off-S,Cut-Off-A,Cut-Off-B,Cut-Off-C,Cut-Off-D,Cut-Off-E,Directory,Absentees,Malpractices,Detentions,NA,appeared
201322004,15.80,29,45.00,E,EXTRA,2014,EXTRA,MCA203,4.0,DATA STRUCTURES,90.000000,80.000000,70.000000,60.000000,50.000000,40.000000,EXTRA_2014,0,0,0,0,0
201322008,18.10,13,32.00,F,EXTRA,2014,EXTRA,MCA203,4.0,DATA STRUCTURES,90.000000,80.000000,70.000000,60.000000,50.000000,40.000000,EXTRA_2014,0,0,0,0,0
201322011,23.30,11.5,35.00,F,EXTRA,2014,EXTRA,MCA203,4.0,DATA STRUCTURES,90.000000,80.000000,70.000000,60.000000,50.000000,40.000000,EXTRA_2014,0,0,0,0,0
201322014,16.70,8.5,26.00,F,EXTRA,2014,EXTRA,MCA203,4.0,DATA STRUCTURES,90.000000,80.000000,70.000000,60.000000,50.000000,40.000000,EXTRA_2014,0,0,0,0,0
