Reg_No,Internal,External,Total,Grade,Time,Year,Type,Code,Credit,Title,Cut-Off-S,Cut-Off-A,Cut-Off-B,Cut-Off-C,Cut-Off-D,Cut-Off-E,Directory,Absentees,Malpractices,Detentions,NA,appeared
201122009,-,50,50.00,D,EXTRA,2014,EXTRA,MCA409,2.0,GRAND VIVA,90.000000,79.000000,68.000000,57.000000,46.000000,35.000000,EXTRA_2014,0,0,0,0,0
20121314,-,80,80.00,A,EXTRA,2014,EXTRA,MCA409,2.0,GRAND VIVA,90.000000,79.000000,68.000000,57.000000,46.000000,35.000000,EXTRA_2014,0,0,0,0,0
201122042,-,59.33,60.00,C,EXTRA,2014,EXTRA,MCA409,2.0,GRAND VIVA,90.000000,79.000000,68.000000,57.000000,46.000000,35.000000,EXTRA_2014,0,0,0,0,0
20121322,-,55.33,56.00,D,EXTRA,2014,EXTRA,MCA409,2.0,GRAND VIVA,90.000000,79.000000,68.000000,57.000000,46.000000,35.000000,EXTRA_2014,0,0,0,0,0
20121311,-,54,54.00,D,EXTRA,2014,EXTRA,MCA409,2.0,GRAND VIVA,90.000000,79.000000,68.000000,57.000000,46.000000,35.000000,EXTRA_2014,0,0,0,0,0
20121308,-,64.66,65.00,C,EXTRA,2014,EXTRA,MCA409,2.0,GRAND VIVA,90.000000,79.000000,68.000000,57.000000,46.000000,35.000000,EXTRA_2014,0,0,0,0,0
