Reg_No,Internal,External,Total,Grade,Time,Year,Type,Code,Credit,Title,Cut-Off-S,Cut-Off-A,Cut-Off-B,Cut-Off-C,Cut-Off-D,Cut-Off-E,Directory,Absentees,Malpractices,Detentions,NA,appeared
20121304,15.70,24.50,41.00,E,EXTRA,2014,EXTRA,MCA404,4.0,COMPUTER NETWORK,90.000000,79.000000,68.000000,57.000000,46.000000,35.000000,EXTRA_2014,0,0,0,0,0
20121308,19.60,19.50,40.00,E,EXTRA,2014,EXTRA,MCA404,4.0,COMPUTER NETWORK,90.000000,79.000000,68.000000,57.000000,46.000000,35.000000,EXTRA_2014,0,0,0,0,0
20121309,15.00,AB,0.00,I,EXTRA,2014,EXTRA,MCA404,4.0,COMPUTER NETWORK,90.000000,79.000000,68.000000,57.000000,46.000000,35.000000,EXTRA_2014,0,0,0,0,0
20121311,15.80,25.50,42.00,E,EXTRA,2014,EXTRA,MCA404,4.0,COMPUTER NETWORK,90.000000,79.000000,68.000000,57.000000,46.000000,35.000000,EXTRA_2014,0,0,0,0,0
20121322,26.80,19.00,46.00,D,EXTRA,2014,EXTRA,MCA404,4.0,COMPUTER NETWORK,90.000000,79.000000,68.000000,57.000000,46.000000,35.000000,EXTRA_2014,0,0,0,0,0
201122009,16.30,AB,0.00,I,EXTRA,2014,EXTRA,MCA404,4.0,COMPUTER NETWORK,90.000000,79.000000,68.000000,57.000000,46.000000,35.000000,EXTRA_2014,0,0,0,0,0
