Reg_No,Internal,External,Total,Grade,Time,Year,Type,Code,Credit,Title,Cut-Off-S,Cut-Off-A,Cut-Off-B,Cut-Off-C,Cut-Off-D,Cut-Off-E,Directory,Absentees,Malpractices,Detentions,NA,appeared
20120056,16.40,21.5,38.00,E,EXTRA,2014,EXTRA,ME301,4.0,ENGINEERING MATHEMATICS III,80.000000,71.000000,62.000000,53.000000,44.000000,35.000000,EXTRA_2014,0,0,0,0,0
20120094,13.80,16.5,31.00,F,EXTRA,2014,EXTRA,ME301,4.0,ENGINEERING MATHEMATICS III,80.000000,71.000000,62.000000,53.000000,44.000000,35.000000,EXTRA_2014,0,0,0,0,0
20120187,17.60,AB,0.00,I,EXTRA,2014,EXTRA,ME301,4.0,ENGINEERING MATHEMATICS III,80.000000,71.000000,62.000000,53.000000,44.000000,35.000000,EXTRA_2014,0,0,0,0,0
20120333,15.70,5.5,22.00,F,EXTRA,2014,EXTRA,ME301,4.0,ENGINEERING MATHEMATICS III,80.000000,71.000000,62.000000,53.000000,44.000000,35.000000,EXTRA_2014,0,0,0,0,0
20120363,15.10,15.5,31.00,F,EXTRA,2014,EXTRA,ME301,4.0,ENGINEERING MATHEMATICS III,80.000000,71.000000,62.000000,53.000000,44.000000,35.000000,EXTRA_2014,0,0,0,0,0
20120394,17.30,15,33.00,F,EXTRA,2014,EXTRA,ME301,4.0,ENGINEERING MATHEMATICS III,80.000000,71.000000,62.000000,53.000000,44.000000,35.000000,EXTRA_2014,0,0,0,0,0
20120430,18.80,14,33.00,F,EXTRA,2014,EXTRA,ME301,4.0,ENGINEERING MATHEMATICS III,80.000000,71.000000,62.000000,53.000000,44.000000,35.000000,EXTRA_2014,0,0,0,0,0
20120545,17.80,AB,0.00,I,EXTRA,2014,EXTRA,ME301,4.0,ENGINEERING MATHEMATICS III,80.000000,71.000000,62.000000,53.000000,44.000000,35.000000,EXTRA_2014,0,0,0,0,0
20120657,14.70,19.5,35.00,E,EXTRA,2014,EXTRA,ME301,4.0,ENGINEERING MATHEMATICS III,80.000000,71.000000,62.000000,53.000000,44.000000,35.000000,EXTRA_2014,0,0,0,0,0
