Reg_No,Internal,External,Total,Grade,Time,Year,Type,Code,Credit,Title,Cut-Off-S,Cut-Off-A,Cut-Off-B,Cut-Off-C,Cut-Off-D,Cut-Off-E,Directory,Absentees,Malpractices,Detentions,NA,appeared
20110284,39.95,05,45.00,D,EXTRA,2014,EXTRA,ME302,4.0,BASIC THERMODYNAMICS,87.000000,77.000000,66.000000,56.000000,45.000000,35.000000,EXTRA_2014,0,0,0,0,0
20110339,18.20,AB,0.00,I,EXTRA,2014,EXTRA,ME302,4.0,BASIC THERMODYNAMICS,87.000000,77.000000,66.000000,56.000000,45.000000,35.000000,EXTRA_2014,0,0,0,0,0
20110592,17.85,AB,0.00,I,EXTRA,2014,EXTRA,ME302,4.0,BASIC THERMODYNAMICS,87.000000,77.000000,66.000000,56.000000,45.000000,35.000000,EXTRA_2014,0,0,0,0,0
201315501,14.40,30.5,45.00,D,EXTRA,2014,EXTRA,ME302,4.0,BASIC THERMODYNAMICS,87.000000,77.000000,66.000000,56.000000,45.000000,35.000000,EXTRA_2014,0,0,0,0,0
201315503,29.30,AB,0.00,I,EXTRA,2014,EXTRA,ME302,4.0,BASIC THERMODYNAMICS,87.000000,77.000000,66.000000,56.000000,45.000000,35.000000,EXTRA_2014,0,0,0,0,0
