Reg_No,Internal,External,Total,Grade,Time,Year,Type,Code,Credit,Title,Cut-Off-S,Cut-Off-A,Cut-Off-B,Cut-Off-C,Cut-Off-D,Cut-Off-E,Directory,Absentees,Malpractices,Detentions,NA,appeared
20110122,17.80,22.5,41.00,E,EXTRA,2014,EXTRA,ME406,4.0,MANUFACTURING PROCESS II,90.000000,79.000000,68.000000,57.000000,46.000000,35.000000,EXTRA_2014,0,0,0,0,0
20110276,14.60,10.5,26.00,F,EXTRA,2014,EXTRA,ME406,4.0,MANUFACTURING PROCESS II,90.000000,79.000000,68.000000,57.000000,46.000000,35.000000,EXTRA_2014,0,0,0,0,0
20110288,13.90,10.5,25.00,F,EXTRA,2014,EXTRA,ME406,4.0,MANUFACTURING PROCESS II,90.000000,79.000000,68.000000,57.000000,46.000000,35.000000,EXTRA_2014,0,0,0,0,0
20120032,15.70,19.5,36.00,E,EXTRA,2014,EXTRA,ME406,4.0,MANUFACTURING PROCESS II,90.000000,79.000000,68.000000,57.000000,46.000000,35.000000,EXTRA_2014,0,0,0,0,0
20120056,17.30,36.5,54.00,D,EXTRA,2014,EXTRA,ME406,4.0,MANUFACTURING PROCESS II,90.000000,79.000000,68.000000,57.000000,46.000000,35.000000,EXTRA_2014,0,0,0,0,0
201015059,16.60,03,20.00,F,EXTRA,2014,EXTRA,ME406,4.0,MANUFACTURING PROCESS II,90.000000,79.000000,68.000000,57.000000,46.000000,35.000000,EXTRA_2014,0,0,0,0,0
