Reg_No,Internal,External,Total,Grade,Time,Year,Type,Code,Credit,Title,Cut-Off-S,Cut-Off-A,Cut-Off-B,Cut-Off-C,Cut-Off-D,Cut-Off-E,Directory,Absentees,Malpractices,Detentions,NA,appeared
20110122,17.10,26.5,44.00,E,EXTRA,2014,EXTRA,ME405,4.0,MATERIAL SCIENCE,90.000000,80.000000,71.000000,61.000000,52.000000,42.000000,EXTRA_2014,0,0,0,0,0
20110276,19.98,7.5,28.00,F,EXTRA,2014,EXTRA,ME405,4.0,MATERIAL SCIENCE,90.000000,80.000000,71.000000,61.000000,52.000000,42.000000,EXTRA_2014,0,0,0,0,0
20110288,20.30,10,31.00,F,EXTRA,2014,EXTRA,ME405,4.0,MATERIAL SCIENCE,90.000000,80.000000,71.000000,61.000000,52.000000,42.000000,EXTRA_2014,0,0,0,0,0
20110339,14.91,09,24.00,F,EXTRA,2014,EXTRA,ME405,4.0,MATERIAL SCIENCE,90.000000,80.000000,71.000000,61.000000,52.000000,42.000000,EXTRA_2014,0,0,0,0,0
20111008,18.63,AB,0.00,I,EXTRA,2014,EXTRA,ME405,4.0,MATERIAL SCIENCE,90.000000,80.000000,71.000000,61.000000,52.000000,42.000000,EXTRA_2014,0,0,0,0,0
20120004,28.40,41,70.00,C,EXTRA,2014,EXTRA,ME405,4.0,MATERIAL SCIENCE,90.000000,80.000000,71.000000,61.000000,52.000000,42.000000,EXTRA_2014,0,0,0,0,0
20120032,22.00,14,36.00,F,EXTRA,2014,EXTRA,ME405,4.0,MATERIAL SCIENCE,90.000000,80.000000,71.000000,61.000000,52.000000,42.000000,EXTRA_2014,0,0,0,0,0
20120056,18.20,44.5,63.00,C,EXTRA,2014,EXTRA,ME405,4.0,MATERIAL SCIENCE,90.000000,80.000000,71.000000,61.000000,52.000000,42.000000,EXTRA_2014,0,0,0,0,0
