Reg_No,Internal,External,Total,Grade,Time,Year,Type,Code,Credit,Title,Cut-Off-S,Cut-Off-A,Cut-Off-B,Cut-Off-C,Cut-Off-D,Cut-Off-E,Directory,Absentees,Malpractices,Detentions,NA,appeared
20120393,39.00,18,57.00,D,EXTRA,2014,EXTRA,ME408,1.5,COMPUTER GRAPHICS LABORATORY,81.000000,74.000000,67.000000,60.000000,53.000000,46.000000,EXTRA_2014,0,0,0,0,0
201015015,42.00,20,62.00,C,EXTRA,2014,EXTRA,ME408,1.5,COMPUTER GRAPHICS LABORATORY,81.000000,74.000000,67.000000,60.000000,53.000000,46.000000,EXTRA_2014,0,0,0,0,0
201115501,42.00,29,71.00,B,EXTRA,2014,EXTRA,ME408,1.5,COMPUTER GRAPHICS LABORATORY,81.000000,74.000000,67.000000,60.000000,53.000000,46.000000,EXTRA_2014,0,0,0,0,0
200615005,45.00,28,73.00,B,EXTRA,2014,EXTRA,ME408,1.5,COMPUTER GRAPHICS LABORATORY,81.000000,74.000000,67.000000,60.000000,53.000000,46.000000,EXTRA_2014,0,0,0,0,0
