Reg_No,Internal,External,Total,Grade,Time,Year,Type,Code,Credit,Title,Cut-Off-S,Cut-Off-A,Cut-Off-B,Cut-Off-C,Cut-Off-D,Cut-Off-E,Directory,Absentees,Malpractices,Detentions,NA,appeared
20110241,11.85,11.25,24.00,F,EXTRA,2014,EXTRA,ME501,4.0,ENGINEERING ECONOMICS & ACCOUNTANCY,90.000000,79.000000,68.000000,57.000000,46.000000,35.000000,EXTRA_2014,0,0,0,0,0
20110284,24.25,19.5,44.00,E,EXTRA,2014,EXTRA,ME501,4.0,ENGINEERING ECONOMICS & ACCOUNTANCY,90.000000,79.000000,68.000000,57.000000,46.000000,35.000000,EXTRA_2014,0,0,0,0,0
20110592,13.70,AB,0.00,I,EXTRA,2014,EXTRA,ME501,4.0,ENGINEERING ECONOMICS & ACCOUNTANCY,90.000000,79.000000,68.000000,57.000000,46.000000,35.000000,EXTRA_2014,0,0,0,0,0
20111008,14.20,AB,0.00,I,EXTRA,2014,EXTRA,ME501,4.0,ENGINEERING ECONOMICS & ACCOUNTANCY,90.000000,79.000000,68.000000,57.000000,46.000000,35.000000,EXTRA_2014,0,0,0,0,0
20111012,20.05,11.75,32.00,F,EXTRA,2014,EXTRA,ME501,4.0,ENGINEERING ECONOMICS & ACCOUNTANCY,90.000000,79.000000,68.000000,57.000000,46.000000,35.000000,EXTRA_2014,0,0,0,0,0
20121781,23.15,10.5,34.00,F,EXTRA,2014,EXTRA,ME501,4.0,ENGINEERING ECONOMICS & ACCOUNTANCY,90.000000,79.000000,68.000000,57.000000,46.000000,35.000000,EXTRA_2014,0,0,0,0,0
201015059,39.45,18.5,58.00,C,EXTRA,2014,EXTRA,ME501,4.0,ENGINEERING ECONOMICS & ACCOUNTANCY,90.000000,79.000000,68.000000,57.000000,46.000000,35.000000,EXTRA_2014,0,0,0,0,0
201115501,19.05,23.25,43.00,E,EXTRA,2014,EXTRA,ME501,4.0,ENGINEERING ECONOMICS & ACCOUNTANCY,90.000000,79.000000,68.000000,57.000000,46.000000,35.000000,EXTRA_2014,0,0,0,0,0
201115503,19.85,16.75,37.00,E,EXTRA,2014,EXTRA,ME501,4.0,ENGINEERING ECONOMICS & ACCOUNTANCY,90.000000,79.000000,68.000000,57.000000,46.000000,35.000000,EXTRA_2014,0,0,0,0,0
