Reg_No,Internal,External,Total,Grade,Time,Year,Type,Code,Credit,Title,Cut-Off-S,Cut-Off-A,Cut-Off-B,Cut-Off-C,Cut-Off-D,Cut-Off-E,Directory,Absentees,Malpractices,Detentions,NA,appeared
20110212,23.70,25,49.00,D,EXTRA,2014,EXTRA,ME505,4.0,METROLOGY,89.000000,79.000000,69.000000,58.000000,48.000000,38.000000,EXTRA_2014,0,0,0,0,0
20110284,25.40,19.5,45.00,E,EXTRA,2014,EXTRA,ME505,4.0,METROLOGY,89.000000,79.000000,69.000000,58.000000,48.000000,38.000000,EXTRA_2014,0,0,0,0,0
20111007,22.00,21,43.00,E,EXTRA,2014,EXTRA,ME505,4.0,METROLOGY,89.000000,79.000000,69.000000,58.000000,48.000000,38.000000,EXTRA_2014,0,0,0,0,0
201015006,21.80,21.5,44.00,E,EXTRA,2014,EXTRA,ME505,4.0,METROLOGY,89.000000,79.000000,69.000000,58.000000,48.000000,38.000000,EXTRA_2014,0,0,0,0,0
