Reg_No,Internal,External,Total,Grade,Time,Year,Type,Code,Credit,Title,Cut-Off-S,Cut-Off-A,Cut-Off-B,Cut-Off-C,Cut-Off-D,Cut-Off-E,Directory,Absentees,Malpractices,Detentions,NA,appeared
20110025,20.30,14.5,35.00,F,EXTRA,2014,EXTRA,ME604,4.0,AUTOMOBILE ENGINEERING,87.000000,77.000000,67.000000,56.000000,46.000000,36.000000,EXTRA_2014,0,0,0,0,0
20110118,26.30,02,29.00,F,EXTRA,2014,EXTRA,ME604,4.0,AUTOMOBILE ENGINEERING,87.000000,77.000000,67.000000,56.000000,46.000000,36.000000,EXTRA_2014,0,0,0,0,0
20110284,25.30,18.5,44.00,E,EXTRA,2014,EXTRA,ME604,4.0,AUTOMOBILE ENGINEERING,87.000000,77.000000,67.000000,56.000000,46.000000,36.000000,EXTRA_2014,0,0,0,0,0
20110339,23.10,AB,0.00,I,EXTRA,2014,EXTRA,ME604,4.0,AUTOMOBILE ENGINEERING,87.000000,77.000000,67.000000,56.000000,46.000000,36.000000,EXTRA_2014,0,0,0,0,0
20132501,15.00,21,36.00,E,EXTRA,2014,EXTRA,ME604,4.0,AUTOMOBILE ENGINEERING,87.000000,77.000000,67.000000,56.000000,46.000000,36.000000,EXTRA_2014,0,0,0,0,0
