Reg_No,Internal,External,Total,Grade,Time,Year,Type,Code,Credit,Title,Cut-Off-S,Cut-Off-A,Cut-Off-B,Cut-Off-C,Cut-Off-D,Cut-Off-E,Directory,Absentees,Malpractices,Detentions,NA,appeared
20110150,39.25,24,64.00,C,EXTRA,2014,EXTRA,ME605,4.0,MECHATRONICS,86.000000,77.000000,69.000000,60.000000,52.000000,43.000000,EXTRA_2014,0,0,0,0,0
20110276,30.30,8.25,39.00,F,EXTRA,2014,EXTRA,ME605,4.0,MECHATRONICS,86.000000,77.000000,69.000000,60.000000,52.000000,43.000000,EXTRA_2014,0,0,0,0,0
20132501,21.90,12,34.00,F,EXTRA,2014,EXTRA,ME605,4.0,MECHATRONICS,86.000000,77.000000,69.000000,60.000000,52.000000,43.000000,EXTRA_2014,0,0,0,0,0
200615005,12.80,AB,0.00,I,EXTRA,2014,EXTRA,ME605,4.0,MECHATRONICS,86.000000,77.000000,69.000000,60.000000,52.000000,43.000000,EXTRA_2014,0,0,0,0,0
201015006,27.25,15,43.00,E,EXTRA,2014,EXTRA,ME605,4.0,MECHATRONICS,86.000000,77.000000,69.000000,60.000000,52.000000,43.000000,EXTRA_2014,0,0,0,0,0
