Reg_No,Internal,External,Total,Grade,Time,Year,Type,Code,Credit,Title,Cut-Off-S,Cut-Off-A,Cut-Off-B,Cut-Off-C,Cut-Off-D,Cut-Off-E,Directory,Absentees,Malpractices,Detentions,NA,appeared
20121241,20.00,8.5,29.00,F,EXTRA,2014,EXTRA,MGT206,4.0,GLOBAL ECONOMIC ENVIRONMENT & POLICY,81.000000,72.000000,63.000000,53.000000,44.000000,35.000000,EXTRA_2014,0,0,0,0,0
201323003,19.60,35.5,56.00,C,EXTRA,2014,EXTRA,MGT206,4.0,GLOBAL ECONOMIC ENVIRONMENT & POLICY,81.000000,72.000000,63.000000,53.000000,44.000000,35.000000,EXTRA_2014,0,0,0,0,0
201323020,21.65,AB,0.00,I,EXTRA,2014,EXTRA,MGT206,4.0,GLOBAL ECONOMIC ENVIRONMENT & POLICY,81.000000,72.000000,63.000000,53.000000,44.000000,35.000000,EXTRA_2014,0,0,0,0,0
201323022,20.60,12.5,34.00,F,EXTRA,2014,EXTRA,MGT206,4.0,GLOBAL ECONOMIC ENVIRONMENT & POLICY,81.000000,72.000000,63.000000,53.000000,44.000000,35.000000,EXTRA_2014,0,0,0,0,0
201323024,22.70,21,44.00,D,EXTRA,2014,EXTRA,MGT206,4.0,GLOBAL ECONOMIC ENVIRONMENT & POLICY,81.000000,72.000000,63.000000,53.000000,44.000000,35.000000,EXTRA_2014,0,0,0,0,0
201323032,26.10,22,49.00,D,EXTRA,2014,EXTRA,MGT206,4.0,GLOBAL ECONOMIC ENVIRONMENT & POLICY,81.000000,72.000000,63.000000,53.000000,44.000000,35.000000,EXTRA_2014,0,0,0,0,0
201323034,32.35,05,38.00,F,EXTRA,2014,EXTRA,MGT206,4.0,GLOBAL ECONOMIC ENVIRONMENT & POLICY,81.000000,72.000000,63.000000,53.000000,44.000000,35.000000,EXTRA_2014,0,0,0,0,0
201323036,24.10,27.5,52.00,D,EXTRA,2014,EXTRA,MGT206,4.0,GLOBAL ECONOMIC ENVIRONMENT & POLICY,81.000000,72.000000,63.000000,53.000000,44.000000,35.000000,EXTRA_2014,0,0,0,0,0
