Reg_No,Internal,External,Total,Grade,Time,Year,Type,Code,Credit,Title,Cut-Off-S,Cut-Off-A,Cut-Off-B,Cut-Off-C,Cut-Off-D,Cut-Off-E,Directory,Absentees,Malpractices,Detentions,NA,appeared
20121221,18.26,23.50,42.00,E,EXTRA,2014,EXTRA,MGT311,4.0,DIRECT & INDIRECT TAXES _MGT FM 302_,80.000000,71.000000,62.000000,53.000000,44.000000,35.000000,EXTRA_2014,0,0,0,0,0
20121222,28.82,11.50,41.00,E,EXTRA,2014,EXTRA,MGT311,4.0,DIRECT & INDIRECT TAXES _MGT FM 302_,80.000000,71.000000,62.000000,53.000000,44.000000,35.000000,EXTRA_2014,0,0,0,0,0
20121239,39.32,22.50,62.00,B,EXTRA,2014,EXTRA,MGT311,4.0,DIRECT & INDIRECT TAXES _MGT FM 302_,80.000000,71.000000,62.000000,53.000000,44.000000,35.000000,EXTRA_2014,0,0,0,0,0
20121247,36.72,26.50,64.00,B,EXTRA,2014,EXTRA,MGT311,4.0,DIRECT & INDIRECT TAXES _MGT FM 302_,80.000000,71.000000,62.000000,53.000000,44.000000,35.000000,EXTRA_2014,0,0,0,0,0
20121258,32.52,17.00,50.00,D,EXTRA,2014,EXTRA,MGT311,4.0,DIRECT & INDIRECT TAXES _MGT FM 302_,80.000000,71.000000,62.000000,53.000000,44.000000,35.000000,EXTRA_2014,0,0,0,0,0
201123060,15.00,10.50,26.00,F,EXTRA,2014,EXTRA,MGT311,4.0,DIRECT & INDIRECT TAXES _MGT FM 302_,80.000000,71.000000,62.000000,53.000000,44.000000,35.000000,EXTRA_2014,0,0,0,0,0
