Reg_No,Internal,External,Total,Grade,Time,Year,Type,Code,Credit,Title,Cut-Off-S,Cut-Off-A,Cut-Off-B,Cut-Off-C,Cut-Off-D,Cut-Off-E,Directory,Absentees,Malpractices,Detentions,NA,appeared
201819011,17.80,AB,0.00,I,JAN,2019,SUPP,BA1103,4.0,QUANTITATIVE ANALYSIS _13 14 15 16 17 18_,80.000000,71.000000,62.000000,53.000000,44.000000,35.000000,JAN-2019,0,0,0,0,0
201819014,9.50,5.5,15.00,F,JAN,2019,SUPP,BA1103,4.0,QUANTITATIVE ANALYSIS _13 14 15 16 17 18_,80.000000,71.000000,62.000000,53.000000,44.000000,35.000000,JAN-2019,0,0,0,0,0
201819025,17.50,AB,0.00,I,JAN,2019,SUPP,BA1103,4.0,QUANTITATIVE ANALYSIS _13 14 15 16 17 18_,80.000000,71.000000,62.000000,53.000000,44.000000,35.000000,JAN-2019,0,0,0,0,0
