Reg_No,Internal,External,Total,Grade,Time,Year,Type,Code,Credit,Title,Cut-Off-S,Cut-Off-A,Cut-Off-B,Cut-Off-C,Cut-Off-D,Cut-Off-E,Directory,Absentees,Malpractices,Detentions,NA,appeared
201419019,8.50,28,37.00,E,JAN,2019,SUPP,BA1304,4.0,ACCOUNTING FOR MANAGEMENT _13 14 15 16 17_,80.000000,71.000000,62.000000,53.000000,44.000000,35.000000,JAN-2019,0,0,0,0,0
201619013,15.60,27,43.00,E,JAN,2019,SUPP,BA1304,4.0,ACCOUNTING FOR MANAGEMENT _13 14 15 16 17_,80.000000,71.000000,62.000000,53.000000,44.000000,35.000000,JAN-2019,0,0,0,0,0
201619021,15.70,23,39.00,E,JAN,2019,SUPP,BA1304,4.0,ACCOUNTING FOR MANAGEMENT _13 14 15 16 17_,80.000000,71.000000,62.000000,53.000000,44.000000,35.000000,JAN-2019,0,0,0,0,0
