Reg_No,Internal,External,Total,Grade,Time,Year,Type,Code,Credit,Title,Cut-Off-S,Cut-Off-A,Cut-Off-B,Cut-Off-C,Cut-Off-D,Cut-Off-E,Directory,Absentees,Malpractices,Detentions,NA,appeared
20130460,12.50,02,15.00,F,JAN,2019,SUPP,BA1510,4.0,INDUSTRIAL MANAGEMENT _13 14 15 16_,81.000000,72.000000,63.000000,53.000000,44.000000,35.000000,JAN-2019,0,0,0,0,0
20140131,12.80,22.5,36.00,E,JAN,2019,SUPP,BA1510,4.0,INDUSTRIAL MANAGEMENT _13 14 15 16_,81.000000,72.000000,63.000000,53.000000,44.000000,35.000000,JAN-2019,0,0,0,0,0
201500030,12.90,28.5,42.00,E,JAN,2019,SUPP,BA1510,4.0,INDUSTRIAL MANAGEMENT _13 14 15 16_,81.000000,72.000000,63.000000,53.000000,44.000000,35.000000,JAN-2019,0,0,0,0,0
201600038,15.35,29.5,45.00,D,JAN,2019,SUPP,BA1510,4.0,INDUSTRIAL MANAGEMENT _13 14 15 16_,81.000000,72.000000,63.000000,53.000000,44.000000,35.000000,JAN-2019,0,0,0,0,0
