Reg_No,Internal,External,Total,Grade,Time,Year,Type,Code,Credit,Title,Cut-Off-S,Cut-Off-A,Cut-Off-B,Cut-Off-C,Cut-Off-D,Cut-Off-E,Directory,Absentees,Malpractices,Detentions,NA,appeared
20130590,14.80,AB,0.00,I,JAN,2019,SUPP,BA1710,4.0,INDUSTRIAL ENGINEERING & MANAGEMENT _11 12 13 14 15_,81.000000,69.000000,61.000000,52.000000,47.000000,35.000000,JAN-2019,0,0,0,0,0
20140294,13.80,9.5,24.00,F,JAN,2019,SUPP,BA1710,4.0,INDUSTRIAL ENGINEERING & MANAGEMENT _11 12 13 14 15_,81.000000,69.000000,61.000000,52.000000,47.000000,35.000000,JAN-2019,0,0,0,0,0
20140430,22.70,20,43.00,E,JAN,2019,SUPP,BA1710,4.0,INDUSTRIAL ENGINEERING & MANAGEMENT _11 12 13 14 15_,81.000000,69.000000,61.000000,52.000000,47.000000,35.000000,JAN-2019,0,0,0,0,0
201500040,30.90,35,66.00,B,JAN,2019,SUPP,BA1710,4.0,INDUSTRIAL ENGINEERING & MANAGEMENT _11 12 13 14 15_,81.000000,69.000000,61.000000,52.000000,47.000000,35.000000,JAN-2019,0,0,0,0,0
201500061,24.60,13,38.00,E,JAN,2019,SUPP,BA1710,4.0,INDUSTRIAL ENGINEERING & MANAGEMENT _11 12 13 14 15_,81.000000,69.000000,61.000000,52.000000,47.000000,35.000000,JAN-2019,0,0,0,0,0
201500239,25.90,26,52.00,D,JAN,2019,SUPP,BA1710,4.0,INDUSTRIAL ENGINEERING & MANAGEMENT _11 12 13 14 15_,81.000000,69.000000,61.000000,52.000000,47.000000,35.000000,JAN-2019,0,0,0,0,0
201500335,17.70,20,38.00,E,JAN,2019,SUPP,BA1710,4.0,INDUSTRIAL ENGINEERING & MANAGEMENT _11 12 13 14 15_,81.000000,69.000000,61.000000,52.000000,47.000000,35.000000,JAN-2019,0,0,0,0,0
201500697,36.40,37,74.00,A,JAN,2019,SUPP,BA1710,4.0,INDUSTRIAL ENGINEERING & MANAGEMENT _11 12 13 14 15_,81.000000,69.000000,61.000000,52.000000,47.000000,35.000000,JAN-2019,0,0,0,0,0
