Reg_No,Internal,External,Total,Grade,Time,Year,Type,Code,Credit,Title,Cut-Off-S,Cut-Off-A,Cut-Off-B,Cut-Off-C,Cut-Off-D,Cut-Off-E,Directory,Absentees,Malpractices,Detentions,NA,appeared
201816009,48.25,22,71.00,B,JAN,2019,SUPP,CA1163,1.5,PC CONFIGURATION LAB,85.000000,78.000000,71.000000,64.000000,57.000000,50.000000,JAN-2019,0,0,0,0,0
201816035,43.75,27,71.00,B,JAN,2019,SUPP,CA1163,1.5,PC CONFIGURATION LAB,85.000000,78.000000,71.000000,64.000000,57.000000,50.000000,JAN-2019,0,0,0,0,0
201816036,49.00,21,70.00,C,JAN,2019,SUPP,CA1163,1.5,PC CONFIGURATION LAB,85.000000,78.000000,71.000000,64.000000,57.000000,50.000000,JAN-2019,0,0,0,0,0
201816037,45.75,25,71.00,B,JAN,2019,SUPP,CA1163,1.5,PC CONFIGURATION LAB,85.000000,78.000000,71.000000,64.000000,57.000000,50.000000,JAN-2019,0,0,0,0,0
201816038,51.50,23,75.00,B,JAN,2019,SUPP,CA1163,1.5,PC CONFIGURATION LAB,85.000000,78.000000,71.000000,64.000000,57.000000,50.000000,JAN-2019,0,0,0,0,0
