Reg_No,Internal,External,Total,Grade,Time,Year,Type,Code,Credit,Title,Cut-Off-S,Cut-Off-A,Cut-Off-B,Cut-Off-C,Cut-Off-D,Cut-Off-E,Directory,Absentees,Malpractices,Detentions,NA,appeared
201740001,16.90,31.5,49.00,D,JAN,2019,SUPP,CA1113,4.0,FUNDAMENTALS OF MATHEMATICS _16 17_,80.000000,71.000000,62.000000,53.000000,44.000000,35.000000,JAN-2019,0,0,0,0,0
201740008,16.30,29,46.00,D,JAN,2019,SUPP,CA1113,4.0,FUNDAMENTALS OF MATHEMATICS _16 17_,80.000000,71.000000,62.000000,53.000000,44.000000,35.000000,JAN-2019,0,0,0,0,0
201740012,14.40,21,36.00,E,JAN,2019,SUPP,CA1113,4.0,FUNDAMENTALS OF MATHEMATICS _16 17_,80.000000,71.000000,62.000000,53.000000,44.000000,35.000000,JAN-2019,0,0,0,0,0
201740014,11.70,26.5,39.00,E,JAN,2019,SUPP,CA1113,4.0,FUNDAMENTALS OF MATHEMATICS _16 17_,80.000000,71.000000,62.000000,53.000000,44.000000,35.000000,JAN-2019,0,0,0,0,0
