Reg_No,Internal,External,Total,Grade,Time,Year,Type,Code,Credit,Title,Cut-Off-S,Cut-Off-A,Cut-Off-B,Cut-Off-C,Cut-Off-D,Cut-Off-E,Directory,Absentees,Malpractices,Detentions,NA,appeared
201816009,50.50,23,74.00,A,JAN,2019,SUPP,CA1162,1.5,C PROGRAMMING LAB I,81.000000,73.000000,65.000000,56.000000,48.000000,40.000000,JAN-2019,0,0,0,0,0
201816035,51.50,28,80.00,A,JAN,2019,SUPP,CA1162,1.5,C PROGRAMMING LAB I,81.000000,73.000000,65.000000,56.000000,48.000000,40.000000,JAN-2019,0,0,0,0,0
201816036,51.50,29,81.00,S,JAN,2019,SUPP,CA1162,1.5,C PROGRAMMING LAB I,81.000000,73.000000,65.000000,56.000000,48.000000,40.000000,JAN-2019,0,0,0,0,0
201816037,50.50,30,81.00,S,JAN,2019,SUPP,CA1162,1.5,C PROGRAMMING LAB I,81.000000,73.000000,65.000000,56.000000,48.000000,40.000000,JAN-2019,0,0,0,0,0
201816038,52.00,33,85.00,S,JAN,2019,SUPP,CA1162,1.5,C PROGRAMMING LAB I,81.000000,73.000000,65.000000,56.000000,48.000000,40.000000,JAN-2019,0,0,0,0,0
