Reg_No,Internal,External,Total,Grade,Time,Year,Type,Code,Credit,Title,Cut-Off-S,Cut-Off-A,Cut-Off-B,Cut-Off-C,Cut-Off-D,Cut-Off-E,Directory,Absentees,Malpractices,Detentions,NA,appeared
201516011,15.30,04,20.00,F,JAN,2019,SUPP,CA1105,4.0,FUNDAMENTAL OF DIGITAL ELECTRONICS _13 14 15 16 17 18_,80.000000,71.000000,62.000000,53.000000,44.000000,35.000000,JAN-2019,0,0,0,0,0
201616011,17.80,04,22.00,F,JAN,2019,SUPP,CA1105,4.0,FUNDAMENTAL OF DIGITAL ELECTRONICS _13 14 15 16 17 18_,80.000000,71.000000,62.000000,53.000000,44.000000,35.000000,JAN-2019,0,0,0,0,0
201616014,17.60,16.5,35.00,E,JAN,2019,SUPP,CA1105,4.0,FUNDAMENTAL OF DIGITAL ELECTRONICS _13 14 15 16 17 18_,80.000000,71.000000,62.000000,53.000000,44.000000,35.000000,JAN-2019,0,0,0,0,0
201616030,14.50,3,18.00,F,JAN,2019,SUPP,CA1105,4.0,FUNDAMENTAL OF DIGITAL ELECTRONICS _13 14 15 16 17 18_,80.000000,71.000000,62.000000,53.000000,44.000000,35.000000,JAN-2019,0,0,0,0,0
201716029,20.60,2.5,24.00,F,JAN,2019,SUPP,CA1105,4.0,FUNDAMENTAL OF DIGITAL ELECTRONICS _13 14 15 16 17 18_,80.000000,71.000000,62.000000,53.000000,44.000000,35.000000,JAN-2019,0,0,0,0,0
201816005,13.15,1.5,15.00,F,JAN,2019,SUPP,CA1105,4.0,FUNDAMENTAL OF DIGITAL ELECTRONICS _13 14 15 16 17 18_,80.000000,71.000000,62.000000,53.000000,44.000000,35.000000,JAN-2019,0,0,0,0,0
201816007,19.50,21.5,41.00,E,JAN,2019,SUPP,CA1105,4.0,FUNDAMENTAL OF DIGITAL ELECTRONICS _13 14 15 16 17 18_,80.000000,71.000000,62.000000,53.000000,44.000000,35.000000,JAN-2019,0,0,0,0,0
201816018,18.40,10.5,29.00,F,JAN,2019,SUPP,CA1105,4.0,FUNDAMENTAL OF DIGITAL ELECTRONICS _13 14 15 16 17 18_,80.000000,71.000000,62.000000,53.000000,44.000000,35.000000,JAN-2019,0,0,0,0,0
201816020,13.50,1,15.00,F,JAN,2019,SUPP,CA1105,4.0,FUNDAMENTAL OF DIGITAL ELECTRONICS _13 14 15 16 17 18_,80.000000,71.000000,62.000000,53.000000,44.000000,35.000000,JAN-2019,0,0,0,0,0
