Reg_No,Internal,External,Total,Grade,Time,Year,Type,Code,Credit,Title,Cut-Off-S,Cut-Off-A,Cut-Off-B,Cut-Off-C,Cut-Off-D,Cut-Off-E,Directory,Absentees,Malpractices,Detentions,NA,appeared
201816002,12.70,9.5,23.00,F,JAN,2019,SUPP,CA1104,4.0,C PROGRAMMING I _13 14 15 16 17 18_,83.000000,73.000000,64.000000,54.000000,45.000000,35.000000,JAN-2019,0,0,0,0,0
201816005,11.30,3.5,15.00,F,JAN,2019,SUPP,CA1104,4.0,C PROGRAMMING I _13 14 15 16 17 18_,83.000000,73.000000,64.000000,54.000000,45.000000,35.000000,JAN-2019,0,0,0,0,0
201816009,11.50,6,18.00,F,JAN,2019,SUPP,CA1104,4.0,C PROGRAMMING I _13 14 15 16 17 18_,83.000000,73.000000,64.000000,54.000000,45.000000,35.000000,JAN-2019,0,0,0,0,0
201816014,15.20,26,42.00,E,JAN,2019,SUPP,CA1104,4.0,C PROGRAMMING I _13 14 15 16 17 18_,83.000000,73.000000,64.000000,54.000000,45.000000,35.000000,JAN-2019,0,0,0,0,0
201816018,15.20,5.5,21.00,F,JAN,2019,SUPP,CA1104,4.0,C PROGRAMMING I _13 14 15 16 17 18_,83.000000,73.000000,64.000000,54.000000,45.000000,35.000000,JAN-2019,0,0,0,0,0
201816019,15.10,20,36.00,E,JAN,2019,SUPP,CA1104,4.0,C PROGRAMMING I _13 14 15 16 17 18_,83.000000,73.000000,64.000000,54.000000,45.000000,35.000000,JAN-2019,0,0,0,0,0
201816020,18.80,3,22.00,F,JAN,2019,SUPP,CA1104,4.0,C PROGRAMMING I _13 14 15 16 17 18_,83.000000,73.000000,64.000000,54.000000,45.000000,35.000000,JAN-2019,0,0,0,0,0
