Reg_No,Internal,External,Total,Grade,Time,Year,Type,Code,Credit,Title,Cut-Off-S,Cut-Off-A,Cut-Off-B,Cut-Off-C,Cut-Off-D,Cut-Off-E,Directory,Absentees,Malpractices,Detentions,NA,appeared
201716005,18.50,10,29.00,F,JAN,2019,SUPP,CA1304,4.0,OOP USING C++ _11 12 13 14 15 16 17_,90.000000,79.000000,68.000000,57.000000,46.000000,35.000000,JAN-2019,0,0,0,0,0
201716016,13.60,8.5,23.00,F,JAN,2019,SUPP,CA1304,4.0,OOP USING C++ _11 12 13 14 15 16 17_,90.000000,79.000000,68.000000,57.000000,46.000000,35.000000,JAN-2019,0,0,0,0,0
201716021,22.80,16,39.00,E,JAN,2019,SUPP,CA1304,4.0,OOP USING C++ _11 12 13 14 15 16 17_,90.000000,79.000000,68.000000,57.000000,46.000000,35.000000,JAN-2019,0,0,0,0,0
201716029,17.60,3.5,22.00,F,JAN,2019,SUPP,CA1304,4.0,OOP USING C++ _11 12 13 14 15 16 17_,90.000000,79.000000,68.000000,57.000000,46.000000,35.000000,JAN-2019,0,0,0,0,0
201716030,13.80,AB,0.00,I,JAN,2019,SUPP,CA1304,4.0,OOP USING C++ _11 12 13 14 15 16 17_,90.000000,79.000000,68.000000,57.000000,46.000000,35.000000,JAN-2019,0,0,0,0,0
