Reg_No,Internal,External,Total,Grade,Time,Year,Type,Code,Credit,Title,Cut-Off-S,Cut-Off-A,Cut-Off-B,Cut-Off-C,Cut-Off-D,Cut-Off-E,Directory,Absentees,Malpractices,Detentions,NA,appeared
201516022,19.35,AB,0.00,I,JAN,2019,SUPP,CA1533,4.0,WEB DEVELOPMENT USING PHP _ELECTIVE I__13 14 15 16_,90.000000,79.000000,68.000000,57.000000,46.000000,35.000000,JAN-2019,0,0,0,0,0
201616025,17.91,31,49.00,D,JAN,2019,SUPP,CA1533,4.0,WEB DEVELOPMENT USING PHP _ELECTIVE I__13 14 15 16_,90.000000,79.000000,68.000000,57.000000,46.000000,35.000000,JAN-2019,0,0,0,0,0
201616028,32.25,26,59.00,C,JAN,2019,SUPP,CA1533,4.0,WEB DEVELOPMENT USING PHP _ELECTIVE I__13 14 15 16_,90.000000,79.000000,68.000000,57.000000,46.000000,35.000000,JAN-2019,0,0,0,0,0
201616033,29.10,10,40.00,E,JAN,2019,SUPP,CA1533,4.0,WEB DEVELOPMENT USING PHP _ELECTIVE I__13 14 15 16_,90.000000,79.000000,68.000000,57.000000,46.000000,35.000000,JAN-2019,0,0,0,0,0
