Reg_No,Internal,External,Total,Grade,Time,Year,Type,Code,Credit,Title,Cut-Off-S,Cut-Off-A,Cut-Off-B,Cut-Off-C,Cut-Off-D,Cut-Off-E,Directory,Absentees,Malpractices,Detentions,NA,appeared
201516011,20.70,7,28.00,F,JAN,2019,SUPP,CA1504,4.0,VB.NET PROGRAMMING _13 14 15 16_,80.000000,71.000000,62.000000,53.000000,44.000000,35.000000,JAN-2019,0,0,0,0,0
201516022,19.30,AB,0.00,I,JAN,2019,SUPP,CA1504,4.0,VB.NET PROGRAMMING _13 14 15 16_,80.000000,71.000000,62.000000,53.000000,44.000000,35.000000,JAN-2019,0,0,0,0,0
201616014,15.40,22,38.00,E,JAN,2019,SUPP,CA1504,4.0,VB.NET PROGRAMMING _13 14 15 16_,80.000000,71.000000,62.000000,53.000000,44.000000,35.000000,JAN-2019,0,0,0,0,0
201616028,29.40,30.5,60.00,C,JAN,2019,SUPP,CA1504,4.0,VB.NET PROGRAMMING _13 14 15 16_,80.000000,71.000000,62.000000,53.000000,44.000000,35.000000,JAN-2019,0,0,0,0,0
201616030,23.10,13.5,37.00,E,JAN,2019,SUPP,CA1504,4.0,VB.NET PROGRAMMING _13 14 15 16_,80.000000,71.000000,62.000000,53.000000,44.000000,35.000000,JAN-2019,0,0,0,0,0
201616033,25.50,5.5,31.00,F,JAN,2019,SUPP,CA1504,4.0,VB.NET PROGRAMMING _13 14 15 16_,80.000000,71.000000,62.000000,53.000000,44.000000,35.000000,JAN-2019,0,0,0,0,0
