Reg_No,Internal,External,Total,Grade,Time,Year,Type,Code,Credit,Title,Cut-Off-S,Cut-Off-A,Cut-Off-B,Cut-Off-C,Cut-Off-D,Cut-Off-E,Directory,Absentees,Malpractices,Detentions,NA,appeared
201600188,19.50,AB,0.00,I,JAN,2019,SUPP,CE1303,4.0,STRUCTURAL ANALYSIS I _17_,80.000000,71.000000,62.000000,53.000000,44.000000,35.000000,JAN-2019,0,0,0,0,0
201700082,12.70,AB,0.00,I,JAN,2019,SUPP,CE1303,4.0,STRUCTURAL ANALYSIS I _17_,80.000000,71.000000,62.000000,53.000000,44.000000,35.000000,JAN-2019,0,0,0,0,0
201700193,17.90,22,40.00,E,JAN,2019,SUPP,CE1303,4.0,STRUCTURAL ANALYSIS I _17_,80.000000,71.000000,62.000000,53.000000,44.000000,35.000000,JAN-2019,0,0,0,0,0
201718536,16.70,AB,0.00,I,JAN,2019,SUPP,CE1303,4.0,STRUCTURAL ANALYSIS I _17_,80.000000,71.000000,62.000000,53.000000,44.000000,35.000000,JAN-2019,0,0,0,0,0
201818509,18.60,27.5,47.00,D,JAN,2019,SUPP,CE1303,4.0,STRUCTURAL ANALYSIS I _17_,80.000000,71.000000,62.000000,53.000000,44.000000,35.000000,JAN-2019,0,0,0,0,0
201818511,12.50,AB,0.00,I,JAN,2019,SUPP,CE1303,4.0,STRUCTURAL ANALYSIS I _17_,80.000000,71.000000,62.000000,53.000000,44.000000,35.000000,JAN-2019,0,0,0,0,0
201818518,19.10,11,31.00,F,JAN,2019,SUPP,CE1303,4.0,STRUCTURAL ANALYSIS I _17_,80.000000,71.000000,62.000000,53.000000,44.000000,35.000000,JAN-2019,0,0,0,0,0
