Reg_No,Internal,External,Total,Grade,Time,Year,Type,Code,Credit,Title,Cut-Off-S,Cut-Off-A,Cut-Off-B,Cut-Off-C,Cut-Off-D,Cut-Off-E,Directory,Absentees,Malpractices,Detentions,NA,appeared
201618506,16.90,31.5,49.00,D,JAN,2019,SUPP,CE1402,4.0,FLUID MECHANICS II _10 11 12 13 14 15 16_,80.000000,71.000000,62.000000,53.000000,44.000000,35.000000,JAN-2019,0,0,0,0,0
201618521,17.60,AB,0.00,I,JAN,2019,SUPP,CE1402,4.0,FLUID MECHANICS II _10 11 12 13 14 15 16_,80.000000,71.000000,62.000000,53.000000,44.000000,35.000000,JAN-2019,0,0,0,0,0
201618522,13.30,21,35.00,E,JAN,2019,SUPP,CE1402,4.0,FLUID MECHANICS II _10 11 12 13 14 15 16_,80.000000,71.000000,62.000000,53.000000,44.000000,35.000000,JAN-2019,0,0,0,0,0
201618525,16.90,AB,0.00,I,JAN,2019,SUPP,CE1402,4.0,FLUID MECHANICS II _10 11 12 13 14 15 16_,80.000000,71.000000,62.000000,53.000000,44.000000,35.000000,JAN-2019,0,0,0,0,0
201618531,17.20,19.5,37.00,E,JAN,2019,SUPP,CE1402,4.0,FLUID MECHANICS II _10 11 12 13 14 15 16_,80.000000,71.000000,62.000000,53.000000,44.000000,35.000000,JAN-2019,0,0,0,0,0
