Reg_No,Internal,External,Total,Grade,Time,Year,Type,Code,Credit,Title,Cut-Off-S,Cut-Off-A,Cut-Off-B,Cut-Off-C,Cut-Off-D,Cut-Off-E,Directory,Absentees,Malpractices,Detentions,NA,appeared
20140419,17.80,27.5,46.00,D,JAN,2019,SUPP,CE1404,4.0,DESIGN OF RC STRUCTURES _11 12 13 14 15 16_,80.000000,71.000000,62.000000,53.000000,44.000000,35.000000,JAN-2019,0,0,0,0,0
20140008,28.90,26,55.00,C,JAN,2019,SUPP,CE1404,4.0,DESIGN OF RC STRUCTURES _11 12 13 14 15 16_,80.000000,71.000000,62.000000,53.000000,44.000000,35.000000,JAN-2019,0,0,0,0,0
20140665,12.80,21.5,35.00,E,JAN,2019,SUPP,CE1404,4.0,DESIGN OF RC STRUCTURES _11 12 13 14 15 16_,80.000000,71.000000,62.000000,53.000000,44.000000,35.000000,JAN-2019,0,0,0,0,0
