Reg_No,Internal,External,Total,Grade,Time,Year,Type,Code,Credit,Title,Cut-Off-S,Cut-Off-A,Cut-Off-B,Cut-Off-C,Cut-Off-D,Cut-Off-E,Directory,Absentees,Malpractices,Detentions,NA,appeared
20130035,8.75,28.5,38.00,E,JAN,2019,SUPP,CE1405,4.0,SURVEYING II _11 12 13 14 15 16_,80.000000,71.000000,62.000000,53.000000,44.000000,35.000000,JAN-2019,0,0,0,0,0
20140218,9.60,28.5,39.00,E,JAN,2019,SUPP,CE1405,4.0,SURVEYING II _11 12 13 14 15 16_,80.000000,71.000000,62.000000,53.000000,44.000000,35.000000,JAN-2019,0,0,0,0,0
201618527,10.65,7,18.00,F,JAN,2019,SUPP,CE1405,4.0,SURVEYING II _11 12 13 14 15 16_,80.000000,71.000000,62.000000,53.000000,44.000000,35.000000,JAN-2019,0,0,0,0,0
