Reg_No,Internal,External,Total,Grade,Time,Year,Type,Code,Credit,Title,Cut-Off-S,Cut-Off-A,Cut-Off-B,Cut-Off-C,Cut-Off-D,Cut-Off-E,Directory,Absentees,Malpractices,Detentions,NA,appeared
201500295,22.50,21,44.00,E,JAN,2019,SUPP,CE1505,4.0,ENVIRONMENTAL ENGINEERING I _11 12 13 14 15 16_,87.000000,77.000000,66.000000,56.000000,45.000000,35.000000,JAN-2019,0,0,0,0,0
201618530,12.00,29.5,42.00,E,JAN,2019,SUPP,CE1505,4.0,ENVIRONMENTAL ENGINEERING I _11 12 13 14 15 16_,87.000000,77.000000,66.000000,56.000000,45.000000,35.000000,JAN-2019,0,0,0,0,0
201618534,8.40,AB,0.00,I,JAN,2019,SUPP,CE1505,4.0,ENVIRONMENTAL ENGINEERING I _11 12 13 14 15 16_,87.000000,77.000000,66.000000,56.000000,45.000000,35.000000,JAN-2019,0,0,0,0,0
201618535,12.30,23,36.00,E,JAN,2019,SUPP,CE1505,4.0,ENVIRONMENTAL ENGINEERING I _11 12 13 14 15 16_,87.000000,77.000000,66.000000,56.000000,45.000000,35.000000,JAN-2019,0,0,0,0,0
