Reg_No,Internal,External,Total,Grade,Time,Year,Type,Code,Credit,Title,Cut-Off-S,Cut-Off-A,Cut-Off-B,Cut-Off-C,Cut-Off-D,Cut-Off-E,Directory,Absentees,Malpractices,Detentions,NA,appeared
20140254,22.45,AB,0.00,I,JAN,2019,SUPP,CE1506,4.0,TRANSPORTATION ENGINEERING I _11 12 13 14 15 16_,83.000000,73.000000,64.000000,54.000000,45.000000,35.000000,JAN-2019,0,0,0,0,0
201500013,10.10,3.5,14.00,F,JAN,2019,SUPP,CE1506,4.0,TRANSPORTATION ENGINEERING I _11 12 13 14 15 16_,83.000000,73.000000,64.000000,54.000000,45.000000,35.000000,JAN-2019,0,0,0,0,0
201500295,16.90,AB,0.00,I,JAN,2019,SUPP,CE1506,4.0,TRANSPORTATION ENGINEERING I _11 12 13 14 15 16_,83.000000,73.000000,64.000000,54.000000,45.000000,35.000000,JAN-2019,0,0,0,0,0
201500450,19.85,06,26.00,F,JAN,2019,SUPP,CE1506,4.0,TRANSPORTATION ENGINEERING I _11 12 13 14 15 16_,83.000000,73.000000,64.000000,54.000000,45.000000,35.000000,JAN-2019,0,0,0,0,0
201600191,24.35,AB,0.00,I,JAN,2019,SUPP,CE1506,4.0,TRANSPORTATION ENGINEERING I _11 12 13 14 15 16_,83.000000,73.000000,64.000000,54.000000,45.000000,35.000000,JAN-2019,0,0,0,0,0
201718505,13.00,AB,0.00,I,JAN,2019,SUPP,CE1506,4.0,TRANSPORTATION ENGINEERING I _11 12 13 14 15 16_,83.000000,73.000000,64.000000,54.000000,45.000000,35.000000,JAN-2019,0,0,0,0,0
201718510,21.20,26,48.00,D,JAN,2019,SUPP,CE1506,4.0,TRANSPORTATION ENGINEERING I _11 12 13 14 15 16_,83.000000,73.000000,64.000000,54.000000,45.000000,35.000000,JAN-2019,0,0,0,0,0
201718515,12.75,AB,0.00,I,JAN,2019,SUPP,CE1506,4.0,TRANSPORTATION ENGINEERING I _11 12 13 14 15 16_,83.000000,73.000000,64.000000,54.000000,45.000000,35.000000,JAN-2019,0,0,0,0,0
201718536,16.00,AB,0.00,I,JAN,2019,SUPP,CE1506,4.0,TRANSPORTATION ENGINEERING I _11 12 13 14 15 16_,83.000000,73.000000,64.000000,54.000000,45.000000,35.000000,JAN-2019,0,0,0,0,0
