Reg_No,Internal,External,Total,Grade,Time,Year,Type,Code,Credit,Title,Cut-Off-S,Cut-Off-A,Cut-Off-B,Cut-Off-C,Cut-Off-D,Cut-Off-E,Directory,Absentees,Malpractices,Detentions,NA,appeared
20140254,22.40,AB,0.00,I,JAN,2019,SUPP,CE1504,4.0,WATER RESOURCES ENGINEERING _15 16_,80.000000,71.000000,62.000000,53.000000,44.000000,35.000000,JAN-2019,0,0,0,0,0
201500013,18.35,21,40.00,E,JAN,2019,SUPP,CE1504,4.0,WATER RESOURCES ENGINEERING _15 16_,80.000000,71.000000,62.000000,53.000000,44.000000,35.000000,JAN-2019,0,0,0,0,0
201618505,16.30,20,37.00,E,JAN,2019,SUPP,CE1504,4.0,WATER RESOURCES ENGINEERING _15 16_,80.000000,71.000000,62.000000,53.000000,44.000000,35.000000,JAN-2019,0,0,0,0,0
201618506,17.30,17.5,35.00,E,JAN,2019,SUPP,CE1504,4.0,WATER RESOURCES ENGINEERING _15 16_,80.000000,71.000000,62.000000,53.000000,44.000000,35.000000,JAN-2019,0,0,0,0,0
