Reg_No,Internal,External,Total,Grade,Time,Year,Type,Code,Credit,Title,Cut-Off-S,Cut-Off-A,Cut-Off-B,Cut-Off-C,Cut-Off-D,Cut-Off-E,Directory,Absentees,Malpractices,Detentions,NA,appeared
20140198,56.60,11,68.00,C,JAN,2019,SUPP,CE1564,1.5,GEOTECHNICAL ENGINEERING LAB,87.000000,80.000000,72.000000,65.000000,57.000000,50.000000,JAN-2019,0,0,0,0,0
20140542,55.90,06,62.00,D,JAN,2019,SUPP,CE1564,1.5,GEOTECHNICAL ENGINEERING LAB,87.000000,80.000000,72.000000,65.000000,57.000000,50.000000,JAN-2019,0,0,0,0,0
201500154,50.40,9,60.00,D,JAN,2019,SUPP,CE1564,1.5,GEOTECHNICAL ENGINEERING LAB,87.000000,80.000000,72.000000,65.000000,57.000000,50.000000,JAN-2019,0,0,0,0,0
201600191,53.30,15,69.00,C,JAN,2019,SUPP,CE1564,1.5,GEOTECHNICAL ENGINEERING LAB,87.000000,80.000000,72.000000,65.000000,57.000000,50.000000,JAN-2019,0,0,0,0,0
201618521,48.80,08,57.00,D,JAN,2019,SUPP,CE1564,1.5,GEOTECHNICAL ENGINEERING LAB,87.000000,80.000000,72.000000,65.000000,57.000000,50.000000,JAN-2019,0,0,0,0,0
201718505,52.70,05,58.00,D,JAN,2019,SUPP,CE1564,1.5,GEOTECHNICAL ENGINEERING LAB,87.000000,80.000000,72.000000,65.000000,57.000000,50.000000,JAN-2019,0,0,0,0,0
