Reg_No,Internal,External,Total,Grade,Time,Year,Type,Code,Credit,Title,Cut-Off-S,Cut-Off-A,Cut-Off-B,Cut-Off-C,Cut-Off-D,Cut-Off-E,Directory,Absentees,Malpractices,Detentions,NA,appeared
20120181,10.40,AB,0.00,I,JAN,2019,SUPP,CE1603,4.0,ENVIRONMENTAL ENGINEERING II _10 11 12 13 14 15_,84.000000,74.000000,64.000000,55.000000,45.000000,35.000000,JAN-2019,0,0,0,0,0
20140089,14.60,AB,0.00,I,JAN,2019,SUPP,CE1603,4.0,ENVIRONMENTAL ENGINEERING II _10 11 12 13 14 15_,84.000000,74.000000,64.000000,55.000000,45.000000,35.000000,JAN-2019,0,0,0,0,0
201500357,7.80,36.5,45.00,D,JAN,2019,SUPP,CE1603,4.0,ENVIRONMENTAL ENGINEERING II _10 11 12 13 14 15_,84.000000,74.000000,64.000000,55.000000,45.000000,35.000000,JAN-2019,0,0,0,0,0
201618534,13.35,AB,0.00,I,JAN,2019,SUPP,CE1603,4.0,ENVIRONMENTAL ENGINEERING II _10 11 12 13 14 15_,84.000000,74.000000,64.000000,55.000000,45.000000,35.000000,JAN-2019,0,0,0,0,0
