Reg_No,Internal,External,Total,Grade,Time,Year,Type,Code,Credit,Title,Cut-Off-S,Cut-Off-A,Cut-Off-B,Cut-Off-C,Cut-Off-D,Cut-Off-E,Directory,Absentees,Malpractices,Detentions,NA,appeared
20131002,11.90,17,29.00,F,JAN,2019,SUPP,CE1703,4.0,DESIGN OF HYDRAULIC STRUCTURES _11 12 13 14 15_,85.000000,75.000000,65.000000,55.000000,45.000000,35.000000,JAN-2019,0,0,0,0,0
20140261,18.90,24.5,44.00,E,JAN,2019,SUPP,CE1703,4.0,DESIGN OF HYDRAULIC STRUCTURES _11 12 13 14 15_,85.000000,75.000000,65.000000,55.000000,45.000000,35.000000,JAN-2019,0,0,0,0,0
201500133,18.60,AB,0.00,I,JAN,2019,SUPP,CE1703,4.0,DESIGN OF HYDRAULIC STRUCTURES _11 12 13 14 15_,85.000000,75.000000,65.000000,55.000000,45.000000,35.000000,JAN-2019,0,0,0,0,0
201618521,20.70,AB,0.00,I,JAN,2019,SUPP,CE1703,4.0,DESIGN OF HYDRAULIC STRUCTURES _11 12 13 14 15_,85.000000,75.000000,65.000000,55.000000,45.000000,35.000000,JAN-2019,0,0,0,0,0
201618531,18.60,21,40.00,E,JAN,2019,SUPP,CE1703,4.0,DESIGN OF HYDRAULIC STRUCTURES _11 12 13 14 15_,85.000000,75.000000,65.000000,55.000000,45.000000,35.000000,JAN-2019,0,0,0,0,0
