Reg_No,Internal,External,Total,Grade,Time,Year,Type,Code,Credit,Title,Cut-Off-S,Cut-Off-A,Cut-Off-B,Cut-Off-C,Cut-Off-D,Cut-Off-E,Directory,Absentees,Malpractices,Detentions,NA,appeared
20140089,14.95,26.5,42.00,E,JAN,2019,SUPP,CE1732,4.0,GROUNG IMPROVEMENT TECHNIQUES _ELECTIVE III__15_,80.000000,71.000000,62.000000,53.000000,44.000000,35.000000,JAN-2019,0,0,0,0,0
201500013,12.75,22,35.00,E,JAN,2019,SUPP,CE1732,4.0,GROUNG IMPROVEMENT TECHNIQUES _ELECTIVE III__15_,80.000000,71.000000,62.000000,53.000000,44.000000,35.000000,JAN-2019,0,0,0,0,0
201500133,16.85,AB,0.00,I,JAN,2019,SUPP,CE1732,4.0,GROUNG IMPROVEMENT TECHNIQUES _ELECTIVE III__15_,80.000000,71.000000,62.000000,53.000000,44.000000,35.000000,JAN-2019,0,0,0,0,0
201500148,17.55,16.5,35.00,E,JAN,2019,SUPP,CE1732,4.0,GROUNG IMPROVEMENT TECHNIQUES _ELECTIVE III__15_,80.000000,71.000000,62.000000,53.000000,44.000000,35.000000,JAN-2019,0,0,0,0,0
201500225,18.20,19.5,38.00,E,JAN,2019,SUPP,CE1732,4.0,GROUNG IMPROVEMENT TECHNIQUES _ELECTIVE III__15_,80.000000,71.000000,62.000000,53.000000,44.000000,35.000000,JAN-2019,0,0,0,0,0
201618532,16.30,29,46.00,D,JAN,2019,SUPP,CE1732,4.0,GROUNG IMPROVEMENT TECHNIQUES _ELECTIVE III__15_,80.000000,71.000000,62.000000,53.000000,44.000000,35.000000,JAN-2019,0,0,0,0,0
