Reg_No,Internal,External,Total,Grade,Time,Year,Type,Code,Credit,Title,Cut-Off-S,Cut-Off-A,Cut-Off-B,Cut-Off-C,Cut-Off-D,Cut-Off-E,Directory,Absentees,Malpractices,Detentions,NA,appeared
20120181,52.80,17,70.00,C,JAN,2019,SUPP,CE1761,1.5,COMPUTER LAB II,88.000000,80.000000,73.000000,65.000000,58.000000,50.000000,JAN-2019,0,0,0,0,0
20140008,48.60,13,62.00,D,JAN,2019,SUPP,CE1761,1.5,COMPUTER LAB II,88.000000,80.000000,73.000000,65.000000,58.000000,50.000000,JAN-2019,0,0,0,0,0
20140213,43.80,17,61.00,D,JAN,2019,SUPP,CE1761,1.5,COMPUTER LAB II,88.000000,80.000000,73.000000,65.000000,58.000000,50.000000,JAN-2019,0,0,0,0,0
201500029,55.20,05,61.00,D,JAN,2019,SUPP,CE1761,1.5,COMPUTER LAB II,88.000000,80.000000,73.000000,65.000000,58.000000,50.000000,JAN-2019,0,0,0,0,0
201500133,46.80,13,60.00,D,JAN,2019,SUPP,CE1761,1.5,COMPUTER LAB II,88.000000,80.000000,73.000000,65.000000,58.000000,50.000000,JAN-2019,0,0,0,0,0
201500357,57.00,14,71.00,C,JAN,2019,SUPP,CE1761,1.5,COMPUTER LAB II,88.000000,80.000000,73.000000,65.000000,58.000000,50.000000,JAN-2019,0,0,0,0,0
201618518,53.40,07,61.00,D,JAN,2019,SUPP,CE1761,1.5,COMPUTER LAB II,88.000000,80.000000,73.000000,65.000000,58.000000,50.000000,JAN-2019,0,0,0,0,0
201618521,46.80,14,61.00,D,JAN,2019,SUPP,CE1761,1.5,COMPUTER LAB II,88.000000,80.000000,73.000000,65.000000,58.000000,50.000000,JAN-2019,0,0,0,0,0
20140089,52.80,12,65.00,D,JAN,2019,SUPP,CE1761,1.5,COMPUTER LAB II,88.000000,80.000000,73.000000,65.000000,58.000000,50.000000,JAN-2019,0,0,0,0,0
