Reg_No,Internal,External,Total,Grade,Time,Year,Type,Code,Credit,Title,Cut-Off-S,Cut-Off-A,Cut-Off-B,Cut-Off-C,Cut-Off-D,Cut-Off-E,Directory,Absentees,Malpractices,Detentions,NA,appeared
201700027,57.85,29,87.00,A,JAN,2019,SUPP,CH1163,1.5,ENGINEERING CHEMISTRY LAB,90.000000,82.000000,74.000000,66.000000,58.000000,50.000000,JAN-2019,0,0,0,0,0
201700345,58.00,29.5,88.00,A,JAN,2019,SUPP,CH1163,1.5,ENGINEERING CHEMISTRY LAB,90.000000,82.000000,74.000000,66.000000,58.000000,50.000000,JAN-2019,0,0,0,0,0
201800249,51.50,15,67.00,C,JAN,2019,SUPP,CH1163,1.5,ENGINEERING CHEMISTRY LAB,90.000000,82.000000,74.000000,66.000000,58.000000,50.000000,JAN-2019,0,0,0,0,0
201800499,55.90,16,72.00,C,JAN,2019,SUPP,CH1163,1.5,ENGINEERING CHEMISTRY LAB,90.000000,82.000000,74.000000,66.000000,58.000000,50.000000,JAN-2019,0,0,0,0,0
