Reg_No,Internal,External,Total,Grade,Time,Year,Type,Code,Credit,Title,Cut-Off-S,Cut-Off-A,Cut-Off-B,Cut-Off-C,Cut-Off-D,Cut-Off-E,Directory,Absentees,Malpractices,Detentions,NA,appeared
20120181,50.45,12.00,63.00,C,JAN,2019,SUPP,CS1164,1.5,COMPUTER PROGRAMMING LAB,90.000000,79.000000,68.000000,58.000000,47.000000,36.000000,JAN-2019,0,0,0,0,0
201600029,62.83,15.00,78.00,B,JAN,2019,SUPP,CS1164,1.5,COMPUTER PROGRAMMING LAB,90.000000,79.000000,68.000000,58.000000,47.000000,36.000000,JAN-2019,0,0,0,0,0
201600331,55.41,13.50,69.00,B,JAN,2019,SUPP,CS1164,1.5,COMPUTER PROGRAMMING LAB,90.000000,79.000000,68.000000,58.000000,47.000000,36.000000,JAN-2019,0,0,0,0,0
201700027,52.86,31.00,84.00,A,JAN,2019,SUPP,CS1164,1.5,COMPUTER PROGRAMMING LAB,90.000000,79.000000,68.000000,58.000000,47.000000,36.000000,JAN-2019,0,0,0,0,0
201700345,56.84,33.00,90.00,S,JAN,2019,SUPP,CS1164,1.5,COMPUTER PROGRAMMING LAB,90.000000,79.000000,68.000000,58.000000,47.000000,36.000000,JAN-2019,0,0,0,0,0
201800249,39.22,24.00,64.00,C,JAN,2019,SUPP,CS1164,1.5,COMPUTER PROGRAMMING LAB,90.000000,79.000000,68.000000,58.000000,47.000000,36.000000,JAN-2019,0,0,0,0,0
201800499,45.93,34.00,80.00,A,JAN,2019,SUPP,CS1164,1.5,COMPUTER PROGRAMMING LAB,90.000000,79.000000,68.000000,58.000000,47.000000,36.000000,JAN-2019,0,0,0,0,0
