Reg_No,Internal,External,Total,Grade,Time,Year,Type,Code,Credit,Title,Cut-Off-S,Cut-Off-A,Cut-Off-B,Cut-Off-C,Cut-Off-D,Cut-Off-E,Directory,Absentees,Malpractices,Detentions,NA,appeared
201600055,10.80,5,16.00,F,JAN,2019,SUPP,CS1308,3.0,OBJECT ORIENTED CONCEPTS & PROGRAMMING WITH C++ _17_,87.000000,77.000000,66.000000,56.000000,45.000000,35.000000,JAN-2019,0,0,0,0,0
201600462,13.80,4.5,19.00,F,JAN,2019,SUPP,CS1308,3.0,OBJECT ORIENTED CONCEPTS & PROGRAMMING WITH C++ _17_,87.000000,77.000000,66.000000,56.000000,45.000000,35.000000,JAN-2019,0,0,0,0,0
201700072,25.90,11.5,38.00,E,JAN,2019,SUPP,CS1308,3.0,OBJECT ORIENTED CONCEPTS & PROGRAMMING WITH C++ _17_,87.000000,77.000000,66.000000,56.000000,45.000000,35.000000,JAN-2019,0,0,0,0,0
201700145,27.10,13,41.00,E,JAN,2019,SUPP,CS1308,3.0,OBJECT ORIENTED CONCEPTS & PROGRAMMING WITH C++ _17_,87.000000,77.000000,66.000000,56.000000,45.000000,35.000000,JAN-2019,0,0,0,0,0
201700290,31.80,AB,0.00,I,JAN,2019,SUPP,CS1308,3.0,OBJECT ORIENTED CONCEPTS & PROGRAMMING WITH C++ _17_,87.000000,77.000000,66.000000,56.000000,45.000000,35.000000,JAN-2019,0,0,0,0,0
