Reg_No,Internal,External,Total,Grade,Time,Year,Type,Code,Credit,Title,Cut-Off-S,Cut-Off-A,Cut-Off-B,Cut-Off-C,Cut-Off-D,Cut-Off-E,Directory,Absentees,Malpractices,Detentions,NA,appeared
201600490,16.40,6,23.00,F,JAN,2019,SUPP,CS1302,3.0,DATA STRUCTURES _17_,80.000000,71.000000,62.000000,53.000000,44.000000,35.000000,JAN-2019,0,0,0,0,0
201700004,18.30,17.5,36.00,E,JAN,2019,SUPP,CS1302,3.0,DATA STRUCTURES _17_,80.000000,71.000000,62.000000,53.000000,44.000000,35.000000,JAN-2019,0,0,0,0,0
201700145,23.90,17.5,42.00,E,JAN,2019,SUPP,CS1302,3.0,DATA STRUCTURES _17_,80.000000,71.000000,62.000000,53.000000,44.000000,35.000000,JAN-2019,0,0,0,0,0
201700275,31.20,11,43.00,E,JAN,2019,SUPP,CS1302,3.0,DATA STRUCTURES _17_,80.000000,71.000000,62.000000,53.000000,44.000000,35.000000,JAN-2019,0,0,0,0,0
201700300,9.80,AB,0.00,I,JAN,2019,SUPP,CS1302,3.0,DATA STRUCTURES _17_,80.000000,71.000000,62.000000,53.000000,44.000000,35.000000,JAN-2019,0,0,0,0,0
201700364,9.00,20.5,30.00,F,JAN,2019,SUPP,CS1302,3.0,DATA STRUCTURES _17_,80.000000,71.000000,62.000000,53.000000,44.000000,35.000000,JAN-2019,0,0,0,0,0
201700490,10.15,1.5,12.00,F,JAN,2019,SUPP,CS1302,3.0,DATA STRUCTURES _17_,80.000000,71.000000,62.000000,53.000000,44.000000,35.000000,JAN-2019,0,0,0,0,0
