Reg_No,Internal,External,Total,Grade,Time,Year,Type,Code,Credit,Title,Cut-Off-S,Cut-Off-A,Cut-Off-B,Cut-Off-C,Cut-Off-D,Cut-Off-E,Directory,Absentees,Malpractices,Detentions,NA,appeared
201600490,17.30,28.5,46.00,D,JAN,2019,SUPP,CS1307,3.0,INTELLECTUAL PROPERTY RIGHTS & SOFTWARE ETHICS _17_,81.000000,72.000000,63.000000,53.000000,44.000000,35.000000,JAN-2019,0,0,0,0,0
201700046,16.70,26.5,44.00,D,JAN,2019,SUPP,CS1307,3.0,INTELLECTUAL PROPERTY RIGHTS & SOFTWARE ETHICS _17_,81.000000,72.000000,63.000000,53.000000,44.000000,35.000000,JAN-2019,0,0,0,0,0
201700072,17.10,23.5,41.00,E,JAN,2019,SUPP,CS1307,3.0,INTELLECTUAL PROPERTY RIGHTS & SOFTWARE ETHICS _17_,81.000000,72.000000,63.000000,53.000000,44.000000,35.000000,JAN-2019,0,0,0,0,0
201700145,25.50,27,53.00,C,JAN,2019,SUPP,CS1307,3.0,INTELLECTUAL PROPERTY RIGHTS & SOFTWARE ETHICS _17_,81.000000,72.000000,63.000000,53.000000,44.000000,35.000000,JAN-2019,0,0,0,0,0
201700150,15.80,10,26.00,F,JAN,2019,SUPP,CS1307,3.0,INTELLECTUAL PROPERTY RIGHTS & SOFTWARE ETHICS _17_,81.000000,72.000000,63.000000,53.000000,44.000000,35.000000,JAN-2019,0,0,0,0,0
201700432,11.60,26.5,39.00,E,JAN,2019,SUPP,CS1307,3.0,INTELLECTUAL PROPERTY RIGHTS & SOFTWARE ETHICS _17_,81.000000,72.000000,63.000000,53.000000,44.000000,35.000000,JAN-2019,0,0,0,0,0
