Reg_No,Internal,External,Total,Grade,Time,Year,Type,Code,Credit,Title,Cut-Off-S,Cut-Off-A,Cut-Off-B,Cut-Off-C,Cut-Off-D,Cut-Off-E,Directory,Absentees,Malpractices,Detentions,NA,appeared
201600462,12.80,13,26.00,F,JAN,2019,SUPP,CS1306,3.0,COMPUTER ORGANIZATION & ARCHITECTURE _17_,83.000000,73.000000,64.000000,54.000000,45.000000,35.000000,JAN-2019,0,0,0,0,0
201600490,15.90,AB,0.00,I,JAN,2019,SUPP,CS1306,3.0,COMPUTER ORGANIZATION & ARCHITECTURE _17_,83.000000,73.000000,64.000000,54.000000,45.000000,35.000000,JAN-2019,0,0,0,0,0
201700072,17.80,7.5,26.00,F,JAN,2019,SUPP,CS1306,3.0,COMPUTER ORGANIZATION & ARCHITECTURE _17_,83.000000,73.000000,64.000000,54.000000,45.000000,35.000000,JAN-2019,0,0,0,0,0
201700080,20.90,13.5,35.00,E,JAN,2019,SUPP,CS1306,3.0,COMPUTER ORGANIZATION & ARCHITECTURE _17_,83.000000,73.000000,64.000000,54.000000,45.000000,35.000000,JAN-2019,0,0,0,0,0
201700145,28.60,21.5,51.00,D,JAN,2019,SUPP,CS1306,3.0,COMPUTER ORGANIZATION & ARCHITECTURE _17_,83.000000,73.000000,64.000000,54.000000,45.000000,35.000000,JAN-2019,0,0,0,0,0
201700150,17.70,AB,0.00,I,JAN,2019,SUPP,CS1306,3.0,COMPUTER ORGANIZATION & ARCHITECTURE _17_,83.000000,73.000000,64.000000,54.000000,45.000000,35.000000,JAN-2019,0,0,0,0,0
201700364,13.60,AB,0.00,I,JAN,2019,SUPP,CS1306,3.0,COMPUTER ORGANIZATION & ARCHITECTURE _17_,83.000000,73.000000,64.000000,54.000000,45.000000,35.000000,JAN-2019,0,0,0,0,0
201700432,9.60,9,19.00,F,JAN,2019,SUPP,CS1306,3.0,COMPUTER ORGANIZATION & ARCHITECTURE _17_,83.000000,73.000000,64.000000,54.000000,45.000000,35.000000,JAN-2019,0,0,0,0,0
201811507,17.10,AB,0.00,I,JAN,2019,SUPP,CS1306,3.0,COMPUTER ORGANIZATION & ARCHITECTURE _17_,83.000000,73.000000,64.000000,54.000000,45.000000,35.000000,JAN-2019,0,0,0,0,0
