Reg_No,Internal,External,Total,Grade,Time,Year,Type,Code,Credit,Title,Cut-Off-S,Cut-Off-A,Cut-Off-B,Cut-Off-C,Cut-Off-D,Cut-Off-E,Directory,Absentees,Malpractices,Detentions,NA,appeared
20140342,11.95,AB,0.00,I,JAN,2019,SUPP,CS1303,4.0,PROGRAMMING WITH C++ _11 12 13 14 15 16_,90.000000,79.000000,68.000000,57.000000,46.000000,35.000000,JAN-2019,0,0,0,0,0
20140655,9.60,AB,0.00,I,JAN,2019,SUPP,CS1303,4.0,PROGRAMMING WITH C++ _11 12 13 14 15 16_,90.000000,79.000000,68.000000,57.000000,46.000000,35.000000,JAN-2019,0,0,0,0,0
201500239,17.90,AB,0.00,I,JAN,2019,SUPP,CS1303,4.0,PROGRAMMING WITH C++ _11 12 13 14 15 16_,90.000000,79.000000,68.000000,57.000000,46.000000,35.000000,JAN-2019,0,0,0,0,0
201500254,19.90,19,39.00,E,JAN,2019,SUPP,CS1303,4.0,PROGRAMMING WITH C++ _11 12 13 14 15 16_,90.000000,79.000000,68.000000,57.000000,46.000000,35.000000,JAN-2019,0,0,0,0,0
201600471,15.40,22.5,38.00,E,JAN,2019,SUPP,CS1303,4.0,PROGRAMMING WITH C++ _11 12 13 14 15 16_,90.000000,79.000000,68.000000,57.000000,46.000000,35.000000,JAN-2019,0,0,0,0,0
201600529,15.80,AB,0.00,I,JAN,2019,SUPP,CS1303,4.0,PROGRAMMING WITH C++ _11 12 13 14 15 16_,90.000000,79.000000,68.000000,57.000000,46.000000,35.000000,JAN-2019,0,0,0,0,0
