Reg_No,Internal,External,Total,Grade,Time,Year,Type,Code,Credit,Title,Cut-Off-S,Cut-Off-A,Cut-Off-B,Cut-Off-C,Cut-Off-D,Cut-Off-E,Directory,Absentees,Malpractices,Detentions,NA,appeared
20120673,11.50,22.75,35.00,E,JAN,2019,SUPP,CS1405,4.0,DESIGN & ANALYSIS OF ALGORITHMS _10 11 12 13 14 15 16_,80.000000,71.000000,62.000000,53.000000,44.000000,35.000000,JAN-2019,0,0,0,0,0
20140703,11.60,13,25.00,F,JAN,2019,SUPP,CS1405,4.0,DESIGN & ANALYSIS OF ALGORITHMS _10 11 12 13 14 15 16_,80.000000,71.000000,62.000000,53.000000,44.000000,35.000000,JAN-2019,0,0,0,0,0
20140515,10.15,AB,0.00,I,JAN,2019,SUPP,CS1405,4.0,DESIGN & ANALYSIS OF ALGORITHMS _10 11 12 13 14 15 16_,80.000000,71.000000,62.000000,53.000000,44.000000,35.000000,JAN-2019,0,0,0,0,0
