Reg_No,Internal,External,Total,Grade,Time,Year,Type,Code,Credit,Title,Cut-Off-S,Cut-Off-A,Cut-Off-B,Cut-Off-C,Cut-Off-D,Cut-Off-E,Directory,Absentees,Malpractices,Detentions,NA,appeared
20140654,53.50,9,63.00,D,JAN,2019,SUPP,CS1565,1.5,SOFTWARE ENGINEERING LAB,88.000000,80.000000,73.000000,65.000000,58.000000,50.000000,JAN-2019,0,0,0,0,0
201500445,48.50,11,60.00,D,JAN,2019,SUPP,CS1565,1.5,SOFTWARE ENGINEERING LAB,88.000000,80.000000,73.000000,65.000000,58.000000,50.000000,JAN-2019,0,0,0,0,0
201600081,58.15,20,79.00,B,JAN,2019,SUPP,CS1565,1.5,SOFTWARE ENGINEERING LAB,88.000000,80.000000,73.000000,65.000000,58.000000,50.000000,JAN-2019,0,0,0,0,0
201600128,60.65,20,81.00,A,JAN,2019,SUPP,CS1565,1.5,SOFTWARE ENGINEERING LAB,88.000000,80.000000,73.000000,65.000000,58.000000,50.000000,JAN-2019,0,0,0,0,0
201600161,55.25,7,63.00,D,JAN,2019,SUPP,CS1565,1.5,SOFTWARE ENGINEERING LAB,88.000000,80.000000,73.000000,65.000000,58.000000,50.000000,JAN-2019,0,0,0,0,0
201600170,54.50,5,60.00,D,JAN,2019,SUPP,CS1565,1.5,SOFTWARE ENGINEERING LAB,88.000000,80.000000,73.000000,65.000000,58.000000,50.000000,JAN-2019,0,0,0,0,0
201600308,64.50,13,78.00,B,JAN,2019,SUPP,CS1565,1.5,SOFTWARE ENGINEERING LAB,88.000000,80.000000,73.000000,65.000000,58.000000,50.000000,JAN-2019,0,0,0,0,0
