Reg_No,Internal,External,Total,Grade,Time,Year,Type,Code,Credit,Title,Cut-Off-S,Cut-Off-A,Cut-Off-B,Cut-Off-C,Cut-Off-D,Cut-Off-E,Directory,Absentees,Malpractices,Detentions,NA,appeared
20130335,44.45,06,51.00,E,JAN,2019,SUPP,CS1564,1.5,QUANTITATIVE ANALYSIS LAB,90.000000,82.000000,74.000000,66.000000,58.000000,50.000000,JAN-2019,0,0,0,0,0
20140396,51.60,21.5,74.00,B,JAN,2019,SUPP,CS1564,1.5,QUANTITATIVE ANALYSIS LAB,90.000000,82.000000,74.000000,66.000000,58.000000,50.000000,JAN-2019,0,0,0,0,0
201500265,45.11,13,59.00,D,JAN,2019,SUPP,CS1564,1.5,QUANTITATIVE ANALYSIS LAB,90.000000,82.000000,74.000000,66.000000,58.000000,50.000000,JAN-2019,0,0,0,0,0
201500445,47.13,06,54.00,E,JAN,2019,SUPP,CS1564,1.5,QUANTITATIVE ANALYSIS LAB,90.000000,82.000000,74.000000,66.000000,58.000000,50.000000,JAN-2019,0,0,0,0,0
201600081,65.35,18,84.00,A,JAN,2019,SUPP,CS1564,1.5,QUANTITATIVE ANALYSIS LAB,90.000000,82.000000,74.000000,66.000000,58.000000,50.000000,JAN-2019,0,0,0,0,0
201600308,59.62,15.5,76.00,B,JAN,2019,SUPP,CS1564,1.5,QUANTITATIVE ANALYSIS LAB,90.000000,82.000000,74.000000,66.000000,58.000000,50.000000,JAN-2019,0,0,0,0,0
201600455,48.60,8.5,58.00,D,JAN,2019,SUPP,CS1564,1.5,QUANTITATIVE ANALYSIS LAB,90.000000,82.000000,74.000000,66.000000,58.000000,50.000000,JAN-2019,0,0,0,0,0
