Reg_No,Internal,External,Total,Grade,Time,Year,Type,Code,Credit,Title,Cut-Off-S,Cut-Off-A,Cut-Off-B,Cut-Off-C,Cut-Off-D,Cut-Off-E,Directory,Absentees,Malpractices,Detentions,NA,appeared
20130590,12.80,AB,0.00,I,JAN,2019,SUPP,CS1508,4.0,COMPUTER NETWORKS I _ DATA COMMUNICATION,90.000000,79.000000,68.000000,57.000000,46.000000,35.000000,JAN-2019,0,0,0,0,0
20140556,17.80,AB,0.00,I,JAN,2019,SUPP,CS1508,4.0,COMPUTER NETWORKS I _ DATA COMMUNICATION,90.000000,79.000000,68.000000,57.000000,46.000000,35.000000,JAN-2019,0,0,0,0,0
201500254,11.95,AB,0.00,I,JAN,2019,SUPP,CS1508,4.0,COMPUTER NETWORKS I _ DATA COMMUNICATION,90.000000,79.000000,68.000000,57.000000,46.000000,35.000000,JAN-2019,0,0,0,0,0
201600139,25.70,16,42.00,E,JAN,2019,SUPP,CS1508,4.0,COMPUTER NETWORKS I _ DATA COMMUNICATION,90.000000,79.000000,68.000000,57.000000,46.000000,35.000000,JAN-2019,0,0,0,0,0
201600454,22.80,24,47.00,D,JAN,2019,SUPP,CS1508,4.0,COMPUTER NETWORKS I _ DATA COMMUNICATION,90.000000,79.000000,68.000000,57.000000,46.000000,35.000000,JAN-2019,0,0,0,0,0
201600455,12.40,15,28.00,F,JAN,2019,SUPP,CS1508,4.0,COMPUTER NETWORKS I _ DATA COMMUNICATION,90.000000,79.000000,68.000000,57.000000,46.000000,35.000000,JAN-2019,0,0,0,0,0
201600489,22.25,AB,0.00,I,JAN,2019,SUPP,CS1508,4.0,COMPUTER NETWORKS I _ DATA COMMUNICATION,90.000000,79.000000,68.000000,57.000000,46.000000,35.000000,JAN-2019,0,0,0,0,0
