Reg_No,Internal,External,Total,Grade,Time,Year,Type,Code,Credit,Title,Cut-Off-S,Cut-Off-A,Cut-Off-B,Cut-Off-C,Cut-Off-D,Cut-Off-E,Directory,Absentees,Malpractices,Detentions,NA,appeared
20130590,14.10,AB,0.00,I,JAN,2019,SUPP,CS1504,4.0,SOFTWARE ENGINEERING _11 12 13 14 15 16_,88.000000,78.000000,68.000000,59.000000,49.000000,39.000000,JAN-2019,0,0,0,0,0
20140342,15.00,AB,0.00,I,JAN,2019,SUPP,CS1504,4.0,SOFTWARE ENGINEERING _11 12 13 14 15 16_,88.000000,78.000000,68.000000,59.000000,49.000000,39.000000,JAN-2019,0,0,0,0,0
20140430,11.50,AB,0.00,I,JAN,2019,SUPP,CS1504,4.0,SOFTWARE ENGINEERING _11 12 13 14 15 16_,88.000000,78.000000,68.000000,59.000000,49.000000,39.000000,JAN-2019,0,0,0,0,0
201600263,13.50,AB,0.00,I,JAN,2019,SUPP,CS1504,4.0,SOFTWARE ENGINEERING _11 12 13 14 15 16_,88.000000,78.000000,68.000000,59.000000,49.000000,39.000000,JAN-2019,0,0,0,0,0
201600529,19.35,19,39.00,E,JAN,2019,SUPP,CS1504,4.0,SOFTWARE ENGINEERING _11 12 13 14 15 16_,88.000000,78.000000,68.000000,59.000000,49.000000,39.000000,JAN-2019,0,0,0,0,0
201600531,15.60,26,42.00,E,JAN,2019,SUPP,CS1504,4.0,SOFTWARE ENGINEERING _11 12 13 14 15 16_,88.000000,78.000000,68.000000,59.000000,49.000000,39.000000,JAN-2019,0,0,0,0,0
201600657,17.60,24,42.00,E,JAN,2019,SUPP,CS1504,4.0,SOFTWARE ENGINEERING _11 12 13 14 15 16_,88.000000,78.000000,68.000000,59.000000,49.000000,39.000000,JAN-2019,0,0,0,0,0
