Reg_No,Internal,External,Total,Grade,Time,Year,Type,Code,Credit,Title,Cut-Off-S,Cut-Off-A,Cut-Off-B,Cut-Off-C,Cut-Off-D,Cut-Off-E,Directory,Absentees,Malpractices,Detentions,NA,appeared
20140515,54.27,10,65.00,D,JAN,2019,SUPP,CS1561,1.5,OPERATING SYSTEMS LAB,90.000000,82.000000,74.000000,66.000000,58.000000,50.000000,JAN-2019,0,0,0,0,0
201500058,61.96,9,71.00,C,JAN,2019,SUPP,CS1561,1.5,OPERATING SYSTEMS LAB,90.000000,82.000000,74.000000,66.000000,58.000000,50.000000,JAN-2019,0,0,0,0,0
201500289,57.87,5,63.00,D,JAN,2019,SUPP,CS1561,1.5,OPERATING SYSTEMS LAB,90.000000,82.000000,74.000000,66.000000,58.000000,50.000000,JAN-2019,0,0,0,0,0
201600075,60.87,9,70.00,C,JAN,2019,SUPP,CS1561,1.5,OPERATING SYSTEMS LAB,90.000000,82.000000,74.000000,66.000000,58.000000,50.000000,JAN-2019,0,0,0,0,0
201600081,55.61,19,75.00,B,JAN,2019,SUPP,CS1561,1.5,OPERATING SYSTEMS LAB,90.000000,82.000000,74.000000,66.000000,58.000000,50.000000,JAN-2019,0,0,0,0,0
