Reg_No,Internal,External,Total,Grade,Time,Year,Type,Code,Credit,Title,Cut-Off-S,Cut-Off-A,Cut-Off-B,Cut-Off-C,Cut-Off-D,Cut-Off-E,Directory,Absentees,Malpractices,Detentions,NA,appeared
20140703,17.30,11,29.00,F,JAN,2019,SUPP,CS1604,4.0,FORMAL LANGUAGES & AUTOMATA THEORY _15_,80.000000,71.000000,62.000000,53.000000,44.000000,35.000000,JAN-2019,0,0,0,0,0
201500204,10.30,43,54.00,C,JAN,2019,SUPP,CS1604,4.0,FORMAL LANGUAGES & AUTOMATA THEORY _15_,80.000000,71.000000,62.000000,53.000000,44.000000,35.000000,JAN-2019,0,0,0,0,0
201500265,9.90,AB,0.00,I,JAN,2019,SUPP,CS1604,4.0,FORMAL LANGUAGES & AUTOMATA THEORY _15_,80.000000,71.000000,62.000000,53.000000,44.000000,35.000000,JAN-2019,0,0,0,0,0
201500283,15.90,15,31.00,F,JAN,2019,SUPP,CS1604,4.0,FORMAL LANGUAGES & AUTOMATA THEORY _15_,80.000000,71.000000,62.000000,53.000000,44.000000,35.000000,JAN-2019,0,0,0,0,0
