Reg_No,Internal,External,Total,Grade,Time,Year,Type,Code,Credit,Title,Cut-Off-S,Cut-Off-A,Cut-Off-B,Cut-Off-C,Cut-Off-D,Cut-Off-E,Directory,Absentees,Malpractices,Detentions,NA,appeared
20130590,16.40,AB,0.00,I,JAN,2019,SUPP,CS1703,4.0,COMPILER DESIGN _11 12 13 14 15 16_,82.000000,73.000000,63.000000,54.000000,44.000000,35.000000,JAN-2019,0,0,0,0,0
20140294,22.80,11.5,35.00,E,JAN,2019,SUPP,CS1703,4.0,COMPILER DESIGN _11 12 13 14 15 16_,82.000000,73.000000,63.000000,54.000000,44.000000,35.000000,JAN-2019,0,0,0,0,0
20140703,13.05,23,37.00,E,JAN,2019,SUPP,CS1703,4.0,COMPILER DESIGN _11 12 13 14 15 16_,82.000000,73.000000,63.000000,54.000000,44.000000,35.000000,JAN-2019,0,0,0,0,0
20130305,18.50,16,35.00,E,JAN,2019,SUPP,CS1703,4.0,COMPILER DESIGN _11 12 13 14 15 16_,82.000000,73.000000,63.000000,54.000000,44.000000,35.000000,JAN-2019,0,0,0,0,0
20140398,15.50,19,35.00,E,JAN,2019,SUPP,CS1703,4.0,COMPILER DESIGN _11 12 13 14 15 16_,82.000000,73.000000,63.000000,54.000000,44.000000,35.000000,JAN-2019,0,0,0,0,0
201500040,21.85,30,52.00,D,JAN,2019,SUPP,CS1703,4.0,COMPILER DESIGN _11 12 13 14 15 16_,82.000000,73.000000,63.000000,54.000000,44.000000,35.000000,JAN-2019,0,0,0,0,0
201500061,21.90,13,35.00,E,JAN,2019,SUPP,CS1703,4.0,COMPILER DESIGN _11 12 13 14 15 16_,82.000000,73.000000,63.000000,54.000000,44.000000,35.000000,JAN-2019,0,0,0,0,0
201500100,11.45,12.5,24.00,F,JAN,2019,SUPP,CS1703,4.0,COMPILER DESIGN _11 12 13 14 15 16_,82.000000,73.000000,63.000000,54.000000,44.000000,35.000000,JAN-2019,0,0,0,0,0
201500265,10.45,AB,0.00,I,JAN,2019,SUPP,CS1703,4.0,COMPILER DESIGN _11 12 13 14 15 16_,82.000000,73.000000,63.000000,54.000000,44.000000,35.000000,JAN-2019,0,0,0,0,0
