Reg_No,Internal,External,Total,Grade,Time,Year,Type,Code,Credit,Title,Cut-Off-S,Cut-Off-A,Cut-Off-B,Cut-Off-C,Cut-Off-D,Cut-Off-E,Directory,Absentees,Malpractices,Detentions,NA,appeared
20140129,15.30,1.5,17.00,F,JAN,2019,SUPP,CS1742,4.0,DATA ANALYTICS _ELECTIVE IV__14 15_,90.000000,81.000000,72.000000,63.000000,54.000000,45.000000,JAN-2019,0,0,0,0,0
201500040,27.50,30.5,58.00,D,JAN,2019,SUPP,CS1742,4.0,DATA ANALYTICS _ELECTIVE IV__14 15_,90.000000,81.000000,72.000000,63.000000,54.000000,45.000000,JAN-2019,0,0,0,0,0
201500239,26.90,20.5,48.00,E,JAN,2019,SUPP,CS1742,4.0,DATA ANALYTICS _ELECTIVE IV__14 15_,90.000000,81.000000,72.000000,63.000000,54.000000,45.000000,JAN-2019,0,0,0,0,0
