Reg_No,Internal,External,Total,Grade,Time,Year,Type,Code,Credit,Title,Cut-Off-S,Cut-Off-A,Cut-Off-B,Cut-Off-C,Cut-Off-D,Cut-Off-E,Directory,Absentees,Malpractices,Detentions,NA,appeared
201600284,13.40,AB,0.00,I,JAN,2019,SUPP,EC1306,3.0,DIGITAL ELECTRONICS _17_,90.000000,79.000000,68.000000,57.000000,46.000000,35.000000,JAN-2019,0,0,0,0,0
201700011,13.40,01,15.00,F,JAN,2019,SUPP,EC1306,3.0,DIGITAL ELECTRONICS _17_,90.000000,79.000000,68.000000,57.000000,46.000000,35.000000,JAN-2019,0,0,0,0,0
201700429,19.40,MP,0.00,MP,JAN,2019,SUPP,EC1306,3.0,DIGITAL ELECTRONICS _17_,90.000000,79.000000,68.000000,57.000000,46.000000,35.000000,JAN-2019,0,0,0,0,0
