Reg_No,Internal,External,Total,Grade,Time,Year,Type,Code,Credit,Title,Cut-Off-S,Cut-Off-A,Cut-Off-B,Cut-Off-C,Cut-Off-D,Cut-Off-E,Directory,Absentees,Malpractices,Detentions,NA,appeared
201600254,17.40,03,21.00,F,JAN,2019,SUPP,EC1307,3.0,APPLIED ELECTRONICS _17_,84.000000,74.000000,64.000000,55.000000,45.000000,35.000000,JAN-2019,0,0,0,0,0
201600700,15.20,02,18.00,F,JAN,2019,SUPP,EC1307,3.0,APPLIED ELECTRONICS _17_,84.000000,74.000000,64.000000,55.000000,45.000000,35.000000,JAN-2019,0,0,0,0,0
201700163,10.70,AB,0.00,I,JAN,2019,SUPP,EC1307,3.0,APPLIED ELECTRONICS _17_,84.000000,74.000000,64.000000,55.000000,45.000000,35.000000,JAN-2019,0,0,0,0,0
201700221,19.90,02,22.00,F,JAN,2019,SUPP,EC1307,3.0,APPLIED ELECTRONICS _17_,84.000000,74.000000,64.000000,55.000000,45.000000,35.000000,JAN-2019,0,0,0,0,0
