Reg_No,Internal,External,Total,Grade,Time,Year,Type,Code,Credit,Title,Cut-Off-S,Cut-Off-A,Cut-Off-B,Cut-Off-C,Cut-Off-D,Cut-Off-E,Directory,Absentees,Malpractices,Detentions,NA,appeared
20130306,12.30,27.5,40.00,E,JAN,2019,SUPP,EC1403,4.0,ELECTROMAGNETIC WAVES _10 11 12 13 14 15 16_,80.000000,71.000000,62.000000,53.000000,44.000000,35.000000,JAN-2019,0,0,0,0,0
201500024,14.60,47.5,63.00,B,JAN,2019,SUPP,EC1403,4.0,ELECTROMAGNETIC WAVES _10 11 12 13 14 15 16_,80.000000,71.000000,62.000000,53.000000,44.000000,35.000000,JAN-2019,0,0,0,0,0
201500318,17.80,30.5,49.00,D,JAN,2019,SUPP,EC1403,4.0,ELECTROMAGNETIC WAVES _10 11 12 13 14 15 16_,80.000000,71.000000,62.000000,53.000000,44.000000,35.000000,JAN-2019,0,0,0,0,0
201500319,15.50,25,41.00,E,JAN,2019,SUPP,EC1403,4.0,ELECTROMAGNETIC WAVES _10 11 12 13 14 15 16_,80.000000,71.000000,62.000000,53.000000,44.000000,35.000000,JAN-2019,0,0,0,0,0
201612505,11.20,5,17.00,F,JAN,2019,SUPP,EC1403,4.0,ELECTROMAGNETIC WAVES _10 11 12 13 14 15 16_,80.000000,71.000000,62.000000,53.000000,44.000000,35.000000,JAN-2019,0,0,0,0,0
201612506,18.30,17.5,36.00,E,JAN,2019,SUPP,EC1403,4.0,ELECTROMAGNETIC WAVES _10 11 12 13 14 15 16_,80.000000,71.000000,62.000000,53.000000,44.000000,35.000000,JAN-2019,0,0,0,0,0
