Reg_No,Internal,External,Total,Grade,Time,Year,Type,Code,Credit,Title,Cut-Off-S,Cut-Off-A,Cut-Off-B,Cut-Off-C,Cut-Off-D,Cut-Off-E,Directory,Absentees,Malpractices,Detentions,NA,appeared
20140159,16.50,18.5,35.00,E,JAN,2019,SUPP,EC1599,4.0,OBJECT ORIENTED PROGRAMMING WITH C++ _IT1506_,80.000000,71.000000,62.000000,53.000000,44.000000,35.000000,JAN-2019,0,0,0,0,0
201600071,16.20,38,55.00,C,JAN,2019,SUPP,EC1599,4.0,OBJECT ORIENTED PROGRAMMING WITH C++ _IT1506_,80.000000,71.000000,62.000000,53.000000,44.000000,35.000000,JAN-2019,0,0,0,0,0
201600085,19.30,17.5,37.00,E,JAN,2019,SUPP,EC1599,4.0,OBJECT ORIENTED PROGRAMMING WITH C++ _IT1506_,80.000000,71.000000,62.000000,53.000000,44.000000,35.000000,JAN-2019,0,0,0,0,0
201600182,17.40,AB,0.00,I,JAN,2019,SUPP,EC1599,4.0,OBJECT ORIENTED PROGRAMMING WITH C++ _IT1506_,80.000000,71.000000,62.000000,53.000000,44.000000,35.000000,JAN-2019,0,0,0,0,0
201600184,18.10,20,39.00,E,JAN,2019,SUPP,EC1599,4.0,OBJECT ORIENTED PROGRAMMING WITH C++ _IT1506_,80.000000,71.000000,62.000000,53.000000,44.000000,35.000000,JAN-2019,0,0,0,0,0
201600185,14.10,AB,0.00,I,JAN,2019,SUPP,EC1599,4.0,OBJECT ORIENTED PROGRAMMING WITH C++ _IT1506_,80.000000,71.000000,62.000000,53.000000,44.000000,35.000000,JAN-2019,0,0,0,0,0
201712501,17.00,AB,0.00,I,JAN,2019,SUPP,EC1599,4.0,OBJECT ORIENTED PROGRAMMING WITH C++ _IT1506_,80.000000,71.000000,62.000000,53.000000,44.000000,35.000000,JAN-2019,0,0,0,0,0
