Reg_No,Internal,External,Total,Grade,Time,Year,Type,Code,Credit,Title,Cut-Off-S,Cut-Off-A,Cut-Off-B,Cut-Off-C,Cut-Off-D,Cut-Off-E,Directory,Absentees,Malpractices,Detentions,NA,appeared
20130460,2.00,33.5,36.00,E,JAN,2019,SUPP,EC1505,4.0,DIGITAL SIGNAL PROCESSING _11 12 13 14 15 16_,89.000000,78.000000,67.000000,57.000000,46.000000,35.000000,JAN-2019,0,0,0,0,0
20130544,2.00,33,35.00,E,JAN,2019,SUPP,EC1505,4.0,DIGITAL SIGNAL PROCESSING _11 12 13 14 15 16_,89.000000,78.000000,67.000000,57.000000,46.000000,35.000000,JAN-2019,0,0,0,0,0
20140122,11.70,24,36.00,E,JAN,2019,SUPP,EC1505,4.0,DIGITAL SIGNAL PROCESSING _11 12 13 14 15 16_,89.000000,78.000000,67.000000,57.000000,46.000000,35.000000,JAN-2019,0,0,0,0,0
20140002,13.90,AB,0.00,I,JAN,2019,SUPP,EC1505,4.0,DIGITAL SIGNAL PROCESSING _11 12 13 14 15 16_,89.000000,78.000000,67.000000,57.000000,46.000000,35.000000,JAN-2019,0,0,0,0,0
20140259,16.40,AB,0.00,I,JAN,2019,SUPP,EC1505,4.0,DIGITAL SIGNAL PROCESSING _11 12 13 14 15 16_,89.000000,78.000000,67.000000,57.000000,46.000000,35.000000,JAN-2019,0,0,0,0,0
20140450,16.30,AB,0.00,I,JAN,2019,SUPP,EC1505,4.0,DIGITAL SIGNAL PROCESSING _11 12 13 14 15 16_,89.000000,78.000000,67.000000,57.000000,46.000000,35.000000,JAN-2019,0,0,0,0,0
201612504,7.70,13.5,22.00,F,JAN,2019,SUPP,EC1505,4.0,DIGITAL SIGNAL PROCESSING _11 12 13 14 15 16_,89.000000,78.000000,67.000000,57.000000,46.000000,35.000000,JAN-2019,0,0,0,0,0
