Reg_No,Internal,External,Total,Grade,Time,Year,Type,Code,Credit,Title,Cut-Off-S,Cut-Off-A,Cut-Off-B,Cut-Off-C,Cut-Off-D,Cut-Off-E,Directory,Absentees,Malpractices,Detentions,NA,appeared
20130460,12.80,16,29.00,F,JAN,2019,SUPP,EC1502,4.0,LINEAR & DIGITAL CONTROL SYSTEM _11 12 13 14 15 16_,87.000000,77.000000,66.000000,56.000000,45.000000,35.000000,JAN-2019,0,0,0,0,0
20130544,14.40,27,42.00,E,JAN,2019,SUPP,EC1502,4.0,LINEAR & DIGITAL CONTROL SYSTEM _11 12 13 14 15 16_,87.000000,77.000000,66.000000,56.000000,45.000000,35.000000,JAN-2019,0,0,0,0,0
20130031,20.70,14,35.00,E,JAN,2019,SUPP,EC1502,4.0,LINEAR & DIGITAL CONTROL SYSTEM _11 12 13 14 15 16_,87.000000,77.000000,66.000000,56.000000,45.000000,35.000000,JAN-2019,0,0,0,0,0
20140122,14.85,AB,0.00,I,JAN,2019,SUPP,EC1502,4.0,LINEAR & DIGITAL CONTROL SYSTEM _11 12 13 14 15 16_,87.000000,77.000000,66.000000,56.000000,45.000000,35.000000,JAN-2019,0,0,0,0,0
20140002,14.80,AB,0.00,I,JAN,2019,SUPP,EC1502,4.0,LINEAR & DIGITAL CONTROL SYSTEM _11 12 13 14 15 16_,87.000000,77.000000,66.000000,56.000000,45.000000,35.000000,JAN-2019,0,0,0,0,0
20140159,15.20,4.5,20.00,F,JAN,2019,SUPP,EC1502,4.0,LINEAR & DIGITAL CONTROL SYSTEM _11 12 13 14 15 16_,87.000000,77.000000,66.000000,56.000000,45.000000,35.000000,JAN-2019,0,0,0,0,0
201600274,19.40,16,36.00,E,JAN,2019,SUPP,EC1502,4.0,LINEAR & DIGITAL CONTROL SYSTEM _11 12 13 14 15 16_,87.000000,77.000000,66.000000,56.000000,45.000000,35.000000,JAN-2019,0,0,0,0,0
201600627,16.60,4,21.00,F,JAN,2019,SUPP,EC1502,4.0,LINEAR & DIGITAL CONTROL SYSTEM _11 12 13 14 15 16_,87.000000,77.000000,66.000000,56.000000,45.000000,35.000000,JAN-2019,0,0,0,0,0
201712501,18.50,AB,0.00,I,JAN,2019,SUPP,EC1502,4.0,LINEAR & DIGITAL CONTROL SYSTEM _11 12 13 14 15 16_,87.000000,77.000000,66.000000,56.000000,45.000000,35.000000,JAN-2019,0,0,0,0,0
