Reg_No,Internal,External,Total,Grade,Time,Year,Type,Code,Credit,Title,Cut-Off-S,Cut-Off-A,Cut-Off-B,Cut-Off-C,Cut-Off-D,Cut-Off-E,Directory,Absentees,Malpractices,Detentions,NA,appeared
20140226,15.60,12,28.00,F,JAN,2019,SUPP,EC1705,4.0,MOBILE COMMUNICATION _11 12 13 14 15_,81.000000,72.000000,63.000000,53.000000,44.000000,35.000000,JAN-2019,0,0,0,0,0
20140002,28.70,15.50,45.00,D,JAN,2019,SUPP,EC1705,4.0,MOBILE COMMUNICATION _11 12 13 14 15_,81.000000,72.000000,63.000000,53.000000,44.000000,35.000000,JAN-2019,0,0,0,0,0
20140259,10.50,AB,0.00,I,JAN,2019,SUPP,EC1705,4.0,MOBILE COMMUNICATION _11 12 13 14 15_,81.000000,72.000000,63.000000,53.000000,44.000000,35.000000,JAN-2019,0,0,0,0,0
20140685,25.90,22,48.00,D,JAN,2019,SUPP,EC1705,4.0,MOBILE COMMUNICATION _11 12 13 14 15_,81.000000,72.000000,63.000000,53.000000,44.000000,35.000000,JAN-2019,0,0,0,0,0
201500068,24.90,AB,0.00,I,JAN,2019,SUPP,EC1705,4.0,MOBILE COMMUNICATION _11 12 13 14 15_,81.000000,72.000000,63.000000,53.000000,44.000000,35.000000,JAN-2019,0,0,0,0,0
201500128,32.30,22.50,55.00,C,JAN,2019,SUPP,EC1705,4.0,MOBILE COMMUNICATION _11 12 13 14 15_,81.000000,72.000000,63.000000,53.000000,44.000000,35.000000,JAN-2019,0,0,0,0,0
201500215,36.70,AB,0.00,I,JAN,2019,SUPP,EC1705,4.0,MOBILE COMMUNICATION _11 12 13 14 15_,81.000000,72.000000,63.000000,53.000000,44.000000,35.000000,JAN-2019,0,0,0,0,0
