Reg_No,Internal,External,Total,Grade,Time,Year,Type,Code,Credit,Title,Cut-Off-S,Cut-Off-A,Cut-Off-B,Cut-Off-C,Cut-Off-D,Cut-Off-E,Directory,Absentees,Malpractices,Detentions,NA,appeared
20140685,52.75,10,63.00,D,JAN,2019,SUPP,EC1761,1.5,VLSI LAB,90.000000,82.000000,74.000000,66.000000,58.000000,50.000000,JAN-2019,0,0,0,0,0
201612501,69.95,20,90.00,S,JAN,2019,SUPP,EC1761,1.5,VLSI LAB,90.000000,82.000000,74.000000,66.000000,58.000000,50.000000,JAN-2019,0,0,0,0,0
201612502,64.35,19,84.00,A,JAN,2019,SUPP,EC1761,1.5,VLSI LAB,90.000000,82.000000,74.000000,66.000000,58.000000,50.000000,JAN-2019,0,0,0,0,0
201612505,59.75,18,78.00,B,JAN,2019,SUPP,EC1761,1.5,VLSI LAB,90.000000,82.000000,74.000000,66.000000,58.000000,50.000000,JAN-2019,0,0,0,0,0
