Reg_No,Internal,External,Total,Grade,Time,Year,Type,Code,Credit,Title,Cut-Off-S,Cut-Off-A,Cut-Off-B,Cut-Off-C,Cut-Off-D,Cut-Off-E,Directory,Absentees,Malpractices,Detentions,NA,appeared
20130460,2.00,12,14.00,F,JAN,2019,SUPP,EC1707,4.0,POWER ELECTRONICS _11 12 13 14 15_,80.000000,71.000000,62.000000,53.000000,44.000000,35.000000,JAN-2019,0,0,0,0,0
20140002,23.70,10.5,35.00,E,JAN,2019,SUPP,EC1707,4.0,POWER ELECTRONICS _11 12 13 14 15_,80.000000,71.000000,62.000000,53.000000,44.000000,35.000000,JAN-2019,0,0,0,0,0
20140259,14.20,AB,0.00,I,JAN,2019,SUPP,EC1707,4.0,POWER ELECTRONICS _11 12 13 14 15_,80.000000,71.000000,62.000000,53.000000,44.000000,35.000000,JAN-2019,0,0,0,0,0
20140685,25.10,15,41.00,E,JAN,2019,SUPP,EC1707,4.0,POWER ELECTRONICS _11 12 13 14 15_,80.000000,71.000000,62.000000,53.000000,44.000000,35.000000,JAN-2019,0,0,0,0,0
201500068,24.10,24,49.00,D,JAN,2019,SUPP,EC1707,4.0,POWER ELECTRONICS _11 12 13 14 15_,80.000000,71.000000,62.000000,53.000000,44.000000,35.000000,JAN-2019,0,0,0,0,0
201500101,20.20,20.5,41.00,E,JAN,2019,SUPP,EC1707,4.0,POWER ELECTRONICS _11 12 13 14 15_,80.000000,71.000000,62.000000,53.000000,44.000000,35.000000,JAN-2019,0,0,0,0,0
201500206,20.40,16.5,37.00,E,JAN,2019,SUPP,EC1707,4.0,POWER ELECTRONICS _11 12 13 14 15_,80.000000,71.000000,62.000000,53.000000,44.000000,35.000000,JAN-2019,0,0,0,0,0
201500215,34.80,AB,0.00,I,JAN,2019,SUPP,EC1707,4.0,POWER ELECTRONICS _11 12 13 14 15_,80.000000,71.000000,62.000000,53.000000,44.000000,35.000000,JAN-2019,0,0,0,0,0
