Reg_No,Internal,External,Total,Grade,Time,Year,Type,Code,Credit,Title,Cut-Off-S,Cut-Off-A,Cut-Off-B,Cut-Off-C,Cut-Off-D,Cut-Off-E,Directory,Absentees,Malpractices,Detentions,NA,appeared
20140002,23.70,15,39.00,E,JAN,2019,SUPP,EC1732,4.0,BROADBAND COMMUNICATION & NETWORKING _ELECTIVE II__11 12 13 14 15_,82.000000,73.000000,63.000000,54.000000,44.000000,35.000000,JAN-2019,0,0,0,0,0
20140259,11.50,AB,0.00,I,JAN,2019,SUPP,EC1732,4.0,BROADBAND COMMUNICATION & NETWORKING _ELECTIVE II__11 12 13 14 15_,82.000000,73.000000,63.000000,54.000000,44.000000,35.000000,JAN-2019,0,0,0,0,0
201500128,27.00,22.5,50.00,D,JAN,2019,SUPP,EC1732,4.0,BROADBAND COMMUNICATION & NETWORKING _ELECTIVE II__11 12 13 14 15_,82.000000,73.000000,63.000000,54.000000,44.000000,35.000000,JAN-2019,0,0,0,0,0
201500215,37.50,AB,0.00,I,JAN,2019,SUPP,EC1732,4.0,BROADBAND COMMUNICATION & NETWORKING _ELECTIVE II__11 12 13 14 15_,82.000000,73.000000,63.000000,54.000000,44.000000,35.000000,JAN-2019,0,0,0,0,0
