Reg_No,Internal,External,Total,Grade,Time,Year,Type,Code,Credit,Title,Cut-Off-S,Cut-Off-A,Cut-Off-B,Cut-Off-C,Cut-Off-D,Cut-Off-E,Directory,Absentees,Malpractices,Detentions,NA,appeared
201500215,21.67,29,51.00,E,JAN,2019,SUPP,EC1771,2.0,MINI PROJECT,80.000000,74.000000,68.000000,61.000000,55.000000,49.000000,JAN-2019,0,0,0,0,0
201612501,17.33,35,53.00,E,JAN,2019,SUPP,EC1771,2.0,MINI PROJECT,80.000000,74.000000,68.000000,61.000000,55.000000,49.000000,JAN-2019,0,0,0,0,0
201612502,19.67,35,55.00,D,JAN,2019,SUPP,EC1771,2.0,MINI PROJECT,80.000000,74.000000,68.000000,61.000000,55.000000,49.000000,JAN-2019,0,0,0,0,0
