Reg_No,Internal,External,Total,Grade,Time,Year,Type,Code,Credit,Title,Cut-Off-S,Cut-Off-A,Cut-Off-B,Cut-Off-C,Cut-Off-D,Cut-Off-E,Directory,Absentees,Malpractices,Detentions,NA,appeared
20130647,35.00,10,45.00,D,JAN,2019,SUPP,EE1365,1.5,C++ LAB,80.000000,71.000000,62.000000,53.000000,44.000000,35.000000,JAN-2019,0,0,0,0,0
201500406,35.00,09,44.00,D,JAN,2019,SUPP,EE1365,1.5,C++ LAB,80.000000,71.000000,62.000000,53.000000,44.000000,35.000000,JAN-2019,0,0,0,0,0
201700224,45.00,33,78.00,A,JAN,2019,SUPP,EE1365,1.5,C++ LAB,80.000000,71.000000,62.000000,53.000000,44.000000,35.000000,JAN-2019,0,0,0,0,0
201700515,35.00,21,56.00,C,JAN,2019,SUPP,EE1365,1.5,C++ LAB,80.000000,71.000000,62.000000,53.000000,44.000000,35.000000,JAN-2019,0,0,0,0,0
