Reg_No,Internal,External,Total,Grade,Time,Year,Type,Code,Credit,Title,Cut-Off-S,Cut-Off-A,Cut-Off-B,Cut-Off-C,Cut-Off-D,Cut-Off-E,Directory,Absentees,Malpractices,Detentions,NA,appeared
201600630,18.90,17,36.00,E,JAN,2019,SUPP,EE1307,3.0,ELECTRO TECHNOLOGY _17_,80.000000,71.000000,62.000000,53.000000,44.000000,35.000000,JAN-2019,0,0,0,0,0
201700010,19.10,AB,0.00,I,JAN,2019,SUPP,EE1307,3.0,ELECTRO TECHNOLOGY _17_,80.000000,71.000000,62.000000,53.000000,44.000000,35.000000,JAN-2019,0,0,0,0,0
201700034,16.90,AB,0.00,I,JAN,2019,SUPP,EE1307,3.0,ELECTRO TECHNOLOGY _17_,80.000000,71.000000,62.000000,53.000000,44.000000,35.000000,JAN-2019,0,0,0,0,0
201700253,14.80,AB,0.00,I,JAN,2019,SUPP,EE1307,3.0,ELECTRO TECHNOLOGY _17_,80.000000,71.000000,62.000000,53.000000,44.000000,35.000000,JAN-2019,0,0,0,0,0
