Reg_No,Internal,External,Total,Grade,Time,Year,Type,Code,Credit,Title,Cut-Off-S,Cut-Off-A,Cut-Off-B,Cut-Off-C,Cut-Off-D,Cut-Off-E,Directory,Absentees,Malpractices,Detentions,NA,appeared
20140501,19.00,20.5,40.00,E,JAN,2019,SUPP,EE1706,4.0,DIGITAL SIGNAL PROCESSING _15_ _EE1604 for 11 12 13 14_,80.000000,71.000000,62.000000,53.000000,44.000000,35.000000,JAN-2019,0,0,0,0,0
201500248,16.10,13.5,30.00,F,JAN,2019,SUPP,EE1706,4.0,DIGITAL SIGNAL PROCESSING _15_ _EE1604 for 11 12 13 14_,80.000000,71.000000,62.000000,53.000000,44.000000,35.000000,JAN-2019,0,0,0,0,0
201613501,15.10,11,27.00,F,JAN,2019,SUPP,EE1706,4.0,DIGITAL SIGNAL PROCESSING _15_ _EE1604 for 11 12 13 14_,80.000000,71.000000,62.000000,53.000000,44.000000,35.000000,JAN-2019,0,0,0,0,0
201613508,13.00,12,25.00,F,JAN,2019,SUPP,EE1706,4.0,DIGITAL SIGNAL PROCESSING _15_ _EE1604 for 11 12 13 14_,80.000000,71.000000,62.000000,53.000000,44.000000,35.000000,JAN-2019,0,0,0,0,0
