Reg_No,Internal,External,Total,Grade,Time,Year,Type,Code,Credit,Title,Cut-Off-S,Cut-Off-A,Cut-Off-B,Cut-Off-C,Cut-Off-D,Cut-Off-E,Directory,Absentees,Malpractices,Detentions,NA,appeared
201516022,24.80,AB,0.00,I,JAN,2019,SUPP,MA1104,4.0,MATHEMATICS I _13 14 15 16 17 18_,89.000000,78.000000,67.000000,57.000000,46.000000,35.000000,JAN-2019,0,0,0,0,0
201616024,16.20,8,25.00,F,JAN,2019,SUPP,MA1104,4.0,MATHEMATICS I _13 14 15 16 17 18_,89.000000,78.000000,67.000000,57.000000,46.000000,35.000000,JAN-2019,0,0,0,0,0
201716019,16.30,3.5,20.00,F,JAN,2019,SUPP,MA1104,4.0,MATHEMATICS I _13 14 15 16 17 18_,89.000000,78.000000,67.000000,57.000000,46.000000,35.000000,JAN-2019,0,0,0,0,0
201716026,25.60,8.5,35.00,E,JAN,2019,SUPP,MA1104,4.0,MATHEMATICS I _13 14 15 16 17 18_,89.000000,78.000000,67.000000,57.000000,46.000000,35.000000,JAN-2019,0,0,0,0,0
201816020,15.50,2.5,18.00,F,JAN,2019,SUPP,MA1104,4.0,MATHEMATICS I _13 14 15 16 17 18_,89.000000,78.000000,67.000000,57.000000,46.000000,35.000000,JAN-2019,0,0,0,0,0
201816027,20.90,AB,0.00,I,JAN,2019,SUPP,MA1104,4.0,MATHEMATICS I _13 14 15 16 17 18_,89.000000,78.000000,67.000000,57.000000,46.000000,35.000000,JAN-2019,0,0,0,0,0
