Reg_No,Internal,External,Total,Grade,Time,Year,Type,Code,Credit,Title,Cut-Off-S,Cut-Off-A,Cut-Off-B,Cut-Off-C,Cut-Off-D,Cut-Off-E,Directory,Absentees,Malpractices,Detentions,NA,appeared
201419019,9.10,16.5,26.00,F,JAN,2019,SUPP,MA1205,4.0,BUSINESS MATHEMATICS _12 13 14 15 16 17_,80.000000,71.000000,62.000000,53.000000,44.000000,35.000000,JAN-2019,0,0,0,0,0
201619013,17.40,17.5,35.00,E,JAN,2019,SUPP,MA1205,4.0,BUSINESS MATHEMATICS _12 13 14 15 16 17_,80.000000,71.000000,62.000000,53.000000,44.000000,35.000000,JAN-2019,0,0,0,0,0
201619027,11.40,3.5,15.00,F,JAN,2019,SUPP,MA1205,4.0,BUSINESS MATHEMATICS _12 13 14 15 16 17_,80.000000,71.000000,62.000000,53.000000,44.000000,35.000000,JAN-2019,0,0,0,0,0
201619029,14.60,22,37.00,E,JAN,2019,SUPP,MA1205,4.0,BUSINESS MATHEMATICS _12 13 14 15 16 17_,80.000000,71.000000,62.000000,53.000000,44.000000,35.000000,JAN-2019,0,0,0,0,0
