Reg_No,Internal,External,Total,Grade,Time,Year,Type,Code,Credit,Title,Cut-Off-S,Cut-Off-A,Cut-Off-B,Cut-Off-C,Cut-Off-D,Cut-Off-E,Directory,Absentees,Malpractices,Detentions,NA,appeared
201316019,19.80,4.5,25.00,F,JAN,2019,SUPP,MA1304,4.0,MATHEMATICS III _13 14 15 16 17_,90.000000,79.000000,68.000000,57.000000,46.000000,35.000000,JAN-2019,0,0,0,0,0
201616007,21.20,15,37.00,E,JAN,2019,SUPP,MA1304,4.0,MATHEMATICS III _13 14 15 16 17_,90.000000,79.000000,68.000000,57.000000,46.000000,35.000000,JAN-2019,0,0,0,0,0
201616011,16.10,AB,0.00,I,JAN,2019,SUPP,MA1304,4.0,MATHEMATICS III _13 14 15 16 17_,90.000000,79.000000,68.000000,57.000000,46.000000,35.000000,JAN-2019,0,0,0,0,0
201716016,29.30,6.5,36.00,E,JAN,2019,SUPP,MA1304,4.0,MATHEMATICS III _13 14 15 16 17_,90.000000,79.000000,68.000000,57.000000,46.000000,35.000000,JAN-2019,0,0,0,0,0
201716023,22.10,3,26.00,F,JAN,2019,SUPP,MA1304,4.0,MATHEMATICS III _13 14 15 16 17_,90.000000,79.000000,68.000000,57.000000,46.000000,35.000000,JAN-2019,0,0,0,0,0
