Reg_No,Internal,External,Total,Grade,Time,Year,Type,Code,Credit,Title,Cut-Off-S,Cut-Off-A,Cut-Off-B,Cut-Off-C,Cut-Off-D,Cut-Off-E,Directory,Absentees,Malpractices,Detentions,NA,appeared
20120700,8.90,26,35.00,E,JAN,2019,SUPP,MA1302,4.0,ENGINEERING MATHEMATICS III _12 13 14 15 16__CSE upto 14 batch_,80.000000,71.000000,62.000000,53.000000,44.000000,35.000000,JAN-2019,0,0,0,0,0
20130470,13.30,21,35.00,E,JAN,2019,SUPP,MA1302,4.0,ENGINEERING MATHEMATICS III _12 13 14 15 16__CSE upto 14 batch_,80.000000,71.000000,62.000000,53.000000,44.000000,35.000000,JAN-2019,0,0,0,0,0
20130575,14.10,AB,0.00,I,JAN,2019,SUPP,MA1302,4.0,ENGINEERING MATHEMATICS III _12 13 14 15 16__CSE upto 14 batch_,80.000000,71.000000,62.000000,53.000000,44.000000,35.000000,JAN-2019,0,0,0,0,0
20140200,18.40,18,37.00,E,JAN,2019,SUPP,MA1302,4.0,ENGINEERING MATHEMATICS III _12 13 14 15 16__CSE upto 14 batch_,80.000000,71.000000,62.000000,53.000000,44.000000,35.000000,JAN-2019,0,0,0,0,0
20140658,10.10,10,21.00,F,JAN,2019,SUPP,MA1302,4.0,ENGINEERING MATHEMATICS III _12 13 14 15 16__CSE upto 14 batch_,80.000000,71.000000,62.000000,53.000000,44.000000,35.000000,JAN-2019,0,0,0,0,0
20130335,14.40,AB,0.00,I,JAN,2019,SUPP,MA1302,4.0,ENGINEERING MATHEMATICS III _12 13 14 15 16__CSE upto 14 batch_,80.000000,71.000000,62.000000,53.000000,44.000000,35.000000,JAN-2019,0,0,0,0,0
20140692,16.00,19,35.00,E,JAN,2019,SUPP,MA1302,4.0,ENGINEERING MATHEMATICS III _12 13 14 15 16__CSE upto 14 batch_,80.000000,71.000000,62.000000,53.000000,44.000000,35.000000,JAN-2019,0,0,0,0,0
201513507,15.50,AB,0.00,I,JAN,2019,SUPP,MA1302,4.0,ENGINEERING MATHEMATICS III _12 13 14 15 16__CSE upto 14 batch_,80.000000,71.000000,62.000000,53.000000,44.000000,35.000000,JAN-2019,0,0,0,0,0
201600064,21.00,AB,0.00,I,JAN,2019,SUPP,MA1302,4.0,ENGINEERING MATHEMATICS III _12 13 14 15 16__CSE upto 14 batch_,80.000000,71.000000,62.000000,53.000000,44.000000,35.000000,JAN-2019,0,0,0,0,0
