Reg_No,Internal,External,Total,Grade,Time,Year,Type,Code,Credit,Title,Cut-Off-S,Cut-Off-A,Cut-Off-B,Cut-Off-C,Cut-Off-D,Cut-Off-E,Directory,Absentees,Malpractices,Detentions,NA,appeared
20120283,14.50,23,38.00,E,JAN,2019,SUPP,MA1403,4.0,ENGINEERING MATHEMATICS IV _12 13 14 15 16_,80.000000,71.000000,62.000000,53.000000,44.000000,35.000000,JAN-2019,0,0,0,0,0
20130003,20.00,22,42.00,E,JAN,2019,SUPP,MA1403,4.0,ENGINEERING MATHEMATICS IV _12 13 14 15 16_,80.000000,71.000000,62.000000,53.000000,44.000000,35.000000,JAN-2019,0,0,0,0,0
20140680,14.40,22.5,37.00,E,JAN,2019,SUPP,MA1403,4.0,ENGINEERING MATHEMATICS IV _12 13 14 15 16_,80.000000,71.000000,62.000000,53.000000,44.000000,35.000000,JAN-2019,0,0,0,0,0
201713506,16.70,11,28.00,F,JAN,2019,SUPP,MA1403,4.0,ENGINEERING MATHEMATICS IV _12 13 14 15 16_,80.000000,71.000000,62.000000,53.000000,44.000000,35.000000,JAN-2019,0,0,0,0,0
