Reg_No,Internal,External,Total,Grade,Time,Year,Type,Code,Credit,Title,Cut-Off-S,Cut-Off-A,Cut-Off-B,Cut-Off-C,Cut-Off-D,Cut-Off-E,Directory,Absentees,Malpractices,Detentions,NA,appeared
201721403,12.90,3,16.00,F,JAN,2019,SUPP,MA2102,4.0,ALGEBRA _15 16 17 18_,90.000000,80.000000,70.000000,60.000000,50.000000,40.000000,JAN-2019,0,0,0,0,0
201721409,17.50,16,34.00,F,JAN,2019,SUPP,MA2102,4.0,ALGEBRA _15 16 17 18_,90.000000,80.000000,70.000000,60.000000,50.000000,40.000000,JAN-2019,0,0,0,0,0
201721411,15.80,23.5,40.00,E,JAN,2019,SUPP,MA2102,4.0,ALGEBRA _15 16 17 18_,90.000000,80.000000,70.000000,60.000000,50.000000,40.000000,JAN-2019,0,0,0,0,0
201821402,10.70,5,16.00,F,JAN,2019,SUPP,MA2102,4.0,ALGEBRA _15 16 17 18_,90.000000,80.000000,70.000000,60.000000,50.000000,40.000000,JAN-2019,0,0,0,0,0
201821404,17.20,22,40.00,E,JAN,2019,SUPP,MA2102,4.0,ALGEBRA _15 16 17 18_,90.000000,80.000000,70.000000,60.000000,50.000000,40.000000,JAN-2019,0,0,0,0,0
201821408,10.40,23,34.00,F,JAN,2019,SUPP,MA2102,4.0,ALGEBRA _15 16 17 18_,90.000000,80.000000,70.000000,60.000000,50.000000,40.000000,JAN-2019,0,0,0,0,0
