Reg_No,Internal,External,Total,Grade,Time,Year,Type,Code,Credit,Title,Cut-Off-S,Cut-Off-A,Cut-Off-B,Cut-Off-C,Cut-Off-D,Cut-Off-E,Directory,Absentees,Malpractices,Detentions,NA,appeared
201721407,21.40,24.5,46.00,E,JAN,2019,SUPP,MA2104,4.0,LINEAR ALGEBRA _16 17 18_,90.000000,80.000000,70.000000,60.000000,50.000000,40.000000,JAN-2019,0,0,0,0,0
201821402,18.70,4.5,24.00,F,JAN,2019,SUPP,MA2104,4.0,LINEAR ALGEBRA _16 17 18_,90.000000,80.000000,70.000000,60.000000,50.000000,40.000000,JAN-2019,0,0,0,0,0
201821404,24.20,20,45.00,E,JAN,2019,SUPP,MA2104,4.0,LINEAR ALGEBRA _16 17 18_,90.000000,80.000000,70.000000,60.000000,50.000000,40.000000,JAN-2019,0,0,0,0,0
201821408,24.10,AB,0.00,I,JAN,2019,SUPP,MA2104,4.0,LINEAR ALGEBRA _16 17 18_,90.000000,80.000000,70.000000,60.000000,50.000000,40.000000,JAN-2019,0,0,0,0,0
