Reg_No,Internal,External,Total,Grade,Time,Year,Type,Code,Credit,Title,Cut-Off-S,Cut-Off-A,Cut-Off-B,Cut-Off-C,Cut-Off-D,Cut-Off-E,Directory,Absentees,Malpractices,Detentions,NA,appeared
20120274,19.70,15.5,36.00,E,JAN,2019,SUPP,ME1105,3.0,ENGINEERING GRAPHICS _12 13 14 15 16 17 18_,90.000000,79.000000,68.000000,57.000000,46.000000,35.000000,JAN-2019,0,0,0,0,0
201600256,23.08,0.5,24.00,F,JAN,2019,SUPP,ME1105,3.0,ENGINEERING GRAPHICS _12 13 14 15 16 17 18_,90.000000,79.000000,68.000000,57.000000,46.000000,35.000000,JAN-2019,0,0,0,0,0
201800004,22.75,2.5,26.00,F,JAN,2019,SUPP,ME1105,3.0,ENGINEERING GRAPHICS _12 13 14 15 16 17 18_,90.000000,79.000000,68.000000,57.000000,46.000000,35.000000,JAN-2019,0,0,0,0,0
201800022,5.85,AB,0.00,I,JAN,2019,SUPP,ME1105,3.0,ENGINEERING GRAPHICS _12 13 14 15 16 17 18_,90.000000,79.000000,68.000000,57.000000,46.000000,35.000000,JAN-2019,0,0,0,0,0
201800452,14.30,AB,0.00,I,JAN,2019,SUPP,ME1105,3.0,ENGINEERING GRAPHICS _12 13 14 15 16 17 18_,90.000000,79.000000,68.000000,57.000000,46.000000,35.000000,JAN-2019,0,0,0,0,0
201800492,34.37,19,54.00,D,JAN,2019,SUPP,ME1105,3.0,ENGINEERING GRAPHICS _12 13 14 15 16 17 18_,90.000000,79.000000,68.000000,57.000000,46.000000,35.000000,JAN-2019,0,0,0,0,0
