Reg_No,Internal,External,Total,Grade,Time,Year,Type,Code,Credit,Title,Cut-Off-S,Cut-Off-A,Cut-Off-B,Cut-Off-C,Cut-Off-D,Cut-Off-E,Directory,Absentees,Malpractices,Detentions,NA,appeared
20140742,18.10,AB,0.00,I,JAN,2019,SUPP,ME1502,4.0,HEAT TRANSFER _11 12 13 14 15 16_,83.000000,73.000000,64.000000,54.000000,45.000000,35.000000,JAN-2019,0,0,0,0,0
201500108,13.70,AB,0.00,I,JAN,2019,SUPP,ME1502,4.0,HEAT TRANSFER _11 12 13 14 15 16_,83.000000,73.000000,64.000000,54.000000,45.000000,35.000000,JAN-2019,0,0,0,0,0
201500281,10.20,5,16.00,F,JAN,2019,SUPP,ME1502,4.0,HEAT TRANSFER _11 12 13 14 15 16_,83.000000,73.000000,64.000000,54.000000,45.000000,35.000000,JAN-2019,0,0,0,0,0
201500443,16.50,23,40.00,E,JAN,2019,SUPP,ME1502,4.0,HEAT TRANSFER _11 12 13 14 15 16_,83.000000,73.000000,64.000000,54.000000,45.000000,35.000000,JAN-2019,0,0,0,0,0
201615503,15.10,12,28.00,F,JAN,2019,SUPP,ME1502,4.0,HEAT TRANSFER _11 12 13 14 15 16_,83.000000,73.000000,64.000000,54.000000,45.000000,35.000000,JAN-2019,0,0,0,0,0
20140130,9.90,AB,0.00,I,JAN,2019,SUPP,ME1502,4.0,HEAT TRANSFER _11 12 13 14 15 16_,83.000000,73.000000,64.000000,54.000000,45.000000,35.000000,JAN-2019,0,0,0,0,0
201600024,14.90,AB,0.00,I,JAN,2019,SUPP,ME1502,4.0,HEAT TRANSFER _11 12 13 14 15 16_,83.000000,73.000000,64.000000,54.000000,45.000000,35.000000,JAN-2019,0,0,0,0,0
201600430,26.20,34,61.00,C,JAN,2019,SUPP,ME1502,4.0,HEAT TRANSFER _11 12 13 14 15 16_,83.000000,73.000000,64.000000,54.000000,45.000000,35.000000,JAN-2019,0,0,0,0,0
