Reg_No,Internal,External,Total,Grade,Time,Year,Type,Code,Credit,Title,Cut-Off-S,Cut-Off-A,Cut-Off-B,Cut-Off-C,Cut-Off-D,Cut-Off-E,Directory,Absentees,Malpractices,Detentions,NA,appeared
201500108,16.60,12.5,30.00,F,JAN,2019,SUPP,ME1511,4.0,MECHANICS OF SOLID I _15 16_,90.000000,79.000000,68.000000,57.000000,46.000000,35.000000,JAN-2019,0,0,0,0,0
201500195,17.20,17.5,35.00,E,JAN,2019,SUPP,ME1511,4.0,MECHANICS OF SOLID I _15 16_,90.000000,79.000000,68.000000,57.000000,46.000000,35.000000,JAN-2019,0,0,0,0,0
201500228,13.00,11,24.00,F,JAN,2019,SUPP,ME1511,4.0,MECHANICS OF SOLID I _15 16_,90.000000,79.000000,68.000000,57.000000,46.000000,35.000000,JAN-2019,0,0,0,0,0
201500281,16.20,AB,0.00,I,JAN,2019,SUPP,ME1511,4.0,MECHANICS OF SOLID I _15 16_,90.000000,79.000000,68.000000,57.000000,46.000000,35.000000,JAN-2019,0,0,0,0,0
20140130,18.30,AB,0.00,I,JAN,2019,SUPP,ME1511,4.0,MECHANICS OF SOLID I _15 16_,90.000000,79.000000,68.000000,57.000000,46.000000,35.000000,JAN-2019,0,0,0,0,0
201600024,19.30,AB,0.00,I,JAN,2019,SUPP,ME1511,4.0,MECHANICS OF SOLID I _15 16_,90.000000,79.000000,68.000000,57.000000,46.000000,35.000000,JAN-2019,0,0,0,0,0
201600430,40.70,25,66.00,C,JAN,2019,SUPP,ME1511,4.0,MECHANICS OF SOLID I _15 16_,90.000000,79.000000,68.000000,57.000000,46.000000,35.000000,JAN-2019,0,0,0,0,0
