Reg_No,Internal,External,Total,Grade,Time,Year,Type,Code,Credit,Title,Cut-Off-S,Cut-Off-A,Cut-Off-B,Cut-Off-C,Cut-Off-D,Cut-Off-E,Directory,Absentees,Malpractices,Detentions,NA,appeared
20120727,53.00,16,69.00,C,JAN,2019,SUPP,ME1563,1.5,METROLOGY LAB,89.000000,81.000000,73.000000,66.000000,58.000000,50.000000,JAN-2019,0,0,0,0,0
201600313,60.00,14,74.00,B,JAN,2019,SUPP,ME1563,1.5,METROLOGY LAB,89.000000,81.000000,73.000000,66.000000,58.000000,50.000000,JAN-2019,0,0,0,0,0
201600485,64.00,17,81.00,A,JAN,2019,SUPP,ME1563,1.5,METROLOGY LAB,89.000000,81.000000,73.000000,66.000000,58.000000,50.000000,JAN-2019,0,0,0,0,0
