Reg_No,Internal,External,Total,Grade,Time,Year,Type,Code,Credit,Title,Cut-Off-S,Cut-Off-A,Cut-Off-B,Cut-Off-C,Cut-Off-D,Cut-Off-E,Directory,Absentees,Malpractices,Detentions,NA,appeared
20140055,12.40,26.5,39.00,E,JAN,2019,SUPP,ME1603,4.0,MACHINE DESIGN II _10 11 12 13 14 15_,80.000000,71.000000,62.000000,53.000000,44.000000,35.000000,JAN-2019,0,0,0,0,0
201500486,21.30,14.5,36.00,E,JAN,2019,SUPP,ME1603,4.0,MACHINE DESIGN II _10 11 12 13 14 15_,80.000000,71.000000,62.000000,53.000000,44.000000,35.000000,JAN-2019,0,0,0,0,0
201615502,14.30,AB,0.00,I,JAN,2019,SUPP,ME1603,4.0,MACHINE DESIGN II _10 11 12 13 14 15_,80.000000,71.000000,62.000000,53.000000,44.000000,35.000000,JAN-2019,0,0,0,0,0
