Reg_No,Internal,External,Total,Grade,Time,Year,Type,Code,Credit,Title,Cut-Off-S,Cut-Off-A,Cut-Off-B,Cut-Off-C,Cut-Off-D,Cut-Off-E,Directory,Absentees,Malpractices,Detentions,NA,appeared
201500071,19.90,18.5,39.00,E,JAN,2019,SUPP,ME1609,4.0,THEORY OF MACHINES II _15_,80.000000,71.000000,62.000000,53.000000,44.000000,35.000000,JAN-2019,0,0,0,0,0
201500302,17.10,21,39.00,E,JAN,2019,SUPP,ME1609,4.0,THEORY OF MACHINES II _15_,80.000000,71.000000,62.000000,53.000000,44.000000,35.000000,JAN-2019,0,0,0,0,0
201615502,19.00,AB,0.00,I,JAN,2019,SUPP,ME1609,4.0,THEORY OF MACHINES II _15_,80.000000,71.000000,62.000000,53.000000,44.000000,35.000000,JAN-2019,0,0,0,0,0
201615505,15.00,AB,0.00,I,JAN,2019,SUPP,ME1609,4.0,THEORY OF MACHINES II _15_,80.000000,71.000000,62.000000,53.000000,44.000000,35.000000,JAN-2019,0,0,0,0,0
