Reg_No,Internal,External,Total,Grade,Time,Year,Type,Code,Credit,Title,Cut-Off-S,Cut-Off-A,Cut-Off-B,Cut-Off-C,Cut-Off-D,Cut-Off-E,Directory,Absentees,Malpractices,Detentions,NA,appeared
20140405,12.30,16.50,29.00,F,JAN,2019,SUPP,ME1604,4.0,AUTOMOBILE ENGINEERING _11 12 13 14_,89.000000,78.000000,67.000000,57.000000,46.000000,35.000000,JAN-2019,0,0,0,0,0
201615505,23.00,AB,0.00,I,JAN,2019,SUPP,ME1604,4.0,AUTOMOBILE ENGINEERING _11 12 13 14_,89.000000,78.000000,67.000000,57.000000,46.000000,35.000000,JAN-2019,0,0,0,0,0
201615506,34.47,15,50.00,D,JAN,2019,SUPP,ME1604,4.0,AUTOMOBILE ENGINEERING _11 12 13 14_,89.000000,78.000000,67.000000,57.000000,46.000000,35.000000,JAN-2019,0,0,0,0,0
