Reg_No,Internal,External,Total,Grade,Time,Year,Type,Code,Credit,Title,Cut-Off-S,Cut-Off-A,Cut-Off-B,Cut-Off-C,Cut-Off-D,Cut-Off-E,Directory,Absentees,Malpractices,Detentions,NA,appeared
201500249,21.20,14,36.00,E,JAN,2019,SUPP,ME1707,4.0,INTERNAL COMBUSTION ENGINE _15_,80.000000,71.000000,62.000000,53.000000,44.000000,35.000000,JAN-2019,0,0,0,0,0
201500302,25.80,19.5,46.00,D,JAN,2019,SUPP,ME1707,4.0,INTERNAL COMBUSTION ENGINE _15_,80.000000,71.000000,62.000000,53.000000,44.000000,35.000000,JAN-2019,0,0,0,0,0
201500427,29.00,8,37.00,E,JAN,2019,SUPP,ME1707,4.0,INTERNAL COMBUSTION ENGINE _15_,80.000000,71.000000,62.000000,53.000000,44.000000,35.000000,JAN-2019,0,0,0,0,0
201500443,28.20,19,48.00,D,JAN,2019,SUPP,ME1707,4.0,INTERNAL COMBUSTION ENGINE _15_,80.000000,71.000000,62.000000,53.000000,44.000000,35.000000,JAN-2019,0,0,0,0,0
201500486,26.50,13,40.00,E,JAN,2019,SUPP,ME1707,4.0,INTERNAL COMBUSTION ENGINE _15_,80.000000,71.000000,62.000000,53.000000,44.000000,35.000000,JAN-2019,0,0,0,0,0
201500674,18.90,AB,0.00,I,JAN,2019,SUPP,ME1707,4.0,INTERNAL COMBUSTION ENGINE _15_,80.000000,71.000000,62.000000,53.000000,44.000000,35.000000,JAN-2019,0,0,0,0,0
201615507,25.90,AB,0.00,I,JAN,2019,SUPP,ME1707,4.0,INTERNAL COMBUSTION ENGINE _15_,80.000000,71.000000,62.000000,53.000000,44.000000,35.000000,JAN-2019,0,0,0,0,0
