Reg_No,Internal,External,Total,Grade,Time,Year,Type,Code,Credit,Title,Cut-Off-S,Cut-Off-A,Cut-Off-B,Cut-Off-C,Cut-Off-D,Cut-Off-E,Directory,Absentees,Malpractices,Detentions,NA,appeared
20140234,18.00,00,18.00,F,JAN,2019,SUPP,ME1710,4.0,OPERATIONS RESEARCH _15_,80.000000,71.000000,62.000000,53.000000,44.000000,35.000000,JAN-2019,0,0,0,0,0
201500144,15.70,10,26.00,F,JAN,2019,SUPP,ME1710,4.0,OPERATIONS RESEARCH _15_,80.000000,71.000000,62.000000,53.000000,44.000000,35.000000,JAN-2019,0,0,0,0,0
201500427,24.10,17.50,42.00,E,JAN,2019,SUPP,ME1710,4.0,OPERATIONS RESEARCH _15_,80.000000,71.000000,62.000000,53.000000,44.000000,35.000000,JAN-2019,0,0,0,0,0
201500443,15.60,5,21.00,F,JAN,2019,SUPP,ME1710,4.0,OPERATIONS RESEARCH _15_,80.000000,71.000000,62.000000,53.000000,44.000000,35.000000,JAN-2019,0,0,0,0,0
201500674,22.60,AB,0.00,I,JAN,2019,SUPP,ME1710,4.0,OPERATIONS RESEARCH _15_,80.000000,71.000000,62.000000,53.000000,44.000000,35.000000,JAN-2019,0,0,0,0,0
201500704,14.60,1,16.00,F,JAN,2019,SUPP,ME1710,4.0,OPERATIONS RESEARCH _15_,80.000000,71.000000,62.000000,53.000000,44.000000,35.000000,JAN-2019,0,0,0,0,0
201615507,13.80,4.50,19.00,F,JAN,2019,SUPP,ME1710,4.0,OPERATIONS RESEARCH _15_,80.000000,71.000000,62.000000,53.000000,44.000000,35.000000,JAN-2019,0,0,0,0,0
