Reg_No,Internal,External,Total,Grade,Time,Year,Type,Code,Credit,Title,Cut-Off-S,Cut-Off-A,Cut-Off-B,Cut-Off-C,Cut-Off-D,Cut-Off-E,Directory,Absentees,Malpractices,Detentions,NA,appeared
201500249,14.00,AB,0.00,I,JAN,2019,SUPP,ME1732,4.0,REFRIGERATION AND AIR CONDITIONING _ELECTIVE I__14 15_,82.000000,73.000000,63.000000,54.000000,44.000000,35.000000,JAN-2019,0,0,0,0,0
201500427,31.10,15,47.00,D,JAN,2019,SUPP,ME1732,4.0,REFRIGERATION AND AIR CONDITIONING _ELECTIVE I__14 15_,82.000000,73.000000,63.000000,54.000000,44.000000,35.000000,JAN-2019,0,0,0,0,0
201500486,21.70,5,27.00,F,JAN,2019,SUPP,ME1732,4.0,REFRIGERATION AND AIR CONDITIONING _ELECTIVE I__14 15_,82.000000,73.000000,63.000000,54.000000,44.000000,35.000000,JAN-2019,0,0,0,0,0
201500674,21.00,AB,0.00,I,JAN,2019,SUPP,ME1732,4.0,REFRIGERATION AND AIR CONDITIONING _ELECTIVE I__14 15_,82.000000,73.000000,63.000000,54.000000,44.000000,35.000000,JAN-2019,0,0,0,0,0
201500700,24.00,14,38.00,E,JAN,2019,SUPP,ME1732,4.0,REFRIGERATION AND AIR CONDITIONING _ELECTIVE I__14 15_,82.000000,73.000000,63.000000,54.000000,44.000000,35.000000,JAN-2019,0,0,0,0,0
