Reg_No,Internal,External,Total,Grade,Time,Year,Type,Code,Credit,Title,Cut-Off-S,Cut-Off-A,Cut-Off-B,Cut-Off-C,Cut-Off-D,Cut-Off-E,Directory,Absentees,Malpractices,Detentions,NA,appeared
201500233,30.25,38,69.00,C,JAN,2019,SUPP,ME1771,2.0,MINI PROJECT,88.000000,80.000000,73.000000,65.000000,58.000000,50.000000,JAN-2019,0,0,0,0,0
201500302,34.25,45,80.00,B,JAN,2019,SUPP,ME1771,2.0,MINI PROJECT,88.000000,80.000000,73.000000,65.000000,58.000000,50.000000,JAN-2019,0,0,0,0,0
201500419,30.25,32,63.00,D,JAN,2019,SUPP,ME1771,2.0,MINI PROJECT,88.000000,80.000000,73.000000,65.000000,58.000000,50.000000,JAN-2019,0,0,0,0,0
201500443,17.50,34,52.00,E,JAN,2019,SUPP,ME1771,2.0,MINI PROJECT,88.000000,80.000000,73.000000,65.000000,58.000000,50.000000,JAN-2019,0,0,0,0,0
201500486,34.75,45,80.00,B,JAN,2019,SUPP,ME1771,2.0,MINI PROJECT,88.000000,80.000000,73.000000,65.000000,58.000000,50.000000,JAN-2019,0,0,0,0,0
201615501,34.75,44,79.00,B,JAN,2019,SUPP,ME1771,2.0,MINI PROJECT,88.000000,80.000000,73.000000,65.000000,58.000000,50.000000,JAN-2019,0,0,0,0,0
201615502,30.25,36,67.00,C,JAN,2019,SUPP,ME1771,2.0,MINI PROJECT,88.000000,80.000000,73.000000,65.000000,58.000000,50.000000,JAN-2019,0,0,0,0,0
