Reg_No,Internal,External,Total,Grade,Time,Year,Type,Code,Credit,Title,Cut-Off-S,Cut-Off-A,Cut-Off-B,Cut-Off-C,Cut-Off-D,Cut-Off-E,Directory,Absentees,Malpractices,Detentions,NA,appeared
20140234,23.00,AB,0.00,I,JAN,2019,SUPP,ME1703,4.0,COMPUTER AIDED DESIGN & MANUFACTURING _11 12 13 14 15_,82.000000,73.000000,63.000000,54.000000,44.000000,35.000000,JAN-2019,0,0,0,0,0
201500071,13.60,30,44.00,D,JAN,2019,SUPP,ME1703,4.0,COMPUTER AIDED DESIGN & MANUFACTURING _11 12 13 14 15_,82.000000,73.000000,63.000000,54.000000,44.000000,35.000000,JAN-2019,0,0,0,0,0
201500427,36.40,15,52.00,D,JAN,2019,SUPP,ME1703,4.0,COMPUTER AIDED DESIGN & MANUFACTURING _11 12 13 14 15_,82.000000,73.000000,63.000000,54.000000,44.000000,35.000000,JAN-2019,0,0,0,0,0
201500443,21.30,25,47.00,D,JAN,2019,SUPP,ME1703,4.0,COMPUTER AIDED DESIGN & MANUFACTURING _11 12 13 14 15_,82.000000,73.000000,63.000000,54.000000,44.000000,35.000000,JAN-2019,0,0,0,0,0
201500486,17.80,18,36.00,E,JAN,2019,SUPP,ME1703,4.0,COMPUTER AIDED DESIGN & MANUFACTURING _11 12 13 14 15_,82.000000,73.000000,63.000000,54.000000,44.000000,35.000000,JAN-2019,0,0,0,0,0
201615507,12.90,AB,0.00,I,JAN,2019,SUPP,ME1703,4.0,COMPUTER AIDED DESIGN & MANUFACTURING _11 12 13 14 15_,82.000000,73.000000,63.000000,54.000000,44.000000,35.000000,JAN-2019,0,0,0,0,0
