Reg_No,Internal,External,Total,Grade,Time,Year,Type,Code,Credit,Title,Cut-Off-S,Cut-Off-A,Cut-Off-B,Cut-Off-C,Cut-Off-D,Cut-Off-E,Directory,Absentees,Malpractices,Detentions,NA,appeared
20140465,66.00,15,81.00,B,JAN,2019,SUPP,ME1762,1.5,CAD_CAM LAB,90.000000,82.000000,74.000000,66.000000,58.000000,50.000000,JAN-2019,0,0,0,0,0
20140736,64.80,18,83.00,A,JAN,2019,SUPP,ME1762,1.5,CAD_CAM LAB,90.000000,82.000000,74.000000,66.000000,58.000000,50.000000,JAN-2019,0,0,0,0,0
201500263,64.20,17,82.00,A,JAN,2019,SUPP,ME1762,1.5,CAD_CAM LAB,90.000000,82.000000,74.000000,66.000000,58.000000,50.000000,JAN-2019,0,0,0,0,0
201500443,63.00,13,76.00,B,JAN,2019,SUPP,ME1762,1.5,CAD_CAM LAB,90.000000,82.000000,74.000000,66.000000,58.000000,50.000000,JAN-2019,0,0,0,0,0
201500589,70.80,19,90.00,S,JAN,2019,SUPP,ME1762,1.5,CAD_CAM LAB,90.000000,82.000000,74.000000,66.000000,58.000000,50.000000,JAN-2019,0,0,0,0,0
