Reg_No,Internal,External,Total,Grade,Time,Year,Type,Code,Credit,Title,Cut-Off-S,Cut-Off-A,Cut-Off-B,Cut-Off-C,Cut-Off-D,Cut-Off-E,Directory,Absentees,Malpractices,Detentions,NA,appeared
201600272,68.64,15.00,84.00,A,JAN,2019,SUPP,PH1162,1.5,ENGINEERING PHYSICS LAB,89.000000,81.000000,73.000000,64.000000,56.000000,48.000000,JAN-2019,0,0,0,0,0
201600294,66.61,11.00,78.00,B,JAN,2019,SUPP,PH1162,1.5,ENGINEERING PHYSICS LAB,89.000000,81.000000,73.000000,64.000000,56.000000,48.000000,JAN-2019,0,0,0,0,0
201600649,67.28,13.00,81.00,A,JAN,2019,SUPP,PH1162,1.5,ENGINEERING PHYSICS LAB,89.000000,81.000000,73.000000,64.000000,56.000000,48.000000,JAN-2019,0,0,0,0,0
201700202,44.45,19.00,64.00,C,JAN,2019,SUPP,PH1162,1.5,ENGINEERING PHYSICS LAB,89.000000,81.000000,73.000000,64.000000,56.000000,48.000000,JAN-2019,0,0,0,0,0
201700335,51.96,19.00,71.00,C,JAN,2019,SUPP,PH1162,1.5,ENGINEERING PHYSICS LAB,89.000000,81.000000,73.000000,64.000000,56.000000,48.000000,JAN-2019,0,0,0,0,0
