Reg_No,Internal,External,Total,Grade,Time,Year,Type,Code,Credit,Title,Cut-Off-S,Cut-Off-A,Cut-Off-B,Cut-Off-C,Cut-Off-D,Cut-Off-E,Directory,Absentees,Malpractices,Detentions,NA,appeared
201621215,12.88,21.25,35.00,E,JAN,2019,SUPP,PH2103,4.0,CLASSICAL MECHANICS _15 16 17 18_,82.000000,73.000000,63.000000,54.000000,44.000000,35.000000,JAN-2019,0,0,0,0,0
201821212,13.43,10.5,24.00,F,JAN,2019,SUPP,PH2103,4.0,CLASSICAL MECHANICS _15 16 17 18_,82.000000,73.000000,63.000000,54.000000,44.000000,35.000000,JAN-2019,0,0,0,0,0
201821216,14.85,20,35.00,E,JAN,2019,SUPP,PH2103,4.0,CLASSICAL MECHANICS _15 16 17 18_,82.000000,73.000000,63.000000,54.000000,44.000000,35.000000,JAN-2019,0,0,0,0,0
