Reg_No,Internal,External,Total,Grade,Time,Year,Type,Code,Credit,Title,Cut-Off-S,Cut-Off-A,Cut-Off-B,Cut-Off-C,Cut-Off-D,Cut-Off-E,Directory,Absentees,Malpractices,Detentions,NA,appeared
201821205,16.60,13,30.00,F,JAN,2019,SUPP,PH2101,4.0,MATHEMATICAL PHYSICS _15 16 17 18_,90.000000,80.000000,70.000000,60.000000,50.000000,40.000000,JAN-2019,0,0,0,0,0
201821207,28.15,32,61.00,C,JAN,2019,SUPP,PH2101,4.0,MATHEMATICAL PHYSICS _15 16 17 18_,90.000000,80.000000,70.000000,60.000000,50.000000,40.000000,JAN-2019,0,0,0,0,0
201821214,37.30,44.25,82.00,A,JAN,2019,SUPP,PH2101,4.0,MATHEMATICAL PHYSICS _15 16 17 18_,90.000000,80.000000,70.000000,60.000000,50.000000,40.000000,JAN-2019,0,0,0,0,0
