Reg_No,Internal,External,Total,Grade,Time,Year,Type,Code,Credit,Title,Cut-Off-S,Cut-Off-A,Cut-Off-B,Cut-Off-C,Cut-Off-D,Cut-Off-E,Directory,Absentees,Malpractices,Detentions,NA,appeared
201721205,22.20,24.5,47.00,E,JAN,2019,SUPP,PH2332,4.0,PLASMA PHYSICS I _15 16 17_,90.000000,80.000000,70.000000,60.000000,50.000000,40.000000,JAN-2019,0,0,0,0,0
201721207,22.58,26,49.00,E,JAN,2019,SUPP,PH2332,4.0,PLASMA PHYSICS I _15 16 17_,90.000000,80.000000,70.000000,60.000000,50.000000,40.000000,JAN-2019,0,0,0,0,0
201721208,26.13,19.75,46.00,E,JAN,2019,SUPP,PH2332,4.0,PLASMA PHYSICS I _15 16 17_,90.000000,80.000000,70.000000,60.000000,50.000000,40.000000,JAN-2019,0,0,0,0,0
201721215,29.58,19.5,50.00,D,JAN,2019,SUPP,PH2332,4.0,PLASMA PHYSICS I _15 16 17_,90.000000,80.000000,70.000000,60.000000,50.000000,40.000000,JAN-2019,0,0,0,0,0
201721216,28.53,24,53.00,D,JAN,2019,SUPP,PH2332,4.0,PLASMA PHYSICS I _15 16 17_,90.000000,80.000000,70.000000,60.000000,50.000000,40.000000,JAN-2019,0,0,0,0,0
