Reg_No,Internal,External,Total,Grade,Time,Year,Type,Code,Credit,Title,Cut-Off-S,Cut-Off-A,Cut-Off-B,Cut-Off-C,Cut-Off-D,Cut-Off-E,Directory,Absentees,Malpractices,Detentions,NA,appeared
200918002,7.80,AB,0.00,I,MAY_JUNE,2014,BACK,CE402,4.0,FLUID MECHANICS II,82.000000,72.000000,63.000000,53.000000,44.000000,35.000000,MAY_JUNE_2014,0,0,0,0,0
200918055,7.60,11,19.00,F,MAY_JUNE,2014,BACK,CE402,4.0,FLUID MECHANICS II,82.000000,72.000000,63.000000,53.000000,44.000000,35.000000,MAY_JUNE_2014,0,0,0,0,0
201018019,14.00,11.5,26.00,F,MAY_JUNE,2014,BACK,CE402,4.0,FLUID MECHANICS II,82.000000,72.000000,63.000000,53.000000,44.000000,35.000000,MAY_JUNE_2014,0,0,0,0,0
201118502,12.50,29,42.00,E,MAY_JUNE,2014,BACK,CE402,4.0,FLUID MECHANICS II,82.000000,72.000000,63.000000,53.000000,44.000000,35.000000,MAY_JUNE_2014,0,0,0,0,0
20110360,14.25,7,22.00,F,MAY_JUNE,2014,BACK,CE402,4.0,FLUID MECHANICS II,82.000000,72.000000,63.000000,53.000000,44.000000,35.000000,MAY_JUNE_2014,0,0,0,0,0
