Reg_No,Internal,External,Total,Grade,Time,Year,Type,Code,Credit,Title,Cut-Off-S,Cut-Off-A,Cut-Off-B,Cut-Off-C,Cut-Off-D,Cut-Off-E,Directory,Absentees,Malpractices,Detentions,NA,appeared
200717203,17.90,AB,0.00,I,MAY_JUNE,2014,BACK,COA206_COB107_NEW_,2.0,ENVIRONMENTAL SCIENCE,80.000000,71.000000,62.000000,53.000000,44.000000,35.000000,MAY_JUNE_2014,0,0,0,0,0
200912120,26.35,AB,0.00,I,MAY_JUNE,2014,BACK,COA206_COB107_NEW_,2.0,ENVIRONMENTAL SCIENCE,80.000000,71.000000,62.000000,53.000000,44.000000,35.000000,MAY_JUNE_2014,0,0,0,0,0
200915059,20.25,AB,0.00,I,MAY_JUNE,2014,BACK,COA206_COB107_NEW_,2.0,ENVIRONMENTAL SCIENCE,80.000000,71.000000,62.000000,53.000000,44.000000,35.000000,MAY_JUNE_2014,0,0,0,0,0
20110327,19.70,AB,0.00,I,MAY_JUNE,2014,BACK,COA206_COB107_NEW_,2.0,ENVIRONMENTAL SCIENCE,80.000000,71.000000,62.000000,53.000000,44.000000,35.000000,MAY_JUNE_2014,0,0,0,0,0
20110460,18.30,AB,0.00,I,MAY_JUNE,2014,BACK,COA206_COB107_NEW_,2.0,ENVIRONMENTAL SCIENCE,80.000000,71.000000,62.000000,53.000000,44.000000,35.000000,MAY_JUNE_2014,0,0,0,0,0
20110243,20.00,17.5,38.00,E,MAY_JUNE,2014,BACK,COA206_COB107_NEW_,2.0,ENVIRONMENTAL SCIENCE,80.000000,71.000000,62.000000,53.000000,44.000000,35.000000,MAY_JUNE_2014,0,0,0,0,0
20110421,13.80,AB,0.00,I,MAY_JUNE,2014,BACK,COA206_COB107_NEW_,2.0,ENVIRONMENTAL SCIENCE,80.000000,71.000000,62.000000,53.000000,44.000000,35.000000,MAY_JUNE_2014,0,0,0,0,0
20120295,15.10,AB,0.00,I,MAY_JUNE,2014,BACK,COA206_COB107_NEW_,2.0,ENVIRONMENTAL SCIENCE,80.000000,71.000000,62.000000,53.000000,44.000000,35.000000,MAY_JUNE_2014,0,0,0,0,0
20130705,27.00,AB,0.00,I,MAY_JUNE,2014,BACK,COA206_COB107_NEW_,2.0,ENVIRONMENTAL SCIENCE,80.000000,71.000000,62.000000,53.000000,44.000000,35.000000,MAY_JUNE_2014,0,0,0,0,0
