Reg_No,Internal,External,Total,Grade,Time,Year,Type,Code,Credit,Title,Cut-Off-S,Cut-Off-A,Cut-Off-B,Cut-Off-C,Cut-Off-D,Cut-Off-E,Directory,Absentees,Malpractices,Detentions,NA,appeared
20120243,13.65,9.5,24.00,F,MAY_JUNE,2014,BACK,COA205_COB105,4.0,COMPUTER PROGRAMMING USING C,86.000000,76.000000,65.000000,55.000000,45.000000,35.000000,MAY_JUNE_2014,0,0,0,0,0
20120314,14.80,11.5,27.00,F,MAY_JUNE,2014,BACK,COA205_COB105,4.0,COMPUTER PROGRAMMING USING C,86.000000,76.000000,65.000000,55.000000,45.000000,35.000000,MAY_JUNE_2014,0,0,0,0,0
20120357,15.85,0.5,17.00,F,MAY_JUNE,2014,BACK,COA205_COB105,4.0,COMPUTER PROGRAMMING USING C,86.000000,76.000000,65.000000,55.000000,45.000000,35.000000,MAY_JUNE_2014,0,0,0,0,0
20120363,20.40,AB,0.00,I,MAY_JUNE,2014,BACK,COA205_COB105,4.0,COMPUTER PROGRAMMING USING C,86.000000,76.000000,65.000000,55.000000,45.000000,35.000000,MAY_JUNE_2014,0,0,0,0,0
20121103,16.65,AB,0.00,I,MAY_JUNE,2014,BACK,COA205_COB105,4.0,COMPUTER PROGRAMMING USING C,86.000000,76.000000,65.000000,55.000000,45.000000,35.000000,MAY_JUNE_2014,0,0,0,0,0
20120580,17.10,03.75,21.00,F,MAY_JUNE,2014,BACK,COA205_COB105,4.0,COMPUTER PROGRAMMING USING C,86.000000,76.000000,65.000000,55.000000,45.000000,35.000000,MAY_JUNE_2014,0,0,0,0,0
20120657,18.00,08.5,27.00,F,MAY_JUNE,2014,BACK,COA205_COB105,4.0,COMPUTER PROGRAMMING USING C,86.000000,76.000000,65.000000,55.000000,45.000000,35.000000,MAY_JUNE_2014,0,0,0,0,0
20130192,15.25,3.25,19.00,F,MAY_JUNE,2014,BACK,COA205_COB105,4.0,COMPUTER PROGRAMMING USING C,86.000000,76.000000,65.000000,55.000000,45.000000,35.000000,MAY_JUNE_2014,0,0,0,0,0
