Reg_No,Internal,External,Total,Grade,Time,Year,Type,Code,Credit,Title,Cut-Off-S,Cut-Off-A,Cut-Off-B,Cut-Off-C,Cut-Off-D,Cut-Off-E,Directory,Absentees,Malpractices,Detentions,NA,appeared
200711042,7.60,9.5,18.00,F,MAY_JUNE,2014,BACK,COA202,4.0,STRENGTH OF MATERIALS,86.000000,76.000000,65.000000,55.000000,45.000000,35.000000,MAY_JUNE_2014,0,0,0,0,0
200812133,9.40,AB,0.00,I,MAY_JUNE,2014,BACK,COA202,4.0,STRENGTH OF MATERIALS,86.000000,76.000000,65.000000,55.000000,45.000000,35.000000,MAY_JUNE_2014,0,0,0,0,0
200911005,15.20,2,18.00,F,MAY_JUNE,2014,BACK,COA202,4.0,STRENGTH OF MATERIALS,86.000000,76.000000,65.000000,55.000000,45.000000,35.000000,MAY_JUNE_2014,0,0,0,0,0
201011082,15.90,13,29.00,F,MAY_JUNE,2014,BACK,COA202,4.0,STRENGTH OF MATERIALS,86.000000,76.000000,65.000000,55.000000,45.000000,35.000000,MAY_JUNE_2014,0,0,0,0,0
201014077,13.70,5.5,20.00,F,MAY_JUNE,2014,BACK,COA202,4.0,STRENGTH OF MATERIALS,86.000000,76.000000,65.000000,55.000000,45.000000,35.000000,MAY_JUNE_2014,0,0,0,0,0
201028018,18.80,15,34.00,F,MAY_JUNE,2014,BACK,COA202,4.0,STRENGTH OF MATERIALS,86.000000,76.000000,65.000000,55.000000,45.000000,35.000000,MAY_JUNE_2014,0,0,0,0,0
