Reg_No,Internal,External,Total,Grade,Time,Year,Type,Code,Credit,Title,Cut-Off-S,Cut-Off-A,Cut-Off-B,Cut-Off-C,Cut-Off-D,Cut-Off-E,Directory,Absentees,Malpractices,Detentions,NA,appeared
200812133,20.47,AB,00.00,I,MAY_JUNE,2014,BACK,COB205_COA105_NEW_,3.0,ENGINEERING GRAPHICS,86.000000,76.000000,65.000000,55.000000,45.000000,35.000000,MAY_JUNE_2014,0,0,0,0,0
20110077,24.31,17.5,42.00,E,MAY_JUNE,2014,BACK,COB205_COA105_NEW_,3.0,ENGINEERING GRAPHICS,86.000000,76.000000,65.000000,55.000000,45.000000,35.000000,MAY_JUNE_2014,0,0,0,0,0
20110094,24.50,11.5,36.00,E,MAY_JUNE,2014,BACK,COB205_COA105_NEW_,3.0,ENGINEERING GRAPHICS,86.000000,76.000000,65.000000,55.000000,45.000000,35.000000,MAY_JUNE_2014,0,0,0,0,0
20120270,20.80,08,29.00,F,MAY_JUNE,2014,BACK,COB205_COA105_NEW_,3.0,ENGINEERING GRAPHICS,86.000000,76.000000,65.000000,55.000000,45.000000,35.000000,MAY_JUNE_2014,0,0,0,0,0
20120348,23.09,AB,0.00,I,MAY_JUNE,2014,BACK,COB205_COA105_NEW_,3.0,ENGINEERING GRAPHICS,86.000000,76.000000,65.000000,55.000000,45.000000,35.000000,MAY_JUNE_2014,0,0,0,0,0
20120353,28.96,13.5,43.00,E,MAY_JUNE,2014,BACK,COB205_COA105_NEW_,3.0,ENGINEERING GRAPHICS,86.000000,76.000000,65.000000,55.000000,45.000000,35.000000,MAY_JUNE_2014,0,0,0,0,0
20120396,16.90,AB,0.00,I,MAY_JUNE,2014,BACK,COB205_COA105_NEW_,3.0,ENGINEERING GRAPHICS,86.000000,76.000000,65.000000,55.000000,45.000000,35.000000,MAY_JUNE_2014,0,0,0,0,0
