Reg_No,Internal,External,Total,Grade,Time,Year,Type,Code,Credit,Title,Cut-Off-S,Cut-Off-A,Cut-Off-B,Cut-Off-C,Cut-Off-D,Cut-Off-E,Directory,Absentees,Malpractices,Detentions,NA,appeared
20110155,16.60,15.5,33.00,F,MAY_JUNE,2014,BACK,CSE406,4.0,COMMUNICATION TECHNIQUES,86.000000,76.000000,65.000000,55.000000,45.000000,35.000000,MAY_JUNE_2014,0,0,0,0,0
20110175,17.50,AB,0.00,I,MAY_JUNE,2014,BACK,CSE406,4.0,COMMUNICATION TECHNIQUES,86.000000,76.000000,65.000000,55.000000,45.000000,35.000000,MAY_JUNE_2014,0,0,0,0,0
20110236,11.60,AB,0.00,I,MAY_JUNE,2014,BACK,CSE406,4.0,COMMUNICATION TECHNIQUES,86.000000,76.000000,65.000000,55.000000,45.000000,35.000000,MAY_JUNE_2014,0,0,0,0,0
20110305,17.00,22,39.00,E,MAY_JUNE,2014,BACK,CSE406,4.0,COMMUNICATION TECHNIQUES,86.000000,76.000000,65.000000,55.000000,45.000000,35.000000,MAY_JUNE_2014,0,0,0,0,0
20110337,12.70,AB,0.00,I,MAY_JUNE,2014,BACK,CSE406,4.0,COMMUNICATION TECHNIQUES,86.000000,76.000000,65.000000,55.000000,45.000000,35.000000,MAY_JUNE_2014,0,0,0,0,0
201011018,17.60,6.5,25.00,F,MAY_JUNE,2014,BACK,CSE406,4.0,COMMUNICATION TECHNIQUES,86.000000,76.000000,65.000000,55.000000,45.000000,35.000000,MAY_JUNE_2014,0,0,0,0,0
