Reg_No,Internal,External,Total,Grade,Time,Year,Type,Code,Credit,Title,Cut-Off-S,Cut-Off-A,Cut-Off-B,Cut-Off-C,Cut-Off-D,Cut-Off-E,Directory,Absentees,Malpractices,Detentions,NA,appeared
201111509,14.05,AB,0.00,I,MAY_JUNE,2014,BACK,CSE403,4.0,DATABASE MANAGEMENT SYSTEMS,90.000000,79.000000,68.000000,57.000000,46.000000,35.000000,MAY_JUNE_2014,0,0,0,0,0
20110166,16.65,31,48.00,D,MAY_JUNE,2014,BACK,CSE403,4.0,DATABASE MANAGEMENT SYSTEMS,90.000000,79.000000,68.000000,57.000000,46.000000,35.000000,MAY_JUNE_2014,0,0,0,0,0
20110175,14.65,30.5,46.00,D,MAY_JUNE,2014,BACK,CSE403,4.0,DATABASE MANAGEMENT SYSTEMS,90.000000,79.000000,68.000000,57.000000,46.000000,35.000000,MAY_JUNE_2014,0,0,0,0,0
20110320,17.75,AB,0.00,I,MAY_JUNE,2014,BACK,CSE403,4.0,DATABASE MANAGEMENT SYSTEMS,90.000000,79.000000,68.000000,57.000000,46.000000,35.000000,MAY_JUNE_2014,0,0,0,0,0
20110337,16.15,AB,0.00,I,MAY_JUNE,2014,BACK,CSE403,4.0,DATABASE MANAGEMENT SYSTEMS,90.000000,79.000000,68.000000,57.000000,46.000000,35.000000,MAY_JUNE_2014,0,0,0,0,0
201011043,18.00,08,26.00,F,MAY_JUNE,2014,BACK,CSE403,4.0,DATABASE MANAGEMENT SYSTEMS,90.000000,79.000000,68.000000,57.000000,46.000000,35.000000,MAY_JUNE_2014,0,0,0,0,0
