Reg_No,Internal,External,Total,Grade,Time,Year,Type,Code,Credit,Title,Cut-Off-S,Cut-Off-A,Cut-Off-B,Cut-Off-C,Cut-Off-D,Cut-Off-E,Directory,Absentees,Malpractices,Detentions,NA,appeared
20110152,9.00,AB,0.00,I,MAY_JUNE,2014,BACK,EC406,4.0,DESIGN & ANALYSIS OF DIGITAL SYSTEMS,83.000000,74.000000,64.000000,55.000000,45.000000,35.000000,MAY_JUNE_2014,0,0,0,0,0
20110265,14.45,18.5,33.00,F,MAY_JUNE,2014,BACK,EC406,4.0,DESIGN & ANALYSIS OF DIGITAL SYSTEMS,83.000000,74.000000,64.000000,55.000000,45.000000,35.000000,MAY_JUNE_2014,0,0,0,0,0
20110296,16.20,AB,0.00,I,MAY_JUNE,2014,BACK,EC406,4.0,DESIGN & ANALYSIS OF DIGITAL SYSTEMS,83.000000,74.000000,64.000000,55.000000,45.000000,35.000000,MAY_JUNE_2014,0,0,0,0,0
20110601,18.25,24,43.00,E,MAY_JUNE,2014,BACK,EC406,4.0,DESIGN & ANALYSIS OF DIGITAL SYSTEMS,83.000000,74.000000,64.000000,55.000000,45.000000,35.000000,MAY_JUNE_2014,0,0,0,0,0
201012100,10.85,4.5,16.00,F,MAY_JUNE,2014,BACK,EC406,4.0,DESIGN & ANALYSIS OF DIGITAL SYSTEMS,83.000000,74.000000,64.000000,55.000000,45.000000,35.000000,MAY_JUNE_2014,0,0,0,0,0
