Reg_No,Internal,External,Total,Grade,Time,Year,Type,Code,Credit,Title,Cut-Off-S,Cut-Off-A,Cut-Off-B,Cut-Off-C,Cut-Off-D,Cut-Off-E,Directory,Absentees,Malpractices,Detentions,NA,appeared
201012088,18.40,AB,0.00,I,MAY_JUNE,2014,BACK,EC404,4.0,MICROPROCESSOR,80.000000,71.000000,62.000000,53.000000,44.000000,35.000000,MAY_JUNE_2014,0,0,0,0,0
20110041,33.60,31.5,66.00,B,MAY_JUNE,2014,BACK,EC404,4.0,MICROPROCESSOR,80.000000,71.000000,62.000000,53.000000,44.000000,35.000000,MAY_JUNE_2014,0,0,0,0,0
20110234,14.55,AB,0.00,I,MAY_JUNE,2014,BACK,EC404,4.0,MICROPROCESSOR,80.000000,71.000000,62.000000,53.000000,44.000000,35.000000,MAY_JUNE_2014,0,0,0,0,0
200717203,23.25,12.5,36.00,E,MAY_JUNE,2014,BACK,EC404,4.0,MICROPROCESSOR,80.000000,71.000000,62.000000,53.000000,44.000000,35.000000,MAY_JUNE_2014,0,0,0,0,0
