Reg_No,Internal,External,Total,Grade,Time,Year,Type,Code,Credit,Title,Cut-Off-S,Cut-Off-A,Cut-Off-B,Cut-Off-C,Cut-Off-D,Cut-Off-E,Directory,Absentees,Malpractices,Detentions,NA,appeared
201013048,18.10,10,29.00,F,MAY_JUNE,2014,BACK,EE402,4.0,SIGNALS & SYSTEMS,90.000000,79.000000,68.000000,57.000000,46.000000,35.000000,MAY_JUNE_2014,0,0,0,0,0
20110010,19.50,11.5,31.00,F,MAY_JUNE,2014,BACK,EE402,4.0,SIGNALS & SYSTEMS,90.000000,79.000000,68.000000,57.000000,46.000000,35.000000,MAY_JUNE_2014,0,0,0,0,0
20110375,12.10,22,35.00,E,MAY_JUNE,2014,BACK,EE402,4.0,SIGNALS & SYSTEMS,90.000000,79.000000,68.000000,57.000000,46.000000,35.000000,MAY_JUNE_2014,0,0,0,0,0
20110393,17.10,10,28.00,F,MAY_JUNE,2014,BACK,EE402,4.0,SIGNALS & SYSTEMS,90.000000,79.000000,68.000000,57.000000,46.000000,35.000000,MAY_JUNE_2014,0,0,0,0,0
20110433,11.50,13,25.00,F,MAY_JUNE,2014,BACK,EE402,4.0,SIGNALS & SYSTEMS,90.000000,79.000000,68.000000,57.000000,46.000000,35.000000,MAY_JUNE_2014,0,0,0,0,0
201013035,12.65,AB,0.00,I,MAY_JUNE,2014,BACK,EE402,4.0,SIGNALS & SYSTEMS,90.000000,79.000000,68.000000,57.000000,46.000000,35.000000,MAY_JUNE_2014,0,0,0,0,0
