Reg_No,Internal,External,Total,Grade,Time,Year,Type,Code,Credit,Title,Cut-Off-S,Cut-Off-A,Cut-Off-B,Cut-Off-C,Cut-Off-D,Cut-Off-E,Directory,Absentees,Malpractices,Detentions,NA,appeared
200913070,19.00,AB,0.00,I,MAY_JUNE,2014,BACK,EE403,4.0,ELECTRICAL MACHINES II,80.000000,71.000000,62.000000,53.000000,44.000000,35.000000,MAY_JUNE_2014,0,0,0,0,0
20110327,23.40,02,26.00,F,MAY_JUNE,2014,BACK,EE403,4.0,ELECTRICAL MACHINES II,80.000000,71.000000,62.000000,53.000000,44.000000,35.000000,MAY_JUNE_2014,0,0,0,0,0
20110353,32.33,25,58.00,C,MAY_JUNE,2014,BACK,EE403,4.0,ELECTRICAL MACHINES II,80.000000,71.000000,62.000000,53.000000,44.000000,35.000000,MAY_JUNE_2014,0,0,0,0,0
20110373,17.77,11,29.00,F,MAY_JUNE,2014,BACK,EE403,4.0,ELECTRICAL MACHINES II,80.000000,71.000000,62.000000,53.000000,44.000000,35.000000,MAY_JUNE_2014,0,0,0,0,0
20110393,13.25,2.5,16.00,F,MAY_JUNE,2014,BACK,EE403,4.0,ELECTRICAL MACHINES II,80.000000,71.000000,62.000000,53.000000,44.000000,35.000000,MAY_JUNE_2014,0,0,0,0,0
20110405,20.77,00,21.00,F,MAY_JUNE,2014,BACK,EE403,4.0,ELECTRICAL MACHINES II,80.000000,71.000000,62.000000,53.000000,44.000000,35.000000,MAY_JUNE_2014,0,0,0,0,0
