Reg_No,Internal,External,Total,Grade,Time,Year,Type,Code,Credit,Title,Cut-Off-S,Cut-Off-A,Cut-Off-B,Cut-Off-C,Cut-Off-D,Cut-Off-E,Directory,Absentees,Malpractices,Detentions,NA,appeared
200913501,15.80,19,35.00,E,MAY_JUNE,2014,BACK,EE401,4.0,ENGINEERING MATHEMATICS IV,80.000000,71.000000,62.000000,53.000000,44.000000,35.000000,MAY_JUNE_2014,0,0,0,0,0
200913508,16.80,22,39.00,E,MAY_JUNE,2014,BACK,EE401,4.0,ENGINEERING MATHEMATICS IV,80.000000,71.000000,62.000000,53.000000,44.000000,35.000000,MAY_JUNE_2014,0,0,0,0,0
200913053,17.60,0.5,19.00,F,MAY_JUNE,2014,BACK,EE401,4.0,ENGINEERING MATHEMATICS IV,80.000000,71.000000,62.000000,53.000000,44.000000,35.000000,MAY_JUNE_2014,0,0,0,0,0
200913055,14.65,AB,0.00,I,MAY_JUNE,2014,BACK,EE401,4.0,ENGINEERING MATHEMATICS IV,80.000000,71.000000,62.000000,53.000000,44.000000,35.000000,MAY_JUNE_2014,0,0,0,0,0
200913070,20.10,AB,0.00,I,MAY_JUNE,2014,BACK,EE401,4.0,ENGINEERING MATHEMATICS IV,80.000000,71.000000,62.000000,53.000000,44.000000,35.000000,MAY_JUNE_2014,0,0,0,0,0
20110484,14.70,AB,0.00,I,MAY_JUNE,2014,BACK,EE401,4.0,ENGINEERING MATHEMATICS IV,80.000000,71.000000,62.000000,53.000000,44.000000,35.000000,MAY_JUNE_2014,0,0,0,0,0
20110598,21.40,AB,0.00,I,MAY_JUNE,2014,BACK,EE401,4.0,ENGINEERING MATHEMATICS IV,80.000000,71.000000,62.000000,53.000000,44.000000,35.000000,MAY_JUNE_2014,0,0,0,0,0
