Reg_No,Internal,External,Total,Grade,Time,Year,Type,Code,Credit,Title,Cut-Off-S,Cut-Off-A,Cut-Off-B,Cut-Off-C,Cut-Off-D,Cut-Off-E,Directory,Absentees,Malpractices,Detentions,NA,appeared
200613043,20.20,10.75,31.00,F,MAY_JUNE,2014,BACK,EE602,4.0,ADVANCED CONTROL THEORY,87.000000,76.000000,66.000000,55.000000,45.000000,35.000000,MAY_JUNE_2014,0,0,0,0,0
200913070,14.82,AB,0.00,I,MAY_JUNE,2014,BACK,EE602,4.0,ADVANCED CONTROL THEORY,87.000000,76.000000,66.000000,55.000000,45.000000,35.000000,MAY_JUNE_2014,0,0,0,0,0
200913079,18.63,13.5,33.00,F,MAY_JUNE,2014,BACK,EE602,4.0,ADVANCED CONTROL THEORY,87.000000,76.000000,66.000000,55.000000,45.000000,35.000000,MAY_JUNE_2014,0,0,0,0,0
201013065,15.32,05,21.00,F,MAY_JUNE,2014,BACK,EE602,4.0,ADVANCED CONTROL THEORY,87.000000,76.000000,66.000000,55.000000,45.000000,35.000000,MAY_JUNE_2014,0,0,0,0,0
201113510,27.55,13.25,41.00,E,MAY_JUNE,2014,BACK,EE602,4.0,ADVANCED CONTROL THEORY,87.000000,76.000000,66.000000,55.000000,45.000000,35.000000,MAY_JUNE_2014,0,0,0,0,0
