Reg_No,Internal,External,Total,Grade,Time,Year,Type,Code,Credit,Title,Cut-Off-S,Cut-Off-A,Cut-Off-B,Cut-Off-C,Cut-Off-D,Cut-Off-E,Directory,Absentees,Malpractices,Detentions,NA,appeared
20110450,10.85,AB,0.00,I,MAY_JUNE,2014,BACK,IE404,4.0,SIGNALS  SYSTEMS & COMMUNICATIONS,87.000000,76.000000,66.000000,55.000000,45.000000,35.000000,MAY_JUNE_2014,0,0,0,0,0
20110456,15.50,AB,0.00,I,MAY_JUNE,2014,BACK,IE404,4.0,SIGNALS  SYSTEMS & COMMUNICATIONS,87.000000,76.000000,66.000000,55.000000,45.000000,35.000000,MAY_JUNE_2014,0,0,0,0,0
20110490,7.70,AB,0.00,I,MAY_JUNE,2014,BACK,IE404,4.0,SIGNALS  SYSTEMS & COMMUNICATIONS,87.000000,76.000000,66.000000,55.000000,45.000000,35.000000,MAY_JUNE_2014,0,0,0,0,0
20110499,12.65,15.5,29.00,F,MAY_JUNE,2014,BACK,IE404,4.0,SIGNALS  SYSTEMS & COMMUNICATIONS,87.000000,76.000000,66.000000,55.000000,45.000000,35.000000,MAY_JUNE_2014,0,0,0,0,0
20110503,17.45,3,21.00,F,MAY_JUNE,2014,BACK,IE404,4.0,SIGNALS  SYSTEMS & COMMUNICATIONS,87.000000,76.000000,66.000000,55.000000,45.000000,35.000000,MAY_JUNE_2014,0,0,0,0,0
20110605,16.40,17,34.00,F,MAY_JUNE,2014,BACK,IE404,4.0,SIGNALS  SYSTEMS & COMMUNICATIONS,87.000000,76.000000,66.000000,55.000000,45.000000,35.000000,MAY_JUNE_2014,0,0,0,0,0
201028032,12.85,22.5,36.00,E,MAY_JUNE,2014,BACK,IE404,4.0,SIGNALS  SYSTEMS & COMMUNICATIONS,87.000000,76.000000,66.000000,55.000000,45.000000,35.000000,MAY_JUNE_2014,0,0,0,0,0
