Reg_No,Internal,External,Total,Grade,Time,Year,Type,Code,Credit,Title,Cut-Off-S,Cut-Off-A,Cut-Off-B,Cut-Off-C,Cut-Off-D,Cut-Off-E,Directory,Absentees,Malpractices,Detentions,NA,appeared
20110402,15.10,4.5,20.00,F,MAY_JUNE,2014,BACK,IE406,4.0,POWER ELECTRONICS,80.000000,71.000000,62.000000,53.000000,44.000000,35.000000,MAY_JUNE_2014,0,0,0,0,0
20110450,8.50,13.5,22.00,F,MAY_JUNE,2014,BACK,IE406,4.0,POWER ELECTRONICS,80.000000,71.000000,62.000000,53.000000,44.000000,35.000000,MAY_JUNE_2014,0,0,0,0,0
20110456,14.85,20.5,36.00,E,MAY_JUNE,2014,BACK,IE406,4.0,POWER ELECTRONICS,80.000000,71.000000,62.000000,53.000000,44.000000,35.000000,MAY_JUNE_2014,0,0,0,0,0
20110605,25.40,14,40.00,E,MAY_JUNE,2014,BACK,IE406,4.0,POWER ELECTRONICS,80.000000,71.000000,62.000000,53.000000,44.000000,35.000000,MAY_JUNE_2014,0,0,0,0,0
