Reg_No,Internal,External,Total,Grade,Time,Year,Type,Code,Credit,Title,Cut-Off-S,Cut-Off-A,Cut-Off-B,Cut-Off-C,Cut-Off-D,Cut-Off-E,Directory,Absentees,Malpractices,Detentions,NA,appeared
20110442,9.70,AB,0.00,I,MAY_JUNE,2014,BACK,IT402,4.0,COMPUTER ORGANIZATION & ARCHITECTURE,80.000000,71.000000,62.000000,53.000000,44.000000,35.000000,MAY_JUNE_2014,0,0,0,0,0
20110473,20.00,24.5,45.00,D,MAY_JUNE,2014,BACK,IT402,4.0,COMPUTER ORGANIZATION & ARCHITECTURE,80.000000,71.000000,62.000000,53.000000,44.000000,35.000000,MAY_JUNE_2014,0,0,0,0,0
20110477,15.50,8.5,24.00,F,MAY_JUNE,2014,BACK,IT402,4.0,COMPUTER ORGANIZATION & ARCHITECTURE,80.000000,71.000000,62.000000,53.000000,44.000000,35.000000,MAY_JUNE_2014,0,0,0,0,0
20110483,20.20,35,56.00,C,MAY_JUNE,2014,BACK,IT402,4.0,COMPUTER ORGANIZATION & ARCHITECTURE,80.000000,71.000000,62.000000,53.000000,44.000000,35.000000,MAY_JUNE_2014,0,0,0,0,0
20110485,19.90,AB,0.00,I,MAY_JUNE,2014,BACK,IT402,4.0,COMPUTER ORGANIZATION & ARCHITECTURE,80.000000,71.000000,62.000000,53.000000,44.000000,35.000000,MAY_JUNE_2014,0,0,0,0,0
20110509,15.40,28.5,44.00,D,MAY_JUNE,2014,BACK,IT402,4.0,COMPUTER ORGANIZATION & ARCHITECTURE,80.000000,71.000000,62.000000,53.000000,44.000000,35.000000,MAY_JUNE_2014,0,0,0,0,0
