Reg_No,Internal,External,Total,Grade,Time,Year,Type,Code,Credit,Title,Cut-Off-S,Cut-Off-A,Cut-Off-B,Cut-Off-C,Cut-Off-D,Cut-Off-E,Directory,Absentees,Malpractices,Detentions,NA,appeared
200915022,31.20,15,47.00,D,MAY_JUNE,2014,BACK,ME403,4.0,FLUID MECHANICS,83.000000,74.000000,64.000000,55.000000,45.000000,35.000000,MAY_JUNE_2014,0,0,0,0,0
200915059,20.70,2.5,24.00,F,MAY_JUNE,2014,BACK,ME403,4.0,FLUID MECHANICS,83.000000,74.000000,64.000000,55.000000,45.000000,35.000000,MAY_JUNE_2014,0,0,0,0,0
200915015,18.20,AB,0.00,I,MAY_JUNE,2014,BACK,ME403,4.0,FLUID MECHANICS,83.000000,74.000000,64.000000,55.000000,45.000000,35.000000,MAY_JUNE_2014,0,0,0,0,0
201015027,21.35,04,26.00,F,MAY_JUNE,2014,BACK,ME403,4.0,FLUID MECHANICS,83.000000,74.000000,64.000000,55.000000,45.000000,35.000000,MAY_JUNE_2014,0,0,0,0,0
201015062,19.90,15,35.00,E,MAY_JUNE,2014,BACK,ME403,4.0,FLUID MECHANICS,83.000000,74.000000,64.000000,55.000000,45.000000,35.000000,MAY_JUNE_2014,0,0,0,0,0
20110156,17.60,24,42.00,E,MAY_JUNE,2014,BACK,ME403,4.0,FLUID MECHANICS,83.000000,74.000000,64.000000,55.000000,45.000000,35.000000,MAY_JUNE_2014,0,0,0,0,0
20110276,15.30,AB,0.00,I,MAY_JUNE,2014,BACK,ME403,4.0,FLUID MECHANICS,83.000000,74.000000,64.000000,55.000000,45.000000,35.000000,MAY_JUNE_2014,0,0,0,0,0
20110339,16.30,9.5,26.00,F,MAY_JUNE,2014,BACK,ME403,4.0,FLUID MECHANICS,83.000000,74.000000,64.000000,55.000000,45.000000,35.000000,MAY_JUNE_2014,0,0,0,0,0
