Reg_No,Internal,External,Total,Grade,Time,Year,Type,Code,Credit,Title,Cut-Off-S,Cut-Off-A,Cut-Off-B,Cut-Off-C,Cut-Off-D,Cut-Off-E,Directory,Absentees,Malpractices,Detentions,NA,appeared
20110008,29.12,22,52.00,D,MAY_JUNE,2014,BACK,ME405,4.0,MATERIAL SCIENCE,90.000000,81.000000,71.000000,62.000000,52.000000,35.000000,MAY_JUNE_2014,0,0,0,0,0
20110013,26.11,21,48.00,E,MAY_JUNE,2014,BACK,ME405,4.0,MATERIAL SCIENCE,90.000000,81.000000,71.000000,62.000000,52.000000,35.000000,MAY_JUNE_2014,0,0,0,0,0
20110276,19.98,8.5,29.00,F,MAY_JUNE,2014,BACK,ME405,4.0,MATERIAL SCIENCE,90.000000,81.000000,71.000000,62.000000,52.000000,35.000000,MAY_JUNE_2014,0,0,0,0,0
20110339,14.91,02,17.00,F,MAY_JUNE,2014,BACK,ME405,4.0,MATERIAL SCIENCE,90.000000,81.000000,71.000000,62.000000,52.000000,35.000000,MAY_JUNE_2014,0,0,0,0,0
