Reg_No,Internal,External,Total,Grade,Time,Year,Type,Code,Credit,Title,Cut-Off-S,Cut-Off-A,Cut-Off-B,Cut-Off-C,Cut-Off-D,Cut-Off-E,Directory,Absentees,Malpractices,Detentions,NA,appeared
201015005,18.20,21.5,40.00,E,MAY_JUNE,2014,BACK,ME402,4.0,APPLIED THERMODYNAMICS I,84.000000,74.000000,65.000000,55.000000,45.000000,35.000000,MAY_JUNE_2014,0,0,0,0,0
201015063,20.30,AB,0.00,I,MAY_JUNE,2014,BACK,ME402,4.0,APPLIED THERMODYNAMICS I,84.000000,74.000000,65.000000,55.000000,45.000000,35.000000,MAY_JUNE_2014,0,0,0,0,0
20110276,24.10,12,37.00,E,MAY_JUNE,2014,BACK,ME402,4.0,APPLIED THERMODYNAMICS I,84.000000,74.000000,65.000000,55.000000,45.000000,35.000000,MAY_JUNE_2014,0,0,0,0,0
20110339,23.80,18.5,43.00,E,MAY_JUNE,2014,BACK,ME402,4.0,APPLIED THERMODYNAMICS I,84.000000,74.000000,65.000000,55.000000,45.000000,35.000000,MAY_JUNE_2014,0,0,0,0,0
20111012,20.50,AB,0.00,I,MAY_JUNE,2014,BACK,ME402,4.0,APPLIED THERMODYNAMICS I,84.000000,74.000000,65.000000,55.000000,45.000000,35.000000,MAY_JUNE_2014,0,0,0,0,0
20121793,19.00,16,35.00,E,MAY_JUNE,2014,BACK,ME402,4.0,APPLIED THERMODYNAMICS I,84.000000,74.000000,65.000000,55.000000,45.000000,35.000000,MAY_JUNE_2014,0,0,0,0,0
201015015,16.80,AB,0.00,I,MAY_JUNE,2014,BACK,ME402,4.0,APPLIED THERMODYNAMICS I,84.000000,74.000000,65.000000,55.000000,45.000000,35.000000,MAY_JUNE_2014,0,0,0,0,0
