Reg_No,Internal,External,Total,Grade,Time,Year,Type,Code,Credit,Title,Cut-Off-S,Cut-Off-A,Cut-Off-B,Cut-Off-C,Cut-Off-D,Cut-Off-E,Directory,Absentees,Malpractices,Detentions,NA,appeared
200915059,14.20,1.5,16.00,F,MAY_JUNE,2014,BACK,ME401,4.0,ENGINEERING MATHEMATICS IV,85.000000,75.000000,65.000000,55.000000,45.000000,35.000000,MAY_JUNE_2014,0,0,0,0,0
201015027,18.70,00,19.00,F,MAY_JUNE,2014,BACK,ME401,4.0,ENGINEERING MATHEMATICS IV,85.000000,75.000000,65.000000,55.000000,45.000000,35.000000,MAY_JUNE_2014,0,0,0,0,0
201015063,12.20,AB,0.00,I,MAY_JUNE,2014,BACK,ME401,4.0,ENGINEERING MATHEMATICS IV,85.000000,75.000000,65.000000,55.000000,45.000000,35.000000,MAY_JUNE_2014,0,0,0,0,0
20110229,13.30,AB,0.00,I,MAY_JUNE,2014,BACK,ME401,4.0,ENGINEERING MATHEMATICS IV,85.000000,75.000000,65.000000,55.000000,45.000000,35.000000,MAY_JUNE_2014,0,0,0,0,0
20111007,19.20,0.5,20.00,F,MAY_JUNE,2014,BACK,ME401,4.0,ENGINEERING MATHEMATICS IV,85.000000,75.000000,65.000000,55.000000,45.000000,35.000000,MAY_JUNE_2014,0,0,0,0,0
