Reg_No,Internal,External,Total,Grade,Time,Year,Type,Code,Credit,Title,Cut-Off-S,Cut-Off-A,Cut-Off-B,Cut-Off-C,Cut-Off-D,Cut-Off-E,Directory,Absentees,Malpractices,Detentions,NA,appeared
200915015,43.40,15,59.00,C,MAY_JUNE,2014,BACK,ME406,4.0,MANUFACTURING PROCESS II,90.000000,79.000000,68.000000,57.000000,46.000000,35.000000,MAY_JUNE_2014,0,0,0,0,0
201015049,16.20,33,50.00,D,MAY_JUNE,2014,BACK,ME406,4.0,MANUFACTURING PROCESS II,90.000000,79.000000,68.000000,57.000000,46.000000,35.000000,MAY_JUNE_2014,0,0,0,0,0
201015059,16.60,6.5,24.00,F,MAY_JUNE,2014,BACK,ME406,4.0,MANUFACTURING PROCESS II,90.000000,79.000000,68.000000,57.000000,46.000000,35.000000,MAY_JUNE_2014,0,0,0,0,0
20110025,15.10,24.5,40.00,E,MAY_JUNE,2014,BACK,ME406,4.0,MANUFACTURING PROCESS II,90.000000,79.000000,68.000000,57.000000,46.000000,35.000000,MAY_JUNE_2014,0,0,0,0,0
