Reg_No,Internal,External,Total,Grade,Time,Year,Type,Code,Credit,Title,Cut-Off-S,Cut-Off-A,Cut-Off-B,Cut-Off-C,Cut-Off-D,Cut-Off-E,Directory,Absentees,Malpractices,Detentions,NA,appeared
20110008,36.40,17.5,54.00,D,MAY_JUNE,2014,BACK,ME404,4.0,MACHINE DESIGN I,87.000000,76.000000,66.000000,55.000000,45.000000,35.000000,MAY_JUNE_2014,0,0,0,0,0
20110013,35.80,04,40.00,E,MAY_JUNE,2014,BACK,ME404,4.0,MACHINE DESIGN I,87.000000,76.000000,66.000000,55.000000,45.000000,35.000000,MAY_JUNE_2014,0,0,0,0,0
20110093,14.30,AB,0.00,I,MAY_JUNE,2014,BACK,ME404,4.0,MACHINE DESIGN I,87.000000,76.000000,66.000000,55.000000,45.000000,35.000000,MAY_JUNE_2014,0,0,0,0,0
20110288,20.50,01,22.00,F,MAY_JUNE,2014,BACK,ME404,4.0,MACHINE DESIGN I,87.000000,76.000000,66.000000,55.000000,45.000000,35.000000,MAY_JUNE_2014,0,0,0,0,0
