Reg_No,Internal,External,Total,Grade,Time,Year,Type,Code,Credit,Title,Cut-Off-S,Cut-Off-A,Cut-Off-B,Cut-Off-C,Cut-Off-D,Cut-Off-E,Directory,Absentees,Malpractices,Detentions,NA,appeared
20121202,11.60,11,23.00,F,MAY_JUNE,2014,BACK,MGT203,4.0,ADVANCED FINANCIAL MANAGEMENT,80.000000,71.000000,62.000000,53.000000,44.000000,35.000000,MAY_JUNE_2014,0,0,0,0,0
20121208,15.40,17.5,33.00,F,MAY_JUNE,2014,BACK,MGT203,4.0,ADVANCED FINANCIAL MANAGEMENT,80.000000,71.000000,62.000000,53.000000,44.000000,35.000000,MAY_JUNE_2014,0,0,0,0,0
20121235,18.46,18.5,37.00,E,MAY_JUNE,2014,BACK,MGT203,4.0,ADVANCED FINANCIAL MANAGEMENT,80.000000,71.000000,62.000000,53.000000,44.000000,35.000000,MAY_JUNE_2014,0,0,0,0,0
20121238,18.71,12.5,32.00,F,MAY_JUNE,2014,BACK,MGT203,4.0,ADVANCED FINANCIAL MANAGEMENT,80.000000,71.000000,62.000000,53.000000,44.000000,35.000000,MAY_JUNE_2014,0,0,0,0,0
20121249,17.11,10,28.00,F,MAY_JUNE,2014,BACK,MGT203,4.0,ADVANCED FINANCIAL MANAGEMENT,80.000000,71.000000,62.000000,53.000000,44.000000,35.000000,MAY_JUNE_2014,0,0,0,0,0
20121263,15.31,12.5,28.00,F,MAY_JUNE,2014,BACK,MGT203,4.0,ADVANCED FINANCIAL MANAGEMENT,80.000000,71.000000,62.000000,53.000000,44.000000,35.000000,MAY_JUNE_2014,0,0,0,0,0
20121268,13.90,18.5,33.00,F,MAY_JUNE,2014,BACK,MGT203,4.0,ADVANCED FINANCIAL MANAGEMENT,80.000000,71.000000,62.000000,53.000000,44.000000,35.000000,MAY_JUNE_2014,0,0,0,0,0
