Reg_No,Internal,External,Total,Grade,Time,Year,Type,Code,Credit,Title,Cut-Off-S,Cut-Off-A,Cut-Off-B,Cut-Off-C,Cut-Off-D,Cut-Off-E,Directory,Absentees,Malpractices,Detentions,NA,appeared
200911067,20.60,10.25,31.00,F,APRIL_MAY_APR,2013,BACK,CSE602,4.0,OPERATING SYSTEMS,83.000000,74.000000,64.000000,55.000000,45.000000,35.000000,APRIL_MAY_APR_2013,0,0,0,0,0
200911094,19.65,32,52.00,D,APRIL_MAY_APR,2013,BACK,CSE602,4.0,OPERATING SYSTEMS,83.000000,74.000000,64.000000,55.000000,45.000000,35.000000,APRIL_MAY_APR_2013,0,0,0,0,0
200911106,21.20,AB,0.00,I,APRIL_MAY_APR,2013,BACK,CSE602,4.0,OPERATING SYSTEMS,83.000000,74.000000,64.000000,55.000000,45.000000,35.000000,APRIL_MAY_APR_2013,0,0,0,0,0
201011511,25.85,MP,00.00,MP,APRIL_MAY_APR,2013,BACK,CSE602,4.0,OPERATING SYSTEMS,83.000000,74.000000,64.000000,55.000000,45.000000,35.000000,APRIL_MAY_APR_2013,0,0,0,0,0
200811004,18.65,AB,0.00,I,APRIL_MAY_APR,2013,BACK,CSE602,4.0,OPERATING SYSTEMS,83.000000,74.000000,64.000000,55.000000,45.000000,35.000000,APRIL_MAY_APR_2013,0,0,0,0,0
