Reg_No,Internal,External,Total,Grade,Time,Year,Type,Code,Credit,Title,Cut-Off-S,Cut-Off-A,Cut-Off-B,Cut-Off-C,Cut-Off-D,Cut-Off-E,Directory,Absentees,Malpractices,Detentions,NA,appeared
201012056,20.10,00,21.00,F,APRIL_MAY_APR,2013,BACK,EC401,4.0,ENGINEERING MATHEMATICS IV,80.000000,71.000000,62.000000,53.000000,44.000000,35.000000,APRIL_MAY_APR_2013,0,0,0,0,0
200912012,18.40,15,34.00,F,APRIL_MAY_APR,2013,BACK,EC401,4.0,ENGINEERING MATHEMATICS IV,80.000000,71.000000,62.000000,53.000000,44.000000,35.000000,APRIL_MAY_APR_2013,0,0,0,0,0
200912062,13.40,09,23.00,F,APRIL_MAY_APR,2013,BACK,EC401,4.0,ENGINEERING MATHEMATICS IV,80.000000,71.000000,62.000000,53.000000,44.000000,35.000000,APRIL_MAY_APR_2013,0,0,0,0,0
200912068,13.10,11,25.00,F,APRIL_MAY_APR,2013,BACK,EC401,4.0,ENGINEERING MATHEMATICS IV,80.000000,71.000000,62.000000,53.000000,44.000000,35.000000,APRIL_MAY_APR_2013,0,0,0,0,0
200912078,14.60,11,26.00,F,APRIL_MAY_APR,2013,BACK,EC401,4.0,ENGINEERING MATHEMATICS IV,80.000000,71.000000,62.000000,53.000000,44.000000,35.000000,APRIL_MAY_APR_2013,0,0,0,0,0
201012502,9.90,00,10.00,F,APRIL_MAY_APR,2013,BACK,EC401,4.0,ENGINEERING MATHEMATICS IV,80.000000,71.000000,62.000000,53.000000,44.000000,35.000000,APRIL_MAY_APR_2013,0,0,0,0,0
200812074,17.05,10.75,28.00,F,APRIL_MAY_APR,2013,BACK,EC401,4.0,ENGINEERING MATHEMATICS IV,80.000000,71.000000,62.000000,53.000000,44.000000,35.000000,APRIL_MAY_APR_2013,0,0,0,0,0
200912502,15.00,4.25,20.00,F,APRIL_MAY_APR,2013,BACK,EC401,4.0,ENGINEERING MATHEMATICS IV,80.000000,71.000000,62.000000,53.000000,44.000000,35.000000,APRIL_MAY_APR_2013,0,0,0,0,0
