Reg_No,Internal,External,Total,Grade,Time,Year,Type,Code,Credit,Title,Cut-Off-S,Cut-Off-A,Cut-Off-B,Cut-Off-C,Cut-Off-D,Cut-Off-E,Directory,Absentees,Malpractices,Detentions,NA,appeared
201012011,19.00,00,19.00,F,APRIL_MAY_APR,2013,BACK,EC403,4.0,ELECTROMAGNETIC WAVES,80.000000,71.000000,62.000000,53.000000,44.000000,35.000000,APRIL_MAY_APR_2013,0,0,0,0,0
201012093,6.00,AB,0.00,I,APRIL_MAY_APR,2013,BACK,EC403,4.0,ELECTROMAGNETIC WAVES,80.000000,71.000000,62.000000,53.000000,44.000000,35.000000,APRIL_MAY_APR_2013,0,0,0,0,0
201012097,17.40,AB,0.00,I,APRIL_MAY_APR,2013,BACK,EC403,4.0,ELECTROMAGNETIC WAVES,80.000000,71.000000,62.000000,53.000000,44.000000,35.000000,APRIL_MAY_APR_2013,0,0,0,0,0
200912007,26.30,19.5,46.00,D,APRIL_MAY_APR,2013,BACK,EC403,4.0,ELECTROMAGNETIC WAVES,80.000000,71.000000,62.000000,53.000000,44.000000,35.000000,APRIL_MAY_APR_2013,0,0,0,0,0
200912078,24.50,9.5,34.00,F,APRIL_MAY_APR,2013,BACK,EC403,4.0,ELECTROMAGNETIC WAVES,80.000000,71.000000,62.000000,53.000000,44.000000,35.000000,APRIL_MAY_APR_2013,0,0,0,0,0
200712502,17.80,AB,0.00,I,APRIL_MAY_APR,2013,BACK,EC403,4.0,ELECTROMAGNETIC WAVES,80.000000,71.000000,62.000000,53.000000,44.000000,35.000000,APRIL_MAY_APR_2013,0,0,0,0,0
