Reg_No,Internal,External,Total,Grade,Time,Year,Type,Code,Credit,Title,Cut-Off-S,Cut-Off-A,Cut-Off-B,Cut-Off-C,Cut-Off-D,Cut-Off-E,Directory,Absentees,Malpractices,Detentions,NA,appeared
201012003,10.90,39,50.00,D,APRIL_MAY_APR,2013,BACK,EC406,3.0,LINEAR IC SYSTEMS,90.000000,79.000000,68.000000,57.000000,46.000000,35.000000,APRIL_MAY_APR_2013,0,0,0,0,0
201012056,16.70,31.5,49.00,D,APRIL_MAY_APR,2013,BACK,EC406,3.0,LINEAR IC SYSTEMS,90.000000,79.000000,68.000000,57.000000,46.000000,35.000000,APRIL_MAY_APR_2013,0,0,0,0,0
201012093,8.10,7.5,16.00,F,APRIL_MAY_APR,2013,BACK,EC406,3.0,LINEAR IC SYSTEMS,90.000000,79.000000,68.000000,57.000000,46.000000,35.000000,APRIL_MAY_APR_2013,0,0,0,0,0
200912018,18.20,27,46.00,D,APRIL_MAY_APR,2013,BACK,EC406,3.0,LINEAR IC SYSTEMS,90.000000,79.000000,68.000000,57.000000,46.000000,35.000000,APRIL_MAY_APR_2013,0,0,0,0,0
200912095,18.00,28.5,47.00,D,APRIL_MAY_APR,2013,BACK,EC406,3.0,LINEAR IC SYSTEMS,90.000000,79.000000,68.000000,57.000000,46.000000,35.000000,APRIL_MAY_APR_2013,0,0,0,0,0
