Reg_No,Internal,External,Total,Grade,Time,Year,Type,Code,Credit,Title,Cut-Off-S,Cut-Off-A,Cut-Off-B,Cut-Off-C,Cut-Off-D,Cut-Off-E,Directory,Absentees,Malpractices,Detentions,NA,appeared
200912001,36.00,27.5,64.00,D,APRIL_MAY_APR,2013,BACK,EC709,4.0,SEMINAR_MINI PROJECT_IND.TOUR,90.000000,82.000000,74.000000,66.000000,58.000000,50.000000,APRIL_MAY_APR_2013,0,0,0,0,0
200912053,33.00,27.5,61.00,D,APRIL_MAY_APR,2013,BACK,EC709,4.0,SEMINAR_MINI PROJECT_IND.TOUR,90.000000,82.000000,74.000000,66.000000,58.000000,50.000000,APRIL_MAY_APR_2013,0,0,0,0,0
200912060,36.00,27.5,64.00,D,APRIL_MAY_APR,2013,BACK,EC709,4.0,SEMINAR_MINI PROJECT_IND.TOUR,90.000000,82.000000,74.000000,66.000000,58.000000,50.000000,APRIL_MAY_APR_2013,0,0,0,0,0
200912071,42.00,27.5,70.00,C,APRIL_MAY_APR,2013,BACK,EC709,4.0,SEMINAR_MINI PROJECT_IND.TOUR,90.000000,82.000000,74.000000,66.000000,58.000000,50.000000,APRIL_MAY_APR_2013,0,0,0,0,0
200912086,43.20,33,77.00,B,APRIL_MAY_APR,2013,BACK,EC709,4.0,SEMINAR_MINI PROJECT_IND.TOUR,90.000000,82.000000,74.000000,66.000000,58.000000,50.000000,APRIL_MAY_APR_2013,0,0,0,0,0
200912088,43.80,33,77.00,B,APRIL_MAY_APR,2013,BACK,EC709,4.0,SEMINAR_MINI PROJECT_IND.TOUR,90.000000,82.000000,74.000000,66.000000,58.000000,50.000000,APRIL_MAY_APR_2013,0,0,0,0,0
200912103,43.80,33,77.00,B,APRIL_MAY_APR,2013,BACK,EC709,4.0,SEMINAR_MINI PROJECT_IND.TOUR,90.000000,82.000000,74.000000,66.000000,58.000000,50.000000,APRIL_MAY_APR_2013,0,0,0,0,0
