Reg_No,Internal,External,Total,Grade,Time,Year,Type,Code,Credit,Title,Cut-Off-S,Cut-Off-A,Cut-Off-B,Cut-Off-C,Cut-Off-D,Cut-Off-E,Directory,Absentees,Malpractices,Detentions,NA,appeared
200915015,18.20,2.50,21.00,F,APRIL_MAY_APR,2013,BACK,ME403,4.0,FLUID MECHANICS,84.000000,74.000000,65.000000,55.000000,45.000000,35.000000,APRIL_MAY_APR_2013,0,0,0,0,0
201015039,24.60,10.50,36.00,E,APRIL_MAY_APR,2013,BACK,ME403,4.0,FLUID MECHANICS,84.000000,74.000000,65.000000,55.000000,45.000000,35.000000,APRIL_MAY_APR_2013,0,0,0,0,0
201015051,21.00,11,32.00,F,APRIL_MAY_APR,2013,BACK,ME403,4.0,FLUID MECHANICS,84.000000,74.000000,65.000000,55.000000,45.000000,35.000000,APRIL_MAY_APR_2013,0,0,0,0,0
200915021,17.40,26.5,44.00,E,APRIL_MAY_APR,2013,BACK,ME403,4.0,FLUID MECHANICS,84.000000,74.000000,65.000000,55.000000,45.000000,35.000000,APRIL_MAY_APR_2013,0,0,0,0,0
