Reg_No,Internal,External,Total,Grade,Time,Year,Type,Code,Credit,Title,Cut-Off-S,Cut-Off-A,Cut-Off-B,Cut-Off-C,Cut-Off-D,Cut-Off-E,Directory,Absentees,Malpractices,Detentions,NA,appeared
201123013,22.70,03,26.00,F,APRIL_MAY_APR,2013,BACK,MGT203,4.0,ADVANCED FINANCIAL MANAGEMENT,80.000000,71.000000,62.000000,53.000000,44.000000,35.000000,APRIL_MAY_APR_2013,0,0,0,0,0
201123022,15.60,13.5,30.00,F,APRIL_MAY_APR,2013,BACK,MGT203,4.0,ADVANCED FINANCIAL MANAGEMENT,80.000000,71.000000,62.000000,53.000000,44.000000,35.000000,APRIL_MAY_APR_2013,0,0,0,0,0
201123024,18.10,06,25.00,F,APRIL_MAY_APR,2013,BACK,MGT203,4.0,ADVANCED FINANCIAL MANAGEMENT,80.000000,71.000000,62.000000,53.000000,44.000000,35.000000,APRIL_MAY_APR_2013,0,0,0,0,0
201123033,13.80,13,27.00,F,APRIL_MAY_APR,2013,BACK,MGT203,4.0,ADVANCED FINANCIAL MANAGEMENT,80.000000,71.000000,62.000000,53.000000,44.000000,35.000000,APRIL_MAY_APR_2013,0,0,0,0,0
201123034,16.00,05,21.00,F,APRIL_MAY_APR,2013,BACK,MGT203,4.0,ADVANCED FINANCIAL MANAGEMENT,80.000000,71.000000,62.000000,53.000000,44.000000,35.000000,APRIL_MAY_APR_2013,0,0,0,0,0
201123042,19.55,16,36.00,E,APRIL_MAY_APR,2013,BACK,MGT203,4.0,ADVANCED FINANCIAL MANAGEMENT,80.000000,71.000000,62.000000,53.000000,44.000000,35.000000,APRIL_MAY_APR_2013,0,0,0,0,0
201123060,8.50,10,19.00,F,APRIL_MAY_APR,2013,BACK,MGT203,4.0,ADVANCED FINANCIAL MANAGEMENT,80.000000,71.000000,62.000000,53.000000,44.000000,35.000000,APRIL_MAY_APR_2013,0,0,0,0,0
201023047,14.30,AB,0.00,I,APRIL_MAY_APR,2013,BACK,MGT203,4.0,ADVANCED FINANCIAL MANAGEMENT,80.000000,71.000000,62.000000,53.000000,44.000000,35.000000,APRIL_MAY_APR_2013,0,0,0,0,0
