Reg_No,Internal,External,Total,Grade,Time,Year,Type,Code,Credit,Title,Cut-Off-S,Cut-Off-A,Cut-Off-B,Cut-Off-C,Cut-Off-D,Cut-Off-E,Directory,Absentees,Malpractices,Detentions,NA,appeared
201419019,17.11,AB,0.00,I,APRIL_MAY_APR,2018,BACK,BA1204,4.0,BUSINESS FINANCE _12 13 14 15 16 17_,80.000000,71.000000,62.000000,53.000000,44.000000,35.000000,APRIL_MAY_APR_2018,0,0,0,0,0
201519020,15.26,22.5,38.00,E,APRIL_MAY_APR,2018,BACK,BA1204,4.0,BUSINESS FINANCE _12 13 14 15 16 17_,80.000000,71.000000,62.000000,53.000000,44.000000,35.000000,APRIL_MAY_APR_2018,0,0,0,0,0
201519039,15.21,24.5,40.00,E,APRIL_MAY_APR,2018,BACK,BA1204,4.0,BUSINESS FINANCE _12 13 14 15 16 17_,80.000000,71.000000,62.000000,53.000000,44.000000,35.000000,APRIL_MAY_APR_2018,0,0,0,0,0
