Reg_No,Internal,External,Total,Grade,Time,Year,Type,Code,Credit,Title,Cut-Off-S,Cut-Off-A,Cut-Off-B,Cut-Off-C,Cut-Off-D,Cut-Off-E,Directory,Absentees,Malpractices,Detentions,NA,appeared
20130460,5.00,AB,0.00,I,APRIL_MAY_APR,2018,BACK,BA1510,4.0,INDUSTRIAL MANAGEMENT _11 12 13 14 15_,80.000000,71.000000,62.000000,53.000000,44.000000,35.000000,APRIL_MAY_APR_2018,0,0,0,0,0
20140097,22.30,7.5,30.00,F,APRIL_MAY_APR,2018,BACK,BA1510,4.0,INDUSTRIAL MANAGEMENT _11 12 13 14 15_,80.000000,71.000000,62.000000,53.000000,44.000000,35.000000,APRIL_MAY_APR_2018,0,0,0,0,0
20140131,12.80,07,20.00,F,APRIL_MAY_APR,2018,BACK,BA1510,4.0,INDUSTRIAL MANAGEMENT _11 12 13 14 15_,80.000000,71.000000,62.000000,53.000000,44.000000,35.000000,APRIL_MAY_APR_2018,0,0,0,0,0
20140499,31.60,17,49.00,D,APRIL_MAY_APR,2018,BACK,BA1510,4.0,INDUSTRIAL MANAGEMENT _11 12 13 14 15_,80.000000,71.000000,62.000000,53.000000,44.000000,35.000000,APRIL_MAY_APR_2018,0,0,0,0,0
