Reg_No,Internal,External,Total,Grade,Time,Year,Type,Code,Credit,Title,Cut-Off-S,Cut-Off-A,Cut-Off-B,Cut-Off-C,Cut-Off-D,Cut-Off-E,Directory,Absentees,Malpractices,Detentions,NA,appeared
20140023,15.20,AB,0.00,I,APRIL_MAY_APR,2018,BACK,CE1404,4.0,DESIGN OF RC STRUCTURES _11 12 13 14 15 16_,80.000000,71.000000,62.000000,53.000000,44.000000,35.000000,APRIL_MAY_APR_2018,0,0,0,0,0
20140362,13.60,03,17.00,F,APRIL_MAY_APR,2018,BACK,CE1404,4.0,DESIGN OF RC STRUCTURES _11 12 13 14 15 16_,80.000000,71.000000,62.000000,53.000000,44.000000,35.000000,APRIL_MAY_APR_2018,0,0,0,0,0
20140665,12.80,3.5,17.00,F,APRIL_MAY_APR,2018,BACK,CE1404,4.0,DESIGN OF RC STRUCTURES _11 12 13 14 15 16_,80.000000,71.000000,62.000000,53.000000,44.000000,35.000000,APRIL_MAY_APR_2018,0,0,0,0,0
201500154,18.10,7.0,26.00,F,APRIL_MAY_APR,2018,BACK,CE1404,4.0,DESIGN OF RC STRUCTURES _11 12 13 14 15 16_,80.000000,71.000000,62.000000,53.000000,44.000000,35.000000,APRIL_MAY_APR_2018,0,0,0,0,0
201518503,12.90,14,27.00,F,APRIL_MAY_APR,2018,BACK,CE1404,4.0,DESIGN OF RC STRUCTURES _11 12 13 14 15 16_,80.000000,71.000000,62.000000,53.000000,44.000000,35.000000,APRIL_MAY_APR_2018,0,0,0,0,0
201618527,13.50,AB,0.00,I,APRIL_MAY_APR,2018,BACK,CE1404,4.0,DESIGN OF RC STRUCTURES _11 12 13 14 15 16_,80.000000,71.000000,62.000000,53.000000,44.000000,35.000000,APRIL_MAY_APR_2018,0,0,0,0,0
