Reg_No,Internal,External,Total,Grade,Time,Year,Type,Code,Credit,Title,Cut-Off-S,Cut-Off-A,Cut-Off-B,Cut-Off-C,Cut-Off-D,Cut-Off-E,Directory,Absentees,Malpractices,Detentions,NA,appeared
20130564,11.15,26.75,38.00,E,APRIL_MAY_APR,2018,BACK,CE1406,4.0,CONSTRUCTION MATERIAL & CONCRETE TECHNOLOGY _11 12 13 14 15 16_,80.000000,71.000000,62.000000,53.000000,44.000000,35.000000,APRIL_MAY_APR_2018,0,0,0,0,0
20130565,10.35,0.5,11.00,F,APRIL_MAY_APR,2018,BACK,CE1406,4.0,CONSTRUCTION MATERIAL & CONCRETE TECHNOLOGY _11 12 13 14 15 16_,80.000000,71.000000,62.000000,53.000000,44.000000,35.000000,APRIL_MAY_APR_2018,0,0,0,0,0
20140008,2.25,AB,0.00,I,APRIL_MAY_APR,2018,BACK,CE1406,4.0,CONSTRUCTION MATERIAL & CONCRETE TECHNOLOGY _11 12 13 14 15 16_,80.000000,71.000000,62.000000,53.000000,44.000000,35.000000,APRIL_MAY_APR_2018,0,0,0,0,0
20140198,4.50,AB,0.00,I,APRIL_MAY_APR,2018,BACK,CE1406,4.0,CONSTRUCTION MATERIAL & CONCRETE TECHNOLOGY _11 12 13 14 15 16_,80.000000,71.000000,62.000000,53.000000,44.000000,35.000000,APRIL_MAY_APR_2018,0,0,0,0,0
20140218,10.85,26.5,38.00,E,APRIL_MAY_APR,2018,BACK,CE1406,4.0,CONSTRUCTION MATERIAL & CONCRETE TECHNOLOGY _11 12 13 14 15 16_,80.000000,71.000000,62.000000,53.000000,44.000000,35.000000,APRIL_MAY_APR_2018,0,0,0,0,0
201500148,10.90,14.5,26.00,F,APRIL_MAY_APR,2018,BACK,CE1406,4.0,CONSTRUCTION MATERIAL & CONCRETE TECHNOLOGY _11 12 13 14 15 16_,80.000000,71.000000,62.000000,53.000000,44.000000,35.000000,APRIL_MAY_APR_2018,0,0,0,0,0
201518508,12.68,AB,0.00,I,APRIL_MAY_APR,2018,BACK,CE1406,4.0,CONSTRUCTION MATERIAL & CONCRETE TECHNOLOGY _11 12 13 14 15 16_,80.000000,71.000000,62.000000,53.000000,44.000000,35.000000,APRIL_MAY_APR_2018,0,0,0,0,0
201518514,7.90,7.5,16.00,F,APRIL_MAY_APR,2018,BACK,CE1406,4.0,CONSTRUCTION MATERIAL & CONCRETE TECHNOLOGY _11 12 13 14 15 16_,80.000000,71.000000,62.000000,53.000000,44.000000,35.000000,APRIL_MAY_APR_2018,0,0,0,0,0
