Reg_No,Internal,External,Total,Grade,Time,Year,Type,Code,Credit,Title,Cut-Off-S,Cut-Off-A,Cut-Off-B,Cut-Off-C,Cut-Off-D,Cut-Off-E,Directory,Absentees,Malpractices,Detentions,NA,appeared
201500363,17.05,AB,0.00,I,APRIL_MAY_APR,2018,BACK,CH1111,2.0,ENVIRONMENTAL SCIENCE _16 17_,84.000000,74.000000,65.000000,55.000000,45.000000,35.000000,APRIL_MAY_APR_2018,0,0,0,0,0
201600501,20.10,32,53.00,D,APRIL_MAY_APR,2018,BACK,CH1111,2.0,ENVIRONMENTAL SCIENCE _16 17_,84.000000,74.000000,65.000000,55.000000,45.000000,35.000000,APRIL_MAY_APR_2018,0,0,0,0,0
201700434,17.20,12.5,30.00,F,APRIL_MAY_APR,2018,BACK,CH1111,2.0,ENVIRONMENTAL SCIENCE _16 17_,84.000000,74.000000,65.000000,55.000000,45.000000,35.000000,APRIL_MAY_APR_2018,0,0,0,0,0
201700472,13.35,10,24.00,F,APRIL_MAY_APR,2018,BACK,CH1111,2.0,ENVIRONMENTAL SCIENCE _16 17_,84.000000,74.000000,65.000000,55.000000,45.000000,35.000000,APRIL_MAY_APR_2018,0,0,0,0,0
201700492,12.45,AB,0.00,I,APRIL_MAY_APR,2018,BACK,CH1111,2.0,ENVIRONMENTAL SCIENCE _16 17_,84.000000,74.000000,65.000000,55.000000,45.000000,35.000000,APRIL_MAY_APR_2018,0,0,0,0,0
