Reg_No,Internal,External,Total,Grade,Time,Year,Type,Code,Credit,Title,Cut-Off-S,Cut-Off-A,Cut-Off-B,Cut-Off-C,Cut-Off-D,Cut-Off-E,Directory,Absentees,Malpractices,Detentions,NA,appeared
20120357,10.60,30.5,42.00,E,APRIL_MAY_APR,2018,BACK,CS1431_CS1402,4.0,MICROPROCESSOR & PERIPHERAL DEVICES _ELECTIVE I__10 11 12 13 14 15 16_,88.000000,78.000000,67.000000,57.000000,46.000000,35.000000,APRIL_MAY_APR_2018,0,0,0,0,0
20140555,22.50,21.5,44.00,E,APRIL_MAY_APR,2018,BACK,CS1431_CS1402,4.0,MICROPROCESSOR & PERIPHERAL DEVICES _ELECTIVE I__10 11 12 13 14 15 16_,88.000000,78.000000,67.000000,57.000000,46.000000,35.000000,APRIL_MAY_APR_2018,0,0,0,0,0
20140291,22.00,AB,0.00,I,APRIL_MAY_APR,2018,BACK,CS1431_CS1402,4.0,MICROPROCESSOR & PERIPHERAL DEVICES _ELECTIVE I__10 11 12 13 14 15 16_,88.000000,78.000000,67.000000,57.000000,46.000000,35.000000,APRIL_MAY_APR_2018,0,0,0,0,0
20140050,27.50,33.5,61.00,C,APRIL_MAY_APR,2018,BACK,CS1431_CS1402,4.0,MICROPROCESSOR & PERIPHERAL DEVICES _ELECTIVE I__10 11 12 13 14 15 16_,88.000000,78.000000,67.000000,57.000000,46.000000,35.000000,APRIL_MAY_APR_2018,0,0,0,0,0
20140093,24.40,25.5,50.00,D,APRIL_MAY_APR,2018,BACK,CS1431_CS1402,4.0,MICROPROCESSOR & PERIPHERAL DEVICES _ELECTIVE I__10 11 12 13 14 15 16_,88.000000,78.000000,67.000000,57.000000,46.000000,35.000000,APRIL_MAY_APR_2018,0,0,0,0,0
20130198,32.80,27.5,61.00,C,APRIL_MAY_APR,2018,BACK,CS1431_CS1402,4.0,MICROPROCESSOR & PERIPHERAL DEVICES _ELECTIVE I__10 11 12 13 14 15 16_,88.000000,78.000000,67.000000,57.000000,46.000000,35.000000,APRIL_MAY_APR_2018,0,0,0,0,0
20130090,21.50,18.5,40.00,E,APRIL_MAY_APR,2018,BACK,CS1431_CS1402,4.0,MICROPROCESSOR & PERIPHERAL DEVICES _ELECTIVE I__10 11 12 13 14 15 16_,88.000000,78.000000,67.000000,57.000000,46.000000,35.000000,APRIL_MAY_APR_2018,0,0,0,0,0
