Reg_No,Internal,External,Total,Grade,Time,Year,Type,Code,Credit,Title,Cut-Off-S,Cut-Off-A,Cut-Off-B,Cut-Off-C,Cut-Off-D,Cut-Off-E,Directory,Absentees,Malpractices,Detentions,NA,appeared
20140073,9.50,25.5,35.00,E,APRIL_MAY_APR,2018,BACK,CS1404,4.0,COMPUTER GRAPHICS _10 11 12 13 14_,80.000000,71.000000,62.000000,53.000000,44.000000,35.000000,APRIL_MAY_APR_2018,0,0,0,0,0
20140129,13.00,8.5,22.00,F,APRIL_MAY_APR,2018,BACK,CS1404,4.0,COMPUTER GRAPHICS _10 11 12 13 14_,80.000000,71.000000,62.000000,53.000000,44.000000,35.000000,APRIL_MAY_APR_2018,0,0,0,0,0
20140348,18.75,AB,0.00,I,APRIL_MAY_APR,2018,BACK,CS1404,4.0,COMPUTER GRAPHICS _10 11 12 13 14_,80.000000,71.000000,62.000000,53.000000,44.000000,35.000000,APRIL_MAY_APR_2018,0,0,0,0,0
20140395,9.95,AB,0.00,I,APRIL_MAY_APR,2018,BACK,CS1404,4.0,COMPUTER GRAPHICS _10 11 12 13 14_,80.000000,71.000000,62.000000,53.000000,44.000000,35.000000,APRIL_MAY_APR_2018,0,0,0,0,0
20140495,10.90,AB,0.00,I,APRIL_MAY_APR,2018,BACK,CS1404,4.0,COMPUTER GRAPHICS _10 11 12 13 14_,80.000000,71.000000,62.000000,53.000000,44.000000,35.000000,APRIL_MAY_APR_2018,0,0,0,0,0
20140658,11.95,AB,0.00,I,APRIL_MAY_APR,2018,BACK,CS1404,4.0,COMPUTER GRAPHICS _10 11 12 13 14_,80.000000,71.000000,62.000000,53.000000,44.000000,35.000000,APRIL_MAY_APR_2018,0,0,0,0,0
