Reg_No,Internal,External,Total,Grade,Time,Year,Type,Code,Credit,Title,Cut-Off-S,Cut-Off-A,Cut-Off-B,Cut-Off-C,Cut-Off-D,Cut-Off-E,Directory,Absentees,Malpractices,Detentions,NA,appeared
20140129,8.00,3.5,12.00,F,APRIL_MAY_APR,2018,BACK,EC1407,4.0,COMMUNICATION TECHNIQUES _11 12 13 14_,84.000000,74.000000,65.000000,55.000000,45.000000,35.000000,APRIL_MAY_APR_2018,0,0,0,0,0
20140291,11.20,AB,0.00,I,APRIL_MAY_APR,2018,BACK,EC1407,4.0,COMMUNICATION TECHNIQUES _11 12 13 14_,84.000000,74.000000,65.000000,55.000000,45.000000,35.000000,APRIL_MAY_APR_2018,0,0,0,0,0
20140395,14.10,AB,0.00,I,APRIL_MAY_APR,2018,BACK,EC1407,4.0,COMMUNICATION TECHNIQUES _11 12 13 14_,84.000000,74.000000,65.000000,55.000000,45.000000,35.000000,APRIL_MAY_APR_2018,0,0,0,0,0
20140544,11.90,24,36.00,E,APRIL_MAY_APR,2018,BACK,EC1407,4.0,COMMUNICATION TECHNIQUES _11 12 13 14_,84.000000,74.000000,65.000000,55.000000,45.000000,35.000000,APRIL_MAY_APR_2018,0,0,0,0,0
20140555,15.20,26.5,42.00,E,APRIL_MAY_APR,2018,BACK,EC1407,4.0,COMMUNICATION TECHNIQUES _11 12 13 14_,84.000000,74.000000,65.000000,55.000000,45.000000,35.000000,APRIL_MAY_APR_2018,0,0,0,0,0
20140576,13.90,21,35.00,E,APRIL_MAY_APR,2018,BACK,EC1407,4.0,COMMUNICATION TECHNIQUES _11 12 13 14_,84.000000,74.000000,65.000000,55.000000,45.000000,35.000000,APRIL_MAY_APR_2018,0,0,0,0,0
