Reg_No,Internal,External,Total,Grade,Time,Year,Type,Code,Credit,Title,Cut-Off-S,Cut-Off-A,Cut-Off-B,Cut-Off-C,Cut-Off-D,Cut-Off-E,Directory,Absentees,Malpractices,Detentions,NA,appeared
20120192,18.30,12.5,31.00,F,APRIL_MAY_APR,2018,BACK,EC1605,4.0,POWER ELECTRONICS _10 11 12 13 14_,82.000000,72.000000,63.000000,53.000000,44.000000,35.000000,APRIL_MAY_APR_2018,0,0,0,0,0
20130306,13.30,13,27.00,F,APRIL_MAY_APR,2018,BACK,EC1605,4.0,POWER ELECTRONICS _10 11 12 13 14_,82.000000,72.000000,63.000000,53.000000,44.000000,35.000000,APRIL_MAY_APR_2018,0,0,0,0,0
20130460,2.00,04,6.00,F,APRIL_MAY_APR,2018,BACK,EC1605,4.0,POWER ELECTRONICS _10 11 12 13 14_,82.000000,72.000000,63.000000,53.000000,44.000000,35.000000,APRIL_MAY_APR_2018,0,0,0,0,0
20140226,12.80,06,19.00,F,APRIL_MAY_APR,2018,BACK,EC1605,4.0,POWER ELECTRONICS _10 11 12 13 14_,82.000000,72.000000,63.000000,53.000000,44.000000,35.000000,APRIL_MAY_APR_2018,0,0,0,0,0
20140358,25.20,AB,0.00,I,APRIL_MAY_APR,2018,BACK,EC1605,4.0,POWER ELECTRONICS _10 11 12 13 14_,82.000000,72.000000,63.000000,53.000000,44.000000,35.000000,APRIL_MAY_APR_2018,0,0,0,0,0
20140509,12.20,22,35.00,E,APRIL_MAY_APR,2018,BACK,EC1605,4.0,POWER ELECTRONICS _10 11 12 13 14_,82.000000,72.000000,63.000000,53.000000,44.000000,35.000000,APRIL_MAY_APR_2018,0,0,0,0,0
