Reg_No,Internal,External,Total,Grade,Time,Year,Type,Code,Credit,Title,Cut-Off-S,Cut-Off-A,Cut-Off-B,Cut-Off-C,Cut-Off-D,Cut-Off-E,Directory,Absentees,Malpractices,Detentions,NA,appeared
201500406,12.00,01,13.00,F,APRIL_MAY_APR,2018,BACK,EE1402,4.0,SIGNALS & SYSTEMS _10 11 12 13 14 15 16_,80.000000,71.000000,62.000000,53.000000,44.000000,35.000000,APRIL_MAY_APR_2018,0,0,0,0,0
201613501,11.40,04,16.00,F,APRIL_MAY_APR,2018,BACK,EE1402,4.0,SIGNALS & SYSTEMS _10 11 12 13 14 15 16_,80.000000,71.000000,62.000000,53.000000,44.000000,35.000000,APRIL_MAY_APR_2018,0,0,0,0,0
201613503,12.00,10,22.00,F,APRIL_MAY_APR,2018,BACK,EE1402,4.0,SIGNALS & SYSTEMS _10 11 12 13 14 15 16_,80.000000,71.000000,62.000000,53.000000,44.000000,35.000000,APRIL_MAY_APR_2018,0,0,0,0,0
201613508,8.40,01,10.00,F,APRIL_MAY_APR,2018,BACK,EE1402,4.0,SIGNALS & SYSTEMS _10 11 12 13 14 15 16_,80.000000,71.000000,62.000000,53.000000,44.000000,35.000000,APRIL_MAY_APR_2018,0,0,0,0,0
