Reg_No,Internal,External,Total,Grade,Time,Year,Type,Code,Credit,Title,Cut-Off-S,Cut-Off-A,Cut-Off-B,Cut-Off-C,Cut-Off-D,Cut-Off-E,Directory,Absentees,Malpractices,Detentions,NA,appeared
20130576,0.00,DT,0.00,DT,APRIL_MAY_APR,2018,NORMAL,EE1631,4.0,PROGRAMMING WITH JAVA _ELECTIVE I_,90.000000,79.000000,68.000000,57.000000,46.000000,35.000000,APRIL_MAY_APR_2018,0,0,1,0,7
20130647,20.10,0,21.00,F,APRIL_MAY_APR,2018,NORMAL,EE1631,4.0,PROGRAMMING WITH JAVA _ELECTIVE I_,90.000000,79.000000,68.000000,57.000000,46.000000,35.000000,APRIL_MAY_APR_2018,0,0,1,0,7
201500102,46.70,48.5,96.00,S,APRIL_MAY_APR,2018,NORMAL,EE1631,4.0,PROGRAMMING WITH JAVA _ELECTIVE I_,90.000000,79.000000,68.000000,57.000000,46.000000,35.000000,APRIL_MAY_APR_2018,0,0,1,0,7
201500248,27.80,19,47.00,D,APRIL_MAY_APR,2018,NORMAL,EE1631,4.0,PROGRAMMING WITH JAVA _ELECTIVE I_,90.000000,79.000000,68.000000,57.000000,46.000000,35.000000,APRIL_MAY_APR_2018,0,0,1,0,7
201500275,43.70,48.5,93.00,S,APRIL_MAY_APR,2018,NORMAL,EE1631,4.0,PROGRAMMING WITH JAVA _ELECTIVE I_,90.000000,79.000000,68.000000,57.000000,46.000000,35.000000,APRIL_MAY_APR_2018,0,0,1,0,7
201500346,34.90,45.5,81.00,A,APRIL_MAY_APR,2018,NORMAL,EE1631,4.0,PROGRAMMING WITH JAVA _ELECTIVE I_,90.000000,79.000000,68.000000,57.000000,46.000000,35.000000,APRIL_MAY_APR_2018,0,0,1,0,7
201500406,10.40,0,11.00,F,APRIL_MAY_APR,2018,NORMAL,EE1631,4.0,PROGRAMMING WITH JAVA _ELECTIVE I_,90.000000,79.000000,68.000000,57.000000,46.000000,35.000000,APRIL_MAY_APR_2018,0,0,1,0,7
20130160,31.70,20,52.00,D,APRIL_MAY_APR,2018,NORMAL,EE1631,4.0,PROGRAMMING WITH JAVA _ELECTIVE I_,90.000000,79.000000,68.000000,57.000000,46.000000,35.000000,APRIL_MAY_APR_2018,0,0,1,0,7
