Reg_No,Internal,External,Total,Grade,Time,Year,Type,Code,Credit,Title,Cut-Off-S,Cut-Off-A,Cut-Off-B,Cut-Off-C,Cut-Off-D,Cut-Off-E,Directory,Absentees,Malpractices,Detentions,NA,appeared
20140353,36.40,25.5,62.00,B,APRIL_MAY_APR,2018,BACK,EE1604,4.0,DIGITAL SIGNAL PROCESSING _11 12 13 14_,80.000000,71.000000,62.000000,53.000000,44.000000,35.000000,APRIL_MAY_APR_2018,0,0,0,0,0
20140375,17.40,25,43.00,E,APRIL_MAY_APR,2018,BACK,EE1604,4.0,DIGITAL SIGNAL PROCESSING _11 12 13 14_,80.000000,71.000000,62.000000,53.000000,44.000000,35.000000,APRIL_MAY_APR_2018,0,0,0,0,0
20140172,31.30,20,52.00,D,APRIL_MAY_APR,2018,BACK,EE1604,4.0,DIGITAL SIGNAL PROCESSING _11 12 13 14_,80.000000,71.000000,62.000000,53.000000,44.000000,35.000000,APRIL_MAY_APR_2018,0,0,0,0,0
201513507,18.70,17.5,37.00,E,APRIL_MAY_APR,2018,BACK,EE1604,4.0,DIGITAL SIGNAL PROCESSING _11 12 13 14_,80.000000,71.000000,62.000000,53.000000,44.000000,35.000000,APRIL_MAY_APR_2018,0,0,0,0,0
20130176,36.40,13,50.00,D,APRIL_MAY_APR,2018,BACK,EE1604,4.0,DIGITAL SIGNAL PROCESSING _11 12 13 14_,80.000000,71.000000,62.000000,53.000000,44.000000,35.000000,APRIL_MAY_APR_2018,0,0,0,0,0
20140315,43.60,36,80.00,S,APRIL_MAY_APR,2018,BACK,EE1604,4.0,DIGITAL SIGNAL PROCESSING _11 12 13 14_,80.000000,71.000000,62.000000,53.000000,44.000000,35.000000,APRIL_MAY_APR_2018,0,0,0,0,0
201513503,30.20,12,43.00,E,APRIL_MAY_APR,2018,BACK,EE1604,4.0,DIGITAL SIGNAL PROCESSING _11 12 13 14_,80.000000,71.000000,62.000000,53.000000,44.000000,35.000000,APRIL_MAY_APR_2018,0,0,0,0,0
