Reg_No,Internal,External,Total,Grade,Time,Year,Type,Code,Credit,Title,Cut-Off-S,Cut-Off-A,Cut-Off-B,Cut-Off-C,Cut-Off-D,Cut-Off-E,Directory,Absentees,Malpractices,Detentions,NA,appeared
20140674,69.75,19,89.00,A,APRIL_MAY_APR,2018,NORMAL,IT1661,1.5,JAVA PROGRAMMING LAB,90.000000,82.000000,74.000000,66.000000,58.000000,50.000000,APRIL_MAY_APR_2018,0,0,0,0,8
20140692,64.50,20,85.00,A,APRIL_MAY_APR,2018,NORMAL,IT1661,1.5,JAVA PROGRAMMING LAB,90.000000,82.000000,74.000000,66.000000,58.000000,50.000000,APRIL_MAY_APR_2018,0,0,0,0,8
201500009,72.75,21,94.00,S,APRIL_MAY_APR,2018,NORMAL,IT1661,1.5,JAVA PROGRAMMING LAB,90.000000,82.000000,74.000000,66.000000,58.000000,50.000000,APRIL_MAY_APR_2018,0,0,0,0,8
201500022,72.50,21,94.00,S,APRIL_MAY_APR,2018,NORMAL,IT1661,1.5,JAVA PROGRAMMING LAB,90.000000,82.000000,74.000000,66.000000,58.000000,50.000000,APRIL_MAY_APR_2018,0,0,0,0,8
201500301,72.00,21,93.00,S,APRIL_MAY_APR,2018,NORMAL,IT1661,1.5,JAVA PROGRAMMING LAB,90.000000,82.000000,74.000000,66.000000,58.000000,50.000000,APRIL_MAY_APR_2018,0,0,0,0,8
201500413,72.00,21,93.00,S,APRIL_MAY_APR,2018,NORMAL,IT1661,1.5,JAVA PROGRAMMING LAB,90.000000,82.000000,74.000000,66.000000,58.000000,50.000000,APRIL_MAY_APR_2018,0,0,0,0,8
201500417,73.00,21,94.00,S,APRIL_MAY_APR,2018,NORMAL,IT1661,1.5,JAVA PROGRAMMING LAB,90.000000,82.000000,74.000000,66.000000,58.000000,50.000000,APRIL_MAY_APR_2018,0,0,0,0,8
201500529,68.00,21,89.00,A,APRIL_MAY_APR,2018,NORMAL,IT1661,1.5,JAVA PROGRAMMING LAB,90.000000,82.000000,74.000000,66.000000,58.000000,50.000000,APRIL_MAY_APR_2018,0,0,0,0,8
