Reg_No,Internal,External,Total,Grade,Time,Year,Type,Code,Credit,Title,Cut-Off-S,Cut-Off-A,Cut-Off-B,Cut-Off-C,Cut-Off-D,Cut-Off-E,Directory,Absentees,Malpractices,Detentions,NA,appeared
20140674,31.60,34.25,66.00,C,APRIL_MAY_APR,2018,NORMAL,IT1607,4.0,SOFTWARE ENGINEERING,90.000000,79.000000,68.000000,57.000000,46.000000,35.000000,APRIL_MAY_APR_2018,0,0,0,0,8
20140692,25.25,11.75,37.00,E,APRIL_MAY_APR,2018,NORMAL,IT1607,4.0,SOFTWARE ENGINEERING,90.000000,79.000000,68.000000,57.000000,46.000000,35.000000,APRIL_MAY_APR_2018,0,0,0,0,8
201500009,29.85,23.25,54.00,D,APRIL_MAY_APR,2018,NORMAL,IT1607,4.0,SOFTWARE ENGINEERING,90.000000,79.000000,68.000000,57.000000,46.000000,35.000000,APRIL_MAY_APR_2018,0,0,0,0,8
201500022,43.30,49.50,93.00,S,APRIL_MAY_APR,2018,NORMAL,IT1607,4.0,SOFTWARE ENGINEERING,90.000000,79.000000,68.000000,57.000000,46.000000,35.000000,APRIL_MAY_APR_2018,0,0,0,0,8
201500301,32.85,30.25,64.00,C,APRIL_MAY_APR,2018,NORMAL,IT1607,4.0,SOFTWARE ENGINEERING,90.000000,79.000000,68.000000,57.000000,46.000000,35.000000,APRIL_MAY_APR_2018,0,0,0,0,8
201500413,34.10,34.75,69.00,B,APRIL_MAY_APR,2018,NORMAL,IT1607,4.0,SOFTWARE ENGINEERING,90.000000,79.000000,68.000000,57.000000,46.000000,35.000000,APRIL_MAY_APR_2018,0,0,0,0,8
201500417,38.65,44,83.00,A,APRIL_MAY_APR,2018,NORMAL,IT1607,4.0,SOFTWARE ENGINEERING,90.000000,79.000000,68.000000,57.000000,46.000000,35.000000,APRIL_MAY_APR_2018,0,0,0,0,8
201500529,32.15,30.50,63.00,C,APRIL_MAY_APR,2018,NORMAL,IT1607,4.0,SOFTWARE ENGINEERING,90.000000,79.000000,68.000000,57.000000,46.000000,35.000000,APRIL_MAY_APR_2018,0,0,0,0,8
