Reg_No,Internal,External,Total,Grade,Time,Year,Type,Code,Credit,Title,Cut-Off-S,Cut-Off-A,Cut-Off-B,Cut-Off-C,Cut-Off-D,Cut-Off-E,Directory,Absentees,Malpractices,Detentions,NA,appeared
20140674,34.20,28.5,63.00,C,APRIL_MAY_APR,2018,NORMAL,IT1601,4.0,JAVA PROGRAMMING,90.000000,80.000000,71.000000,61.000000,52.000000,42.000000,APRIL_MAY_APR_2018,0,0,0,0,8
20140692,29.10,12.5,42.00,E,APRIL_MAY_APR,2018,NORMAL,IT1601,4.0,JAVA PROGRAMMING,90.000000,80.000000,71.000000,61.000000,52.000000,42.000000,APRIL_MAY_APR_2018,0,0,0,0,8
201500009,44.40,43,88.00,A,APRIL_MAY_APR,2018,NORMAL,IT1601,4.0,JAVA PROGRAMMING,90.000000,80.000000,71.000000,61.000000,52.000000,42.000000,APRIL_MAY_APR_2018,0,0,0,0,8
201500022,45.40,38.5,84.00,A,APRIL_MAY_APR,2018,NORMAL,IT1601,4.0,JAVA PROGRAMMING,90.000000,80.000000,71.000000,61.000000,52.000000,42.000000,APRIL_MAY_APR_2018,0,0,0,0,8
201500301,41.60,39,81.00,A,APRIL_MAY_APR,2018,NORMAL,IT1601,4.0,JAVA PROGRAMMING,90.000000,80.000000,71.000000,61.000000,52.000000,42.000000,APRIL_MAY_APR_2018,0,0,0,0,8
201500413,43.60,31,75.00,B,APRIL_MAY_APR,2018,NORMAL,IT1601,4.0,JAVA PROGRAMMING,90.000000,80.000000,71.000000,61.000000,52.000000,42.000000,APRIL_MAY_APR_2018,0,0,0,0,8
201500417,44.60,47.5,93.00,S,APRIL_MAY_APR,2018,NORMAL,IT1601,4.0,JAVA PROGRAMMING,90.000000,80.000000,71.000000,61.000000,52.000000,42.000000,APRIL_MAY_APR_2018,0,0,0,0,8
201500529,36.90,35,72.00,B,APRIL_MAY_APR,2018,NORMAL,IT1601,4.0,JAVA PROGRAMMING,90.000000,80.000000,71.000000,61.000000,52.000000,42.000000,APRIL_MAY_APR_2018,0,0,0,0,8
