Reg_No,Internal,External,Total,Grade,Time,Year,Type,Code,Credit,Title,Cut-Off-S,Cut-Off-A,Cut-Off-B,Cut-Off-C,Cut-Off-D,Cut-Off-E,Directory,Absentees,Malpractices,Detentions,NA,appeared
20140674,32.90,37,70.00,B,APRIL_MAY_APR,2018,NORMAL,IT1632,4.0,INFORMATION RETRIEVAL _ELECTIVE I_,80.000000,72.000000,64.000000,56.000000,48.000000,40.000000,APRIL_MAY_APR_2018,0,0,0,0,8
20140692,30.40,16.5,47.00,E,APRIL_MAY_APR,2018,NORMAL,IT1632,4.0,INFORMATION RETRIEVAL _ELECTIVE I_,80.000000,72.000000,64.000000,56.000000,48.000000,40.000000,APRIL_MAY_APR_2018,0,0,0,0,8
201500009,27.90,28,56.00,C,APRIL_MAY_APR,2018,NORMAL,IT1632,4.0,INFORMATION RETRIEVAL _ELECTIVE I_,80.000000,72.000000,64.000000,56.000000,48.000000,40.000000,APRIL_MAY_APR_2018,0,0,0,0,8
201500022,40.00,37.5,78.00,A,APRIL_MAY_APR,2018,NORMAL,IT1632,4.0,INFORMATION RETRIEVAL _ELECTIVE I_,80.000000,72.000000,64.000000,56.000000,48.000000,40.000000,APRIL_MAY_APR_2018,0,0,0,0,8
201500301,29.30,28.5,58.00,C,APRIL_MAY_APR,2018,NORMAL,IT1632,4.0,INFORMATION RETRIEVAL _ELECTIVE I_,80.000000,72.000000,64.000000,56.000000,48.000000,40.000000,APRIL_MAY_APR_2018,0,0,0,0,8
201500413,31.30,33,65.00,B,APRIL_MAY_APR,2018,NORMAL,IT1632,4.0,INFORMATION RETRIEVAL _ELECTIVE I_,80.000000,72.000000,64.000000,56.000000,48.000000,40.000000,APRIL_MAY_APR_2018,0,0,0,0,8
201500417,38.70,36.5,76.00,A,APRIL_MAY_APR,2018,NORMAL,IT1632,4.0,INFORMATION RETRIEVAL _ELECTIVE I_,80.000000,72.000000,64.000000,56.000000,48.000000,40.000000,APRIL_MAY_APR_2018,0,0,0,0,8
201500529,22.40,29,52.00,D,APRIL_MAY_APR,2018,NORMAL,IT1632,4.0,INFORMATION RETRIEVAL _ELECTIVE I_,80.000000,72.000000,64.000000,56.000000,48.000000,40.000000,APRIL_MAY_APR_2018,0,0,0,0,8
