Reg_No,Internal,External,Total,Grade,Time,Year,Type,Code,Credit,Title,Cut-Off-S,Cut-Off-A,Cut-Off-B,Cut-Off-C,Cut-Off-D,Cut-Off-E,Directory,Absentees,Malpractices,Detentions,NA,appeared
20140674,32.40,23.5,56.00,D,APRIL_MAY_APR,2018,NORMAL,IT1602,4.0,COMPUTER NETWORKS,84.000000,76.000000,68.000000,59.000000,51.000000,43.000000,APRIL_MAY_APR_2018,0,0,0,0,8
20140692,33.90,16,50.00,E,APRIL_MAY_APR,2018,NORMAL,IT1602,4.0,COMPUTER NETWORKS,84.000000,76.000000,68.000000,59.000000,51.000000,43.000000,APRIL_MAY_APR_2018,0,0,0,0,8
201500009,32.40,34.5,67.00,C,APRIL_MAY_APR,2018,NORMAL,IT1602,4.0,COMPUTER NETWORKS,84.000000,76.000000,68.000000,59.000000,51.000000,43.000000,APRIL_MAY_APR_2018,0,0,0,0,8
201500022,41.70,43.5,86.00,S,APRIL_MAY_APR,2018,NORMAL,IT1602,4.0,COMPUTER NETWORKS,84.000000,76.000000,68.000000,59.000000,51.000000,43.000000,APRIL_MAY_APR_2018,0,0,0,0,8
201500301,32.35,26.5,59.00,C,APRIL_MAY_APR,2018,NORMAL,IT1602,4.0,COMPUTER NETWORKS,84.000000,76.000000,68.000000,59.000000,51.000000,43.000000,APRIL_MAY_APR_2018,0,0,0,0,8
201500413,29.30,38,68.00,B,APRIL_MAY_APR,2018,NORMAL,IT1602,4.0,COMPUTER NETWORKS,84.000000,76.000000,68.000000,59.000000,51.000000,43.000000,APRIL_MAY_APR_2018,0,0,0,0,8
201500417,35.95,41,77.00,A,APRIL_MAY_APR,2018,NORMAL,IT1602,4.0,COMPUTER NETWORKS,84.000000,76.000000,68.000000,59.000000,51.000000,43.000000,APRIL_MAY_APR_2018,0,0,0,0,8
201500529,26.65,42,69.00,B,APRIL_MAY_APR,2018,NORMAL,IT1602,4.0,COMPUTER NETWORKS,84.000000,76.000000,68.000000,59.000000,51.000000,43.000000,APRIL_MAY_APR_2018,0,0,0,0,8
