Reg_No,Internal,External,Total,Grade,Time,Year,Type,Code,Credit,Title,Cut-Off-S,Cut-Off-A,Cut-Off-B,Cut-Off-C,Cut-Off-D,Cut-Off-E,Directory,Absentees,Malpractices,Detentions,NA,appeared
20140674,28.55,29,58.00,C,APRIL_MAY_APR,2018,NORMAL,IT1604,4.0,SYSTEM PROGRAMMING,80.000000,71.000000,62.000000,53.000000,44.000000,35.000000,APRIL_MAY_APR_2018,0,0,0,0,8
20140692,17.90,18.5,37.00,E,APRIL_MAY_APR,2018,NORMAL,IT1604,4.0,SYSTEM PROGRAMMING,80.000000,71.000000,62.000000,53.000000,44.000000,35.000000,APRIL_MAY_APR_2018,0,0,0,0,8
201500009,17.60,29,47.00,D,APRIL_MAY_APR,2018,NORMAL,IT1604,4.0,SYSTEM PROGRAMMING,80.000000,71.000000,62.000000,53.000000,44.000000,35.000000,APRIL_MAY_APR_2018,0,0,0,0,8
201500022,37.45,35.25,73.00,A,APRIL_MAY_APR,2018,NORMAL,IT1604,4.0,SYSTEM PROGRAMMING,80.000000,71.000000,62.000000,53.000000,44.000000,35.000000,APRIL_MAY_APR_2018,0,0,0,0,8
201500301,27.85,25,53.00,C,APRIL_MAY_APR,2018,NORMAL,IT1604,4.0,SYSTEM PROGRAMMING,80.000000,71.000000,62.000000,53.000000,44.000000,35.000000,APRIL_MAY_APR_2018,0,0,0,0,8
201500413,23.70,22,46.00,D,APRIL_MAY_APR,2018,NORMAL,IT1604,4.0,SYSTEM PROGRAMMING,80.000000,71.000000,62.000000,53.000000,44.000000,35.000000,APRIL_MAY_APR_2018,0,0,0,0,8
201500417,34.05,36.5,71.00,A,APRIL_MAY_APR,2018,NORMAL,IT1604,4.0,SYSTEM PROGRAMMING,80.000000,71.000000,62.000000,53.000000,44.000000,35.000000,APRIL_MAY_APR_2018,0,0,0,0,8
201500529,22.25,22.5,45.00,D,APRIL_MAY_APR,2018,NORMAL,IT1604,4.0,SYSTEM PROGRAMMING,80.000000,71.000000,62.000000,53.000000,44.000000,35.000000,APRIL_MAY_APR_2018,0,0,0,0,8
