Reg_No,Internal,External,Total,Grade,Time,Year,Type,Code,Credit,Title,Cut-Off-S,Cut-Off-A,Cut-Off-B,Cut-Off-C,Cut-Off-D,Cut-Off-E,Directory,Absentees,Malpractices,Detentions,NA,appeared
20140674,26.10,34,61.00,C,APRIL_MAY_APR,2018,NORMAL,IT1605,4.0,DIGITAL IMAGE PROCESSING,85.000000,76.000000,68.000000,59.000000,51.000000,42.000000,APRIL_MAY_APR_2018,0,0,0,0,8
20140692,25.00,20,45.00,E,APRIL_MAY_APR,2018,NORMAL,IT1605,4.0,DIGITAL IMAGE PROCESSING,85.000000,76.000000,68.000000,59.000000,51.000000,42.000000,APRIL_MAY_APR_2018,0,0,0,0,8
201500009,29.50,35,65.00,C,APRIL_MAY_APR,2018,NORMAL,IT1605,4.0,DIGITAL IMAGE PROCESSING,85.000000,76.000000,68.000000,59.000000,51.000000,42.000000,APRIL_MAY_APR_2018,0,0,0,0,8
201500022,44.80,44,89.00,S,APRIL_MAY_APR,2018,NORMAL,IT1605,4.0,DIGITAL IMAGE PROCESSING,85.000000,76.000000,68.000000,59.000000,51.000000,42.000000,APRIL_MAY_APR_2018,0,0,0,0,8
201500301,38.20,35.5,74.00,B,APRIL_MAY_APR,2018,NORMAL,IT1605,4.0,DIGITAL IMAGE PROCESSING,85.000000,76.000000,68.000000,59.000000,51.000000,42.000000,APRIL_MAY_APR_2018,0,0,0,0,8
201500413,31.80,34.5,67.00,C,APRIL_MAY_APR,2018,NORMAL,IT1605,4.0,DIGITAL IMAGE PROCESSING,85.000000,76.000000,68.000000,59.000000,51.000000,42.000000,APRIL_MAY_APR_2018,0,0,0,0,8
201500417,32.60,35,68.00,B,APRIL_MAY_APR,2018,NORMAL,IT1605,4.0,DIGITAL IMAGE PROCESSING,85.000000,76.000000,68.000000,59.000000,51.000000,42.000000,APRIL_MAY_APR_2018,0,0,0,0,8
201500529,28.20,35,64.00,C,APRIL_MAY_APR,2018,NORMAL,IT1605,4.0,DIGITAL IMAGE PROCESSING,85.000000,76.000000,68.000000,59.000000,51.000000,42.000000,APRIL_MAY_APR_2018,0,0,0,0,8
