Reg_No,Internal,External,Total,Grade,Time,Year,Type,Code,Credit,Title,Cut-Off-S,Cut-Off-A,Cut-Off-B,Cut-Off-C,Cut-Off-D,Cut-Off-E,Directory,Absentees,Malpractices,Detentions,NA,appeared
20140654,10.20,3.5,14.00,F,APRIL_MAY_APR,2018,BACK,MA1401,4.0,ENGINEERING MATHEMATICS IV _15 16_,85.000000,75.000000,65.000000,55.000000,45.000000,35.000000,APRIL_MAY_APR_2018,0,0,0,0,0
201500254,16.30,21.5,38.00,E,APRIL_MAY_APR,2018,BACK,MA1401,4.0,ENGINEERING MATHEMATICS IV _15 16_,85.000000,75.000000,65.000000,55.000000,45.000000,35.000000,APRIL_MAY_APR_2018,0,0,0,0,0
201500266,15.20,25,41.00,E,APRIL_MAY_APR,2018,BACK,MA1401,4.0,ENGINEERING MATHEMATICS IV _15 16_,85.000000,75.000000,65.000000,55.000000,45.000000,35.000000,APRIL_MAY_APR_2018,0,0,0,0,0
201500358,18.90,AB,0.00,I,APRIL_MAY_APR,2018,BACK,MA1401,4.0,ENGINEERING MATHEMATICS IV _15 16_,85.000000,75.000000,65.000000,55.000000,45.000000,35.000000,APRIL_MAY_APR_2018,0,0,0,0,0
201611506,16.10,18,35.00,E,APRIL_MAY_APR,2018,BACK,MA1401,4.0,ENGINEERING MATHEMATICS IV _15 16_,85.000000,75.000000,65.000000,55.000000,45.000000,35.000000,APRIL_MAY_APR_2018,0,0,0,0,0
