Reg_No,Internal,External,Total,Grade,Time,Year,Type,Code,Credit,Title,Cut-Off-S,Cut-Off-A,Cut-Off-B,Cut-Off-C,Cut-Off-D,Cut-Off-E,Directory,Absentees,Malpractices,Detentions,NA,appeared
20120283,14.50,9.5,24.00,F,APRIL_MAY_APR,2018,BACK,MA1403,4.0,ENGINEERING MATHEMATICS IV _12 13 14 15 16_,80.000000,71.000000,62.000000,53.000000,44.000000,35.000000,APRIL_MAY_APR_2018,0,0,0,0,0
20130003,20.00,08,28.00,F,APRIL_MAY_APR,2018,BACK,MA1403,4.0,ENGINEERING MATHEMATICS IV _12 13 14 15 16_,80.000000,71.000000,62.000000,53.000000,44.000000,35.000000,APRIL_MAY_APR_2018,0,0,0,0,0
20130160,25.40,12.5,38.00,E,APRIL_MAY_APR,2018,BACK,MA1403,4.0,ENGINEERING MATHEMATICS IV _12 13 14 15 16_,80.000000,71.000000,62.000000,53.000000,44.000000,35.000000,APRIL_MAY_APR_2018,0,0,0,0,0
20140082,28.60,19.5,49.00,D,APRIL_MAY_APR,2018,BACK,MA1403,4.0,ENGINEERING MATHEMATICS IV _12 13 14 15 16_,80.000000,71.000000,62.000000,53.000000,44.000000,35.000000,APRIL_MAY_APR_2018,0,0,0,0,0
20140136,17.10,00,18.00,F,APRIL_MAY_APR,2018,BACK,MA1403,4.0,ENGINEERING MATHEMATICS IV _12 13 14 15 16_,80.000000,71.000000,62.000000,53.000000,44.000000,35.000000,APRIL_MAY_APR_2018,0,0,0,0,0
20140183,17.50,09,27.00,F,APRIL_MAY_APR,2018,BACK,MA1403,4.0,ENGINEERING MATHEMATICS IV _12 13 14 15 16_,80.000000,71.000000,62.000000,53.000000,44.000000,35.000000,APRIL_MAY_APR_2018,0,0,0,0,0
