Reg_No,Internal,External,Total,Grade,Time,Year,Type,Code,Credit,Title,Cut-Off-S,Cut-Off-A,Cut-Off-B,Cut-Off-C,Cut-Off-D,Cut-Off-E,Directory,Absentees,Malpractices,Detentions,NA,appeared
20140018,27.40,AB,0.00,I,APRIL_MAY_APR,2018,BACK,ME1105,3.0,ENGINEERING GRAPHICS _12 13 14 15 16 17_,84.000000,74.000000,65.000000,55.000000,45.000000,35.000000,APRIL_MAY_APR_2018,0,0,0,0,0
20140419,12.08,23.5,36.00,E,APRIL_MAY_APR,2018,BACK,ME1105,3.0,ENGINEERING GRAPHICS _12 13 14 15 16 17_,84.000000,74.000000,65.000000,55.000000,45.000000,35.000000,APRIL_MAY_APR_2018,0,0,0,0,0
20140674,24.83,17,42.00,E,APRIL_MAY_APR,2018,BACK,ME1105,3.0,ENGINEERING GRAPHICS _12 13 14 15 16 17_,84.000000,74.000000,65.000000,55.000000,45.000000,35.000000,APRIL_MAY_APR_2018,0,0,0,0,0
201500320,23.25,11,35.00,E,APRIL_MAY_APR,2018,BACK,ME1105,3.0,ENGINEERING GRAPHICS _12 13 14 15 16 17_,84.000000,74.000000,65.000000,55.000000,45.000000,35.000000,APRIL_MAY_APR_2018,0,0,0,0,0
201500866,21.42,06,28.00,F,APRIL_MAY_APR,2018,BACK,ME1105,3.0,ENGINEERING GRAPHICS _12 13 14 15 16 17_,84.000000,74.000000,65.000000,55.000000,45.000000,35.000000,APRIL_MAY_APR_2018,0,0,0,0,0
201700247,23.00,AB,0.00,I,APRIL_MAY_APR,2018,BACK,ME1105,3.0,ENGINEERING GRAPHICS _12 13 14 15 16 17_,84.000000,74.000000,65.000000,55.000000,45.000000,35.000000,APRIL_MAY_APR_2018,0,0,0,0,0
201700309,8.50,AB,0.00,I,APRIL_MAY_APR,2018,BACK,ME1105,3.0,ENGINEERING GRAPHICS _12 13 14 15 16 17_,84.000000,74.000000,65.000000,55.000000,45.000000,35.000000,APRIL_MAY_APR_2018,0,0,0,0,0
201700516,9.58,07,17.00,F,APRIL_MAY_APR,2018,BACK,ME1105,3.0,ENGINEERING GRAPHICS _12 13 14 15 16 17_,84.000000,74.000000,65.000000,55.000000,45.000000,35.000000,APRIL_MAY_APR_2018,0,0,0,0,0
20130508,27.50,10.5,38.00,E,APRIL_MAY_APR,2018,BACK,ME1105,3.0,ENGINEERING GRAPHICS _12 13 14 15 16 17_,84.000000,74.000000,65.000000,55.000000,45.000000,35.000000,APRIL_MAY_APR_2018,0,0,0,0,0
