Reg_No,Internal,External,Total,Grade,Time,Year,Type,Code,Credit,Title,Cut-Off-S,Cut-Off-A,Cut-Off-B,Cut-Off-C,Cut-Off-D,Cut-Off-E,Directory,Absentees,Malpractices,Detentions,NA,appeared
201600280,13.00,26,39.00,E,APRIL_MAY_APR,2018,BACK,ME1104,4.0,ELEMENTS OF MECHANICAL ENGINEERING _16 17_,80.000000,71.000000,62.000000,53.000000,44.000000,35.000000,APRIL_MAY_APR_2018,0,0,0,0,0
201600284,16.95,19,36.00,E,APRIL_MAY_APR,2018,BACK,ME1104,4.0,ELEMENTS OF MECHANICAL ENGINEERING _16 17_,80.000000,71.000000,62.000000,53.000000,44.000000,35.000000,APRIL_MAY_APR_2018,0,0,0,0,0
201600502,17.80,AB,0.00,I,APRIL_MAY_APR,2018,BACK,ME1104,4.0,ELEMENTS OF MECHANICAL ENGINEERING _16 17_,80.000000,71.000000,62.000000,53.000000,44.000000,35.000000,APRIL_MAY_APR_2018,0,0,0,0,0
201600513,13.60,AB,0.00,I,APRIL_MAY_APR,2018,BACK,ME1104,4.0,ELEMENTS OF MECHANICAL ENGINEERING _16 17_,80.000000,71.000000,62.000000,53.000000,44.000000,35.000000,APRIL_MAY_APR_2018,0,0,0,0,0
201700389,13.05,AB,0.00,I,APRIL_MAY_APR,2018,BACK,ME1104,4.0,ELEMENTS OF MECHANICAL ENGINEERING _16 17_,80.000000,71.000000,62.000000,53.000000,44.000000,35.000000,APRIL_MAY_APR_2018,0,0,0,0,0
201700489,20.60,AB,0.00,I,APRIL_MAY_APR,2018,BACK,ME1104,4.0,ELEMENTS OF MECHANICAL ENGINEERING _16 17_,80.000000,71.000000,62.000000,53.000000,44.000000,35.000000,APRIL_MAY_APR_2018,0,0,0,0,0
201700498,14.50,AB,0.00,I,APRIL_MAY_APR,2018,BACK,ME1104,4.0,ELEMENTS OF MECHANICAL ENGINEERING _16 17_,80.000000,71.000000,62.000000,53.000000,44.000000,35.000000,APRIL_MAY_APR_2018,0,0,0,0,0
