Reg_No,Internal,External,Total,Grade,Time,Year,Type,Code,Credit,Title,Cut-Off-S,Cut-Off-A,Cut-Off-B,Cut-Off-C,Cut-Off-D,Cut-Off-E,Directory,Absentees,Malpractices,Detentions,NA,appeared
20130070,12.00,AB,0.00,I,APRIL_MAY_APR,2018,BACK,ME1407_ME1402,4.0,Thermal Engg. I _15  16__Applied Thermod. I _10  11  12  13  14_,80.000000,71.000000,62.000000,53.000000,44.000000,35.000000,APRIL_MAY_APR_2018,0,0,0,0,0
20140433,13.15,13.5,27.00,F,APRIL_MAY_APR,2018,BACK,ME1407_ME1402,4.0,Thermal Engg. I _15  16__Applied Thermod. I _10  11  12  13  14_,80.000000,71.000000,62.000000,53.000000,44.000000,35.000000,APRIL_MAY_APR_2018,0,0,0,0,0
20140742,12.70,10,23.00,F,APRIL_MAY_APR,2018,BACK,ME1407_ME1402,4.0,Thermal Engg. I _15  16__Applied Thermod. I _10  11  12  13  14_,80.000000,71.000000,62.000000,53.000000,44.000000,35.000000,APRIL_MAY_APR_2018,0,0,0,0,0
201415502,21.20,AB,0.00,I,APRIL_MAY_APR,2018,BACK,ME1407_ME1402,4.0,Thermal Engg. I _15  16__Applied Thermod. I _10  11  12  13  14_,80.000000,71.000000,62.000000,53.000000,44.000000,35.000000,APRIL_MAY_APR_2018,0,0,0,0,0
