Reg_No,Internal,External,Total,Grade,Time,Year,Type,Code,Credit,Title,Cut-Off-S,Cut-Off-A,Cut-Off-B,Cut-Off-C,Cut-Off-D,Cut-Off-E,Directory,Absentees,Malpractices,Detentions,NA,appeared
20140055,14.00,12,26.00,F,APRIL_MAY_APR,2018,BACK,ME1604,4.0,AUTOMOBILE ENGINEERING _11 12 13 14_,85.000000,75.000000,65.000000,55.000000,45.000000,35.000000,APRIL_MAY_APR_2018,0,0,0,0,0
20140405,12.30,MP,0.00,MP,APRIL_MAY_APR,2018,BACK,ME1604,4.0,AUTOMOBILE ENGINEERING _11 12 13 14_,85.000000,75.000000,65.000000,55.000000,45.000000,35.000000,APRIL_MAY_APR_2018,0,0,0,0,0
20140517,14.00,20,34.00,F,APRIL_MAY_APR,2018,BACK,ME1604,4.0,AUTOMOBILE ENGINEERING _11 12 13 14_,85.000000,75.000000,65.000000,55.000000,45.000000,35.000000,APRIL_MAY_APR_2018,0,0,0,0,0
20140602,21.20,6.5,28.00,F,APRIL_MAY_APR,2018,BACK,ME1604,4.0,AUTOMOBILE ENGINEERING _11 12 13 14_,85.000000,75.000000,65.000000,55.000000,45.000000,35.000000,APRIL_MAY_APR_2018,0,0,0,0,0
