Reg_No,Internal,External,Total,Grade,Time,Year,Type,Code,Credit,Title,Cut-Off-S,Cut-Off-A,Cut-Off-B,Cut-Off-C,Cut-Off-D,Cut-Off-E,Directory,Absentees,Malpractices,Detentions,NA,appeared
20120032,14.80,22.5,38.00,E,APRIL_MAY_APR,2018,BACK,ME1605,4.0,MECHATRONICS _10 11 12 13 14 15_,80.000000,71.000000,62.000000,53.000000,44.000000,35.000000,APRIL_MAY_APR_2018,0,0,0,0,0
20120498,12.05,MP,00.00,MP,APRIL_MAY_APR,2018,BACK,ME1605,4.0,MECHATRONICS _10 11 12 13 14 15_,80.000000,71.000000,62.000000,53.000000,44.000000,35.000000,APRIL_MAY_APR_2018,0,0,0,0,0
20121103,13.60,21.5,36.00,E,APRIL_MAY_APR,2018,BACK,ME1605,4.0,MECHATRONICS _10 11 12 13 14 15_,80.000000,71.000000,62.000000,53.000000,44.000000,35.000000,APRIL_MAY_APR_2018,0,0,0,0,0
20140055,23.10,14,38.00,E,APRIL_MAY_APR,2018,BACK,ME1605,4.0,MECHATRONICS _10 11 12 13 14 15_,80.000000,71.000000,62.000000,53.000000,44.000000,35.000000,APRIL_MAY_APR_2018,0,0,0,0,0
20140380,24.00,07,31.00,F,APRIL_MAY_APR,2018,BACK,ME1605,4.0,MECHATRONICS _10 11 12 13 14 15_,80.000000,71.000000,62.000000,53.000000,44.000000,35.000000,APRIL_MAY_APR_2018,0,0,0,0,0
