Reg_No,Internal,External,Total,Grade,Time,Year,Type,Code,Credit,Title,Cut-Off-S,Cut-Off-A,Cut-Off-B,Cut-Off-C,Cut-Off-D,Cut-Off-E,Directory,Absentees,Malpractices,Detentions,NA,appeared
20120498,12.00,MP,0.00,MP,APRIL_MAY_APR,2018,BACK,ME1603,4.0,MACHINE DESIGN II _10 11 12 13 14 15_,80.000000,71.000000,62.000000,53.000000,44.000000,35.000000,APRIL_MAY_APR_2018,0,0,0,0,0
20130473,10.50,3.5,14.00,F,APRIL_MAY_APR,2018,BACK,ME1603,4.0,MACHINE DESIGN II _10 11 12 13 14 15_,80.000000,71.000000,62.000000,53.000000,44.000000,35.000000,APRIL_MAY_APR_2018,0,0,0,0,0
20140055,12.40,13,26.00,F,APRIL_MAY_APR,2018,BACK,ME1603,4.0,MACHINE DESIGN II _10 11 12 13 14 15_,80.000000,71.000000,62.000000,53.000000,44.000000,35.000000,APRIL_MAY_APR_2018,0,0,0,0,0
20140130,10.00,AB,0.00,I,APRIL_MAY_APR,2018,BACK,ME1603,4.0,MACHINE DESIGN II _10 11 12 13 14 15_,80.000000,71.000000,62.000000,53.000000,44.000000,35.000000,APRIL_MAY_APR_2018,0,0,0,0,0
20140380,25.00,0.5,26.00,F,APRIL_MAY_APR,2018,BACK,ME1603,4.0,MACHINE DESIGN II _10 11 12 13 14 15_,80.000000,71.000000,62.000000,53.000000,44.000000,35.000000,APRIL_MAY_APR_2018,0,0,0,0,0
20140405,11.90,MP,0.00,MP,APRIL_MAY_APR,2018,BACK,ME1603,4.0,MACHINE DESIGN II _10 11 12 13 14 15_,80.000000,71.000000,62.000000,53.000000,44.000000,35.000000,APRIL_MAY_APR_2018,0,0,0,0,0
