Reg_No,Internal,External,Total,Grade,Time,Year,Type,Code,Credit,Title,Cut-Off-S,Cut-Off-A,Cut-Off-B,Cut-Off-C,Cut-Off-D,Cut-Off-E,Directory,Absentees,Malpractices,Detentions,NA,appeared
201719006,12.30,14,27.00,F,JANUARY_JAN,2018,SUPP,BA1105,4.0,BUSINESS ECONOMICS _14 15 16 17_,80.000000,71.000000,62.000000,53.000000,44.000000,35.000000,JANUARY_JAN_2018,0,0,0,0,0
201719008,13.30,AB,0.00,I,JANUARY_JAN,2018,SUPP,BA1105,4.0,BUSINESS ECONOMICS _14 15 16 17_,80.000000,71.000000,62.000000,53.000000,44.000000,35.000000,JANUARY_JAN_2018,0,0,0,0,0
201719009,16.20,00,17.00,F,JANUARY_JAN,2018,SUPP,BA1105,4.0,BUSINESS ECONOMICS _14 15 16 17_,80.000000,71.000000,62.000000,53.000000,44.000000,35.000000,JANUARY_JAN_2018,0,0,0,0,0
201719015,16.85,AB,0.00,I,JANUARY_JAN,2018,SUPP,BA1105,4.0,BUSINESS ECONOMICS _14 15 16 17_,80.000000,71.000000,62.000000,53.000000,44.000000,35.000000,JANUARY_JAN_2018,0,0,0,0,0
201719016,16.25,9.5,26.00,F,JANUARY_JAN,2018,SUPP,BA1105,4.0,BUSINESS ECONOMICS _14 15 16 17_,80.000000,71.000000,62.000000,53.000000,44.000000,35.000000,JANUARY_JAN_2018,0,0,0,0,0
201719019,20.00,19,39.00,E,JANUARY_JAN,2018,SUPP,BA1105,4.0,BUSINESS ECONOMICS _14 15 16 17_,80.000000,71.000000,62.000000,53.000000,44.000000,35.000000,JANUARY_JAN_2018,0,0,0,0,0
201719032,17.00,8,25.00,F,JANUARY_JAN,2018,SUPP,BA1105,4.0,BUSINESS ECONOMICS _14 15 16 17_,80.000000,71.000000,62.000000,53.000000,44.000000,35.000000,JANUARY_JAN_2018,0,0,0,0,0
201719012,18.70,21.5,41.00,E,JANUARY_JAN,2018,SUPP,BA1105,4.0,BUSINESS ECONOMICS _14 15 16 17_,80.000000,71.000000,62.000000,53.000000,44.000000,35.000000,JANUARY_JAN_2018,0,0,0,0,0
