Reg_No,Internal,External,Total,Grade,Time,Year,Type,Code,Credit,Title,Cut-Off-S,Cut-Off-A,Cut-Off-B,Cut-Off-C,Cut-Off-D,Cut-Off-E,Directory,Absentees,Malpractices,Detentions,NA,appeared
201719006,10.30,24,35.00,E,JANUARY_JAN,2018,SUPP,BA1101,4.0,PRINCIPLES & PRACTICE OF MANAGEMENT _12 13 14 15 16 17_,80.000000,71.000000,62.000000,53.000000,44.000000,35.000000,JANUARY_JAN_2018,0,0,0,0,0
201719008,11.40,AB,0.00,I,JANUARY_JAN,2018,SUPP,BA1101,4.0,PRINCIPLES & PRACTICE OF MANAGEMENT _12 13 14 15 16 17_,80.000000,71.000000,62.000000,53.000000,44.000000,35.000000,JANUARY_JAN_2018,0,0,0,0,0
201719009,18.00,2,20.00,F,JANUARY_JAN,2018,SUPP,BA1101,4.0,PRINCIPLES & PRACTICE OF MANAGEMENT _12 13 14 15 16 17_,80.000000,71.000000,62.000000,53.000000,44.000000,35.000000,JANUARY_JAN_2018,0,0,0,0,0
201719032,13.65,21,35.00,E,JANUARY_JAN,2018,SUPP,BA1101,4.0,PRINCIPLES & PRACTICE OF MANAGEMENT _12 13 14 15 16 17_,80.000000,71.000000,62.000000,53.000000,44.000000,35.000000,JANUARY_JAN_2018,0,0,0,0,0
201719049,21.60,16,38.00,E,JANUARY_JAN,2018,SUPP,BA1101,4.0,PRINCIPLES & PRACTICE OF MANAGEMENT _12 13 14 15 16 17_,80.000000,71.000000,62.000000,53.000000,44.000000,35.000000,JANUARY_JAN_2018,0,0,0,0,0
201719012,17.45,19.75,38.00,E,JANUARY_JAN,2018,SUPP,BA1101,4.0,PRINCIPLES & PRACTICE OF MANAGEMENT _12 13 14 15 16 17_,80.000000,71.000000,62.000000,53.000000,44.000000,35.000000,JANUARY_JAN_2018,0,0,0,0,0
