Reg_No,Internal,External,Total,Grade,Time,Year,Type,Code,Credit,Title,Cut-Off-S,Cut-Off-A,Cut-Off-B,Cut-Off-C,Cut-Off-D,Cut-Off-E,Directory,Absentees,Malpractices,Detentions,NA,appeared
201619021,20.50,AB,0.00,I,JANUARY_JAN,2018,SUPP,BA1107,4.0,BUSINESS LAW _13 14 15 16 17_,80.000000,71.000000,62.000000,53.000000,44.000000,35.000000,JANUARY_JAN_2018,0,0,0,0,0
201719009,11.15,AB,0.00,I,JANUARY_JAN,2018,SUPP,BA1107,4.0,BUSINESS LAW _13 14 15 16 17_,80.000000,71.000000,62.000000,53.000000,44.000000,35.000000,JANUARY_JAN_2018,0,0,0,0,0
201719015,16.93,AB,0.00,I,JANUARY_JAN,2018,SUPP,BA1107,4.0,BUSINESS LAW _13 14 15 16 17_,80.000000,71.000000,62.000000,53.000000,44.000000,35.000000,JANUARY_JAN_2018,0,0,0,0,0
201719016,17.53,7,25.00,F,JANUARY_JAN,2018,SUPP,BA1107,4.0,BUSINESS LAW _13 14 15 16 17_,80.000000,71.000000,62.000000,53.000000,44.000000,35.000000,JANUARY_JAN_2018,0,0,0,0,0
201719036,14.33,AB,0.00,I,JANUARY_JAN,2018,SUPP,BA1107,4.0,BUSINESS LAW _13 14 15 16 17_,80.000000,71.000000,62.000000,53.000000,44.000000,35.000000,JANUARY_JAN_2018,0,0,0,0,0
201719037,15.18,AB,0.00,I,JANUARY_JAN,2018,SUPP,BA1107,4.0,BUSINESS LAW _13 14 15 16 17_,80.000000,71.000000,62.000000,53.000000,44.000000,35.000000,JANUARY_JAN_2018,0,0,0,0,0
201719012,14.18,30,45.00,D,JANUARY_JAN,2018,SUPP,BA1107,4.0,BUSINESS LAW _13 14 15 16 17_,80.000000,71.000000,62.000000,53.000000,44.000000,35.000000,JANUARY_JAN_2018,0,0,0,0,0
