Reg_No,Internal,External,Total,Grade,Time,Year,Type,Code,Credit,Title,Cut-Off-S,Cut-Off-A,Cut-Off-B,Cut-Off-C,Cut-Off-D,Cut-Off-E,Directory,Absentees,Malpractices,Detentions,NA,appeared
20130267,16.25,AB,0.00,I,JANUARY_JAN,2018,SUPP,BA1106,3.0,COMMUNICATION SKILLS _11 12 13 14 15 16 17_,80.000000,71.000000,62.000000,53.000000,44.000000,35.000000,JANUARY_JAN_2018,0,0,0,0,0
201700039,11.30,13,25.00,F,JANUARY_JAN,2018,SUPP,BA1106,3.0,COMMUNICATION SKILLS _11 12 13 14 15 16 17_,80.000000,71.000000,62.000000,53.000000,44.000000,35.000000,JANUARY_JAN_2018,0,0,0,0,0
201700166,16.50,18,35.00,E,JANUARY_JAN,2018,SUPP,BA1106,3.0,COMMUNICATION SKILLS _11 12 13 14 15 16 17_,80.000000,71.000000,62.000000,53.000000,44.000000,35.000000,JANUARY_JAN_2018,0,0,0,0,0
201700389,20.30,19.5,40.00,E,JANUARY_JAN,2018,SUPP,BA1106,3.0,COMMUNICATION SKILLS _11 12 13 14 15 16 17_,80.000000,71.000000,62.000000,53.000000,44.000000,35.000000,JANUARY_JAN_2018,0,0,0,0,0
201700425,29.96,18,48.00,D,JANUARY_JAN,2018,SUPP,BA1106,3.0,COMMUNICATION SKILLS _11 12 13 14 15 16 17_,80.000000,71.000000,62.000000,53.000000,44.000000,35.000000,JANUARY_JAN_2018,0,0,0,0,0
201700560,21.50,11,33.00,F,JANUARY_JAN,2018,SUPP,BA1106,3.0,COMMUNICATION SKILLS _11 12 13 14 15 16 17_,80.000000,71.000000,62.000000,53.000000,44.000000,35.000000,JANUARY_JAN_2018,0,0,0,0,0
