Reg_No,Internal,External,Total,Grade,Time,Year,Type,Code,Credit,Title,Cut-Off-S,Cut-Off-A,Cut-Off-B,Cut-Off-C,Cut-Off-D,Cut-Off-E,Directory,Absentees,Malpractices,Detentions,NA,appeared
201519015,23.40,25,49.00,D,JANUARY_JAN,2018,SUPP,BA1302,4.0,PRODUCTION MANAGEMENT _13 14 15 16_,80.000000,71.000000,62.000000,53.000000,44.000000,35.000000,JANUARY_JAN_2018,0,0,0,0,0
201619013,16.80,16,33.00,F,JANUARY_JAN,2018,SUPP,BA1302,4.0,PRODUCTION MANAGEMENT _13 14 15 16_,80.000000,71.000000,62.000000,53.000000,44.000000,35.000000,JANUARY_JAN_2018,0,0,0,0,0
201619021,17.90,27,45.00,D,JANUARY_JAN,2018,SUPP,BA1302,4.0,PRODUCTION MANAGEMENT _13 14 15 16_,80.000000,71.000000,62.000000,53.000000,44.000000,35.000000,JANUARY_JAN_2018,0,0,0,0,0
201619027,16.10,29.5,46.00,D,JANUARY_JAN,2018,SUPP,BA1302,4.0,PRODUCTION MANAGEMENT _13 14 15 16_,80.000000,71.000000,62.000000,53.000000,44.000000,35.000000,JANUARY_JAN_2018,0,0,0,0,0
