Reg_No,Internal,External,Total,Grade,Time,Year,Type,Code,Credit,Title,Cut-Off-S,Cut-Off-A,Cut-Off-B,Cut-Off-C,Cut-Off-D,Cut-Off-E,Directory,Absentees,Malpractices,Detentions,NA,appeared
20130692,11.10,23.5,35.00,E,JANUARY_JAN,2018,SUPP,BA1510_IT506_,4.0,INDUSTRIAL MANAGEMENT _13 14 15_,80.000000,71.000000,62.000000,53.000000,44.000000,35.000000,JANUARY_JAN_2018,0,0,0,0,0
20140097,22.30,AB,0.00,I,JANUARY_JAN,2018,SUPP,BA1510_IT506_,4.0,INDUSTRIAL MANAGEMENT _13 14 15_,80.000000,71.000000,62.000000,53.000000,44.000000,35.000000,JANUARY_JAN_2018,0,0,0,0,0
20140378,30.80,18,49.00,D,JANUARY_JAN,2018,SUPP,BA1510_IT506_,4.0,INDUSTRIAL MANAGEMENT _13 14 15_,80.000000,71.000000,62.000000,53.000000,44.000000,35.000000,JANUARY_JAN_2018,0,0,0,0,0
20140499,31.60,AB,0.00,I,JANUARY_JAN,2018,SUPP,BA1510_IT506_,4.0,INDUSTRIAL MANAGEMENT _13 14 15_,80.000000,71.000000,62.000000,53.000000,44.000000,35.000000,JANUARY_JAN_2018,0,0,0,0,0
