Reg_No,Internal,External,Total,Grade,Time,Year,Type,Code,Credit,Title,Cut-Off-S,Cut-Off-A,Cut-Off-B,Cut-Off-C,Cut-Off-D,Cut-Off-E,Directory,Absentees,Malpractices,Detentions,NA,appeared
201516004,13.15,5.5,19.00,F,JANUARY_JAN,2018,SUPP,CA1104,4.0,C PROGRAMMING I _11 12 13 14 15 16 17_,81.000000,72.000000,63.000000,53.000000,44.000000,35.000000,JANUARY_JAN_2018,0,0,0,0,0
201516011,15.55,4.5,21.00,F,JANUARY_JAN,2018,SUPP,CA1104,4.0,C PROGRAMMING I _11 12 13 14 15 16 17_,81.000000,72.000000,63.000000,53.000000,44.000000,35.000000,JANUARY_JAN_2018,0,0,0,0,0
201716012,16.25,20.5,37.00,E,JANUARY_JAN,2018,SUPP,CA1104,4.0,C PROGRAMMING I _11 12 13 14 15 16 17_,81.000000,72.000000,63.000000,53.000000,44.000000,35.000000,JANUARY_JAN_2018,0,0,0,0,0
201716019,20.60,16.5,38.00,E,JANUARY_JAN,2018,SUPP,CA1104,4.0,C PROGRAMMING I _11 12 13 14 15 16 17_,81.000000,72.000000,63.000000,53.000000,44.000000,35.000000,JANUARY_JAN_2018,0,0,0,0,0
201716029,22.50,17,40.00,E,JANUARY_JAN,2018,SUPP,CA1104,4.0,C PROGRAMMING I _11 12 13 14 15 16 17_,81.000000,72.000000,63.000000,53.000000,44.000000,35.000000,JANUARY_JAN_2018,0,0,0,0,0
201716030,17.20,AB,0.00,I,JANUARY_JAN,2018,SUPP,CA1104,4.0,C PROGRAMMING I _11 12 13 14 15 16 17_,81.000000,72.000000,63.000000,53.000000,44.000000,35.000000,JANUARY_JAN_2018,0,0,0,0,0
201432007,19.70,36.5,57.00,C,JANUARY_JAN,2018,SUPP,CA1104,4.0,C PROGRAMMING I _11 12 13 14 15 16 17_,81.000000,72.000000,63.000000,53.000000,44.000000,35.000000,JANUARY_JAN_2018,0,0,0,0,0
