Reg_No,Internal,External,Total,Grade,Time,Year,Type,Code,Credit,Title,Cut-Off-S,Cut-Off-A,Cut-Off-B,Cut-Off-C,Cut-Off-D,Cut-Off-E,Directory,Absentees,Malpractices,Detentions,NA,appeared
201740001,16.90,14,31.00,F,JANUARY_JAN,2018,SUPP,CA1113,4.0,FUNDAMENTALS OF MATHEMATICS _16 17_,80.000000,71.000000,62.000000,53.000000,44.000000,35.000000,JANUARY_JAN_2018,0,0,0,0,0
201740008,16.30,16,33.00,F,JANUARY_JAN,2018,SUPP,CA1113,4.0,FUNDAMENTALS OF MATHEMATICS _16 17_,80.000000,71.000000,62.000000,53.000000,44.000000,35.000000,JANUARY_JAN_2018,0,0,0,0,0
201740012,14.40,15.5,30.00,F,JANUARY_JAN,2018,SUPP,CA1113,4.0,FUNDAMENTALS OF MATHEMATICS _16 17_,80.000000,71.000000,62.000000,53.000000,44.000000,35.000000,JANUARY_JAN_2018,0,0,0,0,0
201740014,11.70,20.5,33.00,F,JANUARY_JAN,2018,SUPP,CA1113,4.0,FUNDAMENTALS OF MATHEMATICS _16 17_,80.000000,71.000000,62.000000,53.000000,44.000000,35.000000,JANUARY_JAN_2018,0,0,0,0,0
201740016,13.60,AB,0.00,I,JANUARY_JAN,2018,SUPP,CA1113,4.0,FUNDAMENTALS OF MATHEMATICS _16 17_,80.000000,71.000000,62.000000,53.000000,44.000000,35.000000,JANUARY_JAN_2018,0,0,0,0,0
201740024,13.10,AB,0.00,I,JANUARY_JAN,2018,SUPP,CA1113,4.0,FUNDAMENTALS OF MATHEMATICS _16 17_,80.000000,71.000000,62.000000,53.000000,44.000000,35.000000,JANUARY_JAN_2018,0,0,0,0,0
