Reg_No,Internal,External,Total,Grade,Time,Year,Type,Code,Credit,Title,Cut-Off-S,Cut-Off-A,Cut-Off-B,Cut-Off-C,Cut-Off-D,Cut-Off-E,Directory,Absentees,Malpractices,Detentions,NA,appeared
201516011,15.30,AB,0.00,I,JANUARY_JAN,2018,SUPP,CA1105,4.0,FUNDAMENTAL OF DIGITAL ELECTRONICS _12 13 14 15 16 17_,88.000000,77.000000,67.000000,56.000000,46.000000,35.000000,JANUARY_JAN_2018,0,0,0,0,0
201516015,12.60,6.25,19.00,F,JANUARY_JAN,2018,SUPP,CA1105,4.0,FUNDAMENTAL OF DIGITAL ELECTRONICS _12 13 14 15 16 17_,88.000000,77.000000,67.000000,56.000000,46.000000,35.000000,JANUARY_JAN_2018,0,0,0,0,0
201616030,14.50,0.5,15.00,F,JANUARY_JAN,2018,SUPP,CA1105,4.0,FUNDAMENTAL OF DIGITAL ELECTRONICS _12 13 14 15 16 17_,88.000000,77.000000,67.000000,56.000000,46.000000,35.000000,JANUARY_JAN_2018,0,0,0,0,0
201716029,20.60,10.5,32.00,F,JANUARY_JAN,2018,SUPP,CA1105,4.0,FUNDAMENTAL OF DIGITAL ELECTRONICS _12 13 14 15 16 17_,88.000000,77.000000,67.000000,56.000000,46.000000,35.000000,JANUARY_JAN_2018,0,0,0,0,0
201716030,12.75,AB,0.00,I,JANUARY_JAN,2018,SUPP,CA1105,4.0,FUNDAMENTAL OF DIGITAL ELECTRONICS _12 13 14 15 16 17_,88.000000,77.000000,67.000000,56.000000,46.000000,35.000000,JANUARY_JAN_2018,0,0,0,0,0
