Reg_No,Internal,External,Total,Grade,Time,Year,Type,Code,Credit,Title,Cut-Off-S,Cut-Off-A,Cut-Off-B,Cut-Off-C,Cut-Off-D,Cut-Off-E,Directory,Absentees,Malpractices,Detentions,NA,appeared
201740001,21.80,9,31.00,F,JANUARY_JAN,2018,SUPP,CA1115,3.0,PROGRAMMING IN C _16 17_,81.000000,72.000000,63.000000,53.000000,44.000000,35.000000,JANUARY_JAN_2018,0,0,0,0,0
201740008,24.20,14,39.00,E,JANUARY_JAN,2018,SUPP,CA1115,3.0,PROGRAMMING IN C _16 17_,81.000000,72.000000,63.000000,53.000000,44.000000,35.000000,JANUARY_JAN_2018,0,0,0,0,0
201740014,19.90,13.5,34.00,F,JANUARY_JAN,2018,SUPP,CA1115,3.0,PROGRAMMING IN C _16 17_,81.000000,72.000000,63.000000,53.000000,44.000000,35.000000,JANUARY_JAN_2018,0,0,0,0,0
201740016,16.20,AB,0.00,I,JANUARY_JAN,2018,SUPP,CA1115,3.0,PROGRAMMING IN C _16 17_,81.000000,72.000000,63.000000,53.000000,44.000000,35.000000,JANUARY_JAN_2018,0,0,0,0,0
