Reg_No,Internal,External,Total,Grade,Time,Year,Type,Code,Credit,Title,Cut-Off-S,Cut-Off-A,Cut-Off-B,Cut-Off-C,Cut-Off-D,Cut-Off-E,Directory,Absentees,Malpractices,Detentions,NA,appeared
201516026,18.10,2.5,21.00,F,JANUARY_JAN,2018,SUPP,CA1304,4.0,OOP USING C++ _11 12 13 14 15 16_,80.000000,71.000000,62.000000,53.000000,44.000000,35.000000,JANUARY_JAN_2018,0,0,0,0,0
201616020,25.10,18.5,44.00,D,JANUARY_JAN,2018,SUPP,CA1304,4.0,OOP USING C++ _11 12 13 14 15 16_,80.000000,71.000000,62.000000,53.000000,44.000000,35.000000,JANUARY_JAN_2018,0,0,0,0,0
201616030,23.20,18.5,42.00,E,JANUARY_JAN,2018,SUPP,CA1304,4.0,OOP USING C++ _11 12 13 14 15 16_,80.000000,71.000000,62.000000,53.000000,44.000000,35.000000,JANUARY_JAN_2018,0,0,0,0,0
