Reg_No,Internal,External,Total,Grade,Time,Year,Type,Code,Credit,Title,Cut-Off-S,Cut-Off-A,Cut-Off-B,Cut-Off-C,Cut-Off-D,Cut-Off-E,Directory,Absentees,Malpractices,Detentions,NA,appeared
20140179,14.20,31.5,46.00,D,JANUARY_JAN,2018,SUPP,CE1304,4.0,BUILDING SCIENCE & TECHNOLOGY _11 12 13 14 15 16_,81.000000,72.000000,63.000000,53.000000,44.000000,35.000000,JANUARY_JAN_2018,0,0,0,0,0
201500148,13.93,2,16.00,F,JANUARY_JAN,2018,SUPP,CE1304,4.0,BUILDING SCIENCE & TECHNOLOGY _11 12 13 14 15 16_,81.000000,72.000000,63.000000,53.000000,44.000000,35.000000,JANUARY_JAN_2018,0,0,0,0,0
201500387,12.05,AB,0.00,I,JANUARY_JAN,2018,SUPP,CE1304,4.0,BUILDING SCIENCE & TECHNOLOGY _11 12 13 14 15 16_,81.000000,72.000000,63.000000,53.000000,44.000000,35.000000,JANUARY_JAN_2018,0,0,0,0,0
201618502,18.70,17.5,37.00,E,JANUARY_JAN,2018,SUPP,CE1304,4.0,BUILDING SCIENCE & TECHNOLOGY _11 12 13 14 15 16_,81.000000,72.000000,63.000000,53.000000,44.000000,35.000000,JANUARY_JAN_2018,0,0,0,0,0
201600191,24.20,AB,0.00,I,JANUARY_JAN,2018,SUPP,CE1304,4.0,BUILDING SCIENCE & TECHNOLOGY _11 12 13 14 15 16_,81.000000,72.000000,63.000000,53.000000,44.000000,35.000000,JANUARY_JAN_2018,0,0,0,0,0
201600197,13.65,AB,0.00,I,JANUARY_JAN,2018,SUPP,CE1304,4.0,BUILDING SCIENCE & TECHNOLOGY _11 12 13 14 15 16_,81.000000,72.000000,63.000000,53.000000,44.000000,35.000000,JANUARY_JAN_2018,0,0,0,0,0
201600249,12.80,AB,0.00,I,JANUARY_JAN,2018,SUPP,CE1304,4.0,BUILDING SCIENCE & TECHNOLOGY _11 12 13 14 15 16_,81.000000,72.000000,63.000000,53.000000,44.000000,35.000000,JANUARY_JAN_2018,0,0,0,0,0
201718509,37.90,32.5,71.00,B,JANUARY_JAN,2018,SUPP,CE1304,4.0,BUILDING SCIENCE & TECHNOLOGY _11 12 13 14 15 16_,81.000000,72.000000,63.000000,53.000000,44.000000,35.000000,JANUARY_JAN_2018,0,0,0,0,0
201718535,11.40,31,43.00,E,JANUARY_JAN,2018,SUPP,CE1304,4.0,BUILDING SCIENCE & TECHNOLOGY _11 12 13 14 15 16_,81.000000,72.000000,63.000000,53.000000,44.000000,35.000000,JANUARY_JAN_2018,0,0,0,0,0
