Reg_No,Internal,External,Total,Grade,Time,Year,Type,Code,Credit,Title,Cut-Off-S,Cut-Off-A,Cut-Off-B,Cut-Off-C,Cut-Off-D,Cut-Off-E,Directory,Absentees,Malpractices,Detentions,NA,appeared
20130565,10.35,01,12.00,F,JANUARY_JAN,2018,SUPP,CE1406,4.0,CONSTRUCTION MATERIAL & CONCRETE TECHNOLOGY _11 12 13 14 15_,80.000000,71.000000,62.000000,53.000000,44.000000,35.000000,JANUARY_JAN_2018,0,0,0,0,0
20140020,4.98,00,5.00,F,JANUARY_JAN,2018,SUPP,CE1406,4.0,CONSTRUCTION MATERIAL & CONCRETE TECHNOLOGY _11 12 13 14 15_,80.000000,71.000000,62.000000,53.000000,44.000000,35.000000,JANUARY_JAN_2018,0,0,0,0,0
20140179,8.55,00,9.00,F,JANUARY_JAN,2018,SUPP,CE1406,4.0,CONSTRUCTION MATERIAL & CONCRETE TECHNOLOGY _11 12 13 14 15_,80.000000,71.000000,62.000000,53.000000,44.000000,35.000000,JANUARY_JAN_2018,0,0,0,0,0
20140207,10.40,AB,0.00,I,JANUARY_JAN,2018,SUPP,CE1406,4.0,CONSTRUCTION MATERIAL & CONCRETE TECHNOLOGY _11 12 13 14 15_,80.000000,71.000000,62.000000,53.000000,44.000000,35.000000,JANUARY_JAN_2018,0,0,0,0,0
20140261,7.93,AB,0.00,I,JANUARY_JAN,2018,SUPP,CE1406,4.0,CONSTRUCTION MATERIAL & CONCRETE TECHNOLOGY _11 12 13 14 15_,80.000000,71.000000,62.000000,53.000000,44.000000,35.000000,JANUARY_JAN_2018,0,0,0,0,0
201518508,12.68,AB,0.00,I,JANUARY_JAN,2018,SUPP,CE1406,4.0,CONSTRUCTION MATERIAL & CONCRETE TECHNOLOGY _11 12 13 14 15_,80.000000,71.000000,62.000000,53.000000,44.000000,35.000000,JANUARY_JAN_2018,0,0,0,0,0
201518519,8.35,AB,0.00,I,JANUARY_JAN,2018,SUPP,CE1406,4.0,CONSTRUCTION MATERIAL & CONCRETE TECHNOLOGY _11 12 13 14 15_,80.000000,71.000000,62.000000,53.000000,44.000000,35.000000,JANUARY_JAN_2018,0,0,0,0,0
