Reg_No,Internal,External,Total,Grade,Time,Year,Type,Code,Credit,Title,Cut-Off-S,Cut-Off-A,Cut-Off-B,Cut-Off-C,Cut-Off-D,Cut-Off-E,Directory,Absentees,Malpractices,Detentions,NA,appeared
20130500,11.35,22,34.00,F,JANUARY_JAN,2018,SUPP,CE1402,4.0,FLUID MECHANICS II _9 10 11 12 13 14 15_,81.000000,72.000000,63.000000,53.000000,44.000000,35.000000,JANUARY_JAN_2018,0,0,0,0,0
20131102,11.10,31.5,43.00,E,JANUARY_JAN,2018,SUPP,CE1402,4.0,FLUID MECHANICS II _9 10 11 12 13 14 15_,81.000000,72.000000,63.000000,53.000000,44.000000,35.000000,JANUARY_JAN_2018,0,0,0,0,0
20140071,16.40,17.5,34.00,F,JANUARY_JAN,2018,SUPP,CE1402,4.0,FLUID MECHANICS II _9 10 11 12 13 14 15_,81.000000,72.000000,63.000000,53.000000,44.000000,35.000000,JANUARY_JAN_2018,0,0,0,0,0
201518508,9.40,AB,0.00,I,JANUARY_JAN,2018,SUPP,CE1402,4.0,FLUID MECHANICS II _9 10 11 12 13 14 15_,81.000000,72.000000,63.000000,53.000000,44.000000,35.000000,JANUARY_JAN_2018,0,0,0,0,0
