Reg_No,Internal,External,Total,Grade,Time,Year,Type,Code,Credit,Title,Cut-Off-S,Cut-Off-A,Cut-Off-B,Cut-Off-C,Cut-Off-D,Cut-Off-E,Directory,Absentees,Malpractices,Detentions,NA,appeared
201500013,57.27,11,69.00,C,JANUARY_JAN,2018,SUPP,CE1564,1.5,GEOTECHNICAL ENGINEERING LAB,90.000000,82.000000,74.000000,66.000000,58.000000,50.000000,JANUARY_JAN_2018,0,0,0,0,0
201500225,55.45,14,70.00,C,JANUARY_JAN,2018,SUPP,CE1564,1.5,GEOTECHNICAL ENGINEERING LAB,90.000000,82.000000,74.000000,66.000000,58.000000,50.000000,JANUARY_JAN_2018,0,0,0,0,0
201618535,46.36,9,56.00,E,JANUARY_JAN,2018,SUPP,CE1564,1.5,GEOTECHNICAL ENGINEERING LAB,90.000000,82.000000,74.000000,66.000000,58.000000,50.000000,JANUARY_JAN_2018,0,0,0,0,0
201618518,53.81,8,62.00,D,JANUARY_JAN,2018,SUPP,CE1564,1.5,GEOTECHNICAL ENGINEERING LAB,90.000000,82.000000,74.000000,66.000000,58.000000,50.000000,JANUARY_JAN_2018,0,0,0,0,0
201500133,58.36,11,70.00,C,JANUARY_JAN,2018,SUPP,CE1564,1.5,GEOTECHNICAL ENGINEERING LAB,90.000000,82.000000,74.000000,66.000000,58.000000,50.000000,JANUARY_JAN_2018,0,0,0,0,0
