Reg_No,Internal,External,Total,Grade,Time,Year,Type,Code,Credit,Title,Cut-Off-S,Cut-Off-A,Cut-Off-B,Cut-Off-C,Cut-Off-D,Cut-Off-E,Directory,Absentees,Malpractices,Detentions,NA,appeared
201500133,13.55,0.5,15.00,F,JANUARY_JAN,2018,SUPP,CE1505,4.0,ENVIRONMENTAL ENGINEERING I _10 11 12 13 14 15_,80.000000,71.000000,62.000000,53.000000,44.000000,35.000000,JANUARY_JAN_2018,0,0,0,0,0
201500154,5.80,AB,0.00,I,JANUARY_JAN,2018,SUPP,CE1505,4.0,ENVIRONMENTAL ENGINEERING I _10 11 12 13 14 15_,80.000000,71.000000,62.000000,53.000000,44.000000,35.000000,JANUARY_JAN_2018,0,0,0,0,0
201500357,14.60,AB,0.00,I,JANUARY_JAN,2018,SUPP,CE1505,4.0,ENVIRONMENTAL ENGINEERING I _10 11 12 13 14 15_,80.000000,71.000000,62.000000,53.000000,44.000000,35.000000,JANUARY_JAN_2018,0,0,0,0,0
201618507,16.00,AB,0.00,I,JANUARY_JAN,2018,SUPP,CE1505,4.0,ENVIRONMENTAL ENGINEERING I _10 11 12 13 14 15_,80.000000,71.000000,62.000000,53.000000,44.000000,35.000000,JANUARY_JAN_2018,0,0,0,0,0
201618526,17.25,16,34.00,F,JANUARY_JAN,2018,SUPP,CE1505,4.0,ENVIRONMENTAL ENGINEERING I _10 11 12 13 14 15_,80.000000,71.000000,62.000000,53.000000,44.000000,35.000000,JANUARY_JAN_2018,0,0,0,0,0
