Reg_No,Internal,External,Total,Grade,Time,Year,Type,Code,Credit,Title,Cut-Off-S,Cut-Off-A,Cut-Off-B,Cut-Off-C,Cut-Off-D,Cut-Off-E,Directory,Absentees,Malpractices,Detentions,NA,appeared
201500148,47.70,13,61.00,D,JANUARY_JAN,2018,SUPP,CE1562,1.5,SURVEYING PRACTICE II,87.000000,80.000000,72.000000,65.000000,57.000000,50.000000,JANUARY_JAN_2018,0,0,0,0,0
201500154,41.60,9,51.00,E,JANUARY_JAN,2018,SUPP,CE1562,1.5,SURVEYING PRACTICE II,87.000000,80.000000,72.000000,65.000000,57.000000,50.000000,JANUARY_JAN_2018,0,0,0,0,0
20140089,43.30,10,54.00,E,JANUARY_JAN,2018,SUPP,CE1562,1.5,SURVEYING PRACTICE II,87.000000,80.000000,72.000000,65.000000,57.000000,50.000000,JANUARY_JAN_2018,0,0,0,0,0
201500029,50.30,11,62.00,D,JANUARY_JAN,2018,SUPP,CE1562,1.5,SURVEYING PRACTICE II,87.000000,80.000000,72.000000,65.000000,57.000000,50.000000,JANUARY_JAN_2018,0,0,0,0,0
201618518,44.20,9,54.00,E,JANUARY_JAN,2018,SUPP,CE1562,1.5,SURVEYING PRACTICE II,87.000000,80.000000,72.000000,65.000000,57.000000,50.000000,JANUARY_JAN_2018,0,0,0,0,0
201618521,46.80,9,56.00,E,JANUARY_JAN,2018,SUPP,CE1562,1.5,SURVEYING PRACTICE II,87.000000,80.000000,72.000000,65.000000,57.000000,50.000000,JANUARY_JAN_2018,0,0,0,0,0
20130565,46.80,10,57.00,D,JANUARY_JAN,2018,SUPP,CE1562,1.5,SURVEYING PRACTICE II,87.000000,80.000000,72.000000,65.000000,57.000000,50.000000,JANUARY_JAN_2018,0,0,0,0,0
