Reg_No,Internal,External,Total,Grade,Time,Year,Type,Code,Credit,Title,Cut-Off-S,Cut-Off-A,Cut-Off-B,Cut-Off-C,Cut-Off-D,Cut-Off-E,Directory,Absentees,Malpractices,Detentions,NA,appeared
20130112,30.60,18,49.00,D,JANUARY_JAN,2018,SUPP,CE1736,4.0,URBAN TRANSPORTATION SYSTEMS _ELECTIVE IV__14_,80.000000,71.000000,62.000000,53.000000,44.000000,35.000000,JANUARY_JAN_2018,0,0,0,0,0
20130461,31.20,22.5,54.00,C,JANUARY_JAN,2018,SUPP,CE1736,4.0,URBAN TRANSPORTATION SYSTEMS _ELECTIVE IV__14_,80.000000,71.000000,62.000000,53.000000,44.000000,35.000000,JANUARY_JAN_2018,0,0,0,0,0
20140186,16.90,12.5,30.00,F,JANUARY_JAN,2018,SUPP,CE1736,4.0,URBAN TRANSPORTATION SYSTEMS _ELECTIVE IV__14_,80.000000,71.000000,62.000000,53.000000,44.000000,35.000000,JANUARY_JAN_2018,0,0,0,0,0
20140236,25.80,15.5,42.00,E,JANUARY_JAN,2018,SUPP,CE1736,4.0,URBAN TRANSPORTATION SYSTEMS _ELECTIVE IV__14_,80.000000,71.000000,62.000000,53.000000,44.000000,35.000000,JANUARY_JAN_2018,0,0,0,0,0
20140449,24.50,23.5,48.00,D,JANUARY_JAN,2018,SUPP,CE1736,4.0,URBAN TRANSPORTATION SYSTEMS _ELECTIVE IV__14_,80.000000,71.000000,62.000000,53.000000,44.000000,35.000000,JANUARY_JAN_2018,0,0,0,0,0
20140638,22.10,MP,0.00,MP,JANUARY_JAN,2018,SUPP,CE1736,4.0,URBAN TRANSPORTATION SYSTEMS _ELECTIVE IV__14_,80.000000,71.000000,62.000000,53.000000,44.000000,35.000000,JANUARY_JAN_2018,0,0,0,0,0
20140657,28.20,22.5,51.00,D,JANUARY_JAN,2018,SUPP,CE1736,4.0,URBAN TRANSPORTATION SYSTEMS _ELECTIVE IV__14_,80.000000,71.000000,62.000000,53.000000,44.000000,35.000000,JANUARY_JAN_2018,0,0,0,0,0
20140710,17.60,17.5,36.00,E,JANUARY_JAN,2018,SUPP,CE1736,4.0,URBAN TRANSPORTATION SYSTEMS _ELECTIVE IV__14_,80.000000,71.000000,62.000000,53.000000,44.000000,35.000000,JANUARY_JAN_2018,0,0,0,0,0
20140345,21.30,17,39.00,E,JANUARY_JAN,2018,SUPP,CE1736,4.0,URBAN TRANSPORTATION SYSTEMS _ELECTIVE IV__14_,80.000000,71.000000,62.000000,53.000000,44.000000,35.000000,JANUARY_JAN_2018,0,0,0,0,0
