Reg_No,Internal,External,Total,Grade,Time,Year,Type,Code,Credit,Title,Cut-Off-S,Cut-Off-A,Cut-Off-B,Cut-Off-C,Cut-Off-D,Cut-Off-E,Directory,Absentees,Malpractices,Detentions,NA,appeared
20130105,19.90,10,30.00,F,JANUARY_JAN,2018,SUPP,CE1704,4.0,DESIGN OF PRE STRESSED CONCRETE STRUCTURES _11 12 13 14_,80.000000,71.000000,62.000000,53.000000,44.000000,35.000000,JANUARY_JAN_2018,0,0,0,0,0
20130500,21.30,21,43.00,E,JANUARY_JAN,2018,SUPP,CE1704,4.0,DESIGN OF PRE STRESSED CONCRETE STRUCTURES _11 12 13 14_,80.000000,71.000000,62.000000,53.000000,44.000000,35.000000,JANUARY_JAN_2018,0,0,0,0,0
201418511,28.40,22.5,51.00,D,JANUARY_JAN,2018,SUPP,CE1704,4.0,DESIGN OF PRE STRESSED CONCRETE STRUCTURES _11 12 13 14_,80.000000,71.000000,62.000000,53.000000,44.000000,35.000000,JANUARY_JAN_2018,0,0,0,0,0
20130112,21.80,14.5,37.00,E,JANUARY_JAN,2018,SUPP,CE1704,4.0,DESIGN OF PRE STRESSED CONCRETE STRUCTURES _11 12 13 14_,80.000000,71.000000,62.000000,53.000000,44.000000,35.000000,JANUARY_JAN_2018,0,0,0,0,0
20130585,21.20,17.5,39.00,E,JANUARY_JAN,2018,SUPP,CE1704,4.0,DESIGN OF PRE STRESSED CONCRETE STRUCTURES _11 12 13 14_,80.000000,71.000000,62.000000,53.000000,44.000000,35.000000,JANUARY_JAN_2018,0,0,0,0,0
20140071,15.40,AB,0.00,I,JANUARY_JAN,2018,SUPP,CE1704,4.0,DESIGN OF PRE STRESSED CONCRETE STRUCTURES _11 12 13 14_,80.000000,71.000000,62.000000,53.000000,44.000000,35.000000,JANUARY_JAN_2018,0,0,0,0,0
20140221,27.60,19,47.00,D,JANUARY_JAN,2018,SUPP,CE1704,4.0,DESIGN OF PRE STRESSED CONCRETE STRUCTURES _11 12 13 14_,80.000000,71.000000,62.000000,53.000000,44.000000,35.000000,JANUARY_JAN_2018,0,0,0,0,0
201518508,13.70,AB,0.00,I,JANUARY_JAN,2018,SUPP,CE1704,4.0,DESIGN OF PRE STRESSED CONCRETE STRUCTURES _11 12 13 14_,80.000000,71.000000,62.000000,53.000000,44.000000,35.000000,JANUARY_JAN_2018,0,0,0,0,0
201518513,12.30,AB,0.00,I,JANUARY_JAN,2018,SUPP,CE1704,4.0,DESIGN OF PRE STRESSED CONCRETE STRUCTURES _11 12 13 14_,80.000000,71.000000,62.000000,53.000000,44.000000,35.000000,JANUARY_JAN_2018,0,0,0,0,0
