Reg_No,Internal,External,Total,Grade,Time,Year,Type,Code,Credit,Title,Cut-Off-S,Cut-Off-A,Cut-Off-B,Cut-Off-C,Cut-Off-D,Cut-Off-E,Directory,Absentees,Malpractices,Detentions,NA,appeared
20140073,16.20,AB,0.00,I,JANUARY_JAN,2018,SUPP,CH1108,4.0,ENGINEERING CHEMISTRY _13 14 15_,82.000000,73.000000,63.000000,54.000000,44.000000,35.000000,JANUARY_JAN_2018,0,0,0,0,0
20140433,15.95,7.5,24.00,F,JANUARY_JAN,2018,SUPP,CH1108,4.0,ENGINEERING CHEMISTRY _13 14 15_,82.000000,73.000000,63.000000,54.000000,44.000000,35.000000,JANUARY_JAN_2018,0,0,0,0,0
20140519,15.90,AB,0.00,I,JANUARY_JAN,2018,SUPP,CH1108,4.0,ENGINEERING CHEMISTRY _13 14 15_,82.000000,73.000000,63.000000,54.000000,44.000000,35.000000,JANUARY_JAN_2018,0,0,0,0,0
20140709,15.50,28.5,44.00,D,JANUARY_JAN,2018,SUPP,CH1108,4.0,ENGINEERING CHEMISTRY _13 14 15_,82.000000,73.000000,63.000000,54.000000,44.000000,35.000000,JANUARY_JAN_2018,0,0,0,0,0
201500363,18.05,AB,0.00,I,JANUARY_JAN,2018,SUPP,CH1108,4.0,ENGINEERING CHEMISTRY _13 14 15_,82.000000,73.000000,63.000000,54.000000,44.000000,35.000000,JANUARY_JAN_2018,0,0,0,0,0
201500449,10.75,AB,0.00,I,JANUARY_JAN,2018,SUPP,CH1108,4.0,ENGINEERING CHEMISTRY _13 14 15_,82.000000,73.000000,63.000000,54.000000,44.000000,35.000000,JANUARY_JAN_2018,0,0,0,0,0
