Reg_No,Internal,External,Total,Grade,Time,Year,Type,Code,Credit,Title,Cut-Off-S,Cut-Off-A,Cut-Off-B,Cut-Off-C,Cut-Off-D,Cut-Off-E,Directory,Absentees,Malpractices,Detentions,NA,appeared
201700150,41.40,33,75.00,B,JANUARY_JAN,2018,SUPP,CS1164,1.5,COMPUTER PROGRAMMING LAB,90.000000,79.000000,69.000000,58.000000,48.000000,37.000000,JANUARY_JAN_2018,0,0,0,0,0
20140685,34.20,18,53.00,D,JANUARY_JAN,2018,SUPP,CS1164,1.5,COMPUTER PROGRAMMING LAB,90.000000,79.000000,69.000000,58.000000,48.000000,37.000000,JANUARY_JAN_2018,0,0,0,0,0
201600451,41.40,15,57.00,D,JANUARY_JAN,2018,SUPP,CS1164,1.5,COMPUTER PROGRAMMING LAB,90.000000,79.000000,69.000000,58.000000,48.000000,37.000000,JANUARY_JAN_2018,0,0,0,0,0
201500276,36.60,28,65.00,C,JANUARY_JAN,2018,SUPP,CS1164,1.5,COMPUTER PROGRAMMING LAB,90.000000,79.000000,69.000000,58.000000,48.000000,37.000000,JANUARY_JAN_2018,0,0,0,0,0
20130128,0.00,DT,0.00,DT,JANUARY_JAN,2018,SUPP,CS1164,1.5,COMPUTER PROGRAMMING LAB,90.000000,79.000000,69.000000,58.000000,48.000000,37.000000,JANUARY_JAN_2018,0,0,0,0,0
