Reg_No,Internal,External,Total,Grade,Time,Year,Type,Code,Credit,Title,Cut-Off-S,Cut-Off-A,Cut-Off-B,Cut-Off-C,Cut-Off-D,Cut-Off-E,Directory,Absentees,Malpractices,Detentions,NA,appeared
201711501,61.13,9,71.00,C,JANUARY_JAN,2018,SUPP,CS1364,1.5,PROGRAMMING WITH C++ LAB,90.000000,82.000000,74.000000,66.000000,58.000000,50.000000,JANUARY_JAN_2018,0,0,0,0,0
201600535,0.00,DT,0.00,DT,JANUARY_JAN,2018,SUPP,CS1364,1.5,PROGRAMMING WITH C++ LAB,90.000000,82.000000,74.000000,66.000000,58.000000,50.000000,JANUARY_JAN_2018,0,0,0,0,0
201711502,64.80,20,85.00,A,JANUARY_JAN,2018,SUPP,CS1364,1.5,PROGRAMMING WITH C++ LAB,90.000000,82.000000,74.000000,66.000000,58.000000,50.000000,JANUARY_JAN_2018,0,0,0,0,0
201600040,50.13,15,66.00,C,JANUARY_JAN,2018,SUPP,CS1364,1.5,PROGRAMMING WITH C++ LAB,90.000000,82.000000,74.000000,66.000000,58.000000,50.000000,JANUARY_JAN_2018,0,0,0,0,0
201600215,60.60,18,79.00,B,JANUARY_JAN,2018,SUPP,CS1364,1.5,PROGRAMMING WITH C++ LAB,90.000000,82.000000,74.000000,66.000000,58.000000,50.000000,JANUARY_JAN_2018,0,0,0,0,0
201600140,55.93,15,71.00,C,JANUARY_JAN,2018,SUPP,CS1364,1.5,PROGRAMMING WITH C++ LAB,90.000000,82.000000,74.000000,66.000000,58.000000,50.000000,JANUARY_JAN_2018,0,0,0,0,0
