Reg_No,Internal,External,Total,Grade,Time,Year,Type,Code,Credit,Title,Cut-Off-S,Cut-Off-A,Cut-Off-B,Cut-Off-C,Cut-Off-D,Cut-Off-E,Directory,Absentees,Malpractices,Detentions,NA,appeared
201711501,60.23,7,68.00,C,JANUARY_JAN,2018,SUPP,CS1361,1.5,DATA STRUCTURES LAB,90.000000,82.000000,73.000000,65.000000,56.000000,48.000000,JANUARY_JAN_2018,0,0,0,0,0
201600535,0.00,DT,0.00,DT,JANUARY_JAN,2018,SUPP,CS1361,1.5,DATA STRUCTURES LAB,90.000000,82.000000,73.000000,65.000000,56.000000,48.000000,JANUARY_JAN_2018,0,0,0,0,0
201711502,67.12,9,77.00,B,JANUARY_JAN,2018,SUPP,CS1361,1.5,DATA STRUCTURES LAB,90.000000,82.000000,73.000000,65.000000,56.000000,48.000000,JANUARY_JAN_2018,0,0,0,0,0
20140396,54.52,8,63.00,D,JANUARY_JAN,2018,SUPP,CS1361,1.5,DATA STRUCTURES LAB,90.000000,82.000000,73.000000,65.000000,56.000000,48.000000,JANUARY_JAN_2018,0,0,0,0,0
201600215,59.48,10,70.00,C,JANUARY_JAN,2018,SUPP,CS1361,1.5,DATA STRUCTURES LAB,90.000000,82.000000,73.000000,65.000000,56.000000,48.000000,JANUARY_JAN_2018,0,0,0,0,0
201600140,56.16,9,66.00,C,JANUARY_JAN,2018,SUPP,CS1361,1.5,DATA STRUCTURES LAB,90.000000,82.000000,73.000000,65.000000,56.000000,48.000000,JANUARY_JAN_2018,0,0,0,0,0
