Reg_No,Internal,External,Total,Grade,Time,Year,Type,Code,Credit,Title,Cut-Off-S,Cut-Off-A,Cut-Off-B,Cut-Off-C,Cut-Off-D,Cut-Off-E,Directory,Absentees,Malpractices,Detentions,NA,appeared
201500054,27.80,00,28.00,F,JANUARY_JAN,2018,SUPP,CS1307,4.0,INTELLECTUAL PROPERTY RIGHTS & SOFTWARE ETHICS _15 16_,81.000000,73.000000,65.000000,57.000000,49.000000,41.000000,JANUARY_JAN_2018,0,0,0,0,0
201500061,14.90,29,44.00,E,JANUARY_JAN,2018,SUPP,CS1307,4.0,INTELLECTUAL PROPERTY RIGHTS & SOFTWARE ETHICS _15 16_,81.000000,73.000000,65.000000,57.000000,49.000000,41.000000,JANUARY_JAN_2018,0,0,0,0,0
201500239,22.10,AB,0.00,I,JANUARY_JAN,2018,SUPP,CS1307,4.0,INTELLECTUAL PROPERTY RIGHTS & SOFTWARE ETHICS _15 16_,81.000000,73.000000,65.000000,57.000000,49.000000,41.000000,JANUARY_JAN_2018,0,0,0,0,0
201500449,16.15,28.5,45.00,E,JANUARY_JAN,2018,SUPP,CS1307,4.0,INTELLECTUAL PROPERTY RIGHTS & SOFTWARE ETHICS _15 16_,81.000000,73.000000,65.000000,57.000000,49.000000,41.000000,JANUARY_JAN_2018,0,0,0,0,0
201711502,17.35,32,50.00,D,JANUARY_JAN,2018,SUPP,CS1307,4.0,INTELLECTUAL PROPERTY RIGHTS & SOFTWARE ETHICS _15 16_,81.000000,73.000000,65.000000,57.000000,49.000000,41.000000,JANUARY_JAN_2018,0,0,0,0,0
201600095,26.20,26,53.00,D,JANUARY_JAN,2018,SUPP,CS1307,4.0,INTELLECTUAL PROPERTY RIGHTS & SOFTWARE ETHICS _15 16_,81.000000,73.000000,65.000000,57.000000,49.000000,41.000000,JANUARY_JAN_2018,0,0,0,0,0
201600435,33.40,AB,0.00,I,JANUARY_JAN,2018,SUPP,CS1307,4.0,INTELLECTUAL PROPERTY RIGHTS & SOFTWARE ETHICS _15 16_,81.000000,73.000000,65.000000,57.000000,49.000000,41.000000,JANUARY_JAN_2018,0,0,0,0,0
201600531,18.90,AB,0.00,I,JANUARY_JAN,2018,SUPP,CS1307,4.0,INTELLECTUAL PROPERTY RIGHTS & SOFTWARE ETHICS _15 16_,81.000000,73.000000,65.000000,57.000000,49.000000,41.000000,JANUARY_JAN_2018,0,0,0,0,0
