Reg_No,Internal,External,Total,Grade,Time,Year,Type,Code,Credit,Title,Cut-Off-S,Cut-Off-A,Cut-Off-B,Cut-Off-C,Cut-Off-D,Cut-Off-E,Directory,Absentees,Malpractices,Detentions,NA,appeared
20120593,8.70,1.5,11.00,F,JANUARY_JAN,2018,SUPP,CS1405,4.0,DESIGN & ANALYSIS OF ALGORITHMS _9 10 11 12 13 14 15_,80.000000,71.000000,62.000000,53.000000,44.000000,35.000000,JANUARY_JAN_2018,0,0,0,0,0
20140291,11.60,AB,0.00,I,JANUARY_JAN,2018,SUPP,CS1405,4.0,DESIGN & ANALYSIS OF ALGORITHMS _9 10 11 12 13 14 15_,80.000000,71.000000,62.000000,53.000000,44.000000,35.000000,JANUARY_JAN_2018,0,0,0,0,0
20140424,9.90,AB,0.00,I,JANUARY_JAN,2018,SUPP,CS1405,4.0,DESIGN & ANALYSIS OF ALGORITHMS _9 10 11 12 13 14 15_,80.000000,71.000000,62.000000,53.000000,44.000000,35.000000,JANUARY_JAN_2018,0,0,0,0,0
20140444,12.70,AB,0.00,I,JANUARY_JAN,2018,SUPP,CS1405,4.0,DESIGN & ANALYSIS OF ALGORITHMS _9 10 11 12 13 14 15_,80.000000,71.000000,62.000000,53.000000,44.000000,35.000000,JANUARY_JAN_2018,0,0,0,0,0
20140658,8.75,AB,0.00,I,JANUARY_JAN,2018,SUPP,CS1405,4.0,DESIGN & ANALYSIS OF ALGORITHMS _9 10 11 12 13 14 15_,80.000000,71.000000,62.000000,53.000000,44.000000,35.000000,JANUARY_JAN_2018,0,0,0,0,0
20140703,11.60,06,18.00,F,JANUARY_JAN,2018,SUPP,CS1405,4.0,DESIGN & ANALYSIS OF ALGORITHMS _9 10 11 12 13 14 15_,80.000000,71.000000,62.000000,53.000000,44.000000,35.000000,JANUARY_JAN_2018,0,0,0,0,0
201511503,10.90,33,44.00,D,JANUARY_JAN,2018,SUPP,CS1405,4.0,DESIGN & ANALYSIS OF ALGORITHMS _9 10 11 12 13 14 15_,80.000000,71.000000,62.000000,53.000000,44.000000,35.000000,JANUARY_JAN_2018,0,0,0,0,0
20130090,8.50,16,25.00,F,JANUARY_JAN,2018,SUPP,CS1405,4.0,DESIGN & ANALYSIS OF ALGORITHMS _9 10 11 12 13 14 15_,80.000000,71.000000,62.000000,53.000000,44.000000,35.000000,JANUARY_JAN_2018,0,0,0,0,0
