Reg_No,Internal,External,Total,Grade,Time,Year,Type,Code,Credit,Title,Cut-Off-S,Cut-Off-A,Cut-Off-B,Cut-Off-C,Cut-Off-D,Cut-Off-E,Directory,Absentees,Malpractices,Detentions,NA,appeared
20140129,13.00,01,14.00,F,JANUARY_JAN,2018,SUPP,CS1404,4.0,COMPUTER GRAPHICS _9 10 11 12 13 14_,80.000000,71.000000,62.000000,53.000000,44.000000,35.000000,JANUARY_JAN_2018,0,0,0,0,0
20140291,14.85,19,34.00,F,JANUARY_JAN,2018,SUPP,CS1404,4.0,COMPUTER GRAPHICS _9 10 11 12 13 14_,80.000000,71.000000,62.000000,53.000000,44.000000,35.000000,JANUARY_JAN_2018,0,0,0,0,0
20140431,17.40,22.5,40.00,E,JANUARY_JAN,2018,SUPP,CS1404,4.0,COMPUTER GRAPHICS _9 10 11 12 13 14_,80.000000,71.000000,62.000000,53.000000,44.000000,35.000000,JANUARY_JAN_2018,0,0,0,0,0
20140495,10.90,AB,0.00,I,JANUARY_JAN,2018,SUPP,CS1404,4.0,COMPUTER GRAPHICS _9 10 11 12 13 14_,80.000000,71.000000,62.000000,53.000000,44.000000,35.000000,JANUARY_JAN_2018,0,0,0,0,0
