Reg_No,Internal,External,Total,Grade,Time,Year,Type,Code,Credit,Title,Cut-Off-S,Cut-Off-A,Cut-Off-B,Cut-Off-C,Cut-Off-D,Cut-Off-E,Directory,Absentees,Malpractices,Detentions,NA,appeared
201711540,54.77,8,63.00,D,JANUARY_JAN,2018,SUPP,CS1565,1.5,SOFTWARE ENGINEERING LAB,90.000000,82.000000,74.000000,66.000000,58.000000,50.000000,JANUARY_JAN_2018,0,0,0,0,0
201500449,55.12,5,61.00,D,JANUARY_JAN,2018,SUPP,CS1565,1.5,SOFTWARE ENGINEERING LAB,90.000000,82.000000,74.000000,66.000000,58.000000,50.000000,JANUARY_JAN_2018,0,0,0,0,0
20140655,59.43,8,68.00,C,JANUARY_JAN,2018,SUPP,CS1565,1.5,SOFTWARE ENGINEERING LAB,90.000000,82.000000,74.000000,66.000000,58.000000,50.000000,JANUARY_JAN_2018,0,0,0,0,0
20130335,51.85,11,63.00,D,JANUARY_JAN,2018,SUPP,CS1565,1.5,SOFTWARE ENGINEERING LAB,90.000000,82.000000,74.000000,66.000000,58.000000,50.000000,JANUARY_JAN_2018,0,0,0,0,0
20140556,56.71,8,65.00,D,JANUARY_JAN,2018,SUPP,CS1565,1.5,SOFTWARE ENGINEERING LAB,90.000000,82.000000,74.000000,66.000000,58.000000,50.000000,JANUARY_JAN_2018,0,0,0,0,0
201500061,56.71,8,65.00,D,JANUARY_JAN,2018,SUPP,CS1565,1.5,SOFTWARE ENGINEERING LAB,90.000000,82.000000,74.000000,66.000000,58.000000,50.000000,JANUARY_JAN_2018,0,0,0,0,0
