Reg_No,Internal,External,Total,Grade,Time,Year,Type,Code,Credit,Title,Cut-Off-S,Cut-Off-A,Cut-Off-B,Cut-Off-C,Cut-Off-D,Cut-Off-E,Directory,Absentees,Malpractices,Detentions,NA,appeared
20120370,16.80,8.5,26.00,F,JANUARY_JAN,2018,SUPP,CS1533_CS1503,4.0,SYSTEM PROGRAMMING _10 11 12 13 14 15_ _CSE1503 UPTO 2014 BATCH_,84.000000,74.000000,64.000000,55.000000,45.000000,35.000000,JANUARY_JAN_2018,0,0,0,0,0
20140395,12.15,AB,0.00,I,JANUARY_JAN,2018,SUPP,CS1533_CS1503,4.0,SYSTEM PROGRAMMING _10 11 12 13 14 15_ _CSE1503 UPTO 2014 BATCH_,84.000000,74.000000,64.000000,55.000000,45.000000,35.000000,JANUARY_JAN_2018,0,0,0,0,0
20140495,16.75,19.5,37.00,E,JANUARY_JAN,2018,SUPP,CS1533_CS1503,4.0,SYSTEM PROGRAMMING _10 11 12 13 14 15_ _CSE1503 UPTO 2014 BATCH_,84.000000,74.000000,64.000000,55.000000,45.000000,35.000000,JANUARY_JAN_2018,0,0,0,0,0
20140515,11.00,AB,0.00,I,JANUARY_JAN,2018,SUPP,CS1533_CS1503,4.0,SYSTEM PROGRAMMING _10 11 12 13 14 15_ _CSE1503 UPTO 2014 BATCH_,84.000000,74.000000,64.000000,55.000000,45.000000,35.000000,JANUARY_JAN_2018,0,0,0,0,0
20140703,13.45,AB,0.00,I,JANUARY_JAN,2018,SUPP,CS1533_CS1503,4.0,SYSTEM PROGRAMMING _10 11 12 13 14 15_ _CSE1503 UPTO 2014 BATCH_,84.000000,74.000000,64.000000,55.000000,45.000000,35.000000,JANUARY_JAN_2018,0,0,0,0,0
