Reg_No,Internal,External,Total,Grade,Time,Year,Type,Code,Credit,Title,Cut-Off-S,Cut-Off-A,Cut-Off-B,Cut-Off-C,Cut-Off-D,Cut-Off-E,Directory,Absentees,Malpractices,Detentions,NA,appeared
20120357,11.30,14,26.00,F,JANUARY_JAN,2018,SUPP,CS1602,4.0,UNIX_LINUX INTERNALS _11 12 13 14_,90.000000,79.000000,68.000000,57.000000,46.000000,35.000000,JANUARY_JAN_2018,0,0,0,0,0
20140220,23.05,13.5,37.00,E,JANUARY_JAN,2018,SUPP,CS1602,4.0,UNIX_LINUX INTERNALS _11 12 13 14_,90.000000,79.000000,68.000000,57.000000,46.000000,35.000000,JANUARY_JAN_2018,0,0,0,0,0
20140291,4.35,00,5.00,F,JANUARY_JAN,2018,SUPP,CS1602,4.0,UNIX_LINUX INTERNALS _11 12 13 14_,90.000000,79.000000,68.000000,57.000000,46.000000,35.000000,JANUARY_JAN_2018,0,0,0,0,0
201511501,20.15,14.5,35.00,E,JANUARY_JAN,2018,SUPP,CS1602,4.0,UNIX_LINUX INTERNALS _11 12 13 14_,90.000000,79.000000,68.000000,57.000000,46.000000,35.000000,JANUARY_JAN_2018,0,0,0,0,0
