Reg_No,Internal,External,Total,Grade,Time,Year,Type,Code,Credit,Title,Cut-Off-S,Cut-Off-A,Cut-Off-B,Cut-Off-C,Cut-Off-D,Cut-Off-E,Directory,Absentees,Malpractices,Detentions,NA,appeared
20120455,3.00,37,40.00,E,JANUARY_JAN,2018,SUPP,EC1303,4.0,ELECTRONIC DEVICES & COMPONENTS _10 11 12 13 14 15 16_,87.000000,77.000000,66.000000,56.000000,45.000000,35.000000,JANUARY_JAN_2018,0,0,0,0,0
201512501,15.00,AB,0.00,I,JANUARY_JAN,2018,SUPP,EC1303,4.0,ELECTRONIC DEVICES & COMPONENTS _10 11 12 13 14 15 16_,87.000000,77.000000,66.000000,56.000000,45.000000,35.000000,JANUARY_JAN_2018,0,0,0,0,0
201600179,21.80,01,23.00,F,JANUARY_JAN,2018,SUPP,EC1303,4.0,ELECTRONIC DEVICES & COMPONENTS _10 11 12 13 14 15 16_,87.000000,77.000000,66.000000,56.000000,45.000000,35.000000,JANUARY_JAN_2018,0,0,0,0,0
201600182,21.80,29.5,52.00,D,JANUARY_JAN,2018,SUPP,EC1303,4.0,ELECTRONIC DEVICES & COMPONENTS _10 11 12 13 14 15 16_,87.000000,77.000000,66.000000,56.000000,45.000000,35.000000,JANUARY_JAN_2018,0,0,0,0,0
201600274,21.10,13,35.00,E,JANUARY_JAN,2018,SUPP,EC1303,4.0,ELECTRONIC DEVICES & COMPONENTS _10 11 12 13 14 15 16_,87.000000,77.000000,66.000000,56.000000,45.000000,35.000000,JANUARY_JAN_2018,0,0,0,0,0
