Reg_No,Internal,External,Total,Grade,Time,Year,Type,Code,Credit,Title,Cut-Off-S,Cut-Off-A,Cut-Off-B,Cut-Off-C,Cut-Off-D,Cut-Off-E,Directory,Absentees,Malpractices,Detentions,NA,appeared
201500296,10.40,AB,0.00,I,JANUARY_JAN,2018,SUPP,EC1308,4.0,NETWORK ANALYSIS & SYNTHESIS _15 16_,88.000000,77.000000,67.000000,56.000000,46.000000,35.000000,JANUARY_JAN_2018,0,0,0,0,0
201512501,16.20,5,22.00,F,JANUARY_JAN,2018,SUPP,EC1308,4.0,NETWORK ANALYSIS & SYNTHESIS _15 16_,88.000000,77.000000,67.000000,56.000000,46.000000,35.000000,JANUARY_JAN_2018,0,0,0,0,0
201600274,14.10,20.5,35.00,E,JANUARY_JAN,2018,SUPP,EC1308,4.0,NETWORK ANALYSIS & SYNTHESIS _15 16_,88.000000,77.000000,67.000000,56.000000,46.000000,35.000000,JANUARY_JAN_2018,0,0,0,0,0
201712501,16.00,12,28.00,F,JANUARY_JAN,2018,SUPP,EC1308,4.0,NETWORK ANALYSIS & SYNTHESIS _15 16_,88.000000,77.000000,67.000000,56.000000,46.000000,35.000000,JANUARY_JAN_2018,0,0,0,0,0
20140413,15.50,40,56.00,C,JANUARY_JAN,2018,SUPP,EC1308,4.0,NETWORK ANALYSIS & SYNTHESIS _15 16_,88.000000,77.000000,67.000000,56.000000,46.000000,35.000000,JANUARY_JAN_2018,0,0,0,0,0
