Reg_No,Internal,External,Total,Grade,Time,Year,Type,Code,Credit,Title,Cut-Off-S,Cut-Off-A,Cut-Off-B,Cut-Off-C,Cut-Off-D,Cut-Off-E,Directory,Absentees,Malpractices,Detentions,NA,appeared
20140048,18.00,20.5,39.00,E,JANUARY_JAN,2018,SUPP,EC1404,4.0,MICROPROCESSOR _9 10 11 12 13 14 15_,80.000000,71.000000,62.000000,53.000000,44.000000,35.000000,JANUARY_JAN_2018,0,0,0,0,0
20140131,11.15,12.5,24.00,F,JANUARY_JAN,2018,SUPP,EC1404,4.0,MICROPROCESSOR _9 10 11 12 13 14 15_,80.000000,71.000000,62.000000,53.000000,44.000000,35.000000,JANUARY_JAN_2018,0,0,0,0,0
20140355,11.30,29.5,41.00,E,JANUARY_JAN,2018,SUPP,EC1404,4.0,MICROPROCESSOR _9 10 11 12 13 14 15_,80.000000,71.000000,62.000000,53.000000,44.000000,35.000000,JANUARY_JAN_2018,0,0,0,0,0
20140684,16.90,16.5,34.00,F,JANUARY_JAN,2018,SUPP,EC1404,4.0,MICROPROCESSOR _9 10 11 12 13 14 15_,80.000000,71.000000,62.000000,53.000000,44.000000,35.000000,JANUARY_JAN_2018,0,0,0,0,0
