Reg_No,Internal,External,Total,Grade,Time,Year,Type,Code,Credit,Title,Cut-Off-S,Cut-Off-A,Cut-Off-B,Cut-Off-C,Cut-Off-D,Cut-Off-E,Directory,Absentees,Malpractices,Detentions,NA,appeared
20130460,12.80,AB,0.00,I,JANUARY_JAN,2018,SUPP,EC1502,4.0,LINEAR & DIGITAL CONTROL SYSTEM _10 11 12 13 14 15_,90.000000,79.000000,69.000000,58.000000,48.000000,37.000000,JANUARY_JAN_2018,0,0,0,0,0
20130625,11.20,2.5,14.00,F,JANUARY_JAN,2018,SUPP,EC1502,4.0,LINEAR & DIGITAL CONTROL SYSTEM _10 11 12 13 14 15_,90.000000,79.000000,69.000000,58.000000,48.000000,37.000000,JANUARY_JAN_2018,0,0,0,0,0
20140114,14.20,1,16.00,F,JANUARY_JAN,2018,SUPP,EC1502,4.0,LINEAR & DIGITAL CONTROL SYSTEM _10 11 12 13 14 15_,90.000000,79.000000,69.000000,58.000000,48.000000,37.000000,JANUARY_JAN_2018,0,0,0,0,0
20140509,15.50,AB,0.00,I,JANUARY_JAN,2018,SUPP,EC1502,4.0,LINEAR & DIGITAL CONTROL SYSTEM _10 11 12 13 14 15_,90.000000,79.000000,69.000000,58.000000,48.000000,37.000000,JANUARY_JAN_2018,0,0,0,0,0
20140581,12.80,1,14.00,F,JANUARY_JAN,2018,SUPP,EC1502,4.0,LINEAR & DIGITAL CONTROL SYSTEM _10 11 12 13 14 15_,90.000000,79.000000,69.000000,58.000000,48.000000,37.000000,JANUARY_JAN_2018,0,0,0,0,0
20140587,14.10,AB,0.00,I,JANUARY_JAN,2018,SUPP,EC1502,4.0,LINEAR & DIGITAL CONTROL SYSTEM _10 11 12 13 14 15_,90.000000,79.000000,69.000000,58.000000,48.000000,37.000000,JANUARY_JAN_2018,0,0,0,0,0
20140002,14.80,1.5,17.00,F,JANUARY_JAN,2018,SUPP,EC1502,4.0,LINEAR & DIGITAL CONTROL SYSTEM _10 11 12 13 14 15_,90.000000,79.000000,69.000000,58.000000,48.000000,37.000000,JANUARY_JAN_2018,0,0,0,0,0
20140685,23.10,19,43.00,E,JANUARY_JAN,2018,SUPP,EC1502,4.0,LINEAR & DIGITAL CONTROL SYSTEM _10 11 12 13 14 15_,90.000000,79.000000,69.000000,58.000000,48.000000,37.000000,JANUARY_JAN_2018,0,0,0,0,0
