Reg_No,Internal,External,Total,Grade,Time,Year,Type,Code,Credit,Title,Cut-Off-S,Cut-Off-A,Cut-Off-B,Cut-Off-C,Cut-Off-D,Cut-Off-E,Directory,Absentees,Malpractices,Detentions,NA,appeared
20120360,15.90,15,31.00,F,JANUARY_JAN,2018,SUPP,EC1503,4.0,ANALOG COMMUNICATION _10 11 12 13 14_,80.000000,71.000000,62.000000,53.000000,44.000000,35.000000,JANUARY_JAN_2018,0,0,0,0,0
20140114,12.90,17.5,31.00,F,JANUARY_JAN,2018,SUPP,EC1503,4.0,ANALOG COMMUNICATION _10 11 12 13 14_,80.000000,71.000000,62.000000,53.000000,44.000000,35.000000,JANUARY_JAN_2018,0,0,0,0,0
20140504,15.05,26,42.00,E,JANUARY_JAN,2018,SUPP,EC1503,4.0,ANALOG COMMUNICATION _10 11 12 13 14_,80.000000,71.000000,62.000000,53.000000,44.000000,35.000000,JANUARY_JAN_2018,0,0,0,0,0
20140097,13.10,AB,0.00,I,JANUARY_JAN,2018,SUPP,EC1503,4.0,ANALOG COMMUNICATION _10 11 12 13 14_,80.000000,71.000000,62.000000,53.000000,44.000000,35.000000,JANUARY_JAN_2018,0,0,0,0,0
