Reg_No,Internal,External,Total,Grade,Time,Year,Type,Code,Credit,Title,Cut-Off-S,Cut-Off-A,Cut-Off-B,Cut-Off-C,Cut-Off-D,Cut-Off-E,Directory,Absentees,Malpractices,Detentions,NA,appeared
20140181,22.95,24,47.00,E,JANUARY_JAN,2018,SUPP,EC1504,4.0,ADVANCED MICROPROCESSOR _10 11 12 13 14 15_,90.000000,81.000000,71.000000,62.000000,52.000000,43.000000,JANUARY_JAN_2018,0,0,0,0,0
20140002,20.20,16,37.00,F,JANUARY_JAN,2018,SUPP,EC1504,4.0,ADVANCED MICROPROCESSOR _10 11 12 13 14 15_,90.000000,81.000000,71.000000,62.000000,52.000000,43.000000,JANUARY_JAN_2018,0,0,0,0,0
201500068,39.80,AB,0.00,I,JANUARY_JAN,2018,SUPP,EC1504,4.0,ADVANCED MICROPROCESSOR _10 11 12 13 14 15_,90.000000,81.000000,71.000000,62.000000,52.000000,43.000000,JANUARY_JAN_2018,0,0,0,0,0
201500116,35.30,AB,0.00,I,JANUARY_JAN,2018,SUPP,EC1504,4.0,ADVANCED MICROPROCESSOR _10 11 12 13 14 15_,90.000000,81.000000,71.000000,62.000000,52.000000,43.000000,JANUARY_JAN_2018,0,0,0,0,0
201500215,36.30,AB,0.00,I,JANUARY_JAN,2018,SUPP,EC1504,4.0,ADVANCED MICROPROCESSOR _10 11 12 13 14 15_,90.000000,81.000000,71.000000,62.000000,52.000000,43.000000,JANUARY_JAN_2018,0,0,0,0,0
