Reg_No,Internal,External,Total,Grade,Time,Year,Type,Code,Credit,Title,Cut-Off-S,Cut-Off-A,Cut-Off-B,Cut-Off-C,Cut-Off-D,Cut-Off-E,Directory,Absentees,Malpractices,Detentions,NA,appeared
20140002,25.10,19.5,45.00,E,JANUARY_JAN,2018,SUPP,EC1507,4.0,COMPUTER NETWORKS _15__ COMPUTER COMMUNICATION _10 11 12 13 14_,88.000000,77.000000,67.000000,56.000000,46.000000,35.000000,JANUARY_JAN_2018,0,0,0,0,0
201500024,11.00,18,29.00,F,JANUARY_JAN,2018,SUPP,EC1507,4.0,COMPUTER NETWORKS _15__ COMPUTER COMMUNICATION _10 11 12 13 14_,88.000000,77.000000,67.000000,56.000000,46.000000,35.000000,JANUARY_JAN_2018,0,0,0,0,0
201500068,22.90,AB,0.00,I,JANUARY_JAN,2018,SUPP,EC1507,4.0,COMPUTER NETWORKS _15__ COMPUTER COMMUNICATION _10 11 12 13 14_,88.000000,77.000000,67.000000,56.000000,46.000000,35.000000,JANUARY_JAN_2018,0,0,0,0,0
201500215,33.80,AB,0.00,I,JANUARY_JAN,2018,SUPP,EC1507,4.0,COMPUTER NETWORKS _15__ COMPUTER COMMUNICATION _10 11 12 13 14_,88.000000,77.000000,67.000000,56.000000,46.000000,35.000000,JANUARY_JAN_2018,0,0,0,0,0
201012032,26.20,35.5,62.00,C,JANUARY_JAN,2018,SUPP,EC1507,4.0,COMPUTER NETWORKS _15__ COMPUTER COMMUNICATION _10 11 12 13 14_,88.000000,77.000000,67.000000,56.000000,46.000000,35.000000,JANUARY_JAN_2018,0,0,0,0,0
20130460,30.00,11.5,42.00,E,JANUARY_JAN,2018,SUPP,EC1507,4.0,COMPUTER NETWORKS _15__ COMPUTER COMMUNICATION _10 11 12 13 14_,88.000000,77.000000,67.000000,56.000000,46.000000,35.000000,JANUARY_JAN_2018,0,0,0,0,0
20120360,27.30,AB,0.00,I,JANUARY_JAN,2018,SUPP,EC1507,4.0,COMPUTER NETWORKS _15__ COMPUTER COMMUNICATION _10 11 12 13 14_,88.000000,77.000000,67.000000,56.000000,46.000000,35.000000,JANUARY_JAN_2018,0,0,0,0,0
20140511,21.00,19.5,41.00,E,JANUARY_JAN,2018,SUPP,EC1507,4.0,COMPUTER NETWORKS _15__ COMPUTER COMMUNICATION _10 11 12 13 14_,88.000000,77.000000,67.000000,56.000000,46.000000,35.000000,JANUARY_JAN_2018,0,0,0,0,0
20140684,22.80,00,23.00,F,JANUARY_JAN,2018,SUPP,EC1507,4.0,COMPUTER NETWORKS _15__ COMPUTER COMMUNICATION _10 11 12 13 14_,88.000000,77.000000,67.000000,56.000000,46.000000,35.000000,JANUARY_JAN_2018,0,0,0,0,0
