Reg_No,Internal,External,Total,Grade,Time,Year,Type,Code,Credit,Title,Cut-Off-S,Cut-Off-A,Cut-Off-B,Cut-Off-C,Cut-Off-D,Cut-Off-E,Directory,Absentees,Malpractices,Detentions,NA,appeared
20120478,10.90,26,37.00,E,JANUARY_JAN,2018,SUPP,EC1605,4.0,POWER ELECTRONICS _9 10 11 12 13 14_,82.000000,73.000000,63.000000,54.000000,44.000000,35.000000,JANUARY_JAN_2018,0,0,0,0,0
20130554,10.20,AB,0.00,I,JANUARY_JAN,2018,SUPP,EC1605,4.0,POWER ELECTRONICS _9 10 11 12 13 14_,82.000000,73.000000,63.000000,54.000000,44.000000,35.000000,JANUARY_JAN_2018,0,0,0,0,0
201412506,9.60,AB,0.00,I,JANUARY_JAN,2018,SUPP,EC1605,4.0,POWER ELECTRONICS _9 10 11 12 13 14_,82.000000,73.000000,63.000000,54.000000,44.000000,35.000000,JANUARY_JAN_2018,0,0,0,0,0
20140206,18.70,16.5,36.00,E,JANUARY_JAN,2018,SUPP,EC1605,4.0,POWER ELECTRONICS _9 10 11 12 13 14_,82.000000,73.000000,63.000000,54.000000,44.000000,35.000000,JANUARY_JAN_2018,0,0,0,0,0
20140358,25.20,AB,0.00,I,JANUARY_JAN,2018,SUPP,EC1605,4.0,POWER ELECTRONICS _9 10 11 12 13 14_,82.000000,73.000000,63.000000,54.000000,44.000000,35.000000,JANUARY_JAN_2018,0,0,0,0,0
20140378,32.20,38.5,71.00,B,JANUARY_JAN,2018,SUPP,EC1605,4.0,POWER ELECTRONICS _9 10 11 12 13 14_,82.000000,73.000000,63.000000,54.000000,44.000000,35.000000,JANUARY_JAN_2018,0,0,0,0,0
