Reg_No,Internal,External,Total,Grade,Time,Year,Type,Code,Credit,Title,Cut-Off-S,Cut-Off-A,Cut-Off-B,Cut-Off-C,Cut-Off-D,Cut-Off-E,Directory,Absentees,Malpractices,Detentions,NA,appeared
201012032,36.50,38.5,75.00,A,JANUARY_JAN,2018,SUPP,EC1701,4.0,SATELLITE & OPTICAL COMMUNICATION SYSTEM _10 11 12 13 14_,85.000000,75.000000,65.000000,55.000000,45.000000,35.000000,JANUARY_JAN_2018,0,0,0,0,0
20130460,11.30,AB,0.00,I,JANUARY_JAN,2018,SUPP,EC1701,4.0,SATELLITE & OPTICAL COMMUNICATION SYSTEM _10 11 12 13 14_,85.000000,75.000000,65.000000,55.000000,45.000000,35.000000,JANUARY_JAN_2018,0,0,0,0,0
20130696,14.60,AB,0.00,I,JANUARY_JAN,2018,SUPP,EC1701,4.0,SATELLITE & OPTICAL COMMUNICATION SYSTEM _10 11 12 13 14_,85.000000,75.000000,65.000000,55.000000,45.000000,35.000000,JANUARY_JAN_2018,0,0,0,0,0
20140097,11.50,30.5,42.00,E,JANUARY_JAN,2018,SUPP,EC1701,4.0,SATELLITE & OPTICAL COMMUNICATION SYSTEM _10 11 12 13 14_,85.000000,75.000000,65.000000,55.000000,45.000000,35.000000,JANUARY_JAN_2018,0,0,0,0,0
20140511,27.90,21,49.00,D,JANUARY_JAN,2018,SUPP,EC1701,4.0,SATELLITE & OPTICAL COMMUNICATION SYSTEM _10 11 12 13 14_,85.000000,75.000000,65.000000,55.000000,45.000000,35.000000,JANUARY_JAN_2018,0,0,0,0,0
