Reg_No,Internal,External,Total,Grade,Time,Year,Type,Code,Credit,Title,Cut-Off-S,Cut-Off-A,Cut-Off-B,Cut-Off-C,Cut-Off-D,Cut-Off-E,Directory,Absentees,Malpractices,Detentions,NA,appeared
201012032,30.00,27,57.00,D,JANUARY_JAN,2018,SUPP,EC1703,4.0,MICRO ELECTRONICS & VLSI DESIGN _10 11 12 13 14_,90.000000,79.000000,68.000000,58.000000,47.000000,36.000000,JANUARY_JAN_2018,0,0,0,0,0
20130460,15.10,AB,0.00,I,JANUARY_JAN,2018,SUPP,EC1703,4.0,MICRO ELECTRONICS & VLSI DESIGN _10 11 12 13 14_,90.000000,79.000000,68.000000,58.000000,47.000000,36.000000,JANUARY_JAN_2018,0,0,0,0,0
20130696,29.50,AB,0.00,I,JANUARY_JAN,2018,SUPP,EC1703,4.0,MICRO ELECTRONICS & VLSI DESIGN _10 11 12 13 14_,90.000000,79.000000,68.000000,58.000000,47.000000,36.000000,JANUARY_JAN_2018,0,0,0,0,0
20140355,29.40,26.5,56.00,D,JANUARY_JAN,2018,SUPP,EC1703,4.0,MICRO ELECTRONICS & VLSI DESIGN _10 11 12 13 14_,90.000000,79.000000,68.000000,58.000000,47.000000,36.000000,JANUARY_JAN_2018,0,0,0,0,0
20140684,15.90,23,39.00,E,JANUARY_JAN,2018,SUPP,EC1703,4.0,MICRO ELECTRONICS & VLSI DESIGN _10 11 12 13 14_,90.000000,79.000000,68.000000,58.000000,47.000000,36.000000,JANUARY_JAN_2018,0,0,0,0,0
20140004,29.80,24.5,55.00,D,JANUARY_JAN,2018,SUPP,EC1703,4.0,MICRO ELECTRONICS & VLSI DESIGN _10 11 12 13 14_,90.000000,79.000000,68.000000,58.000000,47.000000,36.000000,JANUARY_JAN_2018,0,0,0,0,0
