Reg_No,Internal,External,Total,Grade,Time,Year,Type,Code,Credit,Title,Cut-Off-S,Cut-Off-A,Cut-Off-B,Cut-Off-C,Cut-Off-D,Cut-Off-E,Directory,Absentees,Malpractices,Detentions,NA,appeared
20130576,13.60,1.5,16.00,F,JANUARY_JAN,2018,SUPP,EE1305,4.0,DIGITAL ELECTRONICS _11 12 13 14 15 16_,80.000000,71.000000,62.000000,53.000000,44.000000,35.000000,JANUARY_JAN_2018,0,0,0,0,0
201600053,13.70,20,34.00,F,JANUARY_JAN,2018,SUPP,EE1305,4.0,DIGITAL ELECTRONICS _11 12 13 14 15 16_,80.000000,71.000000,62.000000,53.000000,44.000000,35.000000,JANUARY_JAN_2018,0,0,0,0,0
201600131,8.00,1.5,10.00,F,JANUARY_JAN,2018,SUPP,EE1305,4.0,DIGITAL ELECTRONICS _11 12 13 14 15 16_,80.000000,71.000000,62.000000,53.000000,44.000000,35.000000,JANUARY_JAN_2018,0,0,0,0,0
201600244,15.90,16.5,33.00,F,JANUARY_JAN,2018,SUPP,EE1305,4.0,DIGITAL ELECTRONICS _11 12 13 14 15 16_,80.000000,71.000000,62.000000,53.000000,44.000000,35.000000,JANUARY_JAN_2018,0,0,0,0,0
201713506,15.00,9.5,25.00,F,JANUARY_JAN,2018,SUPP,EE1305,4.0,DIGITAL ELECTRONICS _11 12 13 14 15 16_,80.000000,71.000000,62.000000,53.000000,44.000000,35.000000,JANUARY_JAN_2018,0,0,0,0,0
