Reg_No,Internal,External,Total,Grade,Time,Year,Type,Code,Credit,Title,Cut-Off-S,Cut-Off-A,Cut-Off-B,Cut-Off-C,Cut-Off-D,Cut-Off-E,Directory,Absentees,Malpractices,Detentions,NA,appeared
20140375,11.70,13,25.00,F,JANUARY_JAN,2018,SUPP,EE1303,4.0,ELECTRICAL MACHINES I _10 11 12 13 14 15 16_,80.000000,71.000000,62.000000,53.000000,44.000000,35.000000,JANUARY_JAN_2018,0,0,0,0,0
201600124,23.00,17.5,41.00,E,JANUARY_JAN,2018,SUPP,EE1303,4.0,ELECTRICAL MACHINES I _10 11 12 13 14 15 16_,80.000000,71.000000,62.000000,53.000000,44.000000,35.000000,JANUARY_JAN_2018,0,0,0,0,0
201713506,21.70,16,38.00,E,JANUARY_JAN,2018,SUPP,EE1303,4.0,ELECTRICAL MACHINES I _10 11 12 13 14 15 16_,80.000000,71.000000,62.000000,53.000000,44.000000,35.000000,JANUARY_JAN_2018,0,0,0,0,0
