Reg_No,Internal,External,Total,Grade,Time,Year,Type,Code,Credit,Title,Cut-Off-S,Cut-Off-A,Cut-Off-B,Cut-Off-C,Cut-Off-D,Cut-Off-E,Directory,Absentees,Malpractices,Detentions,NA,appeared
201500060,55.00,9,64.00,D,JANUARY_JAN,2018,SUPP,EE1364,1.5,ELECTRO TECHNOLOGY LAB,89.000000,81.000000,73.000000,66.000000,58.000000,50.000000,JANUARY_JAN_2018,0,0,0,0,0
201600485,60.00,14,74.00,B,JANUARY_JAN,2018,SUPP,EE1364,1.5,ELECTRO TECHNOLOGY LAB,89.000000,81.000000,73.000000,66.000000,58.000000,50.000000,JANUARY_JAN_2018,0,0,0,0,0
201500734,50.00,11,61.00,D,JANUARY_JAN,2018,SUPP,EE1364,1.5,ELECTRO TECHNOLOGY LAB,89.000000,81.000000,73.000000,66.000000,58.000000,50.000000,JANUARY_JAN_2018,0,0,0,0,0
20140194,50.00,8,58.00,D,JANUARY_JAN,2018,SUPP,EE1364,1.5,ELECTRO TECHNOLOGY LAB,89.000000,81.000000,73.000000,66.000000,58.000000,50.000000,JANUARY_JAN_2018,0,0,0,0,0
