Reg_No,Internal,External,Total,Grade,Time,Year,Type,Code,Credit,Title,Cut-Off-S,Cut-Off-A,Cut-Off-B,Cut-Off-C,Cut-Off-D,Cut-Off-E,Directory,Absentees,Malpractices,Detentions,NA,appeared
20130003,14.90,AB,0.00,I,JANUARY_JAN,2018,SUPP,EE1403,4.0,ELECTRICAL MACHINES II _9 10 11 12 13 14 15_,80.000000,71.000000,62.000000,53.000000,44.000000,35.000000,JANUARY_JAN_2018,0,0,0,0,0
20130366,7.00,29,36.00,E,JANUARY_JAN,2018,SUPP,EE1403,4.0,ELECTRICAL MACHINES II _9 10 11 12 13 14 15_,80.000000,71.000000,62.000000,53.000000,44.000000,35.000000,JANUARY_JAN_2018,0,0,0,0,0
20140082,41.30,AB,0.00,I,JANUARY_JAN,2018,SUPP,EE1403,4.0,ELECTRICAL MACHINES II _9 10 11 12 13 14 15_,80.000000,71.000000,62.000000,53.000000,44.000000,35.000000,JANUARY_JAN_2018,0,0,0,0,0
20140680,15.50,18,34.00,F,JANUARY_JAN,2018,SUPP,EE1403,4.0,ELECTRICAL MACHINES II _9 10 11 12 13 14 15_,80.000000,71.000000,62.000000,53.000000,44.000000,35.000000,JANUARY_JAN_2018,0,0,0,0,0
