Reg_No,Internal,External,Total,Grade,Time,Year,Type,Code,Credit,Title,Cut-Off-S,Cut-Off-A,Cut-Off-B,Cut-Off-C,Cut-Off-D,Cut-Off-E,Directory,Absentees,Malpractices,Detentions,NA,appeared
20140132,11.60,AB,0.00,I,JANUARY_JAN,2018,SUPP,EE1402,4.0,SIGNALS & SYSTEMS _9 10 11 12 13 14 15_,80.000000,71.000000,62.000000,53.000000,44.000000,35.000000,JANUARY_JAN_2018,0,0,0,0,0
20140499,10.10,28.5,39.00,E,JANUARY_JAN,2018,SUPP,EE1402,4.0,SIGNALS & SYSTEMS _9 10 11 12 13 14 15_,80.000000,71.000000,62.000000,53.000000,44.000000,35.000000,JANUARY_JAN_2018,0,0,0,0,0
20140680,13.40,12,26.00,F,JANUARY_JAN,2018,SUPP,EE1402,4.0,SIGNALS & SYSTEMS _9 10 11 12 13 14 15_,80.000000,71.000000,62.000000,53.000000,44.000000,35.000000,JANUARY_JAN_2018,0,0,0,0,0
201513501,14.80,14.5,30.00,F,JANUARY_JAN,2018,SUPP,EE1402,4.0,SIGNALS & SYSTEMS _9 10 11 12 13 14 15_,80.000000,71.000000,62.000000,53.000000,44.000000,35.000000,JANUARY_JAN_2018,0,0,0,0,0
