Reg_No,Internal,External,Total,Grade,Time,Year,Type,Code,Credit,Title,Cut-Off-S,Cut-Off-A,Cut-Off-B,Cut-Off-C,Cut-Off-D,Cut-Off-E,Directory,Absentees,Malpractices,Detentions,NA,appeared
20120283,17.30,AB,0.00,I,JANUARY_JAN,2018,SUPP,EE1501,4.0,POWER ELECTRONICS _10 11 12 13 14 15_,80.000000,71.000000,62.000000,53.000000,44.000000,35.000000,JANUARY_JAN_2018,0,0,0,0,0
20130160,21.00,3.5,25.00,F,JANUARY_JAN,2018,SUPP,EE1501,4.0,POWER ELECTRONICS _10 11 12 13 14 15_,80.000000,71.000000,62.000000,53.000000,44.000000,35.000000,JANUARY_JAN_2018,0,0,0,0,0
20140183,14.10,AB,0.00,I,JANUARY_JAN,2018,SUPP,EE1501,4.0,POWER ELECTRONICS _10 11 12 13 14 15_,80.000000,71.000000,62.000000,53.000000,44.000000,35.000000,JANUARY_JAN_2018,0,0,0,0,0
20140671,22.10,11.5,34.00,F,JANUARY_JAN,2018,SUPP,EE1501,4.0,POWER ELECTRONICS _10 11 12 13 14 15_,80.000000,71.000000,62.000000,53.000000,44.000000,35.000000,JANUARY_JAN_2018,0,0,0,0,0
201513503,13.00,AB,0.00,I,JANUARY_JAN,2018,SUPP,EE1501,4.0,POWER ELECTRONICS _10 11 12 13 14 15_,80.000000,71.000000,62.000000,53.000000,44.000000,35.000000,JANUARY_JAN_2018,0,0,0,0,0
20130576,17.85,AB,0.00,I,JANUARY_JAN,2018,SUPP,EE1501,4.0,POWER ELECTRONICS _10 11 12 13 14 15_,80.000000,71.000000,62.000000,53.000000,44.000000,35.000000,JANUARY_JAN_2018,0,0,0,0,0
20130647,20.00,6,26.00,F,JANUARY_JAN,2018,SUPP,EE1501,4.0,POWER ELECTRONICS _10 11 12 13 14 15_,80.000000,71.000000,62.000000,53.000000,44.000000,35.000000,JANUARY_JAN_2018,0,0,0,0,0
