Reg_No,Internal,External,Total,Grade,Time,Year,Type,Code,Credit,Title,Cut-Off-S,Cut-Off-A,Cut-Off-B,Cut-Off-C,Cut-Off-D,Cut-Off-E,Directory,Absentees,Malpractices,Detentions,NA,appeared
20140501,19.20,AB,0.00,I,JANUARY_JAN,2018,SUPP,EE1502,4.0,LINEAR CONTROL SYSTEMS _11 12 13 14 15_,83.000000,73.000000,64.000000,54.000000,45.000000,35.000000,JANUARY_JAN_2018,0,0,0,0,0
20130160,18.30,27.5,46.00,D,JANUARY_JAN,2018,SUPP,EE1502,4.0,LINEAR CONTROL SYSTEMS _11 12 13 14 15_,83.000000,73.000000,64.000000,54.000000,45.000000,35.000000,JANUARY_JAN_2018,0,0,0,0,0
20130576,18.20,AB,0.00,I,JANUARY_JAN,2018,SUPP,EE1502,4.0,LINEAR CONTROL SYSTEMS _11 12 13 14 15_,83.000000,73.000000,64.000000,54.000000,45.000000,35.000000,JANUARY_JAN_2018,0,0,0,0,0
20130647,15.30,13.5,29.00,F,JANUARY_JAN,2018,SUPP,EE1502,4.0,LINEAR CONTROL SYSTEMS _11 12 13 14 15_,83.000000,73.000000,64.000000,54.000000,45.000000,35.000000,JANUARY_JAN_2018,0,0,0,0,0
201500248,17.30,25.5,43.00,E,JANUARY_JAN,2018,SUPP,EE1502,4.0,LINEAR CONTROL SYSTEMS _11 12 13 14 15_,83.000000,73.000000,64.000000,54.000000,45.000000,35.000000,JANUARY_JAN_2018,0,0,0,0,0
