Reg_No,Internal,External,Total,Grade,Time,Year,Type,Code,Credit,Title,Cut-Off-S,Cut-Off-A,Cut-Off-B,Cut-Off-C,Cut-Off-D,Cut-Off-E,Directory,Absentees,Malpractices,Detentions,NA,appeared
20140183,15.50,AB,0.00,I,JANUARY_JAN,2018,SUPP,EE1503,4.0,MICROPROCESSOR & MICROCONTROLLER _10 11 12 13 14 15_,80.000000,71.000000,62.000000,53.000000,44.000000,35.000000,JANUARY_JAN_2018,0,0,0,0,0
20140597,16.00,6.5,23.00,F,JANUARY_JAN,2018,SUPP,EE1503,4.0,MICROPROCESSOR & MICROCONTROLLER _10 11 12 13 14 15_,80.000000,71.000000,62.000000,53.000000,44.000000,35.000000,JANUARY_JAN_2018,0,0,0,0,0
20130192,16.60,21,38.00,E,JANUARY_JAN,2018,SUPP,EE1503,4.0,MICROPROCESSOR & MICROCONTROLLER _10 11 12 13 14 15_,80.000000,71.000000,62.000000,53.000000,44.000000,35.000000,JANUARY_JAN_2018,0,0,0,0,0
20130576,13.60,10,24.00,F,JANUARY_JAN,2018,SUPP,EE1503,4.0,MICROPROCESSOR & MICROCONTROLLER _10 11 12 13 14 15_,80.000000,71.000000,62.000000,53.000000,44.000000,35.000000,JANUARY_JAN_2018,0,0,0,0,0
20130647,18.30,12.5,31.00,F,JANUARY_JAN,2018,SUPP,EE1503,4.0,MICROPROCESSOR & MICROCONTROLLER _10 11 12 13 14 15_,80.000000,71.000000,62.000000,53.000000,44.000000,35.000000,JANUARY_JAN_2018,0,0,0,0,0
201500248,15.40,12,28.00,F,JANUARY_JAN,2018,SUPP,EE1503,4.0,MICROPROCESSOR & MICROCONTROLLER _10 11 12 13 14 15_,80.000000,71.000000,62.000000,53.000000,44.000000,35.000000,JANUARY_JAN_2018,0,0,0,0,0
