Reg_No,Internal,External,Total,Grade,Time,Year,Type,Code,Credit,Title,Cut-Off-S,Cut-Off-A,Cut-Off-B,Cut-Off-C,Cut-Off-D,Cut-Off-E,Directory,Absentees,Malpractices,Detentions,NA,appeared
20130176,22.20,5.5,28.00,F,JANUARY_JAN,2018,SUPP,EE1504,4.0,DIGITAL SYSTEM DESIGN _10 11 12 13 14 15_,86.000000,76.000000,66.000000,55.000000,45.000000,35.000000,JANUARY_JAN_2018,0,0,0,0,0
20130192,14.00,2.5,17.00,F,JANUARY_JAN,2018,SUPP,EE1504,4.0,DIGITAL SYSTEM DESIGN _10 11 12 13 14 15_,86.000000,76.000000,66.000000,55.000000,45.000000,35.000000,JANUARY_JAN_2018,0,0,0,0,0
20130576,26.50,AB,0.00,I,JANUARY_JAN,2018,SUPP,EE1504,4.0,DIGITAL SYSTEM DESIGN _10 11 12 13 14 15_,86.000000,76.000000,66.000000,55.000000,45.000000,35.000000,JANUARY_JAN_2018,0,0,0,0,0
20130647,21.40,13,35.00,E,JANUARY_JAN,2018,SUPP,EE1504,4.0,DIGITAL SYSTEM DESIGN _10 11 12 13 14 15_,86.000000,76.000000,66.000000,55.000000,45.000000,35.000000,JANUARY_JAN_2018,0,0,0,0,0
