Reg_No,Internal,External,Total,Grade,Time,Year,Type,Code,Credit,Title,Cut-Off-S,Cut-Off-A,Cut-Off-B,Cut-Off-C,Cut-Off-D,Cut-Off-E,Directory,Absentees,Malpractices,Detentions,NA,appeared
20140375,18.10,3,22.00,F,JANUARY_JAN,2018,SUPP,EE1506,4.0,POWER SYSTEM ANALYSIS _11 12 13 14 15_,80.000000,71.000000,62.000000,53.000000,44.000000,35.000000,JANUARY_JAN_2018,0,0,0,0,0
20140597,17.10,21.5,39.00,E,JANUARY_JAN,2018,SUPP,EE1506,4.0,POWER SYSTEM ANALYSIS _11 12 13 14 15_,80.000000,71.000000,62.000000,53.000000,44.000000,35.000000,JANUARY_JAN_2018,0,0,0,0,0
20130576,23.30,AB,0.00,I,JANUARY_JAN,2018,SUPP,EE1506,4.0,POWER SYSTEM ANALYSIS _11 12 13 14 15_,80.000000,71.000000,62.000000,53.000000,44.000000,35.000000,JANUARY_JAN_2018,0,0,0,0,0
201500030,17.60,20.5,39.00,E,JANUARY_JAN,2018,SUPP,EE1506,4.0,POWER SYSTEM ANALYSIS _11 12 13 14 15_,80.000000,71.000000,62.000000,53.000000,44.000000,35.000000,JANUARY_JAN_2018,0,0,0,0,0
201500248,21.80,16,38.00,E,JANUARY_JAN,2018,SUPP,EE1506,4.0,POWER SYSTEM ANALYSIS _11 12 13 14 15_,80.000000,71.000000,62.000000,53.000000,44.000000,35.000000,JANUARY_JAN_2018,0,0,0,0,0
