Reg_No,Internal,External,Total,Grade,Time,Year,Type,Code,Credit,Title,Cut-Off-S,Cut-Off-A,Cut-Off-B,Cut-Off-C,Cut-Off-D,Cut-Off-E,Directory,Absentees,Malpractices,Detentions,NA,appeared
20140031,9.00,33,42.00,E,JANUARY_JAN,2018,SUPP,EE1604,4.0,DIGITAL SIGNAL PROCESSING _11 12 13 14_,80.000000,71.000000,62.000000,53.000000,44.000000,35.000000,JANUARY_JAN_2018,0,0,0,0,0
20140217,7.40,33.5,41.00,E,JANUARY_JAN,2018,SUPP,EE1604,4.0,DIGITAL SIGNAL PROCESSING _11 12 13 14_,80.000000,71.000000,62.000000,53.000000,44.000000,35.000000,JANUARY_JAN_2018,0,0,0,0,0
20140241,15.30,26.5,42.00,E,JANUARY_JAN,2018,SUPP,EE1604,4.0,DIGITAL SIGNAL PROCESSING _11 12 13 14_,80.000000,71.000000,62.000000,53.000000,44.000000,35.000000,JANUARY_JAN_2018,0,0,0,0,0
20140375,17.40,10,28.00,F,JANUARY_JAN,2018,SUPP,EE1604,4.0,DIGITAL SIGNAL PROCESSING _11 12 13 14_,80.000000,71.000000,62.000000,53.000000,44.000000,35.000000,JANUARY_JAN_2018,0,0,0,0,0
20140400,11.00,32,43.00,E,JANUARY_JAN,2018,SUPP,EE1604,4.0,DIGITAL SIGNAL PROCESSING _11 12 13 14_,80.000000,71.000000,62.000000,53.000000,44.000000,35.000000,JANUARY_JAN_2018,0,0,0,0,0
20140499,15.15,36,52.00,D,JANUARY_JAN,2018,SUPP,EE1604,4.0,DIGITAL SIGNAL PROCESSING _11 12 13 14_,80.000000,71.000000,62.000000,53.000000,44.000000,35.000000,JANUARY_JAN_2018,0,0,0,0,0
20140637,12.90,35.5,49.00,D,JANUARY_JAN,2018,SUPP,EE1604,4.0,DIGITAL SIGNAL PROCESSING _11 12 13 14_,80.000000,71.000000,62.000000,53.000000,44.000000,35.000000,JANUARY_JAN_2018,0,0,0,0,0
201513503,12.10,AB,0.00,I,JANUARY_JAN,2018,SUPP,EE1604,4.0,DIGITAL SIGNAL PROCESSING _11 12 13 14_,80.000000,71.000000,62.000000,53.000000,44.000000,35.000000,JANUARY_JAN_2018,0,0,0,0,0
201513506,11.60,32.5,45.00,D,JANUARY_JAN,2018,SUPP,EE1604,4.0,DIGITAL SIGNAL PROCESSING _11 12 13 14_,80.000000,71.000000,62.000000,53.000000,44.000000,35.000000,JANUARY_JAN_2018,0,0,0,0,0
