Reg_No,Internal,External,Total,Grade,Time,Year,Type,Code,Credit,Title,Cut-Off-S,Cut-Off-A,Cut-Off-B,Cut-Off-C,Cut-Off-D,Cut-Off-E,Directory,Absentees,Malpractices,Detentions,NA,appeared
20110327,14.70,31,46.00,D,JANUARY_JAN,2018,SUPP,EE1702,4.0,SWITCHGEAR & PROTECTION _10 11 12 13 14_,80.000000,71.000000,62.000000,53.000000,44.000000,35.000000,JANUARY_JAN_2018,0,0,0,0,0
20130034,20.20,24.5,45.00,D,JANUARY_JAN,2018,SUPP,EE1702,4.0,SWITCHGEAR & PROTECTION _10 11 12 13 14_,80.000000,71.000000,62.000000,53.000000,44.000000,35.000000,JANUARY_JAN_2018,0,0,0,0,0
20140172,23.70,AB,0.00,I,JANUARY_JAN,2018,SUPP,EE1702,4.0,SWITCHGEAR & PROTECTION _10 11 12 13 14_,80.000000,71.000000,62.000000,53.000000,44.000000,35.000000,JANUARY_JAN_2018,0,0,0,0,0
20140400,21.00,27.5,49.00,D,JANUARY_JAN,2018,SUPP,EE1702,4.0,SWITCHGEAR & PROTECTION _10 11 12 13 14_,80.000000,71.000000,62.000000,53.000000,44.000000,35.000000,JANUARY_JAN_2018,0,0,0,0,0
20140597,25.30,36.5,62.00,B,JANUARY_JAN,2018,SUPP,EE1702,4.0,SWITCHGEAR & PROTECTION _10 11 12 13 14_,80.000000,71.000000,62.000000,53.000000,44.000000,35.000000,JANUARY_JAN_2018,0,0,0,0,0
