Reg_No,Internal,External,Total,Grade,Time,Year,Type,Code,Credit,Title,Cut-Off-S,Cut-Off-A,Cut-Off-B,Cut-Off-C,Cut-Off-D,Cut-Off-E,Directory,Absentees,Malpractices,Detentions,NA,appeared
20110327,13.70,27.5,42.00,E,JANUARY_JAN,2018,SUPP,EE1703,4.0,DESIGN OF EMBEDDED SYSTEMS _11 12 13 14_,81.000000,72.000000,63.000000,53.000000,44.000000,35.000000,JANUARY_JAN_2018,0,0,0,0,0
20130003,16.20,17,34.00,F,JANUARY_JAN,2018,SUPP,EE1703,4.0,DESIGN OF EMBEDDED SYSTEMS _11 12 13 14_,81.000000,72.000000,63.000000,53.000000,44.000000,35.000000,JANUARY_JAN_2018,0,0,0,0,0
20130034,15.80,20.5,37.00,E,JANUARY_JAN,2018,SUPP,EE1703,4.0,DESIGN OF EMBEDDED SYSTEMS _11 12 13 14_,81.000000,72.000000,63.000000,53.000000,44.000000,35.000000,JANUARY_JAN_2018,0,0,0,0,0
20130176,17.60,20.5,39.00,E,JANUARY_JAN,2018,SUPP,EE1703,4.0,DESIGN OF EMBEDDED SYSTEMS _11 12 13 14_,81.000000,72.000000,63.000000,53.000000,44.000000,35.000000,JANUARY_JAN_2018,0,0,0,0,0
20140325,17.70,18.5,37.00,E,JANUARY_JAN,2018,SUPP,EE1703,4.0,DESIGN OF EMBEDDED SYSTEMS _11 12 13 14_,81.000000,72.000000,63.000000,53.000000,44.000000,35.000000,JANUARY_JAN_2018,0,0,0,0,0
201513507,20.80,AB,0.00,I,JANUARY_JAN,2018,SUPP,EE1703,4.0,DESIGN OF EMBEDDED SYSTEMS _11 12 13 14_,81.000000,72.000000,63.000000,53.000000,44.000000,35.000000,JANUARY_JAN_2018,0,0,0,0,0
