Reg_No,Internal,External,Total,Grade,Time,Year,Type,Code,Credit,Title,Cut-Off-S,Cut-Off-A,Cut-Off-B,Cut-Off-C,Cut-Off-D,Cut-Off-E,Directory,Absentees,Malpractices,Detentions,NA,appeared
201319027,13.00,07,20.00,F,JANUARY_JAN,2018,SUPP,MA1205,4.0,BUSINESS MATHEMATICS _11 12 13 14 15 16_,80.000000,71.000000,62.000000,53.000000,44.000000,35.000000,JANUARY_JAN_2018,0,0,0,0,0
201319010,11.00,6.5,18.00,F,JANUARY_JAN,2018,SUPP,MA1205,4.0,BUSINESS MATHEMATICS _11 12 13 14 15 16_,80.000000,71.000000,62.000000,53.000000,44.000000,35.000000,JANUARY_JAN_2018,0,0,0,0,0
201419019,9.10,AB,0.00,I,JANUARY_JAN,2018,SUPP,MA1205,4.0,BUSINESS MATHEMATICS _11 12 13 14 15 16_,80.000000,71.000000,62.000000,53.000000,44.000000,35.000000,JANUARY_JAN_2018,0,0,0,0,0
201519040,19.10,AB,0.00,I,JANUARY_JAN,2018,SUPP,MA1205,4.0,BUSINESS MATHEMATICS _11 12 13 14 15 16_,80.000000,71.000000,62.000000,53.000000,44.000000,35.000000,JANUARY_JAN_2018,0,0,0,0,0
