Reg_No,Internal,External,Total,Grade,Time,Year,Type,Code,Credit,Title,Cut-Off-S,Cut-Off-A,Cut-Off-B,Cut-Off-C,Cut-Off-D,Cut-Off-E,Directory,Absentees,Malpractices,Detentions,NA,appeared
201316023,16.80,2.5,20.00,F,JANUARY_JAN,2018,SUPP,MA1304,4.0,MATHEMATICS III _12 13 14 15 16_,80.000000,71.000000,62.000000,53.000000,44.000000,35.000000,JANUARY_JAN_2018,0,0,0,0,0
20121925,13.10,6,20.00,F,JANUARY_JAN,2018,SUPP,MA1304,4.0,MATHEMATICS III _12 13 14 15 16_,80.000000,71.000000,62.000000,53.000000,44.000000,35.000000,JANUARY_JAN_2018,0,0,0,0,0
201416004,17.90,8,26.00,F,JANUARY_JAN,2018,SUPP,MA1304,4.0,MATHEMATICS III _12 13 14 15 16_,80.000000,71.000000,62.000000,53.000000,44.000000,35.000000,JANUARY_JAN_2018,0,0,0,0,0
201416011,12.60,5.5,19.00,F,JANUARY_JAN,2018,SUPP,MA1304,4.0,MATHEMATICS III _12 13 14 15 16_,80.000000,71.000000,62.000000,53.000000,44.000000,35.000000,JANUARY_JAN_2018,0,0,0,0,0
201516026,19.30,00,20.00,F,JANUARY_JAN,2018,SUPP,MA1304,4.0,MATHEMATICS III _12 13 14 15 16_,80.000000,71.000000,62.000000,53.000000,44.000000,35.000000,JANUARY_JAN_2018,0,0,0,0,0
201616020,14.00,7.5,22.00,F,JANUARY_JAN,2018,SUPP,MA1304,4.0,MATHEMATICS III _12 13 14 15 16_,80.000000,71.000000,62.000000,53.000000,44.000000,35.000000,JANUARY_JAN_2018,0,0,0,0,0
