Reg_No,Internal,External,Total,Grade,Time,Year,Type,Code,Credit,Title,Cut-Off-S,Cut-Off-A,Cut-Off-B,Cut-Off-C,Cut-Off-D,Cut-Off-E,Directory,Absentees,Malpractices,Detentions,NA,appeared
20130493,6.00,AB,0.00,I,JANUARY_JAN,2018,SUPP,MA1405,4.0,ENGINEERING MATHEMATICS IV _12 13 14_,86.000000,76.000000,66.000000,55.000000,45.000000,35.000000,JANUARY_JAN_2018,0,0,0,0,0
20130533,10.50,20,31.00,F,JANUARY_JAN,2018,SUPP,MA1405,4.0,ENGINEERING MATHEMATICS IV _12 13 14_,86.000000,76.000000,66.000000,55.000000,45.000000,35.000000,JANUARY_JAN_2018,0,0,0,0,0
201415502,18.70,AB,0.00,I,JANUARY_JAN,2018,SUPP,MA1405,4.0,ENGINEERING MATHEMATICS IV _12 13 14_,86.000000,76.000000,66.000000,55.000000,45.000000,35.000000,JANUARY_JAN_2018,0,0,0,0,0
20140592,10.10,19.5,30.00,F,JANUARY_JAN,2018,SUPP,MA1405,4.0,ENGINEERING MATHEMATICS IV _12 13 14_,86.000000,76.000000,66.000000,55.000000,45.000000,35.000000,JANUARY_JAN_2018,0,0,0,0,0
