Reg_No,Internal,External,Total,Grade,Time,Year,Type,Code,Credit,Title,Cut-Off-S,Cut-Off-A,Cut-Off-B,Cut-Off-C,Cut-Off-D,Cut-Off-E,Directory,Absentees,Malpractices,Detentions,NA,appeared
201621410,13.70,25.5,40.00,E,JANUARY_JAN,2018,SUPP,MA2102,4.0,ALGEBRA _14 15 16 17_,90.000000,80.000000,70.000000,60.000000,50.000000,40.000000,JANUARY_JAN_2018,0,0,0,0,0
201721409,17.50,AB,0.00,I,JANUARY_JAN,2018,SUPP,MA2102,4.0,ALGEBRA _14 15 16 17_,90.000000,80.000000,70.000000,60.000000,50.000000,40.000000,JANUARY_JAN_2018,0,0,0,0,0
201721411,15.80,13,29.00,F,JANUARY_JAN,2018,SUPP,MA2102,4.0,ALGEBRA _14 15 16 17_,90.000000,80.000000,70.000000,60.000000,50.000000,40.000000,JANUARY_JAN_2018,0,0,0,0,0
