Reg_No,Internal,External,Total,Grade,Time,Year,Type,Code,Credit,Title,Cut-Off-S,Cut-Off-A,Cut-Off-B,Cut-Off-C,Cut-Off-D,Cut-Off-E,Directory,Absentees,Malpractices,Detentions,NA,appeared
201600055,39.50,21,61.00,D,JANUARY_JAN,2018,SUPP,ME1161,1.5,WORKSHOP PRACTICE LAB,89.000000,81.000000,73.000000,66.000000,58.000000,50.000000,JANUARY_JAN_2018,0,0,0,0,0
201500363,45.60,27,73.00,B,JANUARY_JAN,2018,SUPP,ME1161,1.5,WORKSHOP PRACTICE LAB,89.000000,81.000000,73.000000,66.000000,58.000000,50.000000,JANUARY_JAN_2018,0,0,0,0,0
201700515,51.30,30,82.00,A,JANUARY_JAN,2018,SUPP,ME1161,1.5,WORKSHOP PRACTICE LAB,89.000000,81.000000,73.000000,66.000000,58.000000,50.000000,JANUARY_JAN_2018,0,0,0,0,0
20130112,45.30,26,72.00,C,JANUARY_JAN,2018,SUPP,ME1161,1.5,WORKSHOP PRACTICE LAB,89.000000,81.000000,73.000000,66.000000,58.000000,50.000000,JANUARY_JAN_2018,0,0,0,0,0
