Reg_No,Internal,External,Total,Grade,Time,Year,Type,Code,Credit,Title,Cut-Off-S,Cut-Off-A,Cut-Off-B,Cut-Off-C,Cut-Off-D,Cut-Off-E,Directory,Absentees,Malpractices,Detentions,NA,appeared
201500108,19.00,22.5,42.00,E,JANUARY_JAN,2018,SUPP,ME1303,4.0,MANUFACTURING PROCESS I _10 11 12 13 14 15 16_,84.000000,74.000000,64.000000,55.000000,45.000000,35.000000,JANUARY_JAN_2018,0,0,0,0,0
201500363,17.90,AB,0.00,I,JANUARY_JAN,2018,SUPP,ME1303,4.0,MANUFACTURING PROCESS I _10 11 12 13 14 15 16_,84.000000,74.000000,64.000000,55.000000,45.000000,35.000000,JANUARY_JAN_2018,0,0,0,0,0
201500458,19.20,11.5,31.00,F,JANUARY_JAN,2018,SUPP,ME1303,4.0,MANUFACTURING PROCESS I _10 11 12 13 14 15 16_,84.000000,74.000000,64.000000,55.000000,45.000000,35.000000,JANUARY_JAN_2018,0,0,0,0,0
