Reg_No,Internal,External,Total,Grade,Time,Year,Type,Code,Credit,Title,Cut-Off-S,Cut-Off-A,Cut-Off-B,Cut-Off-C,Cut-Off-D,Cut-Off-E,Directory,Absentees,Malpractices,Detentions,NA,appeared
20130473,14.20,24.5,39.00,E,JANUARY_JAN,2018,SUPP,ME1403,4.0,FLUID MECHANICS _9 10 11 12 13 14_,87.000000,77.000000,66.000000,56.000000,45.000000,35.000000,JANUARY_JAN_2018,0,0,0,0,0
201415502,23.10,AB,0.00,I,JANUARY_JAN,2018,SUPP,ME1403,4.0,FLUID MECHANICS _9 10 11 12 13 14_,87.000000,77.000000,66.000000,56.000000,45.000000,35.000000,JANUARY_JAN_2018,0,0,0,0,0
201415504,12.00,18,30.00,F,JANUARY_JAN,2018,SUPP,ME1403,4.0,FLUID MECHANICS _9 10 11 12 13 14_,87.000000,77.000000,66.000000,56.000000,45.000000,35.000000,JANUARY_JAN_2018,0,0,0,0,0
20130473,14.20,AB,0.00,I,JANUARY_JAN,2018,SUPP,ME1403,4.0,FLUID MECHANICS _9 10 11 12 13 14_,87.000000,77.000000,66.000000,56.000000,45.000000,35.000000,JANUARY_JAN_2018,0,0,0,0,0
20140049,14.50,1.5,16.00,F,JANUARY_JAN,2018,SUPP,ME1403,4.0,FLUID MECHANICS _9 10 11 12 13 14_,87.000000,77.000000,66.000000,56.000000,45.000000,35.000000,JANUARY_JAN_2018,0,0,0,0,0
20140742,11.00,19.5,31.00,F,JANUARY_JAN,2018,SUPP,ME1403,4.0,FLUID MECHANICS _9 10 11 12 13 14_,87.000000,77.000000,66.000000,56.000000,45.000000,35.000000,JANUARY_JAN_2018,0,0,0,0,0
