Reg_No,Internal,External,Total,Grade,Time,Year,Type,Code,Credit,Title,Cut-Off-S,Cut-Off-A,Cut-Off-B,Cut-Off-C,Cut-Off-D,Cut-Off-E,Directory,Absentees,Malpractices,Detentions,NA,appeared
20140554,70.67,15,86.00,A,JANUARY_JAN,2018,SUPP,ME1462,1.5,COMPUTER GRAPHICS LAB,89.000000,79.000000,69.000000,60.000000,50.000000,40.000000,JANUARY_JAN_2018,0,0,0,0,0
20130070,58.67,9,68.00,C,JANUARY_JAN,2018,SUPP,ME1462,1.5,COMPUTER GRAPHICS LAB,89.000000,79.000000,69.000000,60.000000,50.000000,40.000000,JANUARY_JAN_2018,0,0,0,0,0
20140608,64.00,16,80.00,A,JANUARY_JAN,2018,SUPP,ME1462,1.5,COMPUTER GRAPHICS LAB,89.000000,79.000000,69.000000,60.000000,50.000000,40.000000,JANUARY_JAN_2018,0,0,0,0,0
20140603,64.00,16,80.00,A,JANUARY_JAN,2018,SUPP,ME1462,1.5,COMPUTER GRAPHICS LAB,89.000000,79.000000,69.000000,60.000000,50.000000,40.000000,JANUARY_JAN_2018,0,0,0,0,0
