Reg_No,Internal,External,Total,Grade,Time,Year,Type,Code,Credit,Title,Cut-Off-S,Cut-Off-A,Cut-Off-B,Cut-Off-C,Cut-Off-D,Cut-Off-E,Directory,Absentees,Malpractices,Detentions,NA,appeared
20120727,12.70,AB,0.00,I,JANUARY_JAN,2018,SUPP,ME1505,4.0,METROLOGY _10 11 12 13 14_,86.000000,76.000000,66.000000,55.000000,45.000000,35.000000,JANUARY_JAN_2018,0,0,0,0,0
20140141,28.20,25,54.00,D,JANUARY_JAN,2018,SUPP,ME1505,4.0,METROLOGY _10 11 12 13 14_,86.000000,76.000000,66.000000,55.000000,45.000000,35.000000,JANUARY_JAN_2018,0,0,0,0,0
20140517,16.15,AB,0.00,I,JANUARY_JAN,2018,SUPP,ME1505,4.0,METROLOGY _10 11 12 13 14_,86.000000,76.000000,66.000000,55.000000,45.000000,35.000000,JANUARY_JAN_2018,0,0,0,0,0
