Reg_No,Internal,External,Total,Grade,Time,Year,Type,Code,Credit,Title,Cut-Off-S,Cut-Off-A,Cut-Off-B,Cut-Off-C,Cut-Off-D,Cut-Off-E,Directory,Absentees,Malpractices,Detentions,NA,appeared
201500141,13.50,00,14.00,F,JANUARY_JAN,2018,SUPP,ME1511,4.0,MECHANICS OF SOLID I _15_,90.000000,79.000000,68.000000,57.000000,46.000000,35.000000,JANUARY_JAN_2018,0,0,0,0,0
201500249,16.60,10,27.00,F,JANUARY_JAN,2018,SUPP,ME1511,4.0,MECHANICS OF SOLID I _15_,90.000000,79.000000,68.000000,57.000000,46.000000,35.000000,JANUARY_JAN_2018,0,0,0,0,0
201500263,18.00,4,22.00,F,JANUARY_JAN,2018,SUPP,ME1511,4.0,MECHANICS OF SOLID I _15_,90.000000,79.000000,68.000000,57.000000,46.000000,35.000000,JANUARY_JAN_2018,0,0,0,0,0
201500281,16.20,AB,0.00,I,JANUARY_JAN,2018,SUPP,ME1511,4.0,MECHANICS OF SOLID I _15_,90.000000,79.000000,68.000000,57.000000,46.000000,35.000000,JANUARY_JAN_2018,0,0,0,0,0
201500443,19.30,AB,0.00,I,JANUARY_JAN,2018,SUPP,ME1511,4.0,MECHANICS OF SOLID I _15_,90.000000,79.000000,68.000000,57.000000,46.000000,35.000000,JANUARY_JAN_2018,0,0,0,0,0
