Reg_No,Internal,External,Total,Grade,Time,Year,Type,Code,Credit,Title,Cut-Off-S,Cut-Off-A,Cut-Off-B,Cut-Off-C,Cut-Off-D,Cut-Off-E,Directory,Absentees,Malpractices,Detentions,NA,appeared
20140463,63.00,15,78.00,B,JANUARY_JAN,2018,SUPP,ME1563,1.5,METROLOGY LAB,88.000000,80.000000,73.000000,65.000000,58.000000,50.000000,JANUARY_JAN_2018,0,0,0,0,0
20140465,61.50,12,74.00,B,JANUARY_JAN,2018,SUPP,ME1563,1.5,METROLOGY LAB,88.000000,80.000000,73.000000,65.000000,58.000000,50.000000,JANUARY_JAN_2018,0,0,0,0,0
20140736,62.00,9,71.00,C,JANUARY_JAN,2018,SUPP,ME1563,1.5,METROLOGY LAB,88.000000,80.000000,73.000000,65.000000,58.000000,50.000000,JANUARY_JAN_2018,0,0,0,0,0
201500037,62.75,15,78.00,B,JANUARY_JAN,2018,SUPP,ME1563,1.5,METROLOGY LAB,88.000000,80.000000,73.000000,65.000000,58.000000,50.000000,JANUARY_JAN_2018,0,0,0,0,0
201500071,0.00,DT,0.00,DT,JANUARY_JAN,2018,SUPP,ME1563,1.5,METROLOGY LAB,88.000000,80.000000,73.000000,65.000000,58.000000,50.000000,JANUARY_JAN_2018,0,0,0,0,0
201500141,62.50,9,72.00,C,JANUARY_JAN,2018,SUPP,ME1563,1.5,METROLOGY LAB,88.000000,80.000000,73.000000,65.000000,58.000000,50.000000,JANUARY_JAN_2018,0,0,0,0,0
201500143,61.00,14,75.00,B,JANUARY_JAN,2018,SUPP,ME1563,1.5,METROLOGY LAB,88.000000,80.000000,73.000000,65.000000,58.000000,50.000000,JANUARY_JAN_2018,0,0,0,0,0
201500443,63.50,15,79.00,B,JANUARY_JAN,2018,SUPP,ME1563,1.5,METROLOGY LAB,88.000000,80.000000,73.000000,65.000000,58.000000,50.000000,JANUARY_JAN_2018,0,0,0,0,0
