Reg_No,Internal,External,Total,Grade,Time,Year,Type,Code,Credit,Title,Cut-Off-S,Cut-Off-A,Cut-Off-B,Cut-Off-C,Cut-Off-D,Cut-Off-E,Directory,Absentees,Malpractices,Detentions,NA,appeared
201500589,65.00,15,80.00,B,JANUARY_JAN,2018,SUPP,ME1562,1.5,FLUID MECHANICS LAB,90.000000,82.000000,74.000000,66.000000,58.000000,50.000000,JANUARY_JAN_2018,0,0,0,0,0
201500486,54.00,11,65.00,D,JANUARY_JAN,2018,SUPP,ME1562,1.5,FLUID MECHANICS LAB,90.000000,82.000000,74.000000,66.000000,58.000000,50.000000,JANUARY_JAN_2018,0,0,0,0,0
201500443,62.00,12,74.00,B,JANUARY_JAN,2018,SUPP,ME1562,1.5,FLUID MECHANICS LAB,90.000000,82.000000,74.000000,66.000000,58.000000,50.000000,JANUARY_JAN_2018,0,0,0,0,0
20140465,58.00,9,67.00,C,JANUARY_JAN,2018,SUPP,ME1562,1.5,FLUID MECHANICS LAB,90.000000,82.000000,74.000000,66.000000,58.000000,50.000000,JANUARY_JAN_2018,0,0,0,0,0
20140736,62.00,9,71.00,C,JANUARY_JAN,2018,SUPP,ME1562,1.5,FLUID MECHANICS LAB,90.000000,82.000000,74.000000,66.000000,58.000000,50.000000,JANUARY_JAN_2018,0,0,0,0,0
20140463,32.00,8,40.00,F,JANUARY_JAN,2018,SUPP,ME1562,1.5,FLUID MECHANICS LAB,90.000000,82.000000,74.000000,66.000000,58.000000,50.000000,JANUARY_JAN_2018,0,0,0,0,0
201500141,62.00,10,72.00,C,JANUARY_JAN,2018,SUPP,ME1562,1.5,FLUID MECHANICS LAB,90.000000,82.000000,74.000000,66.000000,58.000000,50.000000,JANUARY_JAN_2018,0,0,0,0,0
201500143,58.00,7,65.00,D,JANUARY_JAN,2018,SUPP,ME1562,1.5,FLUID MECHANICS LAB,90.000000,82.000000,74.000000,66.000000,58.000000,50.000000,JANUARY_JAN_2018,0,0,0,0,0
