Reg_No,Internal,External,Total,Grade,Time,Year,Type,Code,Credit,Title,Cut-Off-S,Cut-Off-A,Cut-Off-B,Cut-Off-C,Cut-Off-D,Cut-Off-E,Directory,Absentees,Malpractices,Detentions,NA,appeared
20140465,45.00,15,60.00,D,JANUARY_JAN,2018,SUPP,ME1561,1.5,WORKSHOP PRACTICE III,88.000000,80.000000,73.000000,65.000000,58.000000,50.000000,JANUARY_JAN_2018,0,0,0,0,0
201500141,48.00,15,63.00,D,JANUARY_JAN,2018,SUPP,ME1561,1.5,WORKSHOP PRACTICE III,88.000000,80.000000,73.000000,65.000000,58.000000,50.000000,JANUARY_JAN_2018,0,0,0,0,0
201500143,48.00,15,63.00,D,JANUARY_JAN,2018,SUPP,ME1561,1.5,WORKSHOP PRACTICE III,88.000000,80.000000,73.000000,65.000000,58.000000,50.000000,JANUARY_JAN_2018,0,0,0,0,0
201500144,49.00,16,65.00,D,JANUARY_JAN,2018,SUPP,ME1561,1.5,WORKSHOP PRACTICE III,88.000000,80.000000,73.000000,65.000000,58.000000,50.000000,JANUARY_JAN_2018,0,0,0,0,0
201500195,51.00,16,67.00,C,JANUARY_JAN,2018,SUPP,ME1561,1.5,WORKSHOP PRACTICE III,88.000000,80.000000,73.000000,65.000000,58.000000,50.000000,JANUARY_JAN_2018,0,0,0,0,0
201500443,56.00,18,74.00,B,JANUARY_JAN,2018,SUPP,ME1561,1.5,WORKSHOP PRACTICE III,88.000000,80.000000,73.000000,65.000000,58.000000,50.000000,JANUARY_JAN_2018,0,0,0,0,0
201500486,53.00,15,68.00,C,JANUARY_JAN,2018,SUPP,ME1561,1.5,WORKSHOP PRACTICE III,88.000000,80.000000,73.000000,65.000000,58.000000,50.000000,JANUARY_JAN_2018,0,0,0,0,0
