Reg_No,Internal,External,Total,Grade,Time,Year,Type,Code,Credit,Title,Cut-Off-S,Cut-Off-A,Cut-Off-B,Cut-Off-C,Cut-Off-D,Cut-Off-E,Directory,Absentees,Malpractices,Detentions,NA,appeared
201315502,23.60,AB,0.00,I,JANUARY_JAN,2018,SUPP,ME1506,4.0,MECHANICS OF SOLIDS II _11 12 13 14_,80.000000,71.000000,62.000000,53.000000,44.000000,35.000000,JANUARY_JAN_2018,0,0,0,0,0
20140055,18.90,20.5,40.00,E,JANUARY_JAN,2018,SUPP,ME1506,4.0,MECHANICS OF SOLIDS II _11 12 13 14_,80.000000,71.000000,62.000000,53.000000,44.000000,35.000000,JANUARY_JAN_2018,0,0,0,0,0
20140130,16.90,AB,0.00,I,JANUARY_JAN,2018,SUPP,ME1506,4.0,MECHANICS OF SOLIDS II _11 12 13 14_,80.000000,71.000000,62.000000,53.000000,44.000000,35.000000,JANUARY_JAN_2018,0,0,0,0,0
20140433,13.50,27.5,41.00,E,JANUARY_JAN,2018,SUPP,ME1506,4.0,MECHANICS OF SOLIDS II _11 12 13 14_,80.000000,71.000000,62.000000,53.000000,44.000000,35.000000,JANUARY_JAN_2018,0,0,0,0,0
20140405,12.20,2,15.00,F,JANUARY_JAN,2018,SUPP,ME1506,4.0,MECHANICS OF SOLIDS II _11 12 13 14_,80.000000,71.000000,62.000000,53.000000,44.000000,35.000000,JANUARY_JAN_2018,0,0,0,0,0
