Reg_No,Internal,External,Total,Grade,Time,Year,Type,Code,Credit,Title,Cut-Off-S,Cut-Off-A,Cut-Off-B,Cut-Off-C,Cut-Off-D,Cut-Off-E,Directory,Absentees,Malpractices,Detentions,NA,appeared
20120498,12.00,05,17.00,F,JANUARY_JAN,2018,SUPP,ME1603,4.0,MACHINE DESIGN II _9 10 11 12 13 14_,80.000000,71.000000,62.000000,53.000000,44.000000,35.000000,JANUARY_JAN_2018,0,0,0,0,0
20130473,10.50,02,13.00,F,JANUARY_JAN,2018,SUPP,ME1603,4.0,MACHINE DESIGN II _9 10 11 12 13 14_,80.000000,71.000000,62.000000,53.000000,44.000000,35.000000,JANUARY_JAN_2018,0,0,0,0,0
20140055,12.40,06,19.00,F,JANUARY_JAN,2018,SUPP,ME1603,4.0,MACHINE DESIGN II _9 10 11 12 13 14_,80.000000,71.000000,62.000000,53.000000,44.000000,35.000000,JANUARY_JAN_2018,0,0,0,0,0
201515506,16.30,AB,0.00,I,JANUARY_JAN,2018,SUPP,ME1603,4.0,MACHINE DESIGN II _9 10 11 12 13 14_,80.000000,71.000000,62.000000,53.000000,44.000000,35.000000,JANUARY_JAN_2018,0,0,0,0,0
