Reg_No,Internal,External,Total,Grade,Time,Year,Type,Code,Credit,Title,Cut-Off-S,Cut-Off-A,Cut-Off-B,Cut-Off-C,Cut-Off-D,Cut-Off-E,Directory,Absentees,Malpractices,Detentions,NA,appeared
20120032,14.80,09,24.00,F,JANUARY_JAN,2018,SUPP,ME1605,4.0,MECHATRONICS _9 10 11 12 13 14_,80.000000,71.000000,62.000000,53.000000,44.000000,35.000000,JANUARY_JAN_2018,0,0,0,0,0
20120498,12.05,02,15.00,F,JANUARY_JAN,2018,SUPP,ME1605,4.0,MECHATRONICS _9 10 11 12 13 14_,80.000000,71.000000,62.000000,53.000000,44.000000,35.000000,JANUARY_JAN_2018,0,0,0,0,0
20121103,13.60,4.5,19.00,F,JANUARY_JAN,2018,SUPP,ME1605,4.0,MECHATRONICS _9 10 11 12 13 14_,80.000000,71.000000,62.000000,53.000000,44.000000,35.000000,JANUARY_JAN_2018,0,0,0,0,0
20130410,15.25,17.5,33.00,F,JANUARY_JAN,2018,SUPP,ME1605,4.0,MECHATRONICS _9 10 11 12 13 14_,80.000000,71.000000,62.000000,53.000000,44.000000,35.000000,JANUARY_JAN_2018,0,0,0,0,0
20130536,13.20,18.5,32.00,F,JANUARY_JAN,2018,SUPP,ME1605,4.0,MECHATRONICS _9 10 11 12 13 14_,80.000000,71.000000,62.000000,53.000000,44.000000,35.000000,JANUARY_JAN_2018,0,0,0,0,0
20140055,23.10,02,26.00,F,JANUARY_JAN,2018,SUPP,ME1605,4.0,MECHATRONICS _9 10 11 12 13 14_,80.000000,71.000000,62.000000,53.000000,44.000000,35.000000,JANUARY_JAN_2018,0,0,0,0,0
