Reg_No,Internal,External,Total,Grade,Time,Year,Type,Code,Credit,Title,Cut-Off-S,Cut-Off-A,Cut-Off-B,Cut-Off-C,Cut-Off-D,Cut-Off-E,Directory,Absentees,Malpractices,Detentions,NA,appeared
20130070,18.40,AB,0.00,I,JANUARY_JAN,2018,SUPP,ME1602,4.0,APPLIED THERMODYNAMICS II _9 10 11 12 13 14_,88.000000,77.000000,67.000000,56.000000,46.000000,35.000000,JANUARY_JAN_2018,0,0,0,0,0
20130473,8.00,18,26.00,F,JANUARY_JAN,2018,SUPP,ME1602,4.0,APPLIED THERMODYNAMICS II _9 10 11 12 13 14_,88.000000,77.000000,67.000000,56.000000,46.000000,35.000000,JANUARY_JAN_2018,0,0,0,0,0
20140055,14.20,AB,0.00,I,JANUARY_JAN,2018,SUPP,ME1602,4.0,APPLIED THERMODYNAMICS II _9 10 11 12 13 14_,88.000000,77.000000,67.000000,56.000000,46.000000,35.000000,JANUARY_JAN_2018,0,0,0,0,0
20140380,31.90,22,54.00,D,JANUARY_JAN,2018,SUPP,ME1602,4.0,APPLIED THERMODYNAMICS II _9 10 11 12 13 14_,88.000000,77.000000,67.000000,56.000000,46.000000,35.000000,JANUARY_JAN_2018,0,0,0,0,0
20140602,20.60,14,35.00,E,JANUARY_JAN,2018,SUPP,ME1602,4.0,APPLIED THERMODYNAMICS II _9 10 11 12 13 14_,88.000000,77.000000,67.000000,56.000000,46.000000,35.000000,JANUARY_JAN_2018,0,0,0,0,0
