Reg_No,Internal,External,Total,Grade,Time,Year,Type,Code,Credit,Title,Cut-Off-S,Cut-Off-A,Cut-Off-B,Cut-Off-C,Cut-Off-D,Cut-Off-E,Directory,Absentees,Malpractices,Detentions,NA,appeared
20120498,14.20,21,36.00,E,JANUARY_JAN,2018,SUPP,ME1604,4.0,AUTOMOBILE ENGINEERING _11 12 13 14_,85.000000,75.000000,65.000000,55.000000,45.000000,35.000000,JANUARY_JAN_2018,0,0,0,0,0
20140055,14.00,AB,0.00,I,JANUARY_JAN,2018,SUPP,ME1604,4.0,AUTOMOBILE ENGINEERING _11 12 13 14_,85.000000,75.000000,65.000000,55.000000,45.000000,35.000000,JANUARY_JAN_2018,0,0,0,0,0
20140380,24.36,24.5,49.00,D,JANUARY_JAN,2018,SUPP,ME1604,4.0,AUTOMOBILE ENGINEERING _11 12 13 14_,85.000000,75.000000,65.000000,55.000000,45.000000,35.000000,JANUARY_JAN_2018,0,0,0,0,0
20140602,21.20,AB,0.00,I,JANUARY_JAN,2018,SUPP,ME1604,4.0,AUTOMOBILE ENGINEERING _11 12 13 14_,85.000000,75.000000,65.000000,55.000000,45.000000,35.000000,JANUARY_JAN_2018,0,0,0,0,0
