Reg_No,Internal,External,Total,Grade,Time,Year,Type,Code,Credit,Title,Cut-Off-S,Cut-Off-A,Cut-Off-B,Cut-Off-C,Cut-Off-D,Cut-Off-E,Directory,Absentees,Malpractices,Detentions,NA,appeared
20140153,25.40,23.5,49.00,D,JANUARY_JAN,2018,SUPP,ME1704,4.0,INSTRUMENTATION & CONTROL SYSTEM _11 12 13 14_,86.000000,77.000000,67.000000,58.000000,48.000000,39.000000,JANUARY_JAN_2018,0,0,0,0,0
20140185,39.20,39,79.00,A,JANUARY_JAN,2018,SUPP,ME1704,4.0,INSTRUMENTATION & CONTROL SYSTEM _11 12 13 14_,86.000000,77.000000,67.000000,58.000000,48.000000,39.000000,JANUARY_JAN_2018,0,0,0,0,0
20140475,26.50,36.5,63.00,C,JANUARY_JAN,2018,SUPP,ME1704,4.0,INSTRUMENTATION & CONTROL SYSTEM _11 12 13 14_,86.000000,77.000000,67.000000,58.000000,48.000000,39.000000,JANUARY_JAN_2018,0,0,0,0,0
201415508,20.60,AB,0.00,I,JANUARY_JAN,2018,SUPP,ME1704,4.0,INSTRUMENTATION & CONTROL SYSTEM _11 12 13 14_,86.000000,77.000000,67.000000,58.000000,48.000000,39.000000,JANUARY_JAN_2018,0,0,0,0,0
201515506,22.10,30.5,53.00,D,JANUARY_JAN,2018,SUPP,ME1704,4.0,INSTRUMENTATION & CONTROL SYSTEM _11 12 13 14_,86.000000,77.000000,67.000000,58.000000,48.000000,39.000000,JANUARY_JAN_2018,0,0,0,0,0
20140517,16.30,21,38.00,F,JANUARY_JAN,2018,SUPP,ME1704,4.0,INSTRUMENTATION & CONTROL SYSTEM _11 12 13 14_,86.000000,77.000000,67.000000,58.000000,48.000000,39.000000,JANUARY_JAN_2018,0,0,0,0,0
