Reg_No,Internal,External,Total,Grade,Time,Year,Type,Code,Credit,Title,Cut-Off-S,Cut-Off-A,Cut-Off-B,Cut-Off-C,Cut-Off-D,Cut-Off-E,Directory,Absentees,Malpractices,Detentions,NA,appeared
20130533,15.00,31.5,47.00,D,JANUARY_JAN,2018,SUPP,ME1703,4.0,COMPUTER AIDED DESIGN & MANUFACTURING _10 11 12 13 14_,80.000000,72.000000,64.000000,55.000000,47.000000,39.000000,JANUARY_JAN_2018,0,0,0,0,0
20140153,25.40,27.5,53.00,D,JANUARY_JAN,2018,SUPP,ME1703,4.0,COMPUTER AIDED DESIGN & MANUFACTURING _10 11 12 13 14_,80.000000,72.000000,64.000000,55.000000,47.000000,39.000000,JANUARY_JAN_2018,0,0,0,0,0
20140185,33.40,31,65.00,B,JANUARY_JAN,2018,SUPP,ME1703,4.0,COMPUTER AIDED DESIGN & MANUFACTURING _10 11 12 13 14_,80.000000,72.000000,64.000000,55.000000,47.000000,39.000000,JANUARY_JAN_2018,0,0,0,0,0
20140602,19.40,1.5,21.00,F,JANUARY_JAN,2018,SUPP,ME1703,4.0,COMPUTER AIDED DESIGN & MANUFACTURING _10 11 12 13 14_,80.000000,72.000000,64.000000,55.000000,47.000000,39.000000,JANUARY_JAN_2018,0,0,0,0,0
201415508,20.60,AB,0.00,I,JANUARY_JAN,2018,SUPP,ME1703,4.0,COMPUTER AIDED DESIGN & MANUFACTURING _10 11 12 13 14_,80.000000,72.000000,64.000000,55.000000,47.000000,39.000000,JANUARY_JAN_2018,0,0,0,0,0
201515506,28.90,25,54.00,D,JANUARY_JAN,2018,SUPP,ME1703,4.0,COMPUTER AIDED DESIGN & MANUFACTURING _10 11 12 13 14_,80.000000,72.000000,64.000000,55.000000,47.000000,39.000000,JANUARY_JAN_2018,0,0,0,0,0
