Reg_No,Internal,External,Total,Grade,Time,Year,Type,Code,Credit,Title,Cut-Off-S,Cut-Off-A,Cut-Off-B,Cut-Off-C,Cut-Off-D,Cut-Off-E,Directory,Absentees,Malpractices,Detentions,NA,appeared
20130070,13.50,15.5,29.00,F,JANUARY_JAN,2018,SUPP,ME1702,4.0,OPERATIONS RESEARCH & MANAGEMENT _10 11 12 13 14_,82.000000,73.000000,63.000000,54.000000,44.000000,35.000000,JANUARY_JAN_2018,0,0,0,0,0
20140153,20.90,24,45.00,D,JANUARY_JAN,2018,SUPP,ME1702,4.0,OPERATIONS RESEARCH & MANAGEMENT _10 11 12 13 14_,82.000000,73.000000,63.000000,54.000000,44.000000,35.000000,JANUARY_JAN_2018,0,0,0,0,0
20140185,23.60,34.5,59.00,C,JANUARY_JAN,2018,SUPP,ME1702,4.0,OPERATIONS RESEARCH & MANAGEMENT _10 11 12 13 14_,82.000000,73.000000,63.000000,54.000000,44.000000,35.000000,JANUARY_JAN_2018,0,0,0,0,0
20140188,17.90,22.5,41.00,E,JANUARY_JAN,2018,SUPP,ME1702,4.0,OPERATIONS RESEARCH & MANAGEMENT _10 11 12 13 14_,82.000000,73.000000,63.000000,54.000000,44.000000,35.000000,JANUARY_JAN_2018,0,0,0,0,0
20140475,14.20,25,40.00,E,JANUARY_JAN,2018,SUPP,ME1702,4.0,OPERATIONS RESEARCH & MANAGEMENT _10 11 12 13 14_,82.000000,73.000000,63.000000,54.000000,44.000000,35.000000,JANUARY_JAN_2018,0,0,0,0,0
201515501,24.80,AB,0.00,I,JANUARY_JAN,2018,SUPP,ME1702,4.0,OPERATIONS RESEARCH & MANAGEMENT _10 11 12 13 14_,82.000000,73.000000,63.000000,54.000000,44.000000,35.000000,JANUARY_JAN_2018,0,0,0,0,0
201515503,23.50,12,36.00,E,JANUARY_JAN,2018,SUPP,ME1702,4.0,OPERATIONS RESEARCH & MANAGEMENT _10 11 12 13 14_,82.000000,73.000000,63.000000,54.000000,44.000000,35.000000,JANUARY_JAN_2018,0,0,0,0,0
201515506,18.10,AB,0.00,I,JANUARY_JAN,2018,SUPP,ME1702,4.0,OPERATIONS RESEARCH & MANAGEMENT _10 11 12 13 14_,82.000000,73.000000,63.000000,54.000000,44.000000,35.000000,JANUARY_JAN_2018,0,0,0,0,0
