Reg_No,Internal,External,Total,Grade,Time,Year,Type,Code,Credit,Title,Cut-Off-S,Cut-Off-A,Cut-Off-B,Cut-Off-C,Cut-Off-D,Cut-Off-E,Directory,Absentees,Malpractices,Detentions,NA,appeared
201600586,60.84,5,66.00,C,JANUARY_JAN,2018,SUPP,PH1162,1.5,ENGINEERING PHYSICS LAB,85.000000,77.000000,69.000000,60.000000,52.000000,44.000000,JANUARY_JAN_2018,0,0,0,0,0
201600428,62.59,9.5,73.00,B,JANUARY_JAN,2018,SUPP,PH1162,1.5,ENGINEERING PHYSICS LAB,85.000000,77.000000,69.000000,60.000000,52.000000,44.000000,JANUARY_JAN_2018,0,0,0,0,0
201600082,62.50,13.5,76.00,B,JANUARY_JAN,2018,SUPP,PH1162,1.5,ENGINEERING PHYSICS LAB,85.000000,77.000000,69.000000,60.000000,52.000000,44.000000,JANUARY_JAN_2018,0,0,0,0,0
201700515,49.38,22,72.00,B,JANUARY_JAN,2018,SUPP,PH1162,1.5,ENGINEERING PHYSICS LAB,85.000000,77.000000,69.000000,60.000000,52.000000,44.000000,JANUARY_JAN_2018,0,0,0,0,0
201600055,59.40,6.5,66.00,C,JANUARY_JAN,2018,SUPP,PH1162,1.5,ENGINEERING PHYSICS LAB,85.000000,77.000000,69.000000,60.000000,52.000000,44.000000,JANUARY_JAN_2018,0,0,0,0,0
20120274,45.00,12,57.00,D,JANUARY_JAN,2018,SUPP,PH1162,1.5,ENGINEERING PHYSICS LAB,85.000000,77.000000,69.000000,60.000000,52.000000,44.000000,JANUARY_JAN_2018,0,0,0,0,0
