Reg_No,Internal,External,Total,Grade,Time,Year,Type,Code,Credit,Title,Cut-Off-S,Cut-Off-A,Cut-Off-B,Cut-Off-C,Cut-Off-D,Cut-Off-E,Directory,Absentees,Malpractices,Detentions,NA,appeared
201721208,31.10,33.75,65.00,B,JANUARY_JAN,2018,SUPP,PH2102,4.0,FUNDAMENTAL OF ELECTRONICS,80.000000,72.000000,64.000000,57.000000,49.000000,41.000000,JANUARY_JAN_2018,0,0,0,0,0
201721214,24.55,34.5,60.00,C,JANUARY_JAN,2018,SUPP,PH2102,4.0,FUNDAMENTAL OF ELECTRONICS,80.000000,72.000000,64.000000,57.000000,49.000000,41.000000,JANUARY_JAN_2018,0,0,0,0,0
201721216,30.05,35.25,66.00,B,JANUARY_JAN,2018,SUPP,PH2102,4.0,FUNDAMENTAL OF ELECTRONICS,80.000000,72.000000,64.000000,57.000000,49.000000,41.000000,JANUARY_JAN_2018,0,0,0,0,0
201721221,22.50,23.75,47.00,E,JANUARY_JAN,2018,SUPP,PH2102,4.0,FUNDAMENTAL OF ELECTRONICS,80.000000,72.000000,64.000000,57.000000,49.000000,41.000000,JANUARY_JAN_2018,0,0,0,0,0
201721223,32.30,38,71.00,B,JANUARY_JAN,2018,SUPP,PH2102,4.0,FUNDAMENTAL OF ELECTRONICS,80.000000,72.000000,64.000000,57.000000,49.000000,41.000000,JANUARY_JAN_2018,0,0,0,0,0
