Reg_No,Internal,External,Total,Grade,Time,Year,Type,Code,Credit,Title,Cut-Off-S,Cut-Off-A,Cut-Off-B,Cut-Off-C,Cut-Off-D,Cut-Off-E,Directory,Absentees,Malpractices,Detentions,NA,appeared
201621215,13.95,23.5,38.00,E,JANUARY_JAN,2018,SUPP,PH2104,4.0,QUANTUM MECHANICS I _14 15 16 17_,80.000000,71.000000,62.000000,53.000000,44.000000,35.000000,JANUARY_JAN_2018,0,0,0,0,0
201721208,26.95,33.25,61.00,C,JANUARY_JAN,2018,SUPP,PH2104,4.0,QUANTUM MECHANICS I _14 15 16 17_,80.000000,71.000000,62.000000,53.000000,44.000000,35.000000,JANUARY_JAN_2018,0,0,0,0,0
201721220,21.10,26.75,48.00,D,JANUARY_JAN,2018,SUPP,PH2104,4.0,QUANTUM MECHANICS I _14 15 16 17_,80.000000,71.000000,62.000000,53.000000,44.000000,35.000000,JANUARY_JAN_2018,0,0,0,0,0
