Reg_No,Internal,External,Total,Grade,Time,Year,Type,Code,Credit,Title,Cut-Off-S,Cut-Off-A,Cut-Off-B,Cut-Off-C,Cut-Off-D,Cut-Off-E,Directory,Absentees,Malpractices,Detentions,NA,appeared
201421207,18.65,AB,0.00,I,JANUARY_JAN,2018,SUPP,PH2332,4.0,PLASMA PHYSICS I _14 15 16_,90.000000,80.000000,70.000000,60.000000,50.000000,40.000000,JANUARY_JAN_2018,0,0,0,0,0
201621204,26.60,26.75,54.00,D,JANUARY_JAN,2018,SUPP,PH2332,4.0,PLASMA PHYSICS I _14 15 16_,90.000000,80.000000,70.000000,60.000000,50.000000,40.000000,JANUARY_JAN_2018,0,0,0,0,0
201621208,27.20,18.25,46.00,E,JANUARY_JAN,2018,SUPP,PH2332,4.0,PLASMA PHYSICS I _14 15 16_,90.000000,80.000000,70.000000,60.000000,50.000000,40.000000,JANUARY_JAN_2018,0,0,0,0,0
201621217,27.10,31.75,59.00,D,JANUARY_JAN,2018,SUPP,PH2332,4.0,PLASMA PHYSICS I _14 15 16_,90.000000,80.000000,70.000000,60.000000,50.000000,40.000000,JANUARY_JAN_2018,0,0,0,0,0
