Reg_No,Internal,External,Total,Grade,Time,Year,Type,Code,Credit,Title,Cut-Off-S,Cut-Off-A,Cut-Off-B,Cut-Off-C,Cut-Off-D,Cut-Off-E,Directory,Absentees,Malpractices,Detentions,NA,appeared
20122406,19.10,32,52.00,D,EXTRA,2013,EXTRA,BBA105,4.0,BUSINESS ECONOMICS,82.000000,73.000000,63.000000,54.000000,44.000000,35.000000,EXTRA_2013,0,0,0,0,0
201019031,12.00,32,44.00,D,EXTRA,2013,EXTRA,BBA105,4.0,BUSINESS ECONOMICS,82.000000,73.000000,63.000000,54.000000,44.000000,35.000000,EXTRA_2013,0,0,0,0,0
201119014,10.50,19.5,30.00,F,EXTRA,2013,EXTRA,BBA105,4.0,BUSINESS ECONOMICS,82.000000,73.000000,63.000000,54.000000,44.000000,35.000000,EXTRA_2013,0,0,0,0,0
201119016,15.20,30,46.00,D,EXTRA,2013,EXTRA,BBA105,4.0,BUSINESS ECONOMICS,82.000000,73.000000,63.000000,54.000000,44.000000,35.000000,EXTRA_2013,0,0,0,0,0
201119023,9.70,20,30.00,F,EXTRA,2013,EXTRA,BBA105,4.0,BUSINESS ECONOMICS,82.000000,73.000000,63.000000,54.000000,44.000000,35.000000,EXTRA_2013,0,0,0,0,0
201119042,12.70,20.5,34.00,F,EXTRA,2013,EXTRA,BBA105,4.0,BUSINESS ECONOMICS,82.000000,73.000000,63.000000,54.000000,44.000000,35.000000,EXTRA_2013,0,0,0,0,0
