Reg_No,Internal,External,Total,Grade,Time,Year,Type,Code,Credit,Title,Cut-Off-S,Cut-Off-A,Cut-Off-B,Cut-Off-C,Cut-Off-D,Cut-Off-E,Directory,Absentees,Malpractices,Detentions,NA,appeared
20122441,16.55,21.5,39.00,E,EXTRA,2013,EXTRA,BBA101,4.0,PRINCIPLES & PRACTICE OF MANAGEMENT,80.000000,71.000000,62.000000,53.000000,44.000000,35.000000,EXTRA_2013,0,0,0,0,0
20122450,18.00,9.75,28.00,F,EXTRA,2013,EXTRA,BBA101,4.0,PRINCIPLES & PRACTICE OF MANAGEMENT,80.000000,71.000000,62.000000,53.000000,44.000000,35.000000,EXTRA_2013,0,0,0,0,0
20122452,15.10,23.25,39.00,E,EXTRA,2013,EXTRA,BBA101,4.0,PRINCIPLES & PRACTICE OF MANAGEMENT,80.000000,71.000000,62.000000,53.000000,44.000000,35.000000,EXTRA_2013,0,0,0,0,0
201119001,11.00,AB,0.00,I,EXTRA,2013,EXTRA,BBA101,4.0,PRINCIPLES & PRACTICE OF MANAGEMENT,80.000000,71.000000,62.000000,53.000000,44.000000,35.000000,EXTRA_2013,0,0,0,0,0
201119023,15.00,23.75,39.00,E,EXTRA,2013,EXTRA,BBA101,4.0,PRINCIPLES & PRACTICE OF MANAGEMENT,80.000000,71.000000,62.000000,53.000000,44.000000,35.000000,EXTRA_2013,0,0,0,0,0
201119050,18.00,26.75,45.00,D,EXTRA,2013,EXTRA,BBA101,4.0,PRINCIPLES & PRACTICE OF MANAGEMENT,80.000000,71.000000,62.000000,53.000000,44.000000,35.000000,EXTRA_2013,0,0,0,0,0
201119052,16.00,AB,0.00,I,EXTRA,2013,EXTRA,BBA101,4.0,PRINCIPLES & PRACTICE OF MANAGEMENT,80.000000,71.000000,62.000000,53.000000,44.000000,35.000000,EXTRA_2013,0,0,0,0,0
