Reg_No,Internal,External,Total,Grade,Time,Year,Type,Code,Credit,Title,Cut-Off-S,Cut-Off-A,Cut-Off-B,Cut-Off-C,Cut-Off-D,Cut-Off-E,Directory,Absentees,Malpractices,Detentions,NA,appeared
20122430,15.15,22.5,38.00,E,EXTRA,2013,EXTRA,BBA202,4.0,HUMAN RESOURCE MANAGEMENT,80.000000,71.000000,62.000000,53.000000,44.000000,35.000000,EXTRA_2013,0,0,0,0,0
20122450,13.05,AB,0.00,I,EXTRA,2013,EXTRA,BBA202,4.0,HUMAN RESOURCE MANAGEMENT,80.000000,71.000000,62.000000,53.000000,44.000000,35.000000,EXTRA_2013,0,0,0,0,0
20122453,11.70,23,35.00,E,EXTRA,2013,EXTRA,BBA202,4.0,HUMAN RESOURCE MANAGEMENT,80.000000,71.000000,62.000000,53.000000,44.000000,35.000000,EXTRA_2013,0,0,0,0,0
201119014,18.70,17.5,37.00,E,EXTRA,2013,EXTRA,BBA202,4.0,HUMAN RESOURCE MANAGEMENT,80.000000,71.000000,62.000000,53.000000,44.000000,35.000000,EXTRA_2013,0,0,0,0,0
201119020,21.00,25,46.00,E,EXTRA,2013,EXTRA,BBA202,4.0,HUMAN RESOURCE MANAGEMENT,80.000000,71.000000,62.000000,53.000000,44.000000,35.000000,EXTRA_2013,0,0,0,0,0
201119050,28.65,25,54.00,D,EXTRA,2013,EXTRA,BBA202,4.0,HUMAN RESOURCE MANAGEMENT,80.000000,71.000000,62.000000,53.000000,44.000000,35.000000,EXTRA_2013,0,0,0,0,0
