Reg_No,Internal,External,Total,Grade,Time,Year,Type,Code,Credit,Title,Cut-Off-S,Cut-Off-A,Cut-Off-B,Cut-Off-C,Cut-Off-D,Cut-Off-E,Directory,Absentees,Malpractices,Detentions,NA,appeared
200919033,20.10,8,29.00,F,EXTRA,2013,EXTRA,BBA302,4.0,ORGANIZATION BEHAVIOUR,81.000000,72.000000,63.000000,53.000000,44.000000,35.000000,EXTRA_2013,0,0,0,0,0
201019041,31.80,29,61.00,C,EXTRA,2013,EXTRA,BBA302,4.0,ORGANIZATION BEHAVIOUR,81.000000,72.000000,63.000000,53.000000,44.000000,35.000000,EXTRA_2013,0,0,0,0,0
201119010,13.45,18,32.00,F,EXTRA,2013,EXTRA,BBA302,4.0,ORGANIZATION BEHAVIOUR,81.000000,72.000000,63.000000,53.000000,44.000000,35.000000,EXTRA_2013,0,0,0,0,0
201119020,21.60,25.5,48.00,E,EXTRA,2013,EXTRA,BBA302,4.0,ORGANIZATION BEHAVIOUR,81.000000,72.000000,63.000000,53.000000,44.000000,35.000000,EXTRA_2013,0,0,0,0,0
201119037,20.10,27.5,48.00,D,EXTRA,2013,EXTRA,BBA302,4.0,ORGANIZATION BEHAVIOUR,81.000000,72.000000,63.000000,53.000000,44.000000,35.000000,EXTRA_2013,0,0,0,0,0
201119044,31.30,23,55.00,D,EXTRA,2013,EXTRA,BBA302,4.0,ORGANIZATION BEHAVIOUR,81.000000,72.000000,63.000000,53.000000,44.000000,35.000000,EXTRA_2013,0,0,0,0,0
201119050,37.50,26.5,64.00,C,EXTRA,2013,EXTRA,BBA302,4.0,ORGANIZATION BEHAVIOUR,81.000000,72.000000,63.000000,53.000000,44.000000,35.000000,EXTRA_2013,0,0,0,0,0
