Reg_No,Internal,External,Total,Grade,Time,Year,Type,Code,Credit,Title,Cut-Off-S,Cut-Off-A,Cut-Off-B,Cut-Off-C,Cut-Off-D,Cut-Off-E,Directory,Absentees,Malpractices,Detentions,NA,appeared
201119001,18.88,19.25,39.00,E,EXTRA,2013,EXTRA,BBA305,4.0,MARKETING MANAGEMENT,80.000000,71.000000,62.000000,53.000000,44.000000,35.000000,EXTRA_2013,0,0,0,0,0
201119010,18.25,23.25,42.00,E,EXTRA,2013,EXTRA,BBA305,4.0,MARKETING MANAGEMENT,80.000000,71.000000,62.000000,53.000000,44.000000,35.000000,EXTRA_2013,0,0,0,0,0
201119044,17.72,19.50,38.00,E,EXTRA,2013,EXTRA,BBA305,4.0,MARKETING MANAGEMENT,80.000000,71.000000,62.000000,53.000000,44.000000,35.000000,EXTRA_2013,0,0,0,0,0
201119046,16.95,AB,0.00,I,EXTRA,2013,EXTRA,BBA305,4.0,MARKETING MANAGEMENT,80.000000,71.000000,62.000000,53.000000,44.000000,35.000000,EXTRA_2013,0,0,0,0,0
201119048,19.15,30,50.00,D,EXTRA,2013,EXTRA,BBA305,4.0,MARKETING MANAGEMENT,80.000000,71.000000,62.000000,53.000000,44.000000,35.000000,EXTRA_2013,0,0,0,0,0
201119057,19.30,19,39.00,E,EXTRA,2013,EXTRA,BBA305,4.0,MARKETING MANAGEMENT,80.000000,71.000000,62.000000,53.000000,44.000000,35.000000,EXTRA_2013,0,0,0,0,0
