Reg_No,Internal,External,Total,Grade,Time,Year,Type,Code,Credit,Title,Cut-Off-S,Cut-Off-A,Cut-Off-B,Cut-Off-C,Cut-Off-D,Cut-Off-E,Directory,Absentees,Malpractices,Detentions,NA,appeared
201019003,42.30,27.5,70.00,B,EXTRA,2013,EXTRA,BBA304,4.0,ACCOUNTING FOR MANAGEMENT,80.000000,71.000000,62.000000,53.000000,44.000000,35.000000,EXTRA_2013,0,0,0,0,0
201019031,35.60,15.5,52.00,D,EXTRA,2013,EXTRA,BBA304,4.0,ACCOUNTING FOR MANAGEMENT,80.000000,71.000000,62.000000,53.000000,44.000000,35.000000,EXTRA_2013,0,0,0,0,0
201019041,34.70,21,56.00,C,EXTRA,2013,EXTRA,BBA304,4.0,ACCOUNTING FOR MANAGEMENT,80.000000,71.000000,62.000000,53.000000,44.000000,35.000000,EXTRA_2013,0,0,0,0,0
201119010,18.06,11.5,30.00,F,EXTRA,2013,EXTRA,BBA304,4.0,ACCOUNTING FOR MANAGEMENT,80.000000,71.000000,62.000000,53.000000,44.000000,35.000000,EXTRA_2013,0,0,0,0,0
201119020,34.00,17,51.00,E,EXTRA,2013,EXTRA,BBA304,4.0,ACCOUNTING FOR MANAGEMENT,80.000000,71.000000,62.000000,53.000000,44.000000,35.000000,EXTRA_2013,0,0,0,0,0
201119044,32.20,10.5,43.00,E,EXTRA,2013,EXTRA,BBA304,4.0,ACCOUNTING FOR MANAGEMENT,80.000000,71.000000,62.000000,53.000000,44.000000,35.000000,EXTRA_2013,0,0,0,0,0
201119050,31.00,21.5,53.00,D,EXTRA,2013,EXTRA,BBA304,4.0,ACCOUNTING FOR MANAGEMENT,80.000000,71.000000,62.000000,53.000000,44.000000,35.000000,EXTRA_2013,0,0,0,0,0
