Reg_No,Internal,External,Total,Grade,Time,Year,Type,Code,Credit,Title,Cut-Off-S,Cut-Off-A,Cut-Off-B,Cut-Off-C,Cut-Off-D,Cut-Off-E,Directory,Absentees,Malpractices,Detentions,NA,appeared
200916019,28.80,15.25,45.00,D,EXTRA,2013,EXTRA,BCA103,4.0,FUNDAMENTALS OF BUSINESS MGT. & COMMUNICATION,80.000000,71.000000,62.000000,53.000000,44.000000,35.000000,EXTRA_2013,0,0,0,0,0
201016008,30.10,20.25,51.00,E,EXTRA,2013,EXTRA,BCA103,4.0,FUNDAMENTALS OF BUSINESS MGT. & COMMUNICATION,80.000000,71.000000,62.000000,53.000000,44.000000,35.000000,EXTRA_2013,0,0,0,0,0
201016016,25.20,28.75,54.00,D,EXTRA,2013,EXTRA,BCA103,4.0,FUNDAMENTALS OF BUSINESS MGT. & COMMUNICATION,80.000000,71.000000,62.000000,53.000000,44.000000,35.000000,EXTRA_2013,0,0,0,0,0
201016031,29.10,20.5,50.00,D,EXTRA,2013,EXTRA,BCA103,4.0,FUNDAMENTALS OF BUSINESS MGT. & COMMUNICATION,80.000000,71.000000,62.000000,53.000000,44.000000,35.000000,EXTRA_2013,0,0,0,0,0
201116009,12.30,9.25,22.00,F,EXTRA,2013,EXTRA,BCA103,4.0,FUNDAMENTALS OF BUSINESS MGT. & COMMUNICATION,80.000000,71.000000,62.000000,53.000000,44.000000,35.000000,EXTRA_2013,0,0,0,0,0
201116042,18.00,11.5,30.00,F,EXTRA,2013,EXTRA,BCA103,4.0,FUNDAMENTALS OF BUSINESS MGT. & COMMUNICATION,80.000000,71.000000,62.000000,53.000000,44.000000,35.000000,EXTRA_2013,0,0,0,0,0
