Reg_No,Internal,External,Total,Grade,Time,Year,Type,Code,Credit,Title,Cut-Off-S,Cut-Off-A,Cut-Off-B,Cut-Off-C,Cut-Off-D,Cut-Off-E,Directory,Absentees,Malpractices,Detentions,NA,appeared
20121905,34.50,28,63.00,D,EXTRA,2013,EXTRA,BCA202,4.0,C PROGRAMMING _PART II_,84.000000,74.000000,64.000000,55.000000,45.000000,35.000000,EXTRA_2013,0,0,0,0,0
20121925,18.30,AB,0.00,I,EXTRA,2013,EXTRA,BCA202,4.0,C PROGRAMMING _PART II_,84.000000,74.000000,64.000000,55.000000,45.000000,35.000000,EXTRA_2013,0,0,0,0,0
20121940,40.05,32.50,73.00,C,EXTRA,2013,EXTRA,BCA202,4.0,C PROGRAMMING _PART II_,84.000000,74.000000,64.000000,55.000000,45.000000,35.000000,EXTRA_2013,0,0,0,0,0
201016021,13.60,28.5,43.00,E,EXTRA,2013,EXTRA,BCA202,4.0,C PROGRAMMING _PART II_,84.000000,74.000000,64.000000,55.000000,45.000000,35.000000,EXTRA_2013,0,0,0,0,0
201016033,12.10,11.50,24.00,F,EXTRA,2013,EXTRA,BCA202,4.0,C PROGRAMMING _PART II_,84.000000,74.000000,64.000000,55.000000,45.000000,35.000000,EXTRA_2013,0,0,0,0,0
201116021,23.00,29.50,53.00,D,EXTRA,2013,EXTRA,BCA202,4.0,C PROGRAMMING _PART II_,84.000000,74.000000,64.000000,55.000000,45.000000,35.000000,EXTRA_2013,0,0,0,0,0
201116038,16.70,26,43.00,E,EXTRA,2013,EXTRA,BCA202,4.0,C PROGRAMMING _PART II_,84.000000,74.000000,64.000000,55.000000,45.000000,35.000000,EXTRA_2013,0,0,0,0,0
201116042,17.20,13.50,31.00,F,EXTRA,2013,EXTRA,BCA202,4.0,C PROGRAMMING _PART II_,84.000000,74.000000,64.000000,55.000000,45.000000,35.000000,EXTRA_2013,0,0,0,0,0
201116048,29.60,AB,0.00,I,EXTRA,2013,EXTRA,BCA202,4.0,C PROGRAMMING _PART II_,84.000000,74.000000,64.000000,55.000000,45.000000,35.000000,EXTRA_2013,0,0,0,0,0
