Reg_No,Internal,External,Total,Grade,Time,Year,Type,Code,Credit,Title,Cut-Off-S,Cut-Off-A,Cut-Off-B,Cut-Off-C,Cut-Off-D,Cut-Off-E,Directory,Absentees,Malpractices,Detentions,NA,appeared
20121901,37.80,30.5,69.00,C,EXTRA,2013,EXTRA,BCA204,4.0,WEB PAGE DESIGNING,90.000000,79.000000,68.000000,57.000000,46.000000,35.000000,EXTRA_2013,0,0,0,0,0
20121905,30.30,34.00,65.00,D,EXTRA,2013,EXTRA,BCA204,4.0,WEB PAGE DESIGNING,90.000000,79.000000,68.000000,57.000000,46.000000,35.000000,EXTRA_2013,0,0,0,0,0
20121912,19.70,AB,0.00,I,EXTRA,2013,EXTRA,BCA204,4.0,WEB PAGE DESIGNING,90.000000,79.000000,68.000000,57.000000,46.000000,35.000000,EXTRA_2013,0,0,0,0,0
20121933,27.60,27.5,56.00,D,EXTRA,2013,EXTRA,BCA204,4.0,WEB PAGE DESIGNING,90.000000,79.000000,68.000000,57.000000,46.000000,35.000000,EXTRA_2013,0,0,0,0,0
201016012,19.50,AB,0.00,I,EXTRA,2013,EXTRA,BCA204,4.0,WEB PAGE DESIGNING,90.000000,79.000000,68.000000,57.000000,46.000000,35.000000,EXTRA_2013,0,0,0,0,0
201116052,12.90,7.5,21.00,F,EXTRA,2013,EXTRA,BCA204,4.0,WEB PAGE DESIGNING,90.000000,79.000000,68.000000,57.000000,46.000000,35.000000,EXTRA_2013,0,0,0,0,0
