Reg_No,Internal,External,Total,Grade,Time,Year,Type,Code,Credit,Title,Cut-Off-S,Cut-Off-A,Cut-Off-B,Cut-Off-C,Cut-Off-D,Cut-Off-E,Directory,Absentees,Malpractices,Detentions,NA,appeared
20121901,30.70,19.5,51.00,E,EXTRA,2013,EXTRA,BCA205,4.0,PRINCIPLES OF PROGRAMMING LANGUAGE,83.000000,73.000000,64.000000,54.000000,45.000000,35.000000,EXTRA_2013,0,0,0,0,0
20121905,25.40,16,42.00,E,EXTRA,2013,EXTRA,BCA205,4.0,PRINCIPLES OF PROGRAMMING LANGUAGE,83.000000,73.000000,64.000000,54.000000,45.000000,35.000000,EXTRA_2013,0,0,0,0,0
20121925,16.10,AB,0.00,I,EXTRA,2013,EXTRA,BCA205,4.0,PRINCIPLES OF PROGRAMMING LANGUAGE,83.000000,73.000000,64.000000,54.000000,45.000000,35.000000,EXTRA_2013,0,0,0,0,0
20121927,37.70,39,77.00,A,EXTRA,2013,EXTRA,BCA205,4.0,PRINCIPLES OF PROGRAMMING LANGUAGE,83.000000,73.000000,64.000000,54.000000,45.000000,35.000000,EXTRA_2013,0,0,0,0,0
201016012,16.80,AB,0.00,I,EXTRA,2013,EXTRA,BCA205,4.0,PRINCIPLES OF PROGRAMMING LANGUAGE,83.000000,73.000000,64.000000,54.000000,45.000000,35.000000,EXTRA_2013,0,0,0,0,0
201016016,28.20,16,45.00,E,EXTRA,2013,EXTRA,BCA205,4.0,PRINCIPLES OF PROGRAMMING LANGUAGE,83.000000,73.000000,64.000000,54.000000,45.000000,35.000000,EXTRA_2013,0,0,0,0,0
201116048,00.00,DT,0.00,DT,EXTRA,2013,EXTRA,BCA205,4.0,PRINCIPLES OF PROGRAMMING LANGUAGE,83.000000,73.000000,64.000000,54.000000,45.000000,35.000000,EXTRA_2013,0,0,0,0,0
201116052,12.70,3.5,17.00,F,EXTRA,2013,EXTRA,BCA205,4.0,PRINCIPLES OF PROGRAMMING LANGUAGE,83.000000,73.000000,64.000000,54.000000,45.000000,35.000000,EXTRA_2013,0,0,0,0,0
