Reg_No,Internal,External,Total,Grade,Time,Year,Type,Code,Credit,Title,Cut-Off-S,Cut-Off-A,Cut-Off-B,Cut-Off-C,Cut-Off-D,Cut-Off-E,Directory,Absentees,Malpractices,Detentions,NA,appeared
200816019,31.40,23,55.00,D,EXTRA,2013,EXTRA,BCA303,4.0,DATA STRUCTURES,80.000000,71.000000,62.000000,53.000000,44.000000,35.000000,EXTRA_2013,0,0,0,0,0
201016008,20.00,18.5,39.00,E,EXTRA,2013,EXTRA,BCA303,4.0,DATA STRUCTURES,80.000000,71.000000,62.000000,53.000000,44.000000,35.000000,EXTRA_2013,0,0,0,0,0
201116039,17.70,19,37.00,E,EXTRA,2013,EXTRA,BCA303,4.0,DATA STRUCTURES,80.000000,71.000000,62.000000,53.000000,44.000000,35.000000,EXTRA_2013,0,0,0,0,0
201116052,28.70,16.5,46.00,E,EXTRA,2013,EXTRA,BCA303,4.0,DATA STRUCTURES,80.000000,71.000000,62.000000,53.000000,44.000000,35.000000,EXTRA_2013,0,0,0,0,0
