Reg_No,Internal,External,Total,Grade,Time,Year,Type,Code,Credit,Title,Cut-Off-S,Cut-Off-A,Cut-Off-B,Cut-Off-C,Cut-Off-D,Cut-Off-E,Directory,Absentees,Malpractices,Detentions,NA,appeared
201016008,28.30,20,49.00,E,EXTRA,2013,EXTRA,BCA305,4.0,MULTIMEDIA TECHNOLOGIES,80.000000,71.000000,62.000000,53.000000,44.000000,35.000000,EXTRA_2013,0,0,0,0,0
201116024,37.30,24.5,62.00,C,EXTRA,2013,EXTRA,BCA305,4.0,MULTIMEDIA TECHNOLOGIES,80.000000,71.000000,62.000000,53.000000,44.000000,35.000000,EXTRA_2013,0,0,0,0,0
201116039,34.40,14,49.00,E,EXTRA,2013,EXTRA,BCA305,4.0,MULTIMEDIA TECHNOLOGIES,80.000000,71.000000,62.000000,53.000000,44.000000,35.000000,EXTRA_2013,0,0,0,0,0
201116052,24.10,13,38.00,E,EXTRA,2013,EXTRA,BCA305,4.0,MULTIMEDIA TECHNOLOGIES,80.000000,71.000000,62.000000,53.000000,44.000000,35.000000,EXTRA_2013,0,0,0,0,0
