Reg_No,Internal,External,Total,Grade,Time,Year,Type,Code,Credit,Title,Cut-Off-S,Cut-Off-A,Cut-Off-B,Cut-Off-C,Cut-Off-D,Cut-Off-E,Directory,Absentees,Malpractices,Detentions,NA,appeared
201016008,16.10,14.5,31.00,F,EXTRA,2013,EXTRA,BCA402,4.0,DATABASE MANAGEMENT SYSTEM,80.000000,71.000000,62.000000,53.000000,44.000000,35.000000,EXTRA_2013,0,0,0,0,0
201016016,16.00,18.5,35.00,E,EXTRA,2013,EXTRA,BCA402,4.0,DATABASE MANAGEMENT SYSTEM,80.000000,71.000000,62.000000,53.000000,44.000000,35.000000,EXTRA_2013,0,0,0,0,0
201116041,18.40,33,52.00,D,EXTRA,2013,EXTRA,BCA402,4.0,DATABASE MANAGEMENT SYSTEM,80.000000,71.000000,62.000000,53.000000,44.000000,35.000000,EXTRA_2013,0,0,0,0,0
201116042,18.30,25.5,44.00,D,EXTRA,2013,EXTRA,BCA402,4.0,DATABASE MANAGEMENT SYSTEM,80.000000,71.000000,62.000000,53.000000,44.000000,35.000000,EXTRA_2013,0,0,0,0,0
