Reg_No,Internal,External,Total,Grade,Time,Year,Type,Code,Credit,Title,Cut-Off-S,Cut-Off-A,Cut-Off-B,Cut-Off-C,Cut-Off-D,Cut-Off-E,Directory,Absentees,Malpractices,Detentions,NA,appeared
201016016,14.70,33,48.00,D,EXTRA,2013,EXTRA,BCA404,4.0,INTERNET & E COMMERCE,80.000000,71.000000,62.000000,53.000000,44.000000,35.000000,EXTRA_2013,0,0,0,0,0
201116005,38.70,31,70.00,C,EXTRA,2013,EXTRA,BCA404,4.0,INTERNET & E COMMERCE,80.000000,71.000000,62.000000,53.000000,44.000000,35.000000,EXTRA_2013,0,0,0,0,0
201116007,18.60,20.5,40.00,E,EXTRA,2013,EXTRA,BCA404,4.0,INTERNET & E COMMERCE,80.000000,71.000000,62.000000,53.000000,44.000000,35.000000,EXTRA_2013,0,0,0,0,0
201116024,37.80,36,74.00,B,EXTRA,2013,EXTRA,BCA404,4.0,INTERNET & E COMMERCE,80.000000,71.000000,62.000000,53.000000,44.000000,35.000000,EXTRA_2013,0,0,0,0,0
