Reg_No,Internal,External,Total,Grade,Time,Year,Type,Code,Credit,Title,Cut-Off-S,Cut-Off-A,Cut-Off-B,Cut-Off-C,Cut-Off-D,Cut-Off-E,Directory,Absentees,Malpractices,Detentions,NA,appeared
200916019,36.40,11,48.00,D,EXTRA,2013,EXTRA,BCA503,4.0,JAVA PROGRAMMING,81.000000,72.000000,63.000000,53.000000,44.000000,35.000000,EXTRA_2013,0,0,0,0,0
201016048,18.95,23.25,43.00,E,EXTRA,2013,EXTRA,BCA503,4.0,JAVA PROGRAMMING,81.000000,72.000000,63.000000,53.000000,44.000000,35.000000,EXTRA_2013,0,0,0,0,0
201016012,18.60,27,46.00,D,EXTRA,2013,EXTRA,BCA503,4.0,JAVA PROGRAMMING,81.000000,72.000000,63.000000,53.000000,44.000000,35.000000,EXTRA_2013,0,0,0,0,0
