Reg_No,Internal,External,Total,Grade,Time,Year,Type,Code,Credit,Title,Cut-Off-S,Cut-Off-A,Cut-Off-B,Cut-Off-C,Cut-Off-D,Cut-Off-E,Directory,Absentees,Malpractices,Detentions,NA,appeared
20110061,32.20,21.5,54.00,D,EXTRA,2013,EXTRA,CE304,4.0,BUILDING SCIENCE & TECHNOLOGY,80.000000,71.000000,62.000000,53.000000,44.000000,35.000000,EXTRA_2013,0,0,0,0,0
20110369,36.90,31,68.00,C,EXTRA,2013,EXTRA,CE304,4.0,BUILDING SCIENCE & TECHNOLOGY,80.000000,71.000000,62.000000,53.000000,44.000000,35.000000,EXTRA_2013,0,0,0,0,0
20110409,13.90,AB,0.00,I,EXTRA,2013,EXTRA,CE304,4.0,BUILDING SCIENCE & TECHNOLOGY,80.000000,71.000000,62.000000,53.000000,44.000000,35.000000,EXTRA_2013,0,0,0,0,0
20110597,19.20,AB,0.00,I,EXTRA,2013,EXTRA,CE304,4.0,BUILDING SCIENCE & TECHNOLOGY,80.000000,71.000000,62.000000,53.000000,44.000000,35.000000,EXTRA_2013,0,0,0,0,0
20111108,29.50,25.5,55.00,C,EXTRA,2013,EXTRA,CE304,4.0,BUILDING SCIENCE & TECHNOLOGY,80.000000,71.000000,62.000000,53.000000,44.000000,35.000000,EXTRA_2013,0,0,0,0,0
20121804,16.00,AB,0.00,I,EXTRA,2013,EXTRA,CE304,4.0,BUILDING SCIENCE & TECHNOLOGY,80.000000,71.000000,62.000000,53.000000,44.000000,35.000000,EXTRA_2013,0,0,0,0,0
