Reg_No,Internal,External,Total,Grade,Time,Year,Type,Code,Credit,Title,Cut-Off-S,Cut-Off-A,Cut-Off-B,Cut-Off-C,Cut-Off-D,Cut-Off-E,Directory,Absentees,Malpractices,Detentions,NA,appeared
200918053,42.00,26,68.00,B,EXTRA,2013,EXTRA,CE309,1.5,GEOLOGY LAB,80.000000,71.000000,62.000000,53.000000,44.000000,35.000000,EXTRA_2013,0,0,0,0,0
201018001,38.00,09,47.00,E,EXTRA,2013,EXTRA,CE309,1.5,GEOLOGY LAB,80.000000,71.000000,62.000000,53.000000,44.000000,35.000000,EXTRA_2013,0,0,0,0,0
201018003,33.00,16,49.00,E,EXTRA,2013,EXTRA,CE309,1.5,GEOLOGY LAB,80.000000,71.000000,62.000000,53.000000,44.000000,35.000000,EXTRA_2013,0,0,0,0,0
201018028,45.00,11,56.00,D,EXTRA,2013,EXTRA,CE309,1.5,GEOLOGY LAB,80.000000,71.000000,62.000000,53.000000,44.000000,35.000000,EXTRA_2013,0,0,0,0,0
201118510,34.00,08,42.00,E,EXTRA,2013,EXTRA,CE309,1.5,GEOLOGY LAB,80.000000,71.000000,62.000000,53.000000,44.000000,35.000000,EXTRA_2013,0,0,0,0,0
