Reg_No,Internal,External,Total,Grade,Time,Year,Type,Code,Credit,Title,Cut-Off-S,Cut-Off-A,Cut-Off-B,Cut-Off-C,Cut-Off-D,Cut-Off-E,Directory,Absentees,Malpractices,Detentions,NA,appeared
20110141,21.70,30.5,53.00,C,EXTRA,2013,EXTRA,CE406_CE304_OLD_,4.0,CONSTRUCTION MATERIAL & CONCRETE TECHNOLOGY,81.000000,72.000000,63.000000,53.000000,44.000000,35.000000,EXTRA_2013,0,0,0,0,0
20110230,28.00,20,48.00,D,EXTRA,2013,EXTRA,CE406_CE304_OLD_,4.0,CONSTRUCTION MATERIAL & CONCRETE TECHNOLOGY,81.000000,72.000000,63.000000,53.000000,44.000000,35.000000,EXTRA_2013,0,0,0,0,0
20110369,19.00,34.5,54.00,C,EXTRA,2013,EXTRA,CE406_CE304_OLD_,4.0,CONSTRUCTION MATERIAL & CONCRETE TECHNOLOGY,81.000000,72.000000,63.000000,53.000000,44.000000,35.000000,EXTRA_2013,0,0,0,0,0
20110379,31.60,41.75,74.00,A,EXTRA,2013,EXTRA,CE406_CE304_OLD_,4.0,CONSTRUCTION MATERIAL & CONCRETE TECHNOLOGY,81.000000,72.000000,63.000000,53.000000,44.000000,35.000000,EXTRA_2013,0,0,0,0,0
20110392,18.40,AB,0.00,I,EXTRA,2013,EXTRA,CE406_CE304_OLD_,4.0,CONSTRUCTION MATERIAL & CONCRETE TECHNOLOGY,81.000000,72.000000,63.000000,53.000000,44.000000,35.000000,EXTRA_2013,0,0,0,0,0
20110409,11.30,4.25,16.00,F,EXTRA,2013,EXTRA,CE406_CE304_OLD_,4.0,CONSTRUCTION MATERIAL & CONCRETE TECHNOLOGY,81.000000,72.000000,63.000000,53.000000,44.000000,35.000000,EXTRA_2013,0,0,0,0,0
20121812,11.80,21,33.00,F,EXTRA,2013,EXTRA,CE406_CE304_OLD_,4.0,CONSTRUCTION MATERIAL & CONCRETE TECHNOLOGY,81.000000,72.000000,63.000000,53.000000,44.000000,35.000000,EXTRA_2013,0,0,0,0,0
200918015,17.70,13.5,32.00,F,EXTRA,2013,EXTRA,CE406_CE304_OLD_,4.0,CONSTRUCTION MATERIAL & CONCRETE TECHNOLOGY,81.000000,72.000000,63.000000,53.000000,44.000000,35.000000,EXTRA_2013,0,0,0,0,0
