Reg_No,Internal,External,Total,Grade,Time,Year,Type,Code,Credit,Title,Cut-Off-S,Cut-Off-A,Cut-Off-B,Cut-Off-C,Cut-Off-D,Cut-Off-E,Directory,Absentees,Malpractices,Detentions,NA,appeared
200918048,39.10,33,73.00,B,EXTRA,2013,EXTRA,CE405,4.0,BUILDING SCIENCE & TECHNOLOGY,86.000000,76.000000,66.000000,55.000000,45.000000,35.000000,EXTRA_2013,0,0,0,0,0
200918016,9.20,34,44.00,E,EXTRA,2013,EXTRA,CE405,4.0,BUILDING SCIENCE & TECHNOLOGY,86.000000,76.000000,66.000000,55.000000,45.000000,35.000000,EXTRA_2013,0,0,0,0,0
201018003,10.40,29,40.00,E,EXTRA,2013,EXTRA,CE405,4.0,BUILDING SCIENCE & TECHNOLOGY,86.000000,76.000000,66.000000,55.000000,45.000000,35.000000,EXTRA_2013,0,0,0,0,0
201018028,12.00,21.5,34.00,F,EXTRA,2013,EXTRA,CE405,4.0,BUILDING SCIENCE & TECHNOLOGY,86.000000,76.000000,66.000000,55.000000,45.000000,35.000000,EXTRA_2013,0,0,0,0,0
201118510,13.20,28.5,42.00,E,EXTRA,2013,EXTRA,CE405,4.0,BUILDING SCIENCE & TECHNOLOGY,86.000000,76.000000,66.000000,55.000000,45.000000,35.000000,EXTRA_2013,0,0,0,0,0
