Reg_No,Internal,External,Total,Grade,Time,Year,Type,Code,Credit,Title,Cut-Off-S,Cut-Off-A,Cut-Off-B,Cut-Off-C,Cut-Off-D,Cut-Off-E,Directory,Absentees,Malpractices,Detentions,NA,appeared
20110061,15.95,AB,0.00,I,EXTRA,2013,EXTRA,CE401,4.0,NUMERICAL METHODS IN CIVIL ENGINEERING,90.000000,79.000000,68.000000,57.000000,46.000000,35.000000,EXTRA_2013,0,0,0,0,0
20110323,13.35,23.5,37.00,E,EXTRA,2013,EXTRA,CE401,4.0,NUMERICAL METHODS IN CIVIL ENGINEERING,90.000000,79.000000,68.000000,57.000000,46.000000,35.000000,EXTRA_2013,0,0,0,0,0
20110369,18.70,28,47.00,D,EXTRA,2013,EXTRA,CE401,4.0,NUMERICAL METHODS IN CIVIL ENGINEERING,90.000000,79.000000,68.000000,57.000000,46.000000,35.000000,EXTRA_2013,0,0,0,0,0
20110379,32.95,36.5,70.00,B,EXTRA,2013,EXTRA,CE401,4.0,NUMERICAL METHODS IN CIVIL ENGINEERING,90.000000,79.000000,68.000000,57.000000,46.000000,35.000000,EXTRA_2013,0,0,0,0,0
201118506,25.50,24.5,50.00,D,EXTRA,2013,EXTRA,CE401,4.0,NUMERICAL METHODS IN CIVIL ENGINEERING,90.000000,79.000000,68.000000,57.000000,46.000000,35.000000,EXTRA_2013,0,0,0,0,0
