Reg_No,Internal,External,Total,Grade,Time,Year,Type,Code,Credit,Title,Cut-Off-S,Cut-Off-A,Cut-Off-B,Cut-Off-C,Cut-Off-D,Cut-Off-E,Directory,Absentees,Malpractices,Detentions,NA,appeared
20110141,23.00,29,52.00,D,EXTRA,2013,EXTRA,CE403,4.0,STRUCTURAL ANALYSIS II,87.000000,77.000000,66.000000,56.000000,45.000000,35.000000,EXTRA_2013,0,0,0,0,0
20110333,14.50,19,34.00,F,EXTRA,2013,EXTRA,CE403,4.0,STRUCTURAL ANALYSIS II,87.000000,77.000000,66.000000,56.000000,45.000000,35.000000,EXTRA_2013,0,0,0,0,0
20110379,33.85,37,71.00,B,EXTRA,2013,EXTRA,CE403,4.0,STRUCTURAL ANALYSIS II,87.000000,77.000000,66.000000,56.000000,45.000000,35.000000,EXTRA_2013,0,0,0,0,0
20110392,17.95,28,46.00,D,EXTRA,2013,EXTRA,CE403,4.0,STRUCTURAL ANALYSIS II,87.000000,77.000000,66.000000,56.000000,45.000000,35.000000,EXTRA_2013,0,0,0,0,0
20111109,34.10,30.5,65.00,C,EXTRA,2013,EXTRA,CE403,4.0,STRUCTURAL ANALYSIS II,87.000000,77.000000,66.000000,56.000000,45.000000,35.000000,EXTRA_2013,0,0,0,0,0
20121810,16.55,15,32.00,F,EXTRA,2013,EXTRA,CE403,4.0,STRUCTURAL ANALYSIS II,87.000000,77.000000,66.000000,56.000000,45.000000,35.000000,EXTRA_2013,0,0,0,0,0
20121812,15.00,20.5,36.00,E,EXTRA,2013,EXTRA,CE403,4.0,STRUCTURAL ANALYSIS II,87.000000,77.000000,66.000000,56.000000,45.000000,35.000000,EXTRA_2013,0,0,0,0,0
