Reg_No,Internal,External,Total,Grade,Time,Year,Type,Code,Credit,Title,Cut-Off-S,Cut-Off-A,Cut-Off-B,Cut-Off-C,Cut-Off-D,Cut-Off-E,Directory,Absentees,Malpractices,Detentions,NA,appeared
200918053,31.00,33,64.00,D,EXTRA,2013,EXTRA,CE406,1.5,PLANNING & CA DRAWING OF BUILDING,90.000000,82.000000,73.000000,65.000000,56.000000,48.000000,EXTRA_2013,0,0,0,0,0
201018002,28.00,30,58.00,E,EXTRA,2013,EXTRA,CE406,1.5,PLANNING & CA DRAWING OF BUILDING,90.000000,82.000000,73.000000,65.000000,56.000000,48.000000,EXTRA_2013,0,0,0,0,0
201018003,20.00,22,42.00,F,EXTRA,2013,EXTRA,CE406,1.5,PLANNING & CA DRAWING OF BUILDING,90.000000,82.000000,73.000000,65.000000,56.000000,48.000000,EXTRA_2013,0,0,0,0,0
201018011,0.00,DT,0.00,DT,EXTRA,2013,EXTRA,CE406,1.5,PLANNING & CA DRAWING OF BUILDING,90.000000,82.000000,73.000000,65.000000,56.000000,48.000000,EXTRA_2013,0,0,0,0,0
