Reg_No,Internal,External,Total,Grade,Time,Year,Type,Code,Credit,Title,Cut-Off-S,Cut-Off-A,Cut-Off-B,Cut-Off-C,Cut-Off-D,Cut-Off-E,Directory,Absentees,Malpractices,Detentions,NA,appeared
201018014,18.50,AB,0.00,I,EXTRA,2013,EXTRA,CE501,4.0,GEOTECHNICAL ENGINEERING I,82.000000,73.000000,63.000000,54.000000,44.000000,35.000000,EXTRA_2013,0,0,0,0,0
201018022,18.20,MP,00.00,MP,EXTRA,2013,EXTRA,CE501,4.0,GEOTECHNICAL ENGINEERING I,82.000000,73.000000,63.000000,54.000000,44.000000,35.000000,EXTRA_2013,0,0,0,0,0
201018025,16.10,4.5,21.00,F,EXTRA,2013,EXTRA,CE501,4.0,GEOTECHNICAL ENGINEERING I,82.000000,73.000000,63.000000,54.000000,44.000000,35.000000,EXTRA_2013,0,0,0,0,0
201018028,15.50,20,36.00,E,EXTRA,2013,EXTRA,CE501,4.0,GEOTECHNICAL ENGINEERING I,82.000000,73.000000,63.000000,54.000000,44.000000,35.000000,EXTRA_2013,0,0,0,0,0
