Reg_No,Internal,External,Total,Grade,Time,Year,Type,Code,Credit,Title,Cut-Off-S,Cut-Off-A,Cut-Off-B,Cut-Off-C,Cut-Off-D,Cut-Off-E,Directory,Absentees,Malpractices,Detentions,NA,appeared
201018025,35.68,27,63.00,D,EXTRA,2013,EXTRA,CE503,4.0,SURVEYING II,90.000000,80.000000,71.000000,61.000000,52.000000,42.000000,EXTRA_2013,0,0,0,0,0
201018001,21.60,34,56.00,D,EXTRA,2013,EXTRA,CE503,4.0,SURVEYING II,90.000000,80.000000,71.000000,61.000000,52.000000,42.000000,EXTRA_2013,0,0,0,0,0
201018027,23.90,15.5,40.00,F,EXTRA,2013,EXTRA,CE503,4.0,SURVEYING II,90.000000,80.000000,71.000000,61.000000,52.000000,42.000000,EXTRA_2013,0,0,0,0,0
201018028,18.30,29.5,48.00,E,EXTRA,2013,EXTRA,CE503,4.0,SURVEYING II,90.000000,80.000000,71.000000,61.000000,52.000000,42.000000,EXTRA_2013,0,0,0,0,0
