Reg_No,Internal,External,Total,Grade,Time,Year,Type,Code,Credit,Title,Cut-Off-S,Cut-Off-A,Cut-Off-B,Cut-Off-C,Cut-Off-D,Cut-Off-E,Directory,Absentees,Malpractices,Detentions,NA,appeared
200918035,23.50,21,45.00,E,EXTRA,2013,EXTRA,CE505,4.0,ENVIRONMENTAL ENGINEERING I,90.000000,81.000000,72.000000,63.000000,54.000000,45.000000,EXTRA_2013,0,0,0,0,0
201018001,38.50,24,63.00,D,EXTRA,2013,EXTRA,CE505,4.0,ENVIRONMENTAL ENGINEERING I,90.000000,81.000000,72.000000,63.000000,54.000000,45.000000,EXTRA_2013,0,0,0,0,0
201018011,29.90,42,72.00,C,EXTRA,2013,EXTRA,CE505,4.0,ENVIRONMENTAL ENGINEERING I,90.000000,81.000000,72.000000,63.000000,54.000000,45.000000,EXTRA_2013,0,0,0,0,0
201018025,37.30,31.5,69.00,D,EXTRA,2013,EXTRA,CE505,4.0,ENVIRONMENTAL ENGINEERING I,90.000000,81.000000,72.000000,63.000000,54.000000,45.000000,EXTRA_2013,0,0,0,0,0
200918002,23.60,19.5,44.00,F,EXTRA,2013,EXTRA,CE505,4.0,ENVIRONMENTAL ENGINEERING I,90.000000,81.000000,72.000000,63.000000,54.000000,45.000000,EXTRA_2013,0,0,0,0,0
200918004,22.90,37.5,61.00,D,EXTRA,2013,EXTRA,CE505,4.0,ENVIRONMENTAL ENGINEERING I,90.000000,81.000000,72.000000,63.000000,54.000000,45.000000,EXTRA_2013,0,0,0,0,0
200918037,30.10,29.5,60.00,D,EXTRA,2013,EXTRA,CE505,4.0,ENVIRONMENTAL ENGINEERING I,90.000000,81.000000,72.000000,63.000000,54.000000,45.000000,EXTRA_2013,0,0,0,0,0
201018014,26.55,10,37.00,F,EXTRA,2013,EXTRA,CE505,4.0,ENVIRONMENTAL ENGINEERING I,90.000000,81.000000,72.000000,63.000000,54.000000,45.000000,EXTRA_2013,0,0,0,0,0
