Reg_No,Internal,External,Total,Grade,Time,Year,Type,Code,Credit,Title,Cut-Off-S,Cut-Off-A,Cut-Off-B,Cut-Off-C,Cut-Off-D,Cut-Off-E,Directory,Absentees,Malpractices,Detentions,NA,appeared
200918019,34.15,24.5,59.00,D,EXTRA,2013,EXTRA,CE506,4.0,TRANSPORTATION ENGINEERING I,90.000000,80.000000,71.000000,61.000000,52.000000,42.000000,EXTRA_2013,0,0,0,0,0
201018025,37.10,23,61.00,D,EXTRA,2013,EXTRA,CE506,4.0,TRANSPORTATION ENGINEERING I,90.000000,80.000000,71.000000,61.000000,52.000000,42.000000,EXTRA_2013,0,0,0,0,0
200918002,23.10,AB,0.00,I,EXTRA,2013,EXTRA,CE506,4.0,TRANSPORTATION ENGINEERING I,90.000000,80.000000,71.000000,61.000000,52.000000,42.000000,EXTRA_2013,0,0,0,0,0
200918053,16.50,29,46.00,E,EXTRA,2013,EXTRA,CE506,4.0,TRANSPORTATION ENGINEERING I,90.000000,80.000000,71.000000,61.000000,52.000000,42.000000,EXTRA_2013,0,0,0,0,0
201018001,24.30,30.5,55.00,D,EXTRA,2013,EXTRA,CE506,4.0,TRANSPORTATION ENGINEERING I,90.000000,80.000000,71.000000,61.000000,52.000000,42.000000,EXTRA_2013,0,0,0,0,0
