Reg_No,Internal,External,Total,Grade,Time,Year,Type,Code,Credit,Title,Cut-Off-S,Cut-Off-A,Cut-Off-B,Cut-Off-C,Cut-Off-D,Cut-Off-E,Directory,Absentees,Malpractices,Detentions,NA,appeared
200918017,23.50,31.5,55.00,D,EXTRA,2013,EXTRA,CE604,4.0,IRRIGATION ENGINEERING,90.000000,81.000000,72.000000,62.000000,53.000000,44.000000,EXTRA_2013,0,0,0,0,0
200918035,23.40,27,51.00,E,EXTRA,2013,EXTRA,CE604,4.0,IRRIGATION ENGINEERING,90.000000,81.000000,72.000000,62.000000,53.000000,44.000000,EXTRA_2013,0,0,0,0,0
201018011,23.75,31,55.00,D,EXTRA,2013,EXTRA,CE604,4.0,IRRIGATION ENGINEERING,90.000000,81.000000,72.000000,62.000000,53.000000,44.000000,EXTRA_2013,0,0,0,0,0
201018027,22.90,10,33.00,F,EXTRA,2013,EXTRA,CE604,4.0,IRRIGATION ENGINEERING,90.000000,81.000000,72.000000,62.000000,53.000000,44.000000,EXTRA_2013,0,0,0,0,0
