Reg_No,Internal,External,Total,Grade,Time,Year,Type,Code,Credit,Title,Cut-Off-S,Cut-Off-A,Cut-Off-B,Cut-Off-C,Cut-Off-D,Cut-Off-E,Directory,Absentees,Malpractices,Detentions,NA,appeared
200918036,39.70,17.5,58.00,C,EXTRA,2013,EXTRA,CE601,4.0,GEOTECHNICAL ENGINEERING II,86.000000,77.000000,67.000000,58.000000,48.000000,39.000000,EXTRA_2013,0,0,0,0,0
201018019,24.90,17.5,43.00,E,EXTRA,2013,EXTRA,CE601,4.0,GEOTECHNICAL ENGINEERING II,86.000000,77.000000,67.000000,58.000000,48.000000,39.000000,EXTRA_2013,0,0,0,0,0
201018022,38.30,19.5,58.00,D,EXTRA,2013,EXTRA,CE601,4.0,GEOTECHNICAL ENGINEERING II,86.000000,77.000000,67.000000,58.000000,48.000000,39.000000,EXTRA_2013,0,0,0,0,0
201018060,40.10,26,67.00,C,EXTRA,2013,EXTRA,CE601,4.0,GEOTECHNICAL ENGINEERING II,86.000000,77.000000,67.000000,58.000000,48.000000,39.000000,EXTRA_2013,0,0,0,0,0
201018506,30.80,20,51.00,D,EXTRA,2013,EXTRA,CE601,4.0,GEOTECHNICAL ENGINEERING II,86.000000,77.000000,67.000000,58.000000,48.000000,39.000000,EXTRA_2013,0,0,0,0,0
200918035,18.00,15.5,34.00,F,EXTRA,2013,EXTRA,CE601,4.0,GEOTECHNICAL ENGINEERING II,86.000000,77.000000,67.000000,58.000000,48.000000,39.000000,EXTRA_2013,0,0,0,0,0
200918053,15.00,33.5,49.00,D,EXTRA,2013,EXTRA,CE601,4.0,GEOTECHNICAL ENGINEERING II,86.000000,77.000000,67.000000,58.000000,48.000000,39.000000,EXTRA_2013,0,0,0,0,0
