Reg_No,Internal,External,Total,Grade,Time,Year,Type,Code,Credit,Title,Cut-Off-S,Cut-Off-A,Cut-Off-B,Cut-Off-C,Cut-Off-D,Cut-Off-E,Directory,Absentees,Malpractices,Detentions,NA,appeared
200918002,17.00,AB,0.00,I,EXTRA,2013,EXTRA,CE606,4.0,TRANSPORTATION ENGINEERING II,90.000000,81.000000,72.000000,63.000000,54.000000,45.000000,EXTRA_2013,0,0,0,0,0
200918015,19.70,28.5,49.00,E,EXTRA,2013,EXTRA,CE606,4.0,TRANSPORTATION ENGINEERING II,90.000000,81.000000,72.000000,63.000000,54.000000,45.000000,EXTRA_2013,0,0,0,0,0
200918018,33.53,34.5,69.00,C,EXTRA,2013,EXTRA,CE606,4.0,TRANSPORTATION ENGINEERING II,90.000000,81.000000,72.000000,63.000000,54.000000,45.000000,EXTRA_2013,0,0,0,0,0
201018019,19.00,25.5,45.00,E,EXTRA,2013,EXTRA,CE606,4.0,TRANSPORTATION ENGINEERING II,90.000000,81.000000,72.000000,63.000000,54.000000,45.000000,EXTRA_2013,0,0,0,0,0
