Reg_No,Internal,External,Total,Grade,Time,Year,Type,Code,Credit,Title,Cut-Off-S,Cut-Off-A,Cut-Off-B,Cut-Off-C,Cut-Off-D,Cut-Off-E,Directory,Absentees,Malpractices,Detentions,NA,appeared
20120332,51.00,33,84.00,A,EXTRA,2013,EXTRA,COB208_COA108_NEW__COA209_COB109_OLD_,1.5,WORKSHOP PRACTICE LAB,80.000000,74.000000,68.000000,62.000000,56.000000,50.000000,EXTRA_2013,0,0,0,0,0
20110502,44.00,28,72.00,C,EXTRA,2013,EXTRA,COB208_COA108_NEW__COA209_COB109_OLD_,1.5,WORKSHOP PRACTICE LAB,80.000000,74.000000,68.000000,62.000000,56.000000,50.000000,EXTRA_2013,0,0,0,0,0
20120123,41.00,27,68.00,C,EXTRA,2013,EXTRA,COB208_COA108_NEW__COA209_COB109_OLD_,1.5,WORKSHOP PRACTICE LAB,80.000000,74.000000,68.000000,62.000000,56.000000,50.000000,EXTRA_2013,0,0,0,0,0
20120285,46.00,26,72.00,C,EXTRA,2013,EXTRA,COB208_COA108_NEW__COA209_COB109_OLD_,1.5,WORKSHOP PRACTICE LAB,80.000000,74.000000,68.000000,62.000000,56.000000,50.000000,EXTRA_2013,0,0,0,0,0
20120687,38.00,22,60.00,E,EXTRA,2013,EXTRA,COB208_COA108_NEW__COA209_COB109_OLD_,1.5,WORKSHOP PRACTICE LAB,80.000000,74.000000,68.000000,62.000000,56.000000,50.000000,EXTRA_2013,0,0,0,0,0
201013050,45.00,29,74.00,B,EXTRA,2013,EXTRA,COB208_COA108_NEW__COA209_COB109_OLD_,1.5,WORKSHOP PRACTICE LAB,80.000000,74.000000,68.000000,62.000000,56.000000,50.000000,EXTRA_2013,0,0,0,0,0
