Reg_No,Internal,External,Total,Grade,Time,Year,Type,Code,Credit,Title,Cut-Off-S,Cut-Off-A,Cut-Off-B,Cut-Off-C,Cut-Off-D,Cut-Off-E,Directory,Absentees,Malpractices,Detentions,NA,appeared
20110337,24.70,21,46.00,E,EXTRA,2013,EXTRA,CSE306,4.0,COMPUTER ORGANIZATION & ARCHITECTURE,89.000000,78.000000,67.000000,57.000000,46.000000,35.000000,EXTRA_2013,0,0,0,0,0
20110258,18.00,AB,0.00,I,EXTRA,2013,EXTRA,CSE306,4.0,COMPUTER ORGANIZATION & ARCHITECTURE,89.000000,78.000000,67.000000,57.000000,46.000000,35.000000,EXTRA_2013,0,0,0,0,0
20110308,11.50,26.5,38.00,E,EXTRA,2013,EXTRA,CSE306,4.0,COMPUTER ORGANIZATION & ARCHITECTURE,89.000000,78.000000,67.000000,57.000000,46.000000,35.000000,EXTRA_2013,0,0,0,0,0
20110320,23.40,22.5,46.00,D,EXTRA,2013,EXTRA,CSE306,4.0,COMPUTER ORGANIZATION & ARCHITECTURE,89.000000,78.000000,67.000000,57.000000,46.000000,35.000000,EXTRA_2013,0,0,0,0,0
201011043,18.80,21.5,41.00,E,EXTRA,2013,EXTRA,CSE306,4.0,COMPUTER ORGANIZATION & ARCHITECTURE,89.000000,78.000000,67.000000,57.000000,46.000000,35.000000,EXTRA_2013,0,0,0,0,0
