Reg_No,Internal,External,Total,Grade,Time,Year,Type,Code,Credit,Title,Cut-Off-S,Cut-Off-A,Cut-Off-B,Cut-Off-C,Cut-Off-D,Cut-Off-E,Directory,Absentees,Malpractices,Detentions,NA,appeared
20110337,15.40,AB,0.00,I,EXTRA,2013,EXTRA,CSE304,4.0,DIGITAL CIRCUITS & LOGIC DESIGN,89.000000,78.000000,67.000000,57.000000,46.000000,35.000000,EXTRA_2013,0,0,0,0,0
20110444,20.80,12,33.00,F,EXTRA,2013,EXTRA,CSE304,4.0,DIGITAL CIRCUITS & LOGIC DESIGN,89.000000,78.000000,67.000000,57.000000,46.000000,35.000000,EXTRA_2013,0,0,0,0,0
200911033,23.50,35,59.00,C,EXTRA,2013,EXTRA,CSE304,4.0,DIGITAL CIRCUITS & LOGIC DESIGN,89.000000,78.000000,67.000000,57.000000,46.000000,35.000000,EXTRA_2013,0,0,0,0,0
200911067,16.90,23,40.00,E,EXTRA,2013,EXTRA,CSE304,4.0,DIGITAL CIRCUITS & LOGIC DESIGN,89.000000,78.000000,67.000000,57.000000,46.000000,35.000000,EXTRA_2013,0,0,0,0,0
201011017,14.40,16,31.00,F,EXTRA,2013,EXTRA,CSE304,4.0,DIGITAL CIRCUITS & LOGIC DESIGN,89.000000,78.000000,67.000000,57.000000,46.000000,35.000000,EXTRA_2013,0,0,0,0,0
201011051,11.10,27.5,39.00,E,EXTRA,2013,EXTRA,CSE304,4.0,DIGITAL CIRCUITS & LOGIC DESIGN,89.000000,78.000000,67.000000,57.000000,46.000000,35.000000,EXTRA_2013,0,0,0,0,0
201011094,21.40,25,47.00,D,EXTRA,2013,EXTRA,CSE304,4.0,DIGITAL CIRCUITS & LOGIC DESIGN,89.000000,78.000000,67.000000,57.000000,46.000000,35.000000,EXTRA_2013,0,0,0,0,0
201011129,19.40,13.5,33.00,F,EXTRA,2013,EXTRA,CSE304,4.0,DIGITAL CIRCUITS & LOGIC DESIGN,89.000000,78.000000,67.000000,57.000000,46.000000,35.000000,EXTRA_2013,0,0,0,0,0
