Reg_No,Internal,External,Total,Grade,Time,Year,Type,Code,Credit,Title,Cut-Off-S,Cut-Off-A,Cut-Off-B,Cut-Off-C,Cut-Off-D,Cut-Off-E,Directory,Absentees,Malpractices,Detentions,NA,appeared
200711042,29.75,21.50,52.00,E,EXTRA,2013,EXTRA,CSE302,4.0,DATA STRUCTURES,87.000000,77.000000,66.000000,56.000000,45.000000,35.000000,EXTRA_2013,0,0,0,0,0
200811022,26.80,33,60.00,C,EXTRA,2013,EXTRA,CSE302,4.0,DATA STRUCTURES,87.000000,77.000000,66.000000,56.000000,45.000000,35.000000,EXTRA_2013,0,0,0,0,0
200811130,0.00,DT,0.00,DT,EXTRA,2013,EXTRA,CSE302,4.0,DATA STRUCTURES,87.000000,77.000000,66.000000,56.000000,45.000000,35.000000,EXTRA_2013,0,0,0,0,0
201011129,16.40,25,42.00,E,EXTRA,2013,EXTRA,CSE302,4.0,DATA STRUCTURES,87.000000,77.000000,66.000000,56.000000,45.000000,35.000000,EXTRA_2013,0,0,0,0,0
20110337,15.80,23,39.00,E,EXTRA,2013,EXTRA,CSE302,4.0,DATA STRUCTURES,87.000000,77.000000,66.000000,56.000000,45.000000,35.000000,EXTRA_2013,0,0,0,0,0
201011106,14.75,15.50,31.00,F,EXTRA,2013,EXTRA,CSE302,4.0,DATA STRUCTURES,87.000000,77.000000,66.000000,56.000000,45.000000,35.000000,EXTRA_2013,0,0,0,0,0
201011116,14.70,21.50,37.00,E,EXTRA,2013,EXTRA,CSE302,4.0,DATA STRUCTURES,87.000000,77.000000,66.000000,56.000000,45.000000,35.000000,EXTRA_2013,0,0,0,0,0
201111509,28.90,20,49.00,D,EXTRA,2013,EXTRA,CSE302,4.0,DATA STRUCTURES,87.000000,77.000000,66.000000,56.000000,45.000000,35.000000,EXTRA_2013,0,0,0,0,0
