Reg_No,Internal,External,Total,Grade,Time,Year,Type,Code,Credit,Title,Cut-Off-S,Cut-Off-A,Cut-Off-B,Cut-Off-C,Cut-Off-D,Cut-Off-E,Directory,Absentees,Malpractices,Detentions,NA,appeared
200811030,22.20,13,36.00,E,EXTRA,2013,EXTRA,CSE503,4.0,SYSTEM PROGRAMMING,83.000000,73.000000,64.000000,54.000000,45.000000,35.000000,EXTRA_2013,0,0,0,0,0
200911033,32.20,26,59.00,C,EXTRA,2013,EXTRA,CSE503,4.0,SYSTEM PROGRAMMING,83.000000,73.000000,64.000000,54.000000,45.000000,35.000000,EXTRA_2013,0,0,0,0,0
201011501,29.40,17.5,47.00,E,EXTRA,2013,EXTRA,CSE503,4.0,SYSTEM PROGRAMMING,83.000000,73.000000,64.000000,54.000000,45.000000,35.000000,EXTRA_2013,0,0,0,0,0
200911019,20.30,20.5,41.00,E,EXTRA,2013,EXTRA,CSE503,4.0,SYSTEM PROGRAMMING,83.000000,73.000000,64.000000,54.000000,45.000000,35.000000,EXTRA_2013,0,0,0,0,0
201011022,18.10,25,44.00,E,EXTRA,2013,EXTRA,CSE503,4.0,SYSTEM PROGRAMMING,83.000000,73.000000,64.000000,54.000000,45.000000,35.000000,EXTRA_2013,0,0,0,0,0
201011082,23.60,15.5,40.00,E,EXTRA,2013,EXTRA,CSE503,4.0,SYSTEM PROGRAMMING,83.000000,73.000000,64.000000,54.000000,45.000000,35.000000,EXTRA_2013,0,0,0,0,0
201011106,19.10,12,32.00,F,EXTRA,2013,EXTRA,CSE503,4.0,SYSTEM PROGRAMMING,83.000000,73.000000,64.000000,54.000000,45.000000,35.000000,EXTRA_2013,0,0,0,0,0
