Reg_No,Internal,External,Total,Grade,Time,Year,Type,Code,Credit,Title,Cut-Off-S,Cut-Off-A,Cut-Off-B,Cut-Off-C,Cut-Off-D,Cut-Off-E,Directory,Absentees,Malpractices,Detentions,NA,appeared
201011007,29.15,36.5,66.00,C,EXTRA,2013,EXTRA,CSE604,4.0,SYSTEMS SIMULATION & MODELING,88.000000,77.000000,67.000000,56.000000,46.000000,35.000000,EXTRA_2013,0,0,0,0,0
201011017,19.40,AB,0.00,I,EXTRA,2013,EXTRA,CSE604,4.0,SYSTEMS SIMULATION & MODELING,88.000000,77.000000,67.000000,56.000000,46.000000,35.000000,EXTRA_2013,0,0,0,0,0
201011046,32.85,29.5,63.00,C,EXTRA,2013,EXTRA,CSE604,4.0,SYSTEMS SIMULATION & MODELING,88.000000,77.000000,67.000000,56.000000,46.000000,35.000000,EXTRA_2013,0,0,0,0,0
201011115,22.50,17,40.00,E,EXTRA,2013,EXTRA,CSE604,4.0,SYSTEMS SIMULATION & MODELING,88.000000,77.000000,67.000000,56.000000,46.000000,35.000000,EXTRA_2013,0,0,0,0,0
201011503,19.10,28.75,48.00,D,EXTRA,2013,EXTRA,CSE604,4.0,SYSTEMS SIMULATION & MODELING,88.000000,77.000000,67.000000,56.000000,46.000000,35.000000,EXTRA_2013,0,0,0,0,0
201111503,16.30,26,43.00,E,EXTRA,2013,EXTRA,CSE604,4.0,SYSTEMS SIMULATION & MODELING,88.000000,77.000000,67.000000,56.000000,46.000000,35.000000,EXTRA_2013,0,0,0,0,0
