Reg_No,Internal,External,Total,Grade,Time,Year,Type,Code,Credit,Title,Cut-Off-S,Cut-Off-A,Cut-Off-B,Cut-Off-C,Cut-Off-D,Cut-Off-E,Directory,Absentees,Malpractices,Detentions,NA,appeared
201011082,28.50,23.5,52.00,E,EXTRA,2013,EXTRA,CSE611,3.0,DIGITAL IMAGE PROCESSING _ACTUAL CSE605_,80.000000,71.000000,62.000000,53.000000,44.000000,35.000000,EXTRA_2013,0,0,0,0,0
201011094,33.70,24.5,59.00,D,EXTRA,2013,EXTRA,CSE611,3.0,DIGITAL IMAGE PROCESSING _ACTUAL CSE605_,80.000000,71.000000,62.000000,53.000000,44.000000,35.000000,EXTRA_2013,0,0,0,0,0
201011051,17.85,26,44.00,D,EXTRA,2013,EXTRA,CSE611,3.0,DIGITAL IMAGE PROCESSING _ACTUAL CSE605_,80.000000,71.000000,62.000000,53.000000,44.000000,35.000000,EXTRA_2013,0,0,0,0,0
201011080,12.95,17,30.00,F,EXTRA,2013,EXTRA,CSE611,3.0,DIGITAL IMAGE PROCESSING _ACTUAL CSE605_,80.000000,71.000000,62.000000,53.000000,44.000000,35.000000,EXTRA_2013,0,0,0,0,0
201011103,35.80,26,62.00,B,EXTRA,2013,EXTRA,CSE611,3.0,DIGITAL IMAGE PROCESSING _ACTUAL CSE605_,80.000000,71.000000,62.000000,53.000000,44.000000,35.000000,EXTRA_2013,0,0,0,0,0
201011112,24.90,14.5,40.00,E,EXTRA,2013,EXTRA,CSE611,3.0,DIGITAL IMAGE PROCESSING _ACTUAL CSE605_,80.000000,71.000000,62.000000,53.000000,44.000000,35.000000,EXTRA_2013,0,0,0,0,0
201011115,22.95,23,46.00,D,EXTRA,2013,EXTRA,CSE611,3.0,DIGITAL IMAGE PROCESSING _ACTUAL CSE605_,80.000000,71.000000,62.000000,53.000000,44.000000,35.000000,EXTRA_2013,0,0,0,0,0
201111502,17.85,14,32.00,F,EXTRA,2013,EXTRA,CSE611,3.0,DIGITAL IMAGE PROCESSING _ACTUAL CSE605_,80.000000,71.000000,62.000000,53.000000,44.000000,35.000000,EXTRA_2013,0,0,0,0,0
201111505,16.20,17,34.00,F,EXTRA,2013,EXTRA,CSE611,3.0,DIGITAL IMAGE PROCESSING _ACTUAL CSE605_,80.000000,71.000000,62.000000,53.000000,44.000000,35.000000,EXTRA_2013,0,0,0,0,0
