Reg_No,Internal,External,Total,Grade,Time,Year,Type,Code,Credit,Title,Cut-Off-S,Cut-Off-A,Cut-Off-B,Cut-Off-C,Cut-Off-D,Cut-Off-E,Directory,Absentees,Malpractices,Detentions,NA,appeared
201111503,27.20,23.5,51.00,E,EXTRA,2013,EXTRA,CSE601,4.0,COMPILER DESIGN,85.000000,75.000000,65.000000,55.000000,45.000000,35.000000,EXTRA_2013,0,0,0,0,0
201111512,46.60,40,87.00,A,EXTRA,2013,EXTRA,CSE601,4.0,COMPILER DESIGN,85.000000,75.000000,65.000000,55.000000,45.000000,35.000000,EXTRA_2013,0,0,0,0,0
200811030,32.80,8.5,42.00,E,EXTRA,2013,EXTRA,CSE601,4.0,COMPILER DESIGN,85.000000,75.000000,65.000000,55.000000,45.000000,35.000000,EXTRA_2013,0,0,0,0,0
201011007,27.90,39,67.00,B,EXTRA,2013,EXTRA,CSE601,4.0,COMPILER DESIGN,85.000000,75.000000,65.000000,55.000000,45.000000,35.000000,EXTRA_2013,0,0,0,0,0
201011106,19.20,18.5,38.00,E,EXTRA,2013,EXTRA,CSE601,4.0,COMPILER DESIGN,85.000000,75.000000,65.000000,55.000000,45.000000,35.000000,EXTRA_2013,0,0,0,0,0
201011115,18.70,23,42.00,E,EXTRA,2013,EXTRA,CSE601,4.0,COMPILER DESIGN,85.000000,75.000000,65.000000,55.000000,45.000000,35.000000,EXTRA_2013,0,0,0,0,0
201011130,23.20,14,38.00,E,EXTRA,2013,EXTRA,CSE601,4.0,COMPILER DESIGN,85.000000,75.000000,65.000000,55.000000,45.000000,35.000000,EXTRA_2013,0,0,0,0,0
