Reg_No,Internal,External,Total,Grade,Time,Year,Type,Code,Credit,Title,Cut-Off-S,Cut-Off-A,Cut-Off-B,Cut-Off-C,Cut-Off-D,Cut-Off-E,Directory,Absentees,Malpractices,Detentions,NA,appeared
200811004,18.65,AB,0.00,I,EXTRA,2013,EXTRA,CSE602,4.0,OPERATING SYSTEMS,83.000000,73.000000,64.000000,54.000000,45.000000,35.000000,EXTRA_2013,0,0,0,0,0
200911067,20.60,17,38.00,E,EXTRA,2013,EXTRA,CSE602,4.0,OPERATING SYSTEMS,83.000000,73.000000,64.000000,54.000000,45.000000,35.000000,EXTRA_2013,0,0,0,0,0
201011007,23.50,AB,0.00,I,EXTRA,2013,EXTRA,CSE602,4.0,OPERATING SYSTEMS,83.000000,73.000000,64.000000,54.000000,45.000000,35.000000,EXTRA_2013,0,0,0,0,0
201011008,17.80,19,37.00,E,EXTRA,2013,EXTRA,CSE602,4.0,OPERATING SYSTEMS,83.000000,73.000000,64.000000,54.000000,45.000000,35.000000,EXTRA_2013,0,0,0,0,0
201011017,18.10,39,58.00,C,EXTRA,2013,EXTRA,CSE602,4.0,OPERATING SYSTEMS,83.000000,73.000000,64.000000,54.000000,45.000000,35.000000,EXTRA_2013,0,0,0,0,0
201011106,12.80,33.5,47.00,D,EXTRA,2013,EXTRA,CSE602,4.0,OPERATING SYSTEMS,83.000000,73.000000,64.000000,54.000000,45.000000,35.000000,EXTRA_2013,0,0,0,0,0
201011115,25.20,21.5,47.00,D,EXTRA,2013,EXTRA,CSE602,4.0,OPERATING SYSTEMS,83.000000,73.000000,64.000000,54.000000,45.000000,35.000000,EXTRA_2013,0,0,0,0,0
201111508,18.60,18,37.00,E,EXTRA,2013,EXTRA,CSE602,4.0,OPERATING SYSTEMS,83.000000,73.000000,64.000000,54.000000,45.000000,35.000000,EXTRA_2013,0,0,0,0,0
