Reg_No,Internal,External,Total,Grade,Time,Year,Type,Code,Credit,Title,Cut-Off-S,Cut-Off-A,Cut-Off-B,Cut-Off-C,Cut-Off-D,Cut-Off-E,Directory,Absentees,Malpractices,Detentions,NA,appeared
200911004,34.50,20.5,55.00,D,EXTRA,2013,EXTRA,CSE712,3.0,PRINCIPLES OF PROGRAMMING LANGUAGES _ELECTIVE III_,81.000000,73.000000,64.000000,56.000000,47.000000,39.000000,EXTRA_2013,0,0,0,0,0
200811079,13.45,17,31.00,F,EXTRA,2013,EXTRA,CSE712,3.0,PRINCIPLES OF PROGRAMMING LANGUAGES _ELECTIVE III_,81.000000,73.000000,64.000000,56.000000,47.000000,39.000000,EXTRA_2013,0,0,0,0,0
200811089,15.10,12,28.00,F,EXTRA,2013,EXTRA,CSE712,3.0,PRINCIPLES OF PROGRAMMING LANGUAGES _ELECTIVE III_,81.000000,73.000000,64.000000,56.000000,47.000000,39.000000,EXTRA_2013,0,0,0,0,0
200911067,10.60,22,33.00,F,EXTRA,2013,EXTRA,CSE712,3.0,PRINCIPLES OF PROGRAMMING LANGUAGES _ELECTIVE III_,81.000000,73.000000,64.000000,56.000000,47.000000,39.000000,EXTRA_2013,0,0,0,0,0
201022027,21.00,30.5,52.00,D,EXTRA,2013,EXTRA,CSE712,3.0,PRINCIPLES OF PROGRAMMING LANGUAGES _ELECTIVE III_,81.000000,73.000000,64.000000,56.000000,47.000000,39.000000,EXTRA_2013,0,0,0,0,0
201022033,20.30,32,53.00,D,EXTRA,2013,EXTRA,CSE712,3.0,PRINCIPLES OF PROGRAMMING LANGUAGES _ELECTIVE III_,81.000000,73.000000,64.000000,56.000000,47.000000,39.000000,EXTRA_2013,0,0,0,0,0
