Reg_No,Internal,External,Total,Grade,Time,Year,Type,Code,Credit,Title,Cut-Off-S,Cut-Off-A,Cut-Off-B,Cut-Off-C,Cut-Off-D,Cut-Off-E,Directory,Absentees,Malpractices,Detentions,NA,appeared
200911049,34.20,26.5,61.00,C,EXTRA,2013,EXTRA,CSE714,3.0,DATA MINING _ELECTIVE IV_,81.000000,72.000000,63.000000,53.000000,44.000000,35.000000,EXTRA_2013,0,0,0,0,0
200711072,16.00,AB,0.00,I,EXTRA,2013,EXTRA,CSE714,3.0,DATA MINING _ELECTIVE IV_,81.000000,72.000000,63.000000,53.000000,44.000000,35.000000,EXTRA_2013,0,0,0,0,0
200911041,26.00,20.5,47.00,D,EXTRA,2013,EXTRA,CSE714,3.0,DATA MINING _ELECTIVE IV_,81.000000,72.000000,63.000000,53.000000,44.000000,35.000000,EXTRA_2013,0,0,0,0,0
200911094,17.00,33.5,51.00,D,EXTRA,2013,EXTRA,CSE714,3.0,DATA MINING _ELECTIVE IV_,81.000000,72.000000,63.000000,53.000000,44.000000,35.000000,EXTRA_2013,0,0,0,0,0
200911104,20.00,20,40.00,E,EXTRA,2013,EXTRA,CSE714,3.0,DATA MINING _ELECTIVE IV_,81.000000,72.000000,63.000000,53.000000,44.000000,35.000000,EXTRA_2013,0,0,0,0,0
201011503,18.00,4.5,23.00,F,EXTRA,2013,EXTRA,CSE714,3.0,DATA MINING _ELECTIVE IV_,81.000000,72.000000,63.000000,53.000000,44.000000,35.000000,EXTRA_2013,0,0,0,0,0
