Reg_No,Internal,External,Total,Grade,Time,Year,Type,Code,Credit,Title,Cut-Off-S,Cut-Off-A,Cut-Off-B,Cut-Off-C,Cut-Off-D,Cut-Off-E,Directory,Absentees,Malpractices,Detentions,NA,appeared
200812133,30.00,32,62.00,E,EXTRA,2013,EXTRA,EC307,1.5,ELECTRONIC DEVICES AND COMPONENTS LAB,90.000000,82.000000,74.000000,66.000000,58.000000,50.000000,EXTRA_2013,0,0,0,0,0
200912046,47.00,34,81.00,C,EXTRA,2013,EXTRA,EC307,1.5,ELECTRONIC DEVICES AND COMPONENTS LAB,90.000000,82.000000,74.000000,66.000000,58.000000,50.000000,EXTRA_2013,0,0,0,0,0
200912074,43.00,31,74.00,C,EXTRA,2013,EXTRA,EC307,1.5,ELECTRONIC DEVICES AND COMPONENTS LAB,90.000000,82.000000,74.000000,66.000000,58.000000,50.000000,EXTRA_2013,0,0,0,0,0
200912102,42.00,28,70.00,C,EXTRA,2013,EXTRA,EC307,1.5,ELECTRONIC DEVICES AND COMPONENTS LAB,90.000000,82.000000,74.000000,66.000000,58.000000,50.000000,EXTRA_2013,0,0,0,0,0
200912104,40.00,33,73.00,D,EXTRA,2013,EXTRA,EC307,1.5,ELECTRONIC DEVICES AND COMPONENTS LAB,90.000000,82.000000,74.000000,66.000000,58.000000,50.000000,EXTRA_2013,0,0,0,0,0
201012097,40.00,26,66.00,D,EXTRA,2013,EXTRA,EC307,1.5,ELECTRONIC DEVICES AND COMPONENTS LAB,90.000000,82.000000,74.000000,66.000000,58.000000,50.000000,EXTRA_2013,0,0,0,0,0
