Reg_No,Internal,External,Total,Grade,Time,Year,Type,Code,Credit,Title,Cut-Off-S,Cut-Off-A,Cut-Off-B,Cut-Off-C,Cut-Off-D,Cut-Off-E,Directory,Absentees,Malpractices,Detentions,NA,appeared
20110062,26.00,28.5,55.00,D,EXTRA,2013,EXTRA,EC302,3.0,ANALOG ELECTRONIC CIRCUITS,90.000000,81.000000,72.000000,63.000000,54.000000,45.000000,EXTRA_2013,0,0,0,0,0
20110266,26.70,AB,0.00,I,EXTRA,2013,EXTRA,EC302,3.0,ANALOG ELECTRONIC CIRCUITS,90.000000,81.000000,72.000000,63.000000,54.000000,45.000000,EXTRA_2013,0,0,0,0,0
20110279,29.50,19.5,49.00,E,EXTRA,2013,EXTRA,EC302,3.0,ANALOG ELECTRONIC CIRCUITS,90.000000,81.000000,72.000000,63.000000,54.000000,45.000000,EXTRA_2013,0,0,0,0,0
20121721,18.50,19,38.00,F,EXTRA,2013,EXTRA,EC302,3.0,ANALOG ELECTRONIC CIRCUITS,90.000000,81.000000,72.000000,63.000000,54.000000,45.000000,EXTRA_2013,0,0,0,0,0
