Reg_No,Internal,External,Total,Grade,Time,Year,Type,Code,Credit,Title,Cut-Off-S,Cut-Off-A,Cut-Off-B,Cut-Off-C,Cut-Off-D,Cut-Off-E,Directory,Absentees,Malpractices,Detentions,NA,appeared
200712090,21.00,34,55.00,E,EXTRA,2013,EXTRA,EC409,1.5,DIGITAL SYSTEM DESIGN LABORATORY,90.000000,82.000000,74.000000,66.000000,58.000000,50.000000,EXTRA_2013,0,0,0,0,0
200812028,37.33,34,72.00,C,EXTRA,2013,EXTRA,EC409,1.5,DIGITAL SYSTEM DESIGN LABORATORY,90.000000,82.000000,74.000000,66.000000,58.000000,50.000000,EXTRA_2013,0,0,0,0,0
200812133,46.00,33,79.00,C,EXTRA,2013,EXTRA,EC409,1.5,DIGITAL SYSTEM DESIGN LABORATORY,90.000000,82.000000,74.000000,66.000000,58.000000,50.000000,EXTRA_2013,0,0,0,0,0
200912046,38.00,14,52.00,E,EXTRA,2013,EXTRA,EC409,1.5,DIGITAL SYSTEM DESIGN LABORATORY,90.000000,82.000000,74.000000,66.000000,58.000000,50.000000,EXTRA_2013,0,0,0,0,0
201012050,34.67,33,68.00,D,EXTRA,2013,EXTRA,EC409,1.5,DIGITAL SYSTEM DESIGN LABORATORY,90.000000,82.000000,74.000000,66.000000,58.000000,50.000000,EXTRA_2013,0,0,0,0,0
