Reg_No,Internal,External,Total,Grade,Time,Year,Type,Code,Credit,Title,Cut-Off-S,Cut-Off-A,Cut-Off-B,Cut-Off-C,Cut-Off-D,Cut-Off-E,Directory,Absentees,Malpractices,Detentions,NA,appeared
20110319,46.55,37.5,85.00,A,EXTRA,2013,EXTRA,EC402,3.0,LINEAR IC SYSTEM,84.000000,74.000000,64.000000,55.000000,45.000000,35.000000,EXTRA_2013,0,0,0,0,0
20110266,28.55,21.5,51.00,E,EXTRA,2013,EXTRA,EC402,3.0,LINEAR IC SYSTEM,84.000000,74.000000,64.000000,55.000000,45.000000,35.000000,EXTRA_2013,0,0,0,0,0
20110247,25.00,31.5,57.00,C,EXTRA,2013,EXTRA,EC402,3.0,LINEAR IC SYSTEM,84.000000,74.000000,64.000000,55.000000,45.000000,35.000000,EXTRA_2013,0,0,0,0,0
20121721,16.25,09,26.00,F,EXTRA,2013,EXTRA,EC402,3.0,LINEAR IC SYSTEM,84.000000,74.000000,64.000000,55.000000,45.000000,35.000000,EXTRA_2013,0,0,0,0,0
201012022,15.10,AB,0.00,I,EXTRA,2013,EXTRA,EC402,3.0,LINEAR IC SYSTEM,84.000000,74.000000,64.000000,55.000000,45.000000,35.000000,EXTRA_2013,0,0,0,0,0
