Reg_No,Internal,External,Total,Grade,Time,Year,Type,Code,Credit,Title,Cut-Off-S,Cut-Off-A,Cut-Off-B,Cut-Off-C,Cut-Off-D,Cut-Off-E,Directory,Absentees,Malpractices,Detentions,NA,appeared
201012008,18.90,23.5,43.00,E,EXTRA,2013,EXTRA,EC501,4.0,ANTENNA,89.000000,78.000000,67.000000,57.000000,46.000000,35.000000,EXTRA_2013,0,0,0,0,0
201012050,29.10,30.5,60.00,C,EXTRA,2013,EXTRA,EC501,4.0,ANTENNA,89.000000,78.000000,67.000000,57.000000,46.000000,35.000000,EXTRA_2013,0,0,0,0,0
201012052,6.00,AB,0.00,I,EXTRA,2013,EXTRA,EC501,4.0,ANTENNA,89.000000,78.000000,67.000000,57.000000,46.000000,35.000000,EXTRA_2013,0,0,0,0,0
201012081,25.60,9.5,36.00,E,EXTRA,2013,EXTRA,EC501,4.0,ANTENNA,89.000000,78.000000,67.000000,57.000000,46.000000,35.000000,EXTRA_2013,0,0,0,0,0
