Reg_No,Internal,External,Total,Grade,Time,Year,Type,Code,Credit,Title,Cut-Off-S,Cut-Off-A,Cut-Off-B,Cut-Off-C,Cut-Off-D,Cut-Off-E,Directory,Absentees,Malpractices,Detentions,NA,appeared
200912109,38.70,31.75,71.00,B,EXTRA,2013,EXTRA,EC504,4.0,ADVANCED MICROPROCESSOR,90.000000,79.000000,68.000000,57.000000,46.000000,35.000000,EXTRA_2013,0,0,0,0,0
201012088,26.55,32,59.00,D,EXTRA,2013,EXTRA,EC504,4.0,ADVANCED MICROPROCESSOR,90.000000,79.000000,68.000000,57.000000,46.000000,35.000000,EXTRA_2013,0,0,0,0,0
200717203,22.65,AB,0.00,I,EXTRA,2013,EXTRA,EC504,4.0,ADVANCED MICROPROCESSOR,90.000000,79.000000,68.000000,57.000000,46.000000,35.000000,EXTRA_2013,0,0,0,0,0
200812028,24.45,14.25,39.00,E,EXTRA,2013,EXTRA,EC504,4.0,ADVANCED MICROPROCESSOR,90.000000,79.000000,68.000000,57.000000,46.000000,35.000000,EXTRA_2013,0,0,0,0,0
201012081,23.00,24.75,48.00,D,EXTRA,2013,EXTRA,EC504,4.0,ADVANCED MICROPROCESSOR,90.000000,79.000000,68.000000,57.000000,46.000000,35.000000,EXTRA_2013,0,0,0,0,0
201012104,23.00,38.5,62.00,C,EXTRA,2013,EXTRA,EC504,4.0,ADVANCED MICROPROCESSOR,90.000000,79.000000,68.000000,57.000000,46.000000,35.000000,EXTRA_2013,0,0,0,0,0
201012107,27.00,16.75,44.00,E,EXTRA,2013,EXTRA,EC504,4.0,ADVANCED MICROPROCESSOR,90.000000,79.000000,68.000000,57.000000,46.000000,35.000000,EXTRA_2013,0,0,0,0,0
