Reg_No,Internal,External,Total,Grade,Time,Year,Type,Code,Credit,Title,Cut-Off-S,Cut-Off-A,Cut-Off-B,Cut-Off-C,Cut-Off-D,Cut-Off-E,Directory,Absentees,Malpractices,Detentions,NA,appeared
200712090,13.00,33,46.00,F,EXTRA,2013,EXTRA,EC508,1.5,BASIC COMMUNICATION LABORATORY,86.000000,79.000000,72.000000,64.000000,57.000000,50.000000,EXTRA_2013,0,0,0,0,0
200912046,42.00,25,67.00,D,EXTRA,2013,EXTRA,EC508,1.5,BASIC COMMUNICATION LABORATORY,86.000000,79.000000,72.000000,64.000000,57.000000,50.000000,EXTRA_2013,0,0,0,0,0
200912067,45.00,29,74.00,B,EXTRA,2013,EXTRA,EC508,1.5,BASIC COMMUNICATION LABORATORY,86.000000,79.000000,72.000000,64.000000,57.000000,50.000000,EXTRA_2013,0,0,0,0,0
200912068,47.00,34,81.00,A,EXTRA,2013,EXTRA,EC508,1.5,BASIC COMMUNICATION LABORATORY,86.000000,79.000000,72.000000,64.000000,57.000000,50.000000,EXTRA_2013,0,0,0,0,0
200912078,42.00,35,77.00,B,EXTRA,2013,EXTRA,EC508,1.5,BASIC COMMUNICATION LABORATORY,86.000000,79.000000,72.000000,64.000000,57.000000,50.000000,EXTRA_2013,0,0,0,0,0
200912102,44.00,29,73.00,B,EXTRA,2013,EXTRA,EC508,1.5,BASIC COMMUNICATION LABORATORY,86.000000,79.000000,72.000000,64.000000,57.000000,50.000000,EXTRA_2013,0,0,0,0,0
200912103,47.00,31,78.00,B,EXTRA,2013,EXTRA,EC508,1.5,BASIC COMMUNICATION LABORATORY,86.000000,79.000000,72.000000,64.000000,57.000000,50.000000,EXTRA_2013,0,0,0,0,0
200912117,45.00,33,78.00,B,EXTRA,2013,EXTRA,EC508,1.5,BASIC COMMUNICATION LABORATORY,86.000000,79.000000,72.000000,64.000000,57.000000,50.000000,EXTRA_2013,0,0,0,0,0
200912119,50.00,34,84.00,A,EXTRA,2013,EXTRA,EC508,1.5,BASIC COMMUNICATION LABORATORY,86.000000,79.000000,72.000000,64.000000,57.000000,50.000000,EXTRA_2013,0,0,0,0,0
