Reg_No,Internal,External,Total,Grade,Time,Year,Type,Code,Credit,Title,Cut-Off-S,Cut-Off-A,Cut-Off-B,Cut-Off-C,Cut-Off-D,Cut-Off-E,Directory,Absentees,Malpractices,Detentions,NA,appeared
200712117,37.40,20,58.00,D,EXTRA,2013,EXTRA,EC503,4.0,ANALOG COMMUNICATION,84.000000,74.000000,64.000000,55.000000,45.000000,35.000000,EXTRA_2013,0,0,0,0,0
200912060,42.60,39,82.00,A,EXTRA,2013,EXTRA,EC503,4.0,ANALOG COMMUNICATION,84.000000,74.000000,64.000000,55.000000,45.000000,35.000000,EXTRA_2013,0,0,0,0,0
200912078,42.30,40,83.00,A,EXTRA,2013,EXTRA,EC503,4.0,ANALOG COMMUNICATION,84.000000,74.000000,64.000000,55.000000,45.000000,35.000000,EXTRA_2013,0,0,0,0,0
200912085,41.90,24.5,67.00,B,EXTRA,2013,EXTRA,EC503,4.0,ANALOG COMMUNICATION,84.000000,74.000000,64.000000,55.000000,45.000000,35.000000,EXTRA_2013,0,0,0,0,0
200912098,32.10,23.5,56.00,C,EXTRA,2013,EXTRA,EC503,4.0,ANALOG COMMUNICATION,84.000000,74.000000,64.000000,55.000000,45.000000,35.000000,EXTRA_2013,0,0,0,0,0
201012022,21.10,27.5,49.00,D,EXTRA,2013,EXTRA,EC503,4.0,ANALOG COMMUNICATION,84.000000,74.000000,64.000000,55.000000,45.000000,35.000000,EXTRA_2013,0,0,0,0,0
201012045,21.80,20.5,43.00,E,EXTRA,2013,EXTRA,EC503,4.0,ANALOG COMMUNICATION,84.000000,74.000000,64.000000,55.000000,45.000000,35.000000,EXTRA_2013,0,0,0,0,0
201012056,20.60,17,38.00,E,EXTRA,2013,EXTRA,EC503,4.0,ANALOG COMMUNICATION,84.000000,74.000000,64.000000,55.000000,45.000000,35.000000,EXTRA_2013,0,0,0,0,0
201012088,12.70,AB,0.00,I,EXTRA,2013,EXTRA,EC503,4.0,ANALOG COMMUNICATION,84.000000,74.000000,64.000000,55.000000,45.000000,35.000000,EXTRA_2013,0,0,0,0,0
