Reg_No,Internal,External,Total,Grade,Time,Year,Type,Code,Credit,Title,Cut-Off-S,Cut-Off-A,Cut-Off-B,Cut-Off-C,Cut-Off-D,Cut-Off-E,Directory,Absentees,Malpractices,Detentions,NA,appeared
200912043,26.17,24.75,51.00,E,EXTRA,2013,EXTRA,EC602,4.0,EMBEDDED SYSTEMS,80.000000,73.000000,66.000000,59.000000,52.000000,45.000000,EXTRA_2013,0,0,0,0,0
200912095,24.09,9,34.00,F,EXTRA,2013,EXTRA,EC602,4.0,EMBEDDED SYSTEMS,80.000000,73.000000,66.000000,59.000000,52.000000,45.000000,EXTRA_2013,0,0,0,0,0
201012022,24.76,32.25,58.00,D,EXTRA,2013,EXTRA,EC602,4.0,EMBEDDED SYSTEMS,80.000000,73.000000,66.000000,59.000000,52.000000,45.000000,EXTRA_2013,0,0,0,0,0
201012081,31.44,22.25,54.00,D,EXTRA,2013,EXTRA,EC602,4.0,EMBEDDED SYSTEMS,80.000000,73.000000,66.000000,59.000000,52.000000,45.000000,EXTRA_2013,0,0,0,0,0
