Reg_No,Internal,External,Total,Grade,Time,Year,Type,Code,Credit,Title,Cut-Off-S,Cut-Off-A,Cut-Off-B,Cut-Off-C,Cut-Off-D,Cut-Off-E,Directory,Absentees,Malpractices,Detentions,NA,appeared
200912062,44.40,37,82.00,S,EXTRA,2013,EXTRA,EC603,4.0,DIGITAL SIGNAL PROCESSING,81.000000,72.000000,63.000000,53.000000,44.000000,35.000000,EXTRA_2013,0,0,0,0,0
200912067,40.08,41,82.00,S,EXTRA,2013,EXTRA,EC603,4.0,DIGITAL SIGNAL PROCESSING,81.000000,72.000000,63.000000,53.000000,44.000000,35.000000,EXTRA_2013,0,0,0,0,0
201012008,27.50,18,46.00,E,EXTRA,2013,EXTRA,EC603,4.0,DIGITAL SIGNAL PROCESSING,81.000000,72.000000,63.000000,53.000000,44.000000,35.000000,EXTRA_2013,0,0,0,0,0
201012123,41.35,26,68.00,C,EXTRA,2013,EXTRA,EC603,4.0,DIGITAL SIGNAL PROCESSING,81.000000,72.000000,63.000000,53.000000,44.000000,35.000000,EXTRA_2013,0,0,0,0,0
201012134,44.00,6.5,51.00,E,EXTRA,2013,EXTRA,EC603,4.0,DIGITAL SIGNAL PROCESSING,81.000000,72.000000,63.000000,53.000000,44.000000,35.000000,EXTRA_2013,0,0,0,0,0
201112501,38.45,11,50.00,E,EXTRA,2013,EXTRA,EC603,4.0,DIGITAL SIGNAL PROCESSING,81.000000,72.000000,63.000000,53.000000,44.000000,35.000000,EXTRA_2013,0,0,0,0,0
201012508,15.20,27,43.00,E,EXTRA,2013,EXTRA,EC603,4.0,DIGITAL SIGNAL PROCESSING,81.000000,72.000000,63.000000,53.000000,44.000000,35.000000,EXTRA_2013,0,0,0,0,0
