Reg_No,Internal,External,Total,Grade,Time,Year,Type,Code,Credit,Title,Cut-Off-S,Cut-Off-A,Cut-Off-B,Cut-Off-C,Cut-Off-D,Cut-Off-E,Directory,Absentees,Malpractices,Detentions,NA,appeared
200912071,25.95,AB,0.00,I,EXTRA,2013,EXTRA,EC703,4.0,MICRO ELECTRONICS & VLSI DESIGN,86.000000,77.000000,67.000000,58.000000,48.000000,39.000000,EXTRA_2013,0,0,0,0,0
200717203,17.30,AB,0.00,I,EXTRA,2013,EXTRA,EC703,4.0,MICRO ELECTRONICS & VLSI DESIGN,86.000000,77.000000,67.000000,58.000000,48.000000,39.000000,EXTRA_2013,0,0,0,0,0
200812028,15.85,17,33.00,F,EXTRA,2013,EXTRA,EC703,4.0,MICRO ELECTRONICS & VLSI DESIGN,86.000000,77.000000,67.000000,58.000000,48.000000,39.000000,EXTRA_2013,0,0,0,0,0
200912053,19.95,20.5,41.00,E,EXTRA,2013,EXTRA,EC703,4.0,MICRO ELECTRONICS & VLSI DESIGN,86.000000,77.000000,67.000000,58.000000,48.000000,39.000000,EXTRA_2013,0,0,0,0,0
200912501,17.60,AB,0.00,I,EXTRA,2013,EXTRA,EC703,4.0,MICRO ELECTRONICS & VLSI DESIGN,86.000000,77.000000,67.000000,58.000000,48.000000,39.000000,EXTRA_2013,0,0,0,0,0
