Reg_No,Internal,External,Total,Grade,Time,Year,Type,Code,Credit,Title,Cut-Off-S,Cut-Off-A,Cut-Off-B,Cut-Off-C,Cut-Off-D,Cut-Off-E,Directory,Absentees,Malpractices,Detentions,NA,appeared
200717203,14.00,12.5,27.00,F,EXTRA,2013,EXTRA,EC704,4.0,COMPUTER COMMUNICATION,85.000000,77.000000,69.000000,61.000000,53.000000,45.000000,EXTRA_2013,0,0,0,0,0
200912032,17.50,32,50.00,E,EXTRA,2013,EXTRA,EC704,4.0,COMPUTER COMMUNICATION,85.000000,77.000000,69.000000,61.000000,53.000000,45.000000,EXTRA_2013,0,0,0,0,0
200912071,16.30,21.5,38.00,F,EXTRA,2013,EXTRA,EC704,4.0,COMPUTER COMMUNICATION,85.000000,77.000000,69.000000,61.000000,53.000000,45.000000,EXTRA_2013,0,0,0,0,0
200912109,22.50,30.5,53.00,D,EXTRA,2013,EXTRA,EC704,4.0,COMPUTER COMMUNICATION,85.000000,77.000000,69.000000,61.000000,53.000000,45.000000,EXTRA_2013,0,0,0,0,0
