Reg_No,Internal,External,Total,Grade,Time,Year,Type,Code,Credit,Title,Cut-Off-S,Cut-Off-A,Cut-Off-B,Cut-Off-C,Cut-Off-D,Cut-Off-E,Directory,Absentees,Malpractices,Detentions,NA,appeared
200911039,31.40,23.5,55.00,C,EXTRA,2013,EXTRA,EC705,4.0,BROADBAND COMMUNICATION & NETWORKING,83.000000,73.000000,64.000000,54.000000,45.000000,35.000000,EXTRA_2013,0,0,0,0,0
200912109,32.50,24.5,57.00,C,EXTRA,2013,EXTRA,EC705,4.0,BROADBAND COMMUNICATION & NETWORKING,83.000000,73.000000,64.000000,54.000000,45.000000,35.000000,EXTRA_2013,0,0,0,0,0
201012510,32.10,34,67.00,B,EXTRA,2013,EXTRA,EC705,4.0,BROADBAND COMMUNICATION & NETWORKING,83.000000,73.000000,64.000000,54.000000,45.000000,35.000000,EXTRA_2013,0,0,0,0,0
200717203,14.90,17,32.00,F,EXTRA,2013,EXTRA,EC705,4.0,BROADBAND COMMUNICATION & NETWORKING,83.000000,73.000000,64.000000,54.000000,45.000000,35.000000,EXTRA_2013,0,0,0,0,0
200812028,9.80,21.5,32.00,F,EXTRA,2013,EXTRA,EC705,4.0,BROADBAND COMMUNICATION & NETWORKING,83.000000,73.000000,64.000000,54.000000,45.000000,35.000000,EXTRA_2013,0,0,0,0,0
200912071,14.30,31.5,46.00,D,EXTRA,2013,EXTRA,EC705,4.0,BROADBAND COMMUNICATION & NETWORKING,83.000000,73.000000,64.000000,54.000000,45.000000,35.000000,EXTRA_2013,0,0,0,0,0
200912094,16.20,28.5,45.00,D,EXTRA,2013,EXTRA,EC705,4.0,BROADBAND COMMUNICATION & NETWORKING,83.000000,73.000000,64.000000,54.000000,45.000000,35.000000,EXTRA_2013,0,0,0,0,0
200912116,25.50,38,64.00,B,EXTRA,2013,EXTRA,EC705,4.0,BROADBAND COMMUNICATION & NETWORKING,83.000000,73.000000,64.000000,54.000000,45.000000,35.000000,EXTRA_2013,0,0,0,0,0
200912117,20.70,31.5,53.00,D,EXTRA,2013,EXTRA,EC705,4.0,BROADBAND COMMUNICATION & NETWORKING,83.000000,73.000000,64.000000,54.000000,45.000000,35.000000,EXTRA_2013,0,0,0,0,0
