Reg_No,Internal,External,Total,Grade,Time,Year,Type,Code,Credit,Title,Cut-Off-S,Cut-Off-A,Cut-Off-B,Cut-Off-C,Cut-Off-D,Cut-Off-E,Directory,Absentees,Malpractices,Detentions,NA,appeared
20110312,16.00,AB,0.00,I,EXTRA,2013,EXTRA,EE305,4.0,DIGITAL ELECTRONICS,90.000000,80.000000,69.000000,59.000000,48.000000,38.000000,EXTRA_2013,0,0,0,0,0
20110327,21.30,AB,0.00,I,EXTRA,2013,EXTRA,EE305,4.0,DIGITAL ELECTRONICS,90.000000,80.000000,69.000000,59.000000,48.000000,38.000000,EXTRA_2013,0,0,0,0,0
20110335,9.80,10,20.00,F,EXTRA,2013,EXTRA,EE305,4.0,DIGITAL ELECTRONICS,90.000000,80.000000,69.000000,59.000000,48.000000,38.000000,EXTRA_2013,0,0,0,0,0
20121745,18.00,37,55.00,D,EXTRA,2013,EXTRA,EE305,4.0,DIGITAL ELECTRONICS,90.000000,80.000000,69.000000,59.000000,48.000000,38.000000,EXTRA_2013,0,0,0,0,0
