Reg_No,Internal,External,Total,Grade,Time,Year,Type,Code,Credit,Title,Cut-Off-S,Cut-Off-A,Cut-Off-B,Cut-Off-C,Cut-Off-D,Cut-Off-E,Directory,Absentees,Malpractices,Detentions,NA,appeared
20110312,36.10,07,44.00,E,EXTRA,2013,EXTRA,EE404,4.0,ELECTRONICS MEAS. & INSTRUMENTATION,80.000000,71.000000,62.000000,53.000000,44.000000,35.000000,EXTRA_2013,0,0,0,0,0
20110373,44.80,28,73.00,B,EXTRA,2013,EXTRA,EE404,4.0,ELECTRONICS MEAS. & INSTRUMENTATION,80.000000,71.000000,62.000000,53.000000,44.000000,35.000000,EXTRA_2013,0,0,0,0,0
20110510,41.90,31,73.00,B,EXTRA,2013,EXTRA,EE404,4.0,ELECTRONICS MEAS. & INSTRUMENTATION,80.000000,71.000000,62.000000,53.000000,44.000000,35.000000,EXTRA_2013,0,0,0,0,0
200613026,43.60,17,61.00,C,EXTRA,2013,EXTRA,EE404,4.0,ELECTRONICS MEAS. & INSTRUMENTATION,80.000000,71.000000,62.000000,53.000000,44.000000,35.000000,EXTRA_2013,0,0,0,0,0
200913070,31.40,18.5,50.00,E,EXTRA,2013,EXTRA,EE404,4.0,ELECTRONICS MEAS. & INSTRUMENTATION,80.000000,71.000000,62.000000,53.000000,44.000000,35.000000,EXTRA_2013,0,0,0,0,0
20110327,8.40,AB,0.00,I,EXTRA,2013,EXTRA,EE404,4.0,ELECTRONICS MEAS. & INSTRUMENTATION,80.000000,71.000000,62.000000,53.000000,44.000000,35.000000,EXTRA_2013,0,0,0,0,0
20121745,22.20,14.5,37.00,E,EXTRA,2013,EXTRA,EE404,4.0,ELECTRONICS MEAS. & INSTRUMENTATION,80.000000,71.000000,62.000000,53.000000,44.000000,35.000000,EXTRA_2013,0,0,0,0,0
