Reg_No,Internal,External,Total,Grade,Time,Year,Type,Code,Credit,Title,Cut-Off-S,Cut-Off-A,Cut-Off-B,Cut-Off-C,Cut-Off-D,Cut-Off-E,Directory,Absentees,Malpractices,Detentions,NA,appeared
200913508,45.20,19.5,65.00,C,EXTRA,2013,EXTRA,EE504,4.0,DIGITAL SYSTEM DESIGN,90.000000,81.000000,72.000000,63.000000,54.000000,45.000000,EXTRA_2013,0,0,0,0,0
200813006,19.85,30,50.00,E,EXTRA,2013,EXTRA,EE504,4.0,DIGITAL SYSTEM DESIGN,90.000000,81.000000,72.000000,63.000000,54.000000,45.000000,EXTRA_2013,0,0,0,0,0
200913008,34.95,AB,0.00,I,EXTRA,2013,EXTRA,EE504,4.0,DIGITAL SYSTEM DESIGN,90.000000,81.000000,72.000000,63.000000,54.000000,45.000000,EXTRA_2013,0,0,0,0,0
200913070,32.70,23,56.00,D,EXTRA,2013,EXTRA,EE504,4.0,DIGITAL SYSTEM DESIGN,90.000000,81.000000,72.000000,63.000000,54.000000,45.000000,EXTRA_2013,0,0,0,0,0
200913082,15.60,37.5,54.00,D,EXTRA,2013,EXTRA,EE504,4.0,DIGITAL SYSTEM DESIGN,90.000000,81.000000,72.000000,63.000000,54.000000,45.000000,EXTRA_2013,0,0,0,0,0
201013077,33.65,25.5,60.00,D,EXTRA,2013,EXTRA,EE504,4.0,DIGITAL SYSTEM DESIGN,90.000000,81.000000,72.000000,63.000000,54.000000,45.000000,EXTRA_2013,0,0,0,0,0
201013080,31.95,16.25,49.00,E,EXTRA,2013,EXTRA,EE504,4.0,DIGITAL SYSTEM DESIGN,90.000000,81.000000,72.000000,63.000000,54.000000,45.000000,EXTRA_2013,0,0,0,0,0
201113508,22.95,15,38.00,F,EXTRA,2013,EXTRA,EE504,4.0,DIGITAL SYSTEM DESIGN,90.000000,81.000000,72.000000,63.000000,54.000000,45.000000,EXTRA_2013,0,0,0,0,0
