Reg_No,Internal,External,Total,Grade,Time,Year,Type,Code,Credit,Title,Cut-Off-S,Cut-Off-A,Cut-Off-B,Cut-Off-C,Cut-Off-D,Cut-Off-E,Directory,Absentees,Malpractices,Detentions,NA,appeared
200928068,12.00,AB,0.00,I,EXTRA,2013,EXTRA,EE605,4.0,DIGITAL COMPUTER ARCHITECTURE,80.000000,71.000000,62.000000,53.000000,44.000000,35.000000,EXTRA_2013,0,0,0,0,0
200613043,23.80,22.5,47.00,D,EXTRA,2013,EXTRA,EE605,4.0,DIGITAL COMPUTER ARCHITECTURE,80.000000,71.000000,62.000000,53.000000,44.000000,35.000000,EXTRA_2013,0,0,0,0,0
200913008,22.40,AB,0.00,I,EXTRA,2013,EXTRA,EE605,4.0,DIGITAL COMPUTER ARCHITECTURE,80.000000,71.000000,62.000000,53.000000,44.000000,35.000000,EXTRA_2013,0,0,0,0,0
200913070,16.70,AB,0.00,I,EXTRA,2013,EXTRA,EE605,4.0,DIGITAL COMPUTER ARCHITECTURE,80.000000,71.000000,62.000000,53.000000,44.000000,35.000000,EXTRA_2013,0,0,0,0,0
201013007,18.90,28,47.00,D,EXTRA,2013,EXTRA,EE605,4.0,DIGITAL COMPUTER ARCHITECTURE,80.000000,71.000000,62.000000,53.000000,44.000000,35.000000,EXTRA_2013,0,0,0,0,0
201013014,15.90,26.5,43.00,E,EXTRA,2013,EXTRA,EE605,4.0,DIGITAL COMPUTER ARCHITECTURE,80.000000,71.000000,62.000000,53.000000,44.000000,35.000000,EXTRA_2013,0,0,0,0,0
201013058,16.10,23,40.00,E,EXTRA,2013,EXTRA,EE605,4.0,DIGITAL COMPUTER ARCHITECTURE,80.000000,71.000000,62.000000,53.000000,44.000000,35.000000,EXTRA_2013,0,0,0,0,0
