Reg_No,Internal,External,Total,Grade,Time,Year,Type,Code,Credit,Title,Cut-Off-S,Cut-Off-A,Cut-Off-B,Cut-Off-C,Cut-Off-D,Cut-Off-E,Directory,Absentees,Malpractices,Detentions,NA,appeared
200913008,23.05,AB,0.00,I,EXTRA,2013,EXTRA,EE602,4.0,ADVANCED CONTROL THEORY,82.000000,73.000000,63.000000,54.000000,44.000000,35.000000,EXTRA_2013,0,0,0,0,0
200913055,21.95,22,44.00,E,EXTRA,2013,EXTRA,EE602,4.0,ADVANCED CONTROL THEORY,82.000000,73.000000,63.000000,54.000000,44.000000,35.000000,EXTRA_2013,0,0,0,0,0
201011058,40.60,36,77.00,B,EXTRA,2013,EXTRA,EE602,4.0,ADVANCED CONTROL THEORY,82.000000,73.000000,63.000000,54.000000,44.000000,35.000000,EXTRA_2013,0,0,0,0,0
201113510,27.55,AB,0.00,I,EXTRA,2013,EXTRA,EE602,4.0,ADVANCED CONTROL THEORY,82.000000,73.000000,63.000000,54.000000,44.000000,35.000000,EXTRA_2013,0,0,0,0,0
200613043,20.20,AB,0.00,I,EXTRA,2013,EXTRA,EE602,4.0,ADVANCED CONTROL THEORY,82.000000,73.000000,63.000000,54.000000,44.000000,35.000000,EXTRA_2013,0,0,0,0,0
200913069,13.38,6.5,20.00,F,EXTRA,2013,EXTRA,EE602,4.0,ADVANCED CONTROL THEORY,82.000000,73.000000,63.000000,54.000000,44.000000,35.000000,EXTRA_2013,0,0,0,0,0
201013080,14.53,15,30.00,F,EXTRA,2013,EXTRA,EE602,4.0,ADVANCED CONTROL THEORY,82.000000,73.000000,63.000000,54.000000,44.000000,35.000000,EXTRA_2013,0,0,0,0,0
201113514,18.40,20.5,39.00,E,EXTRA,2013,EXTRA,EE602,4.0,ADVANCED CONTROL THEORY,82.000000,73.000000,63.000000,54.000000,44.000000,35.000000,EXTRA_2013,0,0,0,0,0
201113515,18.38,19.5,38.00,E,EXTRA,2013,EXTRA,EE602,4.0,ADVANCED CONTROL THEORY,82.000000,73.000000,63.000000,54.000000,44.000000,35.000000,EXTRA_2013,0,0,0,0,0
