Reg_No,Internal,External,Total,Grade,Time,Year,Type,Code,Credit,Title,Cut-Off-S,Cut-Off-A,Cut-Off-B,Cut-Off-C,Cut-Off-D,Cut-Off-E,Directory,Absentees,Malpractices,Detentions,NA,appeared
200913008,14.60,AB,0.00,I,EXTRA,2013,EXTRA,EE603,4.0,SPECIAL MACHINES & DRIVES,83.000000,73.000000,64.000000,54.000000,45.000000,35.000000,EXTRA_2013,0,0,0,0,0
200913058,14.78,AB,0.00,I,EXTRA,2013,EXTRA,EE603,4.0,SPECIAL MACHINES & DRIVES,83.000000,73.000000,64.000000,54.000000,45.000000,35.000000,EXTRA_2013,0,0,0,0,0
200913070,23.35,30,54.00,C,EXTRA,2013,EXTRA,EE603,4.0,SPECIAL MACHINES & DRIVES,83.000000,73.000000,64.000000,54.000000,45.000000,35.000000,EXTRA_2013,0,0,0,0,0
201013007,11.13,15.5,27.00,F,EXTRA,2013,EXTRA,EE603,4.0,SPECIAL MACHINES & DRIVES,83.000000,73.000000,64.000000,54.000000,45.000000,35.000000,EXTRA_2013,0,0,0,0,0
201013022,9.50,34,44.00,E,EXTRA,2013,EXTRA,EE603,4.0,SPECIAL MACHINES & DRIVES,83.000000,73.000000,64.000000,54.000000,45.000000,35.000000,EXTRA_2013,0,0,0,0,0
201013057,22.93,23.5,47.00,D,EXTRA,2013,EXTRA,EE603,4.0,SPECIAL MACHINES & DRIVES,83.000000,73.000000,64.000000,54.000000,45.000000,35.000000,EXTRA_2013,0,0,0,0,0
201013058,24.83,25.5,51.00,D,EXTRA,2013,EXTRA,EE603,4.0,SPECIAL MACHINES & DRIVES,83.000000,73.000000,64.000000,54.000000,45.000000,35.000000,EXTRA_2013,0,0,0,0,0
201013064,23.18,28,52.00,D,EXTRA,2013,EXTRA,EE603,4.0,SPECIAL MACHINES & DRIVES,83.000000,73.000000,64.000000,54.000000,45.000000,35.000000,EXTRA_2013,0,0,0,0,0
201113505,22.38,27.5,50.00,D,EXTRA,2013,EXTRA,EE603,4.0,SPECIAL MACHINES & DRIVES,83.000000,73.000000,64.000000,54.000000,45.000000,35.000000,EXTRA_2013,0,0,0,0,0
