Reg_No,Internal,External,Total,Grade,Time,Year,Type,Code,Credit,Title,Cut-Off-S,Cut-Off-A,Cut-Off-B,Cut-Off-C,Cut-Off-D,Cut-Off-E,Directory,Absentees,Malpractices,Detentions,NA,appeared
200913047,33.40,33,67.00,B,EXTRA,2013,EXTRA,EE701,4.0,INDUSTRIAL MANAGEMENT,81.000000,73.000000,65.000000,56.000000,48.000000,40.000000,EXTRA_2013,0,0,0,0,0
200928068,0.00,DT,0.00,DT,EXTRA,2013,EXTRA,EE701,4.0,INDUSTRIAL MANAGEMENT,81.000000,73.000000,65.000000,56.000000,48.000000,40.000000,EXTRA_2013,0,0,0,0,0
200913009,21.50,21.5,43.00,E,EXTRA,2013,EXTRA,EE701,4.0,INDUSTRIAL MANAGEMENT,81.000000,73.000000,65.000000,56.000000,48.000000,40.000000,EXTRA_2013,0,0,0,0,0
200913016,22.40,AB,0.00,I,EXTRA,2013,EXTRA,EE701,4.0,INDUSTRIAL MANAGEMENT,81.000000,73.000000,65.000000,56.000000,48.000000,40.000000,EXTRA_2013,0,0,0,0,0
200913508,18.50,12.5,31.00,F,EXTRA,2013,EXTRA,EE701,4.0,INDUSTRIAL MANAGEMENT,81.000000,73.000000,65.000000,56.000000,48.000000,40.000000,EXTRA_2013,0,0,0,0,0
