Reg_No,Internal,External,Total,Grade,Time,Year,Type,Code,Credit,Title,Cut-Off-S,Cut-Off-A,Cut-Off-B,Cut-Off-C,Cut-Off-D,Cut-Off-E,Directory,Absentees,Malpractices,Detentions,NA,appeared
200913004,35.40,21.5,57.00,C,EXTRA,2013,EXTRA,EE702,4.0,SWITCHGEAR & PROTECTION,84.000000,74.000000,64.000000,55.000000,45.000000,35.000000,EXTRA_2013,0,0,0,0,0
200913084,39.60,31.5,72.00,B,EXTRA,2013,EXTRA,EE702,4.0,SWITCHGEAR & PROTECTION,84.000000,74.000000,64.000000,55.000000,45.000000,35.000000,EXTRA_2013,0,0,0,0,0
200913501,27.80,19,47.00,D,EXTRA,2013,EXTRA,EE702,4.0,SWITCHGEAR & PROTECTION,84.000000,74.000000,64.000000,55.000000,45.000000,35.000000,EXTRA_2013,0,0,0,0,0
200913045,34.80,38,73.00,B,EXTRA,2013,EXTRA,EE702,4.0,SWITCHGEAR & PROTECTION,84.000000,74.000000,64.000000,55.000000,45.000000,35.000000,EXTRA_2013,0,0,0,0,0
