Reg_No,Internal,External,Total,Grade,Time,Year,Type,Code,Credit,Title,Cut-Off-S,Cut-Off-A,Cut-Off-B,Cut-Off-C,Cut-Off-D,Cut-Off-E,Directory,Absentees,Malpractices,Detentions,NA,appeared
20110402,15.10,16,32.00,F,EXTRA,2013,EXTRA,IE406,4.0,POWER ELECTRONICS,80.000000,71.000000,62.000000,53.000000,44.000000,35.000000,EXTRA_2013,0,0,0,0,0
20110499,17.00,23.5,41.00,E,EXTRA,2013,EXTRA,IE406,4.0,POWER ELECTRONICS,80.000000,71.000000,62.000000,53.000000,44.000000,35.000000,EXTRA_2013,0,0,0,0,0
20110503,17.60,24.5,43.00,E,EXTRA,2013,EXTRA,IE406,4.0,POWER ELECTRONICS,80.000000,71.000000,62.000000,53.000000,44.000000,35.000000,EXTRA_2013,0,0,0,0,0
20110605,25.40,AB,0.00,I,EXTRA,2013,EXTRA,IE406,4.0,POWER ELECTRONICS,80.000000,71.000000,62.000000,53.000000,44.000000,35.000000,EXTRA_2013,0,0,0,0,0
201028018,21.20,13.5,35.00,E,EXTRA,2013,EXTRA,IE406,4.0,POWER ELECTRONICS,80.000000,71.000000,62.000000,53.000000,44.000000,35.000000,EXTRA_2013,0,0,0,0,0
201028032,15.50,25.5,41.00,E,EXTRA,2013,EXTRA,IE406,4.0,POWER ELECTRONICS,80.000000,71.000000,62.000000,53.000000,44.000000,35.000000,EXTRA_2013,0,0,0,0,0
