Reg_No,Internal,External,Total,Grade,Time,Year,Type,Code,Credit,Title,Cut-Off-S,Cut-Off-A,Cut-Off-B,Cut-Off-C,Cut-Off-D,Cut-Off-E,Directory,Absentees,Malpractices,Detentions,NA,appeared
200928002,35.35,18.5,54.00,D,EXTRA,2013,EXTRA,IE506,4.0,NETWORK ANALYSIS,80.000000,71.000000,62.000000,53.000000,44.000000,35.000000,EXTRA_2013,0,0,0,0,0
200928035,36.45,20,57.00,D,EXTRA,2013,EXTRA,IE506,4.0,NETWORK ANALYSIS,80.000000,71.000000,62.000000,53.000000,44.000000,35.000000,EXTRA_2013,0,0,0,0,0
200928045,33.40,25.5,59.00,C,EXTRA,2013,EXTRA,IE506,4.0,NETWORK ANALYSIS,80.000000,71.000000,62.000000,53.000000,44.000000,35.000000,EXTRA_2013,0,0,0,0,0
201028006,36.80,11.75,49.00,E,EXTRA,2013,EXTRA,IE506,4.0,NETWORK ANALYSIS,80.000000,71.000000,62.000000,53.000000,44.000000,35.000000,EXTRA_2013,0,0,0,0,0
201028019,36.85,30.25,68.00,C,EXTRA,2013,EXTRA,IE506,4.0,NETWORK ANALYSIS,80.000000,71.000000,62.000000,53.000000,44.000000,35.000000,EXTRA_2013,0,0,0,0,0
201028020,35.75,25,61.00,D,EXTRA,2013,EXTRA,IE506,4.0,NETWORK ANALYSIS,80.000000,71.000000,62.000000,53.000000,44.000000,35.000000,EXTRA_2013,0,0,0,0,0
201028022,29.35,23,53.00,D,EXTRA,2013,EXTRA,IE506,4.0,NETWORK ANALYSIS,80.000000,71.000000,62.000000,53.000000,44.000000,35.000000,EXTRA_2013,0,0,0,0,0
200928024,12.10,25,38.00,E,EXTRA,2013,EXTRA,IE506,4.0,NETWORK ANALYSIS,80.000000,71.000000,62.000000,53.000000,44.000000,35.000000,EXTRA_2013,0,0,0,0,0
