Reg_No,Internal,External,Total,Grade,Time,Year,Type,Code,Credit,Title,Cut-Off-S,Cut-Off-A,Cut-Off-B,Cut-Off-C,Cut-Off-D,Cut-Off-E,Directory,Absentees,Malpractices,Detentions,NA,appeared
201028006,33.10,20,54.00,D,EXTRA,2013,EXTRA,IE505,3.0,POWER ELECTRONICS,80.000000,71.000000,62.000000,53.000000,44.000000,35.000000,EXTRA_2013,0,0,0,0,0
201028007,39.70,19,59.00,D,EXTRA,2013,EXTRA,IE505,3.0,POWER ELECTRONICS,80.000000,71.000000,62.000000,53.000000,44.000000,35.000000,EXTRA_2013,0,0,0,0,0
201028019,33.20,29,63.00,C,EXTRA,2013,EXTRA,IE505,3.0,POWER ELECTRONICS,80.000000,71.000000,62.000000,53.000000,44.000000,35.000000,EXTRA_2013,0,0,0,0,0
201028022,37.60,17.5,56.00,D,EXTRA,2013,EXTRA,IE505,3.0,POWER ELECTRONICS,80.000000,71.000000,62.000000,53.000000,44.000000,35.000000,EXTRA_2013,0,0,0,0,0
201028031,41.30,34,76.00,B,EXTRA,2013,EXTRA,IE505,3.0,POWER ELECTRONICS,80.000000,71.000000,62.000000,53.000000,44.000000,35.000000,EXTRA_2013,0,0,0,0,0
200928002,12.05,20.5,33.00,F,EXTRA,2013,EXTRA,IE505,3.0,POWER ELECTRONICS,80.000000,71.000000,62.000000,53.000000,44.000000,35.000000,EXTRA_2013,0,0,0,0,0
