Reg_No,Internal,External,Total,Grade,Time,Year,Type,Code,Credit,Title,Cut-Off-S,Cut-Off-A,Cut-Off-B,Cut-Off-C,Cut-Off-D,Cut-Off-E,Directory,Absentees,Malpractices,Detentions,NA,appeared
20110462,40.20,33.50,74.00,C,EXTRA,2013,EXTRA,IT302,4.0,DATA STRUCTURES,86.000000,76.000000,66.000000,57.000000,47.000000,37.000000,EXTRA_2013,0,0,0,0,0
200814004,24.50,30,55.00,E,EXTRA,2013,EXTRA,IT302,4.0,DATA STRUCTURES,86.000000,76.000000,66.000000,57.000000,47.000000,37.000000,EXTRA_2013,0,0,0,0,0
200814020,34.45,34,69.00,C,EXTRA,2013,EXTRA,IT302,4.0,DATA STRUCTURES,86.000000,76.000000,66.000000,57.000000,47.000000,37.000000,EXTRA_2013,0,0,0,0,0
200814047,36.90,20,57.00,C,EXTRA,2013,EXTRA,IT302,4.0,DATA STRUCTURES,86.000000,76.000000,66.000000,57.000000,47.000000,37.000000,EXTRA_2013,0,0,0,0,0
200914001,38.25,32.5,71.00,C,EXTRA,2013,EXTRA,IT302,4.0,DATA STRUCTURES,86.000000,76.000000,66.000000,57.000000,47.000000,37.000000,EXTRA_2013,0,0,0,0,0
201014006,38.80,41,80.00,B,EXTRA,2013,EXTRA,IT302,4.0,DATA STRUCTURES,86.000000,76.000000,66.000000,57.000000,47.000000,37.000000,EXTRA_2013,0,0,0,0,0
201014051,20.75,21,42.00,E,EXTRA,2013,EXTRA,IT302,4.0,DATA STRUCTURES,86.000000,76.000000,66.000000,57.000000,47.000000,37.000000,EXTRA_2013,0,0,0,0,0
20110460,14.00,28,42.00,E,EXTRA,2013,EXTRA,IT302,4.0,DATA STRUCTURES,86.000000,76.000000,66.000000,57.000000,47.000000,37.000000,EXTRA_2013,0,0,0,0,0
