Reg_No,Internal,External,Total,Grade,Time,Year,Type,Code,Credit,Title,Cut-Off-S,Cut-Off-A,Cut-Off-B,Cut-Off-C,Cut-Off-D,Cut-Off-E,Directory,Absentees,Malpractices,Detentions,NA,appeared
20110398,29.30,38,68.00,C,EXTRA,2013,EXTRA,IT304,4.0,DIGITAL CIRCUITS AND LOGIC DESIGN,80.000000,71.000000,62.000000,53.000000,44.000000,35.000000,EXTRA_2013,0,0,0,0,0
200914001,19.40,21.50,41.00,E,EXTRA,2013,EXTRA,IT304,4.0,DIGITAL CIRCUITS AND LOGIC DESIGN,80.000000,71.000000,62.000000,53.000000,44.000000,35.000000,EXTRA_2013,0,0,0,0,0
200914010,32.20,39,72.00,A,EXTRA,2013,EXTRA,IT304,4.0,DIGITAL CIRCUITS AND LOGIC DESIGN,80.000000,71.000000,62.000000,53.000000,44.000000,35.000000,EXTRA_2013,0,0,0,0,0
201014006,40.75,42.50,84.00,A,EXTRA,2013,EXTRA,IT304,4.0,DIGITAL CIRCUITS AND LOGIC DESIGN,80.000000,71.000000,62.000000,53.000000,44.000000,35.000000,EXTRA_2013,0,0,0,0,0
201014054,29.30,41.50,71.00,B,EXTRA,2013,EXTRA,IT304,4.0,DIGITAL CIRCUITS AND LOGIC DESIGN,80.000000,71.000000,62.000000,53.000000,44.000000,35.000000,EXTRA_2013,0,0,0,0,0
