Reg_No,Internal,External,Total,Grade,Time,Year,Type,Code,Credit,Title,Cut-Off-S,Cut-Off-A,Cut-Off-B,Cut-Off-C,Cut-Off-D,Cut-Off-E,Directory,Absentees,Malpractices,Detentions,NA,appeared
20110460,21.15,25.50,47.00,D,EXTRA,2013,EXTRA,IT406,4.0,FORMAL LANGUAGES & AUTOMATA THEORY,83.000000,73.000000,64.000000,54.000000,45.000000,35.000000,EXTRA_2013,0,0,0,0,0
200814004,13.00,37.50,51.00,D,EXTRA,2013,EXTRA,IT406,4.0,FORMAL LANGUAGES & AUTOMATA THEORY,83.000000,73.000000,64.000000,54.000000,45.000000,35.000000,EXTRA_2013,0,0,0,0,0
200914022,35.00,41,76.00,A,EXTRA,2013,EXTRA,IT406,4.0,FORMAL LANGUAGES & AUTOMATA THEORY,83.000000,73.000000,64.000000,54.000000,45.000000,35.000000,EXTRA_2013,0,0,0,0,0
200914060,15.70,37,53.00,D,EXTRA,2013,EXTRA,IT406,4.0,FORMAL LANGUAGES & AUTOMATA THEORY,83.000000,73.000000,64.000000,54.000000,45.000000,35.000000,EXTRA_2013,0,0,0,0,0
201014051,17.75,35,53.00,D,EXTRA,2013,EXTRA,IT406,4.0,FORMAL LANGUAGES & AUTOMATA THEORY,83.000000,73.000000,64.000000,54.000000,45.000000,35.000000,EXTRA_2013,0,0,0,0,0
