Reg_No,Internal,External,Total,Grade,Time,Year,Type,Code,Credit,Title,Cut-Off-S,Cut-Off-A,Cut-Off-B,Cut-Off-C,Cut-Off-D,Cut-Off-E,Directory,Absentees,Malpractices,Detentions,NA,appeared
20110485,18.60,16,35.00,E,EXTRA,2013,EXTRA,IT403,4.0,OOP WITH C++,89.000000,78.000000,67.000000,57.000000,46.000000,35.000000,EXTRA_2013,0,0,0,0,0
20110502,18.30,AB,0.00,I,EXTRA,2013,EXTRA,IT403,4.0,OOP WITH C++,89.000000,78.000000,67.000000,57.000000,46.000000,35.000000,EXTRA_2013,0,0,0,0,0
200814004,21.00,15.50,37.00,E,EXTRA,2013,EXTRA,IT403,4.0,OOP WITH C++,89.000000,78.000000,67.000000,57.000000,46.000000,35.000000,EXTRA_2013,0,0,0,0,0
201014032,24.10,AB,0.00,I,EXTRA,2013,EXTRA,IT403,4.0,OOP WITH C++,89.000000,78.000000,67.000000,57.000000,46.000000,35.000000,EXTRA_2013,0,0,0,0,0
201014033,18.60,16.75,36.00,E,EXTRA,2013,EXTRA,IT403,4.0,OOP WITH C++,89.000000,78.000000,67.000000,57.000000,46.000000,35.000000,EXTRA_2013,0,0,0,0,0
201014051,11.60,15.50,28.00,F,EXTRA,2013,EXTRA,IT403,4.0,OOP WITH C++,89.000000,78.000000,67.000000,57.000000,46.000000,35.000000,EXTRA_2013,0,0,0,0,0
