Reg_No,Internal,External,Total,Grade,Time,Year,Type,Code,Credit,Title,Cut-Off-S,Cut-Off-A,Cut-Off-B,Cut-Off-C,Cut-Off-D,Cut-Off-E,Directory,Absentees,Malpractices,Detentions,NA,appeared
200814020,21.20,22,44.00,E,EXTRA,2013,EXTRA,IT502,4.0,COMPUTER GRAPHICS,89.000000,78.000000,67.000000,57.000000,46.000000,35.000000,EXTRA_2013,0,0,0,0,0
200914028,22.30,23,46.00,D,EXTRA,2013,EXTRA,IT502,4.0,COMPUTER GRAPHICS,89.000000,78.000000,67.000000,57.000000,46.000000,35.000000,EXTRA_2013,0,0,0,0,0
200914060,18.70,14,33.00,F,EXTRA,2013,EXTRA,IT502,4.0,COMPUTER GRAPHICS,89.000000,78.000000,67.000000,57.000000,46.000000,35.000000,EXTRA_2013,0,0,0,0,0
201014501,12.50,23,36.00,E,EXTRA,2013,EXTRA,IT502,4.0,COMPUTER GRAPHICS,89.000000,78.000000,67.000000,57.000000,46.000000,35.000000,EXTRA_2013,0,0,0,0,0
201014502,23.90,12,36.00,E,EXTRA,2013,EXTRA,IT502,4.0,COMPUTER GRAPHICS,89.000000,78.000000,67.000000,57.000000,46.000000,35.000000,EXTRA_2013,0,0,0,0,0
