Reg_No,Internal,External,Total,Grade,Time,Year,Type,Code,Credit,Title,Cut-Off-S,Cut-Off-A,Cut-Off-B,Cut-Off-C,Cut-Off-D,Cut-Off-E,Directory,Absentees,Malpractices,Detentions,NA,appeared
200714018,44.20,39,84.00,S,EXTRA,2013,EXTRA,IT601,4.0,JAVA PROGRAMMING,81.000000,72.000000,63.000000,53.000000,44.000000,35.000000,EXTRA_2013,0,0,0,0,0
200814047,26.40,28.5,55.00,C,EXTRA,2013,EXTRA,IT601,4.0,JAVA PROGRAMMING,81.000000,72.000000,63.000000,53.000000,44.000000,35.000000,EXTRA_2013,0,0,0,0,0
200914060,17.10,29,47.00,D,EXTRA,2013,EXTRA,IT601,4.0,JAVA PROGRAMMING,81.000000,72.000000,63.000000,53.000000,44.000000,35.000000,EXTRA_2013,0,0,0,0,0
201014080,18.20,32,51.00,D,EXTRA,2013,EXTRA,IT601,4.0,JAVA PROGRAMMING,81.000000,72.000000,63.000000,53.000000,44.000000,35.000000,EXTRA_2013,0,0,0,0,0
