Reg_No,Internal,External,Total,Grade,Time,Year,Type,Code,Credit,Title,Cut-Off-S,Cut-Off-A,Cut-Off-B,Cut-Off-C,Cut-Off-D,Cut-Off-E,Directory,Absentees,Malpractices,Detentions,NA,appeared
200922013,21.30,9.5,31.00,F,EXTRA,2013,EXTRA,MCA201,3.0,SCIENTIFIC COMPUTING_A SOFTWARE APPROACH,80.000000,71.000000,62.000000,53.000000,44.000000,35.000000,EXTRA_2013,0,0,0,0,0
201022005,18.90,7.5,27.00,F,EXTRA,2013,EXTRA,MCA201,3.0,SCIENTIFIC COMPUTING_A SOFTWARE APPROACH,80.000000,71.000000,62.000000,53.000000,44.000000,35.000000,EXTRA_2013,0,0,0,0,0
201022014,21.80,13,35.00,E,EXTRA,2013,EXTRA,MCA201,3.0,SCIENTIFIC COMPUTING_A SOFTWARE APPROACH,80.000000,71.000000,62.000000,53.000000,44.000000,35.000000,EXTRA_2013,0,0,0,0,0
201022034,19.60,15,35.00,E,EXTRA,2013,EXTRA,MCA201,3.0,SCIENTIFIC COMPUTING_A SOFTWARE APPROACH,80.000000,71.000000,62.000000,53.000000,44.000000,35.000000,EXTRA_2013,0,0,0,0,0
201122038,16.40,04,21.00,F,EXTRA,2013,EXTRA,MCA201,3.0,SCIENTIFIC COMPUTING_A SOFTWARE APPROACH,80.000000,71.000000,62.000000,53.000000,44.000000,35.000000,EXTRA_2013,0,0,0,0,0
