Reg_No,Internal,External,Total,Grade,Time,Year,Type,Code,Credit,Title,Cut-Off-S,Cut-Off-A,Cut-Off-B,Cut-Off-C,Cut-Off-D,Cut-Off-E,Directory,Absentees,Malpractices,Detentions,NA,appeared
200922030,18.90,16,35.00,E,EXTRA,2013,EXTRA,MCA405,3.0,DATAWAREHOUSING & DATA MINING,81.000000,72.000000,63.000000,53.000000,44.000000,35.000000,EXTRA_2013,0,0,0,0,0
201022022,13.10,02,16.00,F,EXTRA,2013,EXTRA,MCA405,3.0,DATAWAREHOUSING & DATA MINING,81.000000,72.000000,63.000000,53.000000,44.000000,35.000000,EXTRA_2013,0,0,0,0,0
201122003,16.20,22.5,39.00,E,EXTRA,2013,EXTRA,MCA405,3.0,DATAWAREHOUSING & DATA MINING,81.000000,72.000000,63.000000,53.000000,44.000000,35.000000,EXTRA_2013,0,0,0,0,0
201122019,16.40,AB,0.00,I,EXTRA,2013,EXTRA,MCA405,3.0,DATAWAREHOUSING & DATA MINING,81.000000,72.000000,63.000000,53.000000,44.000000,35.000000,EXTRA_2013,0,0,0,0,0
