Reg_No,Internal,External,Total,Grade,Time,Year,Type,Code,Credit,Title,Cut-Off-S,Cut-Off-A,Cut-Off-B,Cut-Off-C,Cut-Off-D,Cut-Off-E,Directory,Absentees,Malpractices,Detentions,NA,appeared
20110241,16.35,19.5,36.00,E,EXTRA,2013,EXTRA,ME305,4.0,ELECTRO TECHNOLOGY,87.000000,77.000000,66.000000,56.000000,45.000000,35.000000,EXTRA_2013,0,0,0,0,0
20110267,33.55,16.5,51.00,D,EXTRA,2013,EXTRA,ME305,4.0,ELECTRO TECHNOLOGY,87.000000,77.000000,66.000000,56.000000,45.000000,35.000000,EXTRA_2013,0,0,0,0,0
20110288,14.50,03,18.00,F,EXTRA,2013,EXTRA,ME305,4.0,ELECTRO TECHNOLOGY,87.000000,77.000000,66.000000,56.000000,45.000000,35.000000,EXTRA_2013,0,0,0,0,0
20110535,28.90,09,38.00,E,EXTRA,2013,EXTRA,ME305,4.0,ELECTRO TECHNOLOGY,87.000000,77.000000,66.000000,56.000000,45.000000,35.000000,EXTRA_2013,0,0,0,0,0
20110592,22.05,29,52.00,D,EXTRA,2013,EXTRA,ME305,4.0,ELECTRO TECHNOLOGY,87.000000,77.000000,66.000000,56.000000,45.000000,35.000000,EXTRA_2013,0,0,0,0,0
20121781,18.70,16.5,36.00,E,EXTRA,2013,EXTRA,ME305,4.0,ELECTRO TECHNOLOGY,87.000000,77.000000,66.000000,56.000000,45.000000,35.000000,EXTRA_2013,0,0,0,0,0
200915008,16.90,39.5,57.00,C,EXTRA,2013,EXTRA,ME305,4.0,ELECTRO TECHNOLOGY,87.000000,77.000000,66.000000,56.000000,45.000000,35.000000,EXTRA_2013,0,0,0,0,0
201015028,22.50,20.5,43.00,E,EXTRA,2013,EXTRA,ME305,4.0,ELECTRO TECHNOLOGY,87.000000,77.000000,66.000000,56.000000,45.000000,35.000000,EXTRA_2013,0,0,0,0,0
