Reg_No,Internal,External,Total,Grade,Time,Year,Type,Code,Credit,Title,Cut-Off-S,Cut-Off-A,Cut-Off-B,Cut-Off-C,Cut-Off-D,Cut-Off-E,Directory,Absentees,Malpractices,Detentions,NA,appeared
200815047,40.30,21.5,62.00,C,EXTRA,2013,EXTRA,ME506,4.0,MECHANICS OF SOLID,81.000000,72.000000,63.000000,53.000000,44.000000,35.000000,EXTRA_2013,0,0,0,0,0
201015003,15.50,MP,00.00,MP,EXTRA,2013,EXTRA,ME506,4.0,MECHANICS OF SOLID,81.000000,72.000000,63.000000,53.000000,44.000000,35.000000,EXTRA_2013,0,0,0,0,0
201015018,31.30,17.5,49.00,D,EXTRA,2013,EXTRA,ME506,4.0,MECHANICS OF SOLID,81.000000,72.000000,63.000000,53.000000,44.000000,35.000000,EXTRA_2013,0,0,0,0,0
201015059,23.70,14.5,39.00,E,EXTRA,2013,EXTRA,ME506,4.0,MECHANICS OF SOLID,81.000000,72.000000,63.000000,53.000000,44.000000,35.000000,EXTRA_2013,0,0,0,0,0
201015063,19.50,15,35.00,E,EXTRA,2013,EXTRA,ME506,4.0,MECHANICS OF SOLID,81.000000,72.000000,63.000000,53.000000,44.000000,35.000000,EXTRA_2013,0,0,0,0,0
