Reg_No,Internal,External,Total,Grade,Time,Year,Type,Code,Credit,Title,Cut-Off-S,Cut-Off-A,Cut-Off-B,Cut-Off-C,Cut-Off-D,Cut-Off-E,Directory,Absentees,Malpractices,Detentions,NA,appeared
200715055,34.80,23,58.00,C,EXTRA,2013,EXTRA,ME504,4.0,THEORY OF MACHINES II,85.000000,75.000000,65.000000,55.000000,45.000000,35.000000,EXTRA_2013,0,0,0,0,0
200915059,19.00,18.5,38.00,E,EXTRA,2013,EXTRA,ME504,4.0,THEORY OF MACHINES II,85.000000,75.000000,65.000000,55.000000,45.000000,35.000000,EXTRA_2013,0,0,0,0,0
200915060,13.45,18,32.00,F,EXTRA,2013,EXTRA,ME504,4.0,THEORY OF MACHINES II,85.000000,75.000000,65.000000,55.000000,45.000000,35.000000,EXTRA_2013,0,0,0,0,0
201015039,18.10,23.5,42.00,E,EXTRA,2013,EXTRA,ME504,4.0,THEORY OF MACHINES II,85.000000,75.000000,65.000000,55.000000,45.000000,35.000000,EXTRA_2013,0,0,0,0,0
201015041,31.40,18.5,50.00,D,EXTRA,2013,EXTRA,ME504,4.0,THEORY OF MACHINES II,85.000000,75.000000,65.000000,55.000000,45.000000,35.000000,EXTRA_2013,0,0,0,0,0
