Reg_No,Internal,External,Total,Grade,Time,Year,Type,Code,Credit,Title,Cut-Off-S,Cut-Off-A,Cut-Off-B,Cut-Off-C,Cut-Off-D,Cut-Off-E,Directory,Absentees,Malpractices,Detentions,NA,appeared
201015010,31.30,18,50.00,E,EXTRA,2013,EXTRA,ME605,4.0,MECHATRONICS,80.000000,71.000000,62.000000,53.000000,44.000000,35.000000,EXTRA_2013,0,0,0,0,0
201015018,35.20,37.5,73.00,B,EXTRA,2013,EXTRA,ME605,4.0,MECHATRONICS,80.000000,71.000000,62.000000,53.000000,44.000000,35.000000,EXTRA_2013,0,0,0,0,0
201015059,33.50,18.5,52.00,E,EXTRA,2013,EXTRA,ME605,4.0,MECHATRONICS,80.000000,71.000000,62.000000,53.000000,44.000000,35.000000,EXTRA_2013,0,0,0,0,0
200615022,26.50,11.5,38.00,E,EXTRA,2013,EXTRA,ME605,4.0,MECHATRONICS,80.000000,71.000000,62.000000,53.000000,44.000000,35.000000,EXTRA_2013,0,0,0,0,0
201015041,19.80,22,42.00,E,EXTRA,2013,EXTRA,ME605,4.0,MECHATRONICS,80.000000,71.000000,62.000000,53.000000,44.000000,35.000000,EXTRA_2013,0,0,0,0,0
201015063,17.50,35,53.00,C,EXTRA,2013,EXTRA,ME605,4.0,MECHATRONICS,80.000000,71.000000,62.000000,53.000000,44.000000,35.000000,EXTRA_2013,0,0,0,0,0
