Reg_No,Internal,External,Total,Grade,Time,Year,Type,Code,Credit,Title,Cut-Off-S,Cut-Off-A,Cut-Off-B,Cut-Off-C,Cut-Off-D,Cut-Off-E,Directory,Absentees,Malpractices,Detentions,NA,appeared
201015010,35.00,20,55.00,E,EXTRA,2013,EXTRA,ME602,4.0,APPLIED THERMODYNAMICS II,87.000000,77.000000,66.000000,56.000000,45.000000,35.000000,EXTRA_2013,0,0,0,0,0
201015022,38.80,19.5,59.00,D,EXTRA,2013,EXTRA,ME602,4.0,APPLIED THERMODYNAMICS II,87.000000,77.000000,66.000000,56.000000,45.000000,35.000000,EXTRA_2013,0,0,0,0,0
201015062,35.10,5.5,41.00,E,EXTRA,2013,EXTRA,ME602,4.0,APPLIED THERMODYNAMICS II,87.000000,77.000000,66.000000,56.000000,45.000000,35.000000,EXTRA_2013,0,0,0,0,0
201115501,36.00,8,44.00,E,EXTRA,2013,EXTRA,ME602,4.0,APPLIED THERMODYNAMICS II,87.000000,77.000000,66.000000,56.000000,45.000000,35.000000,EXTRA_2013,0,0,0,0,0
200915059,21.20,13.5,35.00,E,EXTRA,2013,EXTRA,ME602,4.0,APPLIED THERMODYNAMICS II,87.000000,77.000000,66.000000,56.000000,45.000000,35.000000,EXTRA_2013,0,0,0,0,0
200915060,11.80,22.5,35.00,E,EXTRA,2013,EXTRA,ME602,4.0,APPLIED THERMODYNAMICS II,87.000000,77.000000,66.000000,56.000000,45.000000,35.000000,EXTRA_2013,0,0,0,0,0
