Reg_No,Internal,External,Total,Grade,Time,Year,Type,Code,Credit,Title,Cut-Off-S,Cut-Off-A,Cut-Off-B,Cut-Off-C,Cut-Off-D,Cut-Off-E,Directory,Absentees,Malpractices,Detentions,NA,appeared
200915046,15.60,14.25,30.00,F,EXTRA,2013,EXTRA,ME603,4.0,MACHINE DESIGN II,84.000000,74.000000,64.000000,55.000000,45.000000,35.000000,EXTRA_2013,0,0,0,0,0
200915059,18.90,15.5,35.00,E,EXTRA,2013,EXTRA,ME603,4.0,MACHINE DESIGN II,84.000000,74.000000,64.000000,55.000000,45.000000,35.000000,EXTRA_2013,0,0,0,0,0
201015046,24.70,23,48.00,D,EXTRA,2013,EXTRA,ME603,4.0,MACHINE DESIGN II,84.000000,74.000000,64.000000,55.000000,45.000000,35.000000,EXTRA_2013,0,0,0,0,0
201015506,14.80,23,38.00,E,EXTRA,2013,EXTRA,ME603,4.0,MACHINE DESIGN II,84.000000,74.000000,64.000000,55.000000,45.000000,35.000000,EXTRA_2013,0,0,0,0,0
201115501,14.30,5,20.00,F,EXTRA,2013,EXTRA,ME603,4.0,MACHINE DESIGN II,84.000000,74.000000,64.000000,55.000000,45.000000,35.000000,EXTRA_2013,0,0,0,0,0
