Reg_No,Internal,External,Total,Grade,Time,Year,Type,Code,Credit,Title,Cut-Off-S,Cut-Off-A,Cut-Off-B,Cut-Off-C,Cut-Off-D,Cut-Off-E,Directory,Absentees,Malpractices,Detentions,NA,appeared
20121201,31.25,17.5,49.00,E,EXTRA,2013,EXTRA,MGT104,4.0,ACCOUNTING FOR MANAGERS,80.000000,71.000000,62.000000,53.000000,44.000000,35.000000,EXTRA_2013,0,0,0,0,0
20121214,21.90,21,43.00,E,EXTRA,2013,EXTRA,MGT104,4.0,ACCOUNTING FOR MANAGERS,80.000000,71.000000,62.000000,53.000000,44.000000,35.000000,EXTRA_2013,0,0,0,0,0
20121241,27.40,12.5,40.00,E,EXTRA,2013,EXTRA,MGT104,4.0,ACCOUNTING FOR MANAGERS,80.000000,71.000000,62.000000,53.000000,44.000000,35.000000,EXTRA_2013,0,0,0,0,0
20121243,21.70,35.5,58.00,C,EXTRA,2013,EXTRA,MGT104,4.0,ACCOUNTING FOR MANAGERS,80.000000,71.000000,62.000000,53.000000,44.000000,35.000000,EXTRA_2013,0,0,0,0,0
201123013,19.40,19.5,39.00,E,EXTRA,2013,EXTRA,MGT104,4.0,ACCOUNTING FOR MANAGERS,80.000000,71.000000,62.000000,53.000000,44.000000,35.000000,EXTRA_2013,0,0,0,0,0
201123027,22.00,19.5,42.00,E,EXTRA,2013,EXTRA,MGT104,4.0,ACCOUNTING FOR MANAGERS,80.000000,71.000000,62.000000,53.000000,44.000000,35.000000,EXTRA_2013,0,0,0,0,0
201123058,23.70,17.5,42.00,E,EXTRA,2013,EXTRA,MGT104,4.0,ACCOUNTING FOR MANAGERS,80.000000,71.000000,62.000000,53.000000,44.000000,35.000000,EXTRA_2013,0,0,0,0,0
201123060,19.40,15.5,35.00,E,EXTRA,2013,EXTRA,MGT104,4.0,ACCOUNTING FOR MANAGERS,80.000000,71.000000,62.000000,53.000000,44.000000,35.000000,EXTRA_2013,0,0,0,0,0
