Reg_No,Internal,External,Total,Grade,Time,Year,Type,Code,Credit,Title,Cut-Off-S,Cut-Off-A,Cut-Off-B,Cut-Off-C,Cut-Off-D,Cut-Off-E,Directory,Absentees,Malpractices,Detentions,NA,appeared
20121201,39.00,41.5,81.00,B,EXTRA,2013,EXTRA,MGT103,3.0,ECONOMICS FOR MANAGERS,82.000000,73.000000,63.000000,54.000000,44.000000,35.000000,EXTRA_2013,0,0,0,0,0
20121214,20.95,13,34.00,F,EXTRA,2013,EXTRA,MGT103,3.0,ECONOMICS FOR MANAGERS,82.000000,73.000000,63.000000,54.000000,44.000000,35.000000,EXTRA_2013,0,0,0,0,0
20121241,26.70,20.5,48.00,E,EXTRA,2013,EXTRA,MGT103,3.0,ECONOMICS FOR MANAGERS,82.000000,73.000000,63.000000,54.000000,44.000000,35.000000,EXTRA_2013,0,0,0,0,0
201123060,19.70,20.75,41.00,E,EXTRA,2013,EXTRA,MGT103,3.0,ECONOMICS FOR MANAGERS,82.000000,73.000000,63.000000,54.000000,44.000000,35.000000,EXTRA_2013,0,0,0,0,0
