Reg_No,Internal,External,Total,Grade,Time,Year,Type,Code,Credit,Title,Cut-Off-S,Cut-Off-A,Cut-Off-B,Cut-Off-C,Cut-Off-D,Cut-Off-E,Directory,Absentees,Malpractices,Detentions,NA,appeared
20121201,13.15,3.5,17.00,F,EXTRA,2013,EXTRA,MGT206,3.0,GLOBAL ECONOMIC ENVIRONMENT & POLICY,81.000000,72.000000,63.000000,53.000000,44.000000,35.000000,EXTRA_2013,0,0,0,0,0
20121214,14.00,5,19.00,F,EXTRA,2013,EXTRA,MGT206,3.0,GLOBAL ECONOMIC ENVIRONMENT & POLICY,81.000000,72.000000,63.000000,53.000000,44.000000,35.000000,EXTRA_2013,0,0,0,0,0
20121241,17.10,9,27.00,F,EXTRA,2013,EXTRA,MGT206,3.0,GLOBAL ECONOMIC ENVIRONMENT & POLICY,81.000000,72.000000,63.000000,53.000000,44.000000,35.000000,EXTRA_2013,0,0,0,0,0
20121245,15.85,19,35.00,E,EXTRA,2013,EXTRA,MGT206,3.0,GLOBAL ECONOMIC ENVIRONMENT & POLICY,81.000000,72.000000,63.000000,53.000000,44.000000,35.000000,EXTRA_2013,0,0,0,0,0
20121263,22.80,7.5,31.00,F,EXTRA,2013,EXTRA,MGT206,3.0,GLOBAL ECONOMIC ENVIRONMENT & POLICY,81.000000,72.000000,63.000000,53.000000,44.000000,35.000000,EXTRA_2013,0,0,0,0,0
20121268,19.95,AB,0.00,I,EXTRA,2013,EXTRA,MGT206,3.0,GLOBAL ECONOMIC ENVIRONMENT & POLICY,81.000000,72.000000,63.000000,53.000000,44.000000,35.000000,EXTRA_2013,0,0,0,0,0
