Reg_No,Internal,External,Total,Grade,Time,Year,Type,Code,Credit,Title,Cut-Off-S,Cut-Off-A,Cut-Off-B,Cut-Off-C,Cut-Off-D,Cut-Off-E,Directory,Absentees,Malpractices,Detentions,NA,appeared
20121201,18.66,37.5,57.00,C,EXTRA,2013,EXTRA,MGT204,4.0,PRODUCTIONS & OPERATIONS MANAGEMENT,80.000000,71.000000,62.000000,53.000000,44.000000,35.000000,EXTRA_2013,0,0,0,NA,0
20121214,18.51,11.5,31.00,F,EXTRA,2013,EXTRA,MGT204,4.0,PRODUCTIONS & OPERATIONS MANAGEMENT,80.000000,71.000000,62.000000,53.000000,44.000000,35.000000,EXTRA_2013,0,0,0,NA,0
20121236,0.00,DT,0.00,DT,EXTRA,2013,EXTRA,MGT204,4.0,PRODUCTIONS & OPERATIONS MANAGEMENT,80.000000,71.000000,62.000000,53.000000,44.000000,35.000000,EXTRA_2013,0,0,0,NA,0
20121241,19.00,14,33.00,F,EXTRA,2013,EXTRA,MGT204,4.0,PRODUCTIONS & OPERATIONS MANAGEMENT,80.000000,71.000000,62.000000,53.000000,44.000000,35.000000,EXTRA_2013,0,0,0,NA,0
20121244,16.11,25.5,42.00,E,EXTRA,2013,EXTRA,MGT204,4.0,PRODUCTIONS & OPERATIONS MANAGEMENT,80.000000,71.000000,62.000000,53.000000,44.000000,35.000000,EXTRA_2013,0,0,0,NA,0
20121247,15.16,AB,0.00,I,EXTRA,2013,EXTRA,MGT204,4.0,PRODUCTIONS & OPERATIONS MANAGEMENT,80.000000,71.000000,62.000000,53.000000,44.000000,35.000000,EXTRA_2013,0,0,0,NA,0
20121263,19.86,15.5,36.00,E,EXTRA,2013,EXTRA,MGT204,4.0,PRODUCTIONS & OPERATIONS MANAGEMENT,80.000000,71.000000,62.000000,53.000000,44.000000,35.000000,EXTRA_2013,0,0,0,NA,0
201123013,0.00,DT,0.00,DT,EXTRA,2013,EXTRA,MGT204,4.0,PRODUCTIONS & OPERATIONS MANAGEMENT,80.000000,71.000000,62.000000,53.000000,44.000000,35.000000,EXTRA_2013,0,0,0,NA,0
201123042,13.00,AB,0.00,I,EXTRA,2013,EXTRA,MGT204,4.0,PRODUCTIONS & OPERATIONS MANAGEMENT,80.000000,71.000000,62.000000,53.000000,44.000000,35.000000,EXTRA_2013,0,0,0,NA,0
