Reg_No,Internal,External,Total,Grade,Time,Year,Type,Code,Credit,Title,Cut-Off-S,Cut-Off-A,Cut-Off-B,Cut-Off-C,Cut-Off-D,Cut-Off-E,Directory,Absentees,Malpractices,Detentions,NA,appeared
20121221,19.10,20.5,40.00,E,EXTRA,2013,EXTRA,MGT202,4.0,MARKETING MANAGEMENT,80.000000,71.000000,62.000000,53.000000,44.000000,35.000000,EXTRA_2013,0,0,0,0,0
20121236,9.30,13.5,23.00,F,EXTRA,2013,EXTRA,MGT202,4.0,MARKETING MANAGEMENT,80.000000,71.000000,62.000000,53.000000,44.000000,35.000000,EXTRA_2013,0,0,0,0,0
20121241,12.10,8,21.00,F,EXTRA,2013,EXTRA,MGT202,4.0,MARKETING MANAGEMENT,80.000000,71.000000,62.000000,53.000000,44.000000,35.000000,EXTRA_2013,0,0,0,0,0
20121242,17.60,22.5,41.00,E,EXTRA,2013,EXTRA,MGT202,4.0,MARKETING MANAGEMENT,80.000000,71.000000,62.000000,53.000000,44.000000,35.000000,EXTRA_2013,0,0,0,0,0
20121263,18.10,13.5,32.00,F,EXTRA,2013,EXTRA,MGT202,4.0,MARKETING MANAGEMENT,80.000000,71.000000,62.000000,53.000000,44.000000,35.000000,EXTRA_2013,0,0,0,0,0
