Reg_No,Internal,External,Total,Grade,Time,Year,Type,Code,Credit,Title,Cut-Off-S,Cut-Off-A,Cut-Off-B,Cut-Off-C,Cut-Off-D,Cut-Off-E,Directory,Absentees,Malpractices,Detentions,NA,appeared
201023047,36.00,25,61.00,D,EXTRA,2013,EXTRA,MGT307,4.0,SUMMER PROJECT,88.000000,80.000000,73.000000,65.000000,58.000000,50.000000,EXTRA_2013,0,0,0,0,0
201123006,36.00,AB,0.00,I,EXTRA,2013,EXTRA,MGT307,4.0,SUMMER PROJECT,88.000000,80.000000,73.000000,65.000000,58.000000,50.000000,EXTRA_2013,0,0,0,0,0
201123029,48.00,AB,0.00,I,EXTRA,2013,EXTRA,MGT307,4.0,SUMMER PROJECT,88.000000,80.000000,73.000000,65.000000,58.000000,50.000000,EXTRA_2013,0,0,0,0,0
201123042,40.80,28,69.00,C,EXTRA,2013,EXTRA,MGT307,4.0,SUMMER PROJECT,88.000000,80.000000,73.000000,65.000000,58.000000,50.000000,EXTRA_2013,0,0,0,0,0
