Reg_No,Internal,External,Total,Grade,Time,Year,Type,Code,Credit,Title,Cut-Off-S,Cut-Off-A,Cut-Off-B,Cut-Off-C,Cut-Off-D,Cut-Off-E,Directory,Absentees,Malpractices,Detentions,NA,appeared
201023020,15.00,5.5,21.00,F,EXTRA,2013,EXTRA,MGT407,4.0,INT. FINANCIAL MGT. & RISK MGT. _MGT FM 401_,80.000000,71.000000,62.000000,53.000000,44.000000,35.000000,EXTRA_2013,0,0,0,0,0
201123023,23.63,13,37.00,E,EXTRA,2013,EXTRA,MGT407,4.0,INT. FINANCIAL MGT. & RISK MGT. _MGT FM 401_,80.000000,71.000000,62.000000,53.000000,44.000000,35.000000,EXTRA_2013,0,0,0,0,0
201123042,21.59,15.5,38.00,E,EXTRA,2013,EXTRA,MGT407,4.0,INT. FINANCIAL MGT. & RISK MGT. _MGT FM 401_,80.000000,71.000000,62.000000,53.000000,44.000000,35.000000,EXTRA_2013,0,0,0,0,0
201123050,23.77,17,41.00,E,EXTRA,2013,EXTRA,MGT407,4.0,INT. FINANCIAL MGT. & RISK MGT. _MGT FM 401_,80.000000,71.000000,62.000000,53.000000,44.000000,35.000000,EXTRA_2013,0,0,0,0,0
201123057,22.61,14,37.00,E,EXTRA,2013,EXTRA,MGT407,4.0,INT. FINANCIAL MGT. & RISK MGT. _MGT FM 401_,80.000000,71.000000,62.000000,53.000000,44.000000,35.000000,EXTRA_2013,0,0,0,0,0
