Reg_No,Internal,External,Total,Grade,Time,Year,Type,Code,Credit,Title,Cut-Off-S,Cut-Off-A,Cut-Off-B,Cut-Off-C,Cut-Off-D,Cut-Off-E,Directory,Absentees,Malpractices,Detentions,NA,appeared
201619011,16.20,18,35.00,E,NOV-DEC,2018,BACK,BA1104,4.0,FINANCIAL ACCOUNTING _13 14 15 16 17 18_,80.000000,71.000000,62.000000,53.000000,44.000000,35.000000,NOV-DEC-2018,0,0,0,0,0
201619021,15.85,0.5,17.00,F,NOV-DEC,2018,BACK,BA1104,4.0,FINANCIAL ACCOUNTING _13 14 15 16 17 18_,80.000000,71.000000,62.000000,53.000000,44.000000,35.000000,NOV-DEC-2018,0,0,0,0,0
201619024,21.20,17.5,39.00,E,NOV-DEC,2018,BACK,BA1104,4.0,FINANCIAL ACCOUNTING _13 14 15 16 17 18_,80.000000,71.000000,62.000000,53.000000,44.000000,35.000000,NOV-DEC-2018,0,0,0,0,0
201719003,18.30,AB,0.00,I,NOV-DEC,2018,BACK,BA1104,4.0,FINANCIAL ACCOUNTING _13 14 15 16 17 18_,80.000000,71.000000,62.000000,53.000000,44.000000,35.000000,NOV-DEC-2018,0,0,0,0,0
