Reg_No,Internal,External,Total,Grade,Time,Year,Type,Code,Credit,Title,Cut-Off-S,Cut-Off-A,Cut-Off-B,Cut-Off-C,Cut-Off-D,Cut-Off-E,Directory,Absentees,Malpractices,Detentions,NA,appeared
201419026,16.11,20.5,37.00,E,NOV-DEC,2018,BACK,BA1304,4.0,ACCOUNTING FOR MANAGEMENT _13 14 15 16 17_,80.000000,71.000000,62.000000,53.000000,44.000000,35.000000,NOV-DEC-2018,0,0,0,0,0
201619013,15.60,11,27.00,F,NOV-DEC,2018,BACK,BA1304,4.0,ACCOUNTING FOR MANAGEMENT _13 14 15 16 17_,80.000000,71.000000,62.000000,53.000000,44.000000,35.000000,NOV-DEC-2018,0,0,0,0,0
201619021,15.70,4.5,21.00,F,NOV-DEC,2018,BACK,BA1304,4.0,ACCOUNTING FOR MANAGEMENT _13 14 15 16 17_,80.000000,71.000000,62.000000,53.000000,44.000000,35.000000,NOV-DEC-2018,0,0,0,0,0
