Reg_No,Internal,External,Total,Grade,Time,Year,Type,Code,Credit,Title,Cut-Off-S,Cut-Off-A,Cut-Off-B,Cut-Off-C,Cut-Off-D,Cut-Off-E,Directory,Absentees,Malpractices,Detentions,NA,appeared
20130565,12.80,6,19.00,F,NOV-DEC,2018,BACK,CE1306,4.0,ENGINEERING GEOLOGY _11 12 13 14 15 16_,80.000000,71.000000,62.000000,53.000000,44.000000,35.000000,NOV-DEC-2018,0,0,0,0,0
20140238,14.50,6.5,21.00,F,NOV-DEC,2018,BACK,CE1306,4.0,ENGINEERING GEOLOGY _11 12 13 14 15 16_,80.000000,71.000000,62.000000,53.000000,44.000000,35.000000,NOV-DEC-2018,0,0,0,0,0
201500295,15.20,3.5,19.00,F,NOV-DEC,2018,BACK,CE1306,4.0,ENGINEERING GEOLOGY _11 12 13 14 15 16_,80.000000,71.000000,62.000000,53.000000,44.000000,35.000000,NOV-DEC-2018,0,0,0,0,0
201500357,12.13,0,13.00,F,NOV-DEC,2018,BACK,CE1306,4.0,ENGINEERING GEOLOGY _11 12 13 14 15 16_,80.000000,71.000000,62.000000,53.000000,44.000000,35.000000,NOV-DEC-2018,0,0,0,0,0
201518508,5.55,1,7.00,F,NOV-DEC,2018,BACK,CE1306,4.0,ENGINEERING GEOLOGY _11 12 13 14 15 16_,80.000000,71.000000,62.000000,53.000000,44.000000,35.000000,NOV-DEC-2018,0,0,0,0,0
201718518,14.95,1.5,17.00,F,NOV-DEC,2018,BACK,CE1306,4.0,ENGINEERING GEOLOGY _11 12 13 14 15 16_,80.000000,71.000000,62.000000,53.000000,44.000000,35.000000,NOV-DEC-2018,0,0,0,0,0
