Reg_No,Internal,External,Total,Grade,Time,Year,Type,Code,Credit,Title,Cut-Off-S,Cut-Off-A,Cut-Off-B,Cut-Off-C,Cut-Off-D,Cut-Off-E,Directory,Absentees,Malpractices,Detentions,NA,appeared
20140196,22.90,14,37.00,E,NOV-DEC,2018,BACK,CE1304,4.0,BUILDING SCIENCE & TECHNOLOGY _11 12 13 14 15 16_,81.000000,72.000000,62.000000,53.000000,44.000000,35.000000,NOV-DEC-2018,0,0,0,0,0
20140261,31.60,AB,0.00,I,NOV-DEC,2018,BACK,CE1304,4.0,BUILDING SCIENCE & TECHNOLOGY _11 12 13 14 15 16_,81.000000,72.000000,62.000000,53.000000,44.000000,35.000000,NOV-DEC-2018,0,0,0,0,0
201600171,27.80,24,52.00,D,NOV-DEC,2018,BACK,CE1304,4.0,BUILDING SCIENCE & TECHNOLOGY _11 12 13 14 15 16_,81.000000,72.000000,62.000000,53.000000,44.000000,35.000000,NOV-DEC-2018,0,0,0,0,0
201600249,19.65,18,38.00,E,NOV-DEC,2018,BACK,CE1304,4.0,BUILDING SCIENCE & TECHNOLOGY _11 12 13 14 15 16_,81.000000,72.000000,62.000000,53.000000,44.000000,35.000000,NOV-DEC-2018,0,0,0,0,0
201600282,21.60,13.25,35.00,E,NOV-DEC,2018,BACK,CE1304,4.0,BUILDING SCIENCE & TECHNOLOGY _11 12 13 14 15 16_,81.000000,72.000000,62.000000,53.000000,44.000000,35.000000,NOV-DEC-2018,0,0,0,0,0
201500357,19.25,19.5,39.00,E,NOV-DEC,2018,BACK,CE1304,4.0,BUILDING SCIENCE & TECHNOLOGY _11 12 13 14 15 16_,81.000000,72.000000,62.000000,53.000000,44.000000,35.000000,NOV-DEC-2018,0,0,0,0,0
