Reg_No,Internal,External,Total,Grade,Time,Year,Type,Code,Credit,Title,Cut-Off-S,Cut-Off-A,Cut-Off-B,Cut-Off-C,Cut-Off-D,Cut-Off-E,Directory,Absentees,Malpractices,Detentions,NA,appeared
20130035,11.80,23.5,36.00,E,NOV-DEC,2018,BACK,CE1303,4.0,STRUCTURAL ANALYSIS I _11 12 13 14 15 16_,80.000000,71.000000,62.000000,53.000000,44.000000,35.000000,NOV-DEC-2018,0,0,0,0,0
20140261,20.60,28,49.00,D,NOV-DEC,2018,BACK,CE1303,4.0,STRUCTURAL ANALYSIS I _11 12 13 14 15 16_,80.000000,71.000000,62.000000,53.000000,44.000000,35.000000,NOV-DEC-2018,0,0,0,0,0
201718515,22.45,AB,0.00,I,NOV-DEC,2018,BACK,CE1303,4.0,STRUCTURAL ANALYSIS I _11 12 13 14 15 16_,80.000000,71.000000,62.000000,53.000000,44.000000,35.000000,NOV-DEC-2018,0,0,0,0,0
