Reg_No,Internal,External,Total,Grade,Time,Year,Type,Code,Credit,Title,Cut-Off-S,Cut-Off-A,Cut-Off-B,Cut-Off-C,Cut-Off-D,Cut-Off-E,Directory,Absentees,Malpractices,Detentions,NA,appeared
20131002,13.20,4,18.00,F,NOV-DEC,2018,BACK,CE1502,4.0,DESIGN OF ADVANCED RC STRUCTURES _11 12 13 14 15 16_,84.000000,74.000000,65.000000,55.000000,45.000000,35.000000,NOV-DEC-2018,0,0,0,0,0
20140261,16.20,20,37.00,E,NOV-DEC,2018,BACK,CE1502,4.0,DESIGN OF ADVANCED RC STRUCTURES _11 12 13 14 15 16_,84.000000,74.000000,65.000000,55.000000,45.000000,35.000000,NOV-DEC-2018,0,0,0,0,0
201500013,12.20,0.5,13.00,F,NOV-DEC,2018,BACK,CE1502,4.0,DESIGN OF ADVANCED RC STRUCTURES _11 12 13 14 15 16_,84.000000,74.000000,65.000000,55.000000,45.000000,35.000000,NOV-DEC-2018,0,0,0,0,0
