Reg_No,Internal,External,Total,Grade,Time,Year,Type,Code,Credit,Title,Cut-Off-S,Cut-Off-A,Cut-Off-B,Cut-Off-C,Cut-Off-D,Cut-Off-E,Directory,Absentees,Malpractices,Detentions,NA,appeared
20140213,17.90,16.5,35.00,E,NOV-DEC,2018,BACK,CE1504,4.0,WATER RESOURCES ENGINEERING _15 16_,80.000000,71.000000,62.000000,53.000000,44.000000,35.000000,NOV-DEC-2018,0,0,0,0,0
201500013,18.35,13.5,32.00,F,NOV-DEC,2018,BACK,CE1504,4.0,WATER RESOURCES ENGINEERING _15 16_,80.000000,71.000000,62.000000,53.000000,44.000000,35.000000,NOV-DEC-2018,0,0,0,0,0
201500154,10.65,8.5,20.00,F,NOV-DEC,2018,BACK,CE1504,4.0,WATER RESOURCES ENGINEERING _15 16_,80.000000,71.000000,62.000000,53.000000,44.000000,35.000000,NOV-DEC-2018,0,0,0,0,0
201500225,24.00,18,42.00,E,NOV-DEC,2018,BACK,CE1504,4.0,WATER RESOURCES ENGINEERING _15 16_,80.000000,71.000000,62.000000,53.000000,44.000000,35.000000,NOV-DEC-2018,0,0,0,0,0
201518506,12.80,6,19.00,F,NOV-DEC,2018,BACK,CE1504,4.0,WATER RESOURCES ENGINEERING _15 16_,80.000000,71.000000,62.000000,53.000000,44.000000,35.000000,NOV-DEC-2018,0,0,0,0,0
201618522,21.90,14.5,37.00,E,NOV-DEC,2018,BACK,CE1504,4.0,WATER RESOURCES ENGINEERING _15 16_,80.000000,71.000000,62.000000,53.000000,44.000000,35.000000,NOV-DEC-2018,0,0,0,0,0
