Reg_No,Internal,External,Total,Grade,Time,Year,Type,Code,Credit,Title,Cut-Off-S,Cut-Off-A,Cut-Off-B,Cut-Off-C,Cut-Off-D,Cut-Off-E,Directory,Absentees,Malpractices,Detentions,NA,appeared
201500698,13.95,8.75,23.00,F,NOV-DEC,2018,BACK,CH1108,4.0,ENGINEERING CHEMISTRY _13 14 15_,89.000000,78.000000,67.000000,57.000000,46.000000,35.000000,NOV-DEC-2018,0,0,0,0,0
201600166,19.90,20.0,40.00,E,NOV-DEC,2018,BACK,CH1108,4.0,ENGINEERING CHEMISTRY _13 14 15_,89.000000,78.000000,67.000000,57.000000,46.000000,35.000000,NOV-DEC-2018,0,0,0,0,0
201500449,10.75,00,11.00,F,NOV-DEC,2018,BACK,CH1108,4.0,ENGINEERING CHEMISTRY _13 14 15_,89.000000,78.000000,67.000000,57.000000,46.000000,35.000000,NOV-DEC-2018,0,0,0,0,0
