Reg_No,Internal,External,Total,Grade,Time,Year,Type,Code,Credit,Title,Cut-Off-S,Cut-Off-A,Cut-Off-B,Cut-Off-C,Cut-Off-D,Cut-Off-E,Directory,Absentees,Malpractices,Detentions,NA,appeared
20140655,8.90,21,30.00,F,NOV-DEC,2018,BACK,CS1302,4.0,DATA STRUCTURES _11 12 13 14 15 16_,86.000000,76.000000,65.000000,55.000000,45.000000,35.000000,NOV-DEC-2018,0,0,0,0,0
201500087,10.75,8.5,20.00,F,NOV-DEC,2018,BACK,CS1302,4.0,DATA STRUCTURES _11 12 13 14 15 16_,86.000000,76.000000,65.000000,55.000000,45.000000,35.000000,NOV-DEC-2018,0,0,0,0,0
201500283,17.20,AB,0.00,I,NOV-DEC,2018,BACK,CS1302,4.0,DATA STRUCTURES _11 12 13 14 15 16_,86.000000,76.000000,65.000000,55.000000,45.000000,35.000000,NOV-DEC-2018,0,0,0,0,0
201600009,11.80,25,37.00,E,NOV-DEC,2018,BACK,CS1302,4.0,DATA STRUCTURES _11 12 13 14 15 16_,86.000000,76.000000,65.000000,55.000000,45.000000,35.000000,NOV-DEC-2018,0,0,0,0,0
201600044,11.30,AB,0.00,I,NOV-DEC,2018,BACK,CS1302,4.0,DATA STRUCTURES _11 12 13 14 15 16_,86.000000,76.000000,65.000000,55.000000,45.000000,35.000000,NOV-DEC-2018,0,0,0,0,0
201600106,21.55,AB,0.00,I,NOV-DEC,2018,BACK,CS1302,4.0,DATA STRUCTURES _11 12 13 14 15 16_,86.000000,76.000000,65.000000,55.000000,45.000000,35.000000,NOV-DEC-2018,0,0,0,0,0
201600325,18.25,11.5,30.00,F,NOV-DEC,2018,BACK,CS1302,4.0,DATA STRUCTURES _11 12 13 14 15 16_,86.000000,76.000000,65.000000,55.000000,45.000000,35.000000,NOV-DEC-2018,0,0,0,0,0
201600451,8.85,AB,0.00,I,NOV-DEC,2018,BACK,CS1302,4.0,DATA STRUCTURES _11 12 13 14 15 16_,86.000000,76.000000,65.000000,55.000000,45.000000,35.000000,NOV-DEC-2018,0,0,0,0,0
20140145,8.10,30,39.00,E,NOV-DEC,2018,BACK,CS1302,4.0,DATA STRUCTURES _11 12 13 14 15 16_,86.000000,76.000000,65.000000,55.000000,45.000000,35.000000,NOV-DEC-2018,0,0,0,0,0
