Reg_No,Internal,External,Total,Grade,Time,Year,Type,Code,Credit,Title,Cut-Off-S,Cut-Off-A,Cut-Off-B,Cut-Off-C,Cut-Off-D,Cut-Off-E,Directory,Absentees,Malpractices,Detentions,NA,appeared
20130437,14.30,8.5,23.00,F,NOV-DEC,2018,BACK,CS1306,4.0,COMPUTER ORGANIZATION & ARCHITECTURE _11 12 13 14 15 16_,85.000000,75.000000,65.000000,55.000000,45.000000,35.000000,NOV-DEC-2018,0,0,0,0,0
20140534,8.00,29,37.00,E,NOV-DEC,2018,BACK,CS1306,4.0,COMPUTER ORGANIZATION & ARCHITECTURE _11 12 13 14 15 16_,85.000000,75.000000,65.000000,55.000000,45.000000,35.000000,NOV-DEC-2018,0,0,0,0,0
201500087,15.20,AB,0.00,I,NOV-DEC,2018,BACK,CS1306,4.0,COMPUTER ORGANIZATION & ARCHITECTURE _11 12 13 14 15 16_,85.000000,75.000000,65.000000,55.000000,45.000000,35.000000,NOV-DEC-2018,0,0,0,0,0
201600162,15.00,AB,0.00,I,NOV-DEC,2018,BACK,CS1306,4.0,COMPUTER ORGANIZATION & ARCHITECTURE _11 12 13 14 15 16_,85.000000,75.000000,65.000000,55.000000,45.000000,35.000000,NOV-DEC-2018,0,0,0,0,0
