Reg_No,Internal,External,Total,Grade,Time,Year,Type,Code,Credit,Title,Cut-Off-S,Cut-Off-A,Cut-Off-B,Cut-Off-C,Cut-Off-D,Cut-Off-E,Directory,Absentees,Malpractices,Detentions,NA,appeared
201500087,10.85,11.5,23.00,F,NOV-DEC,2018,BACK,CS1304,4.0,DIGITAL CIRCUITS & LOGIC DESIGN _11 12 13 14 15 16_,88.000000,78.000000,67.000000,57.000000,46.000000,35.000000,NOV-DEC-2018,0,0,0,0,0
201500223,17.65,AB,0.00,I,NOV-DEC,2018,BACK,CS1304,4.0,DIGITAL CIRCUITS & LOGIC DESIGN _11 12 13 14 15 16_,88.000000,78.000000,67.000000,57.000000,46.000000,35.000000,NOV-DEC-2018,0,0,0,0,0
201500254,15.10,22.5,38.00,E,NOV-DEC,2018,BACK,CS1304,4.0,DIGITAL CIRCUITS & LOGIC DESIGN _11 12 13 14 15 16_,88.000000,78.000000,67.000000,57.000000,46.000000,35.000000,NOV-DEC-2018,0,0,0,0,0
201600044,11.90,AB,0.00,I,NOV-DEC,2018,BACK,CS1304,4.0,DIGITAL CIRCUITS & LOGIC DESIGN _11 12 13 14 15 16_,88.000000,78.000000,67.000000,57.000000,46.000000,35.000000,NOV-DEC-2018,0,0,0,0,0
201600325,17.65,16.5,35.00,E,NOV-DEC,2018,BACK,CS1304,4.0,DIGITAL CIRCUITS & LOGIC DESIGN _11 12 13 14 15 16_,88.000000,78.000000,67.000000,57.000000,46.000000,35.000000,NOV-DEC-2018,0,0,0,0,0
201600329,15.55,9.5,26.00,F,NOV-DEC,2018,BACK,CS1304,4.0,DIGITAL CIRCUITS & LOGIC DESIGN _11 12 13 14 15 16_,88.000000,78.000000,67.000000,57.000000,46.000000,35.000000,NOV-DEC-2018,0,0,0,0,0
201600502,13.20,23.5,37.00,E,NOV-DEC,2018,BACK,CS1304,4.0,DIGITAL CIRCUITS & LOGIC DESIGN _11 12 13 14 15 16_,88.000000,78.000000,67.000000,57.000000,46.000000,35.000000,NOV-DEC-2018,0,0,0,0,0
