Reg_No,Internal,External,Total,Grade,Time,Year,Type,Code,Credit,Title,Cut-Off-S,Cut-Off-A,Cut-Off-B,Cut-Off-C,Cut-Off-D,Cut-Off-E,Directory,Absentees,Malpractices,Detentions,NA,appeared
20130590,14.10,AB,0.00,I,NOV-DEC,2018,BACK,CS1504,4.0,SOFTWARE ENGINEERING _11 12 13 14 15 16_,88.000000,78.000000,69.000000,59.000000,49.000000,35.000000,NOV-DEC-2018,0,0,0,0,0
20140129,16.60,23.5,41.00,E,NOV-DEC,2018,BACK,CS1504,4.0,SOFTWARE ENGINEERING _11 12 13 14 15 16_,88.000000,78.000000,69.000000,59.000000,49.000000,35.000000,NOV-DEC-2018,0,0,0,0,0
20140430,11.50,AB,0.00,I,NOV-DEC,2018,BACK,CS1504,4.0,SOFTWARE ENGINEERING _11 12 13 14 15 16_,88.000000,78.000000,69.000000,59.000000,49.000000,35.000000,NOV-DEC-2018,0,0,0,0,0
201311506,10.45,AB,0.00,I,NOV-DEC,2018,BACK,CS1504,4.0,SOFTWARE ENGINEERING _11 12 13 14 15 16_,88.000000,78.000000,69.000000,59.000000,49.000000,35.000000,NOV-DEC-2018,0,0,0,0,0
