Reg_No,Internal,External,Total,Grade,Time,Year,Type,Code,Credit,Title,Cut-Off-S,Cut-Off-A,Cut-Off-B,Cut-Off-C,Cut-Off-D,Cut-Off-E,Directory,Absentees,Malpractices,Detentions,NA,appeared
20140093,20.10,21,42.00,E,NOV-DEC,2018,BACK,CS1701,4.0,DISTRIBUTED SYSTEMS _11 12 13 14 15_,80.000000,71.000000,62.000000,53.000000,44.000000,35.000000,NOV-DEC-2018,0,0,0,0,0
20140546,16.40,9.5,26.00,F,NOV-DEC,2018,BACK,CS1701,4.0,DISTRIBUTED SYSTEMS _11 12 13 14 15_,80.000000,71.000000,62.000000,53.000000,44.000000,35.000000,NOV-DEC-2018,0,0,0,0,0
20130590,6.20,AB,0.00,I,NOV-DEC,2018,BACK,CS1701,4.0,DISTRIBUTED SYSTEMS _11 12 13 14 15_,80.000000,71.000000,62.000000,53.000000,44.000000,35.000000,NOV-DEC-2018,0,0,0,0,0
201311506,9.90,10,20.00,F,NOV-DEC,2018,BACK,CS1701,4.0,DISTRIBUTED SYSTEMS _11 12 13 14 15_,80.000000,71.000000,62.000000,53.000000,44.000000,35.000000,NOV-DEC-2018,0,0,0,0,0
