Reg_No,Internal,External,Total,Grade,Time,Year,Type,Code,Credit,Title,Cut-Off-S,Cut-Off-A,Cut-Off-B,Cut-Off-C,Cut-Off-D,Cut-Off-E,Directory,Absentees,Malpractices,Detentions,NA,appeared
20130696,15.40,AB,0.00,I,NOV-DEC,2018,BACK,EC1306,4.0,DIGITAL ELECTRONICS _11 12 13 14 15 16_,85.000000,75.000000,65.000000,55.000000,45.000000,35.000000,NOV-DEC-2018,0,0,0,0,0
201500865,13.75,AB,0.00,I,NOV-DEC,2018,BACK,EC1306,4.0,DIGITAL ELECTRONICS _11 12 13 14 15 16_,85.000000,75.000000,65.000000,55.000000,45.000000,35.000000,NOV-DEC-2018,0,0,0,0,0
201600017,18.00,16.5,35.00,E,NOV-DEC,2018,BACK,EC1306,4.0,DIGITAL ELECTRONICS _11 12 13 14 15 16_,85.000000,75.000000,65.000000,55.000000,45.000000,35.000000,NOV-DEC-2018,0,0,0,0,0
201600085,18.20,22.5,41.00,E,NOV-DEC,2018,BACK,EC1306,4.0,DIGITAL ELECTRONICS _11 12 13 14 15 16_,85.000000,75.000000,65.000000,55.000000,45.000000,35.000000,NOV-DEC-2018,0,0,0,0,0
201600518,18.45,25,44.00,E,NOV-DEC,2018,BACK,EC1306,4.0,DIGITAL ELECTRONICS _11 12 13 14 15 16_,85.000000,75.000000,65.000000,55.000000,45.000000,35.000000,NOV-DEC-2018,0,0,0,0,0
201612503,17.10,5,23.00,F,NOV-DEC,2018,BACK,EC1306,4.0,DIGITAL ELECTRONICS _11 12 13 14 15 16_,85.000000,75.000000,65.000000,55.000000,45.000000,35.000000,NOV-DEC-2018,0,0,0,0,0
