Reg_No,Internal,External,Total,Grade,Time,Year,Type,Code,Credit,Title,Cut-Off-S,Cut-Off-A,Cut-Off-B,Cut-Off-C,Cut-Off-D,Cut-Off-E,Directory,Absentees,Malpractices,Detentions,NA,appeared
20130031,14.05,13,28.00,F,NOV-DEC,2018,BACK,EC1305,4.0,SIGNALS & SYSTEM _11 12 13 14 15 16_,89.000000,78.000000,68.000000,57.000000,46.000000,35.000000,NOV-DEC-2018,0,0,0,0,0
20140615,18.80,AB,0.00,I,NOV-DEC,2018,BACK,EC1305,4.0,SIGNALS & SYSTEM _11 12 13 14 15 16_,89.000000,78.000000,68.000000,57.000000,46.000000,35.000000,NOV-DEC-2018,0,0,0,0,0
201500276,17.35,34.5,52.00,D,NOV-DEC,2018,BACK,EC1305,4.0,SIGNALS & SYSTEM _11 12 13 14 15 16_,89.000000,78.000000,68.000000,57.000000,46.000000,35.000000,NOV-DEC-2018,0,0,0,0,0
201500279,10.60,31.5,43.00,E,NOV-DEC,2018,BACK,EC1305,4.0,SIGNALS & SYSTEM _11 12 13 14 15 16_,89.000000,78.000000,68.000000,57.000000,46.000000,35.000000,NOV-DEC-2018,0,0,0,0,0
201500318,14.05,15.5,30.00,F,NOV-DEC,2018,BACK,EC1305,4.0,SIGNALS & SYSTEM _11 12 13 14 15 16_,89.000000,78.000000,68.000000,57.000000,46.000000,35.000000,NOV-DEC-2018,0,0,0,0,0
201500319,13.20,14.5,28.00,F,NOV-DEC,2018,BACK,EC1305,4.0,SIGNALS & SYSTEM _11 12 13 14 15 16_,89.000000,78.000000,68.000000,57.000000,46.000000,35.000000,NOV-DEC-2018,0,0,0,0,0
201500865,12.35,AB,0.00,I,NOV-DEC,2018,BACK,EC1305,4.0,SIGNALS & SYSTEM _11 12 13 14 15 16_,89.000000,78.000000,68.000000,57.000000,46.000000,35.000000,NOV-DEC-2018,0,0,0,0,0
201600185,13.20,AB,0.00,I,NOV-DEC,2018,BACK,EC1305,4.0,SIGNALS & SYSTEM _11 12 13 14 15 16_,89.000000,78.000000,68.000000,57.000000,46.000000,35.000000,NOV-DEC-2018,0,0,0,0,0
201612503,18.00,6.5,25.00,F,NOV-DEC,2018,BACK,EC1305,4.0,SIGNALS & SYSTEM _11 12 13 14 15 16_,89.000000,78.000000,68.000000,57.000000,46.000000,35.000000,NOV-DEC-2018,0,0,0,0,0
