Reg_No,Internal,External,Total,Grade,Time,Year,Type,Code,Credit,Title,Cut-Off-S,Cut-Off-A,Cut-Off-B,Cut-Off-C,Cut-Off-D,Cut-Off-E,Directory,Absentees,Malpractices,Detentions,NA,appeared
20140122,17.40,AB,0.00,I,NOV-DEC,2018,BACK,EC1308,4.0,NETWORK ANALYSIS & SYNTHESIS _15 16__EC1405 FOR 11 12 13 14_,88.000000,78.000000,67.000000,57.000000,46.000000,35.000000,NOV-DEC-2018,0,0,0,0,0
20140131,9.80,12.5,23.00,F,NOV-DEC,2018,BACK,EC1308,4.0,NETWORK ANALYSIS & SYNTHESIS _15 16__EC1405 FOR 11 12 13 14_,88.000000,78.000000,67.000000,57.000000,46.000000,35.000000,NOV-DEC-2018,0,0,0,0,0
20140159,17.30,11,29.00,F,NOV-DEC,2018,BACK,EC1308,4.0,NETWORK ANALYSIS & SYNTHESIS _15 16__EC1405 FOR 11 12 13 14_,88.000000,78.000000,67.000000,57.000000,46.000000,35.000000,NOV-DEC-2018,0,0,0,0,0
201500104,12.90,27.5,41.00,E,NOV-DEC,2018,BACK,EC1308,4.0,NETWORK ANALYSIS & SYNTHESIS _15 16__EC1405 FOR 11 12 13 14_,88.000000,78.000000,67.000000,57.000000,46.000000,35.000000,NOV-DEC-2018,0,0,0,0,0
201712501,18.50,AB,0.00,I,NOV-DEC,2018,BACK,EC1308,4.0,NETWORK ANALYSIS & SYNTHESIS _15 16__EC1405 FOR 11 12 13 14_,88.000000,78.000000,67.000000,57.000000,46.000000,35.000000,NOV-DEC-2018,0,0,0,0,0
