Reg_No,Internal,External,Total,Grade,Time,Year,Type,Code,Credit,Title,Cut-Off-S,Cut-Off-A,Cut-Off-B,Cut-Off-C,Cut-Off-D,Cut-Off-E,Directory,Absentees,Malpractices,Detentions,NA,appeared
20120192,14.60,21,36.00,E,NOV-DEC,2018,BACK,EC1505,4.0,DIGITAL SIGNAL PROCESSING _11 12 13 14 15 16_,89.000000,78.000000,68.000000,57.000000,46.000000,35.000000,NOV-DEC-2018,0,0,0,0,0
20140122,11.70,0,12.00,F,NOV-DEC,2018,BACK,EC1505,4.0,DIGITAL SIGNAL PROCESSING _11 12 13 14 15 16_,89.000000,78.000000,68.000000,57.000000,46.000000,35.000000,NOV-DEC-2018,0,0,0,0,0
201500192,21.75,16,38.00,E,NOV-DEC,2018,BACK,EC1505,4.0,DIGITAL SIGNAL PROCESSING _11 12 13 14 15 16_,89.000000,78.000000,68.000000,57.000000,46.000000,35.000000,NOV-DEC-2018,0,0,0,0,0
201500865,18.65,21.5,41.00,E,NOV-DEC,2018,BACK,EC1505,4.0,DIGITAL SIGNAL PROCESSING _11 12 13 14 15 16_,89.000000,78.000000,68.000000,57.000000,46.000000,35.000000,NOV-DEC-2018,0,0,0,0,0
201612505,19.50,16.5,36.00,E,NOV-DEC,2018,BACK,EC1505,4.0,DIGITAL SIGNAL PROCESSING _11 12 13 14 15 16_,89.000000,78.000000,68.000000,57.000000,46.000000,35.000000,NOV-DEC-2018,0,0,0,0,0
