Reg_No,Internal,External,Total,Grade,Time,Year,Type,Code,Credit,Title,Cut-Off-S,Cut-Off-A,Cut-Off-B,Cut-Off-C,Cut-Off-D,Cut-Off-E,Directory,Absentees,Malpractices,Detentions,NA,appeared
20120283,17.30,AB,0.00,I,NOV-DEC,2018,BACK,EE1501,4.0,POWER ELECTRONICS _11 12 13 14 15 16_,84.000000,74.000000,65.000000,55.000000,45.000000,35.000000,NOV-DEC-2018,0,0,0,0,0
20130647,20.00,AB,0.00,I,NOV-DEC,2018,BACK,EE1501,4.0,POWER ELECTRONICS _11 12 13 14 15 16_,84.000000,74.000000,65.000000,55.000000,45.000000,35.000000,NOV-DEC-2018,0,0,0,0,0
201613503,18.40,18,37.00,E,NOV-DEC,2018,BACK,EE1501,4.0,POWER ELECTRONICS _11 12 13 14 15 16_,84.000000,74.000000,65.000000,55.000000,45.000000,35.000000,NOV-DEC-2018,0,0,0,0,0
