Reg_No,Internal,External,Total,Grade,Time,Year,Type,Code,Credit,Title,Cut-Off-S,Cut-Off-A,Cut-Off-B,Cut-Off-C,Cut-Off-D,Cut-Off-E,Directory,Absentees,Malpractices,Detentions,NA,appeared
20130192,22.30,12.75,36.00,E,NOV-DEC,2018,NORMAL,EE1736,4.0,FLEXIBLE AC TRANSMISSION SYSTEMS _ELECTIVE II_,80.000000,71.000000,62.000000,53.000000,44.000000,35.000000,NOV-DEC-2018,0,0,0,0,6
201500139,30.70,31,62.00,B,NOV-DEC,2018,NORMAL,EE1736,4.0,FLEXIBLE AC TRANSMISSION SYSTEMS _ELECTIVE II_,80.000000,71.000000,62.000000,53.000000,44.000000,35.000000,NOV-DEC-2018,0,0,0,0,6
201500168,19.70,29.5,50.00,D,NOV-DEC,2018,NORMAL,EE1736,4.0,FLEXIBLE AC TRANSMISSION SYSTEMS _ELECTIVE II_,80.000000,71.000000,62.000000,53.000000,44.000000,35.000000,NOV-DEC-2018,0,0,0,0,6
201500179,22.60,27.5,51.00,D,NOV-DEC,2018,NORMAL,EE1736,4.0,FLEXIBLE AC TRANSMISSION SYSTEMS _ELECTIVE II_,80.000000,71.000000,62.000000,53.000000,44.000000,35.000000,NOV-DEC-2018,0,0,0,0,6
201500230,33.60,35.5,70.00,B,NOV-DEC,2018,NORMAL,EE1736,4.0,FLEXIBLE AC TRANSMISSION SYSTEMS _ELECTIVE II_,80.000000,71.000000,62.000000,53.000000,44.000000,35.000000,NOV-DEC-2018,0,0,0,0,6
201613510,19.60,19.5,40.00,E,NOV-DEC,2018,NORMAL,EE1736,4.0,FLEXIBLE AC TRANSMISSION SYSTEMS _ELECTIVE II_,80.000000,71.000000,62.000000,53.000000,44.000000,35.000000,NOV-DEC-2018,0,0,0,0,6
