Reg_No,Internal,External,Total,Grade,Time,Year,Type,Code,Credit,Title,Cut-Off-S,Cut-Off-A,Cut-Off-B,Cut-Off-C,Cut-Off-D,Cut-Off-E,Directory,Absentees,Malpractices,Detentions,NA,appeared
20140674,34.10,40.5,75.00,B,NOV-DEC,2018,NORMAL,IT1739,4.0,PATTERN RECOGNITION _ELECTIVE III_,89.000000,80.000000,71.000000,63.000000,54.000000,45.000000,NOV-DEC-2018,0,0,0,0,8
20140692,29.30,30,60.00,D,NOV-DEC,2018,NORMAL,IT1739,4.0,PATTERN RECOGNITION _ELECTIVE III_,89.000000,80.000000,71.000000,63.000000,54.000000,45.000000,NOV-DEC-2018,0,0,0,0,8
201500009,32.10,41,74.00,B,NOV-DEC,2018,NORMAL,IT1739,4.0,PATTERN RECOGNITION _ELECTIVE III_,89.000000,80.000000,71.000000,63.000000,54.000000,45.000000,NOV-DEC-2018,0,0,0,0,8
201500022,44.60,47,92.00,S,NOV-DEC,2018,NORMAL,IT1739,4.0,PATTERN RECOGNITION _ELECTIVE III_,89.000000,80.000000,71.000000,63.000000,54.000000,45.000000,NOV-DEC-2018,0,0,0,0,8
201500301,32.50,41,74.00,B,NOV-DEC,2018,NORMAL,IT1739,4.0,PATTERN RECOGNITION _ELECTIVE III_,89.000000,80.000000,71.000000,63.000000,54.000000,45.000000,NOV-DEC-2018,0,0,0,0,8
201500413,38.00,41.5,80.00,A,NOV-DEC,2018,NORMAL,IT1739,4.0,PATTERN RECOGNITION _ELECTIVE III_,89.000000,80.000000,71.000000,63.000000,54.000000,45.000000,NOV-DEC-2018,0,0,0,0,8
201500417,39.40,38.5,78.00,B,NOV-DEC,2018,NORMAL,IT1739,4.0,PATTERN RECOGNITION _ELECTIVE III_,89.000000,80.000000,71.000000,63.000000,54.000000,45.000000,NOV-DEC-2018,0,0,0,0,8
201500529,34.90,42,77.00,B,NOV-DEC,2018,NORMAL,IT1739,4.0,PATTERN RECOGNITION _ELECTIVE III_,89.000000,80.000000,71.000000,63.000000,54.000000,45.000000,NOV-DEC-2018,0,0,0,0,8
