Reg_No,Internal,External,Total,Grade,Time,Year,Type,Code,Credit,Title,Cut-Off-S,Cut-Off-A,Cut-Off-B,Cut-Off-C,Cut-Off-D,Cut-Off-E,Directory,Absentees,Malpractices,Detentions,NA,appeared
20140674,44.40,32,77.00,B,NOV-DEC,2018,NORMAL,IT1735,4.0,E COMMERCE _ELECTIVE II_,88.000000,79.000000,71.000000,62.000000,54.000000,45.000000,NOV-DEC-2018,0,0,0,0,8
20140692,42.30,31,74.00,B,NOV-DEC,2018,NORMAL,IT1735,4.0,E COMMERCE _ELECTIVE II_,88.000000,79.000000,71.000000,62.000000,54.000000,45.000000,NOV-DEC-2018,0,0,0,0,8
201500009,40.80,32.5,74.00,B,NOV-DEC,2018,NORMAL,IT1735,4.0,E COMMERCE _ELECTIVE II_,88.000000,79.000000,71.000000,62.000000,54.000000,45.000000,NOV-DEC-2018,0,0,0,0,8
201500022,44.90,43,88.00,S,NOV-DEC,2018,NORMAL,IT1735,4.0,E COMMERCE _ELECTIVE II_,88.000000,79.000000,71.000000,62.000000,54.000000,45.000000,NOV-DEC-2018,0,0,0,0,8
201500301,41.10,40,82.00,A,NOV-DEC,2018,NORMAL,IT1735,4.0,E COMMERCE _ELECTIVE II_,88.000000,79.000000,71.000000,62.000000,54.000000,45.000000,NOV-DEC-2018,0,0,0,0,8
201500413,40.20,36.5,77.00,B,NOV-DEC,2018,NORMAL,IT1735,4.0,E COMMERCE _ELECTIVE II_,88.000000,79.000000,71.000000,62.000000,54.000000,45.000000,NOV-DEC-2018,0,0,0,0,8
201500417,46.30,39.5,86.00,A,NOV-DEC,2018,NORMAL,IT1735,4.0,E COMMERCE _ELECTIVE II_,88.000000,79.000000,71.000000,62.000000,54.000000,45.000000,NOV-DEC-2018,0,0,0,0,8
201500529,43.60,38.5,83.00,A,NOV-DEC,2018,NORMAL,IT1735,4.0,E COMMERCE _ELECTIVE II_,88.000000,79.000000,71.000000,62.000000,54.000000,45.000000,NOV-DEC-2018,0,0,0,0,8
