Reg_No,Internal,External,Total,Grade,Time,Year,Type,Code,Credit,Title,Cut-Off-S,Cut-Off-A,Cut-Off-B,Cut-Off-C,Cut-Off-D,Cut-Off-E,Directory,Absentees,Malpractices,Detentions,NA,appeared
20140674,0.00,90,90.00,S,NOV-DEC,2018,NORMAL,IT1781,1.0,INDUSTRIAL TRAINING & SEMINAR,90.000000,82.000000,74.000000,66.000000,58.000000,50.000000,NOV-DEC-2018,0,0,0,0,8
20140692,0.00,90,90.00,S,NOV-DEC,2018,NORMAL,IT1781,1.0,INDUSTRIAL TRAINING & SEMINAR,90.000000,82.000000,74.000000,66.000000,58.000000,50.000000,NOV-DEC-2018,0,0,0,0,8
201500009,0.00,90,90.00,S,NOV-DEC,2018,NORMAL,IT1781,1.0,INDUSTRIAL TRAINING & SEMINAR,90.000000,82.000000,74.000000,66.000000,58.000000,50.000000,NOV-DEC-2018,0,0,0,0,8
201500022,0.00,82.5,83.00,A,NOV-DEC,2018,NORMAL,IT1781,1.0,INDUSTRIAL TRAINING & SEMINAR,90.000000,82.000000,74.000000,66.000000,58.000000,50.000000,NOV-DEC-2018,0,0,0,0,8
201500301,0.00,90,90.00,S,NOV-DEC,2018,NORMAL,IT1781,1.0,INDUSTRIAL TRAINING & SEMINAR,90.000000,82.000000,74.000000,66.000000,58.000000,50.000000,NOV-DEC-2018,0,0,0,0,8
201500413,0.00,90,90.00,S,NOV-DEC,2018,NORMAL,IT1781,1.0,INDUSTRIAL TRAINING & SEMINAR,90.000000,82.000000,74.000000,66.000000,58.000000,50.000000,NOV-DEC-2018,0,0,0,0,8
201500417,0.00,90,90.00,S,NOV-DEC,2018,NORMAL,IT1781,1.0,INDUSTRIAL TRAINING & SEMINAR,90.000000,82.000000,74.000000,66.000000,58.000000,50.000000,NOV-DEC-2018,0,0,0,0,8
201500529,0.00,82.5,83.00,A,NOV-DEC,2018,NORMAL,IT1781,1.0,INDUSTRIAL TRAINING & SEMINAR,90.000000,82.000000,74.000000,66.000000,58.000000,50.000000,NOV-DEC-2018,0,0,0,0,8
