Reg_No,Internal,External,Total,Grade,Time,Year,Type,Code,Credit,Title,Cut-Off-S,Cut-Off-A,Cut-Off-B,Cut-Off-C,Cut-Off-D,Cut-Off-E,Directory,Absentees,Malpractices,Detentions,NA,appeared
20140674,36.70,39.5,77.00,B,NOV-DEC,2018,NORMAL,IT1702,4.0,WEB TECHNOLOGY & WEB SERVICES,90.000000,81.000000,72.000000,63.000000,54.000000,45.000000,NOV-DEC-2018,0,0,0,0,8
20140692,27.60,33,61.00,D,NOV-DEC,2018,NORMAL,IT1702,4.0,WEB TECHNOLOGY & WEB SERVICES,90.000000,81.000000,72.000000,63.000000,54.000000,45.000000,NOV-DEC-2018,0,0,0,0,8
201500009,36.80,41,78.00,B,NOV-DEC,2018,NORMAL,IT1702,4.0,WEB TECHNOLOGY & WEB SERVICES,90.000000,81.000000,72.000000,63.000000,54.000000,45.000000,NOV-DEC-2018,0,0,0,0,8
201500022,41.40,46.5,88.00,A,NOV-DEC,2018,NORMAL,IT1702,4.0,WEB TECHNOLOGY & WEB SERVICES,90.000000,81.000000,72.000000,63.000000,54.000000,45.000000,NOV-DEC-2018,0,0,0,0,8
201500301,40.70,45,86.00,A,NOV-DEC,2018,NORMAL,IT1702,4.0,WEB TECHNOLOGY & WEB SERVICES,90.000000,81.000000,72.000000,63.000000,54.000000,45.000000,NOV-DEC-2018,0,0,0,0,8
201500413,44.50,48,93.00,S,NOV-DEC,2018,NORMAL,IT1702,4.0,WEB TECHNOLOGY & WEB SERVICES,90.000000,81.000000,72.000000,63.000000,54.000000,45.000000,NOV-DEC-2018,0,0,0,0,8
201500417,42.00,45.5,88.00,A,NOV-DEC,2018,NORMAL,IT1702,4.0,WEB TECHNOLOGY & WEB SERVICES,90.000000,81.000000,72.000000,63.000000,54.000000,45.000000,NOV-DEC-2018,0,0,0,0,8
201500529,38.70,42.5,82.00,A,NOV-DEC,2018,NORMAL,IT1702,4.0,WEB TECHNOLOGY & WEB SERVICES,90.000000,81.000000,72.000000,63.000000,54.000000,45.000000,NOV-DEC-2018,0,0,0,0,8
