Reg_No,Internal,External,Total,Grade,Time,Year,Type,Code,Credit,Title,Cut-Off-S,Cut-Off-A,Cut-Off-B,Cut-Off-C,Cut-Off-D,Cut-Off-E,Directory,Absentees,Malpractices,Detentions,NA,appeared
20140674,65.00,15,80.00,A,NOV-DEC,2018,NORMAL,IT1762,1.5,MULTIMEDIA COMPUTING & COMMUNICATIONS LAB,85.000000,78.000000,71.000000,64.000000,57.000000,50.000000,NOV-DEC-2018,0,0,0,0,8
20140692,62.75,9,72.00,B,NOV-DEC,2018,NORMAL,IT1762,1.5,MULTIMEDIA COMPUTING & COMMUNICATIONS LAB,85.000000,78.000000,71.000000,64.000000,57.000000,50.000000,NOV-DEC-2018,0,0,0,0,8
201500009,58.00,17.5,76.00,B,NOV-DEC,2018,NORMAL,IT1762,1.5,MULTIMEDIA COMPUTING & COMMUNICATIONS LAB,85.000000,78.000000,71.000000,64.000000,57.000000,50.000000,NOV-DEC-2018,0,0,0,0,8
201500022,62.50,13.5,76.00,B,NOV-DEC,2018,NORMAL,IT1762,1.5,MULTIMEDIA COMPUTING & COMMUNICATIONS LAB,85.000000,78.000000,71.000000,64.000000,57.000000,50.000000,NOV-DEC-2018,0,0,0,0,8
201500301,59.75,18,78.00,A,NOV-DEC,2018,NORMAL,IT1762,1.5,MULTIMEDIA COMPUTING & COMMUNICATIONS LAB,85.000000,78.000000,71.000000,64.000000,57.000000,50.000000,NOV-DEC-2018,0,0,0,0,8
201500413,62.00,20,82.00,A,NOV-DEC,2018,NORMAL,IT1762,1.5,MULTIMEDIA COMPUTING & COMMUNICATIONS LAB,85.000000,78.000000,71.000000,64.000000,57.000000,50.000000,NOV-DEC-2018,0,0,0,0,8
201500417,67.00,18,85.00,S,NOV-DEC,2018,NORMAL,IT1762,1.5,MULTIMEDIA COMPUTING & COMMUNICATIONS LAB,85.000000,78.000000,71.000000,64.000000,57.000000,50.000000,NOV-DEC-2018,0,0,0,0,8
201500529,66.00,13.5,80.00,A,NOV-DEC,2018,NORMAL,IT1762,1.5,MULTIMEDIA COMPUTING & COMMUNICATIONS LAB,85.000000,78.000000,71.000000,64.000000,57.000000,50.000000,NOV-DEC-2018,0,0,0,0,8
