Reg_No,Internal,External,Total,Grade,Time,Year,Type,Code,Credit,Title,Cut-Off-S,Cut-Off-A,Cut-Off-B,Cut-Off-C,Cut-Off-D,Cut-Off-E,Directory,Absentees,Malpractices,Detentions,NA,appeared
20140674,66.40,19,86.00,A,NOV-DEC,2018,NORMAL,IT1761,1.5,WEB TECHNOLOGY & WEB SERVICES LAB,90.000000,82.000000,74.000000,66.000000,58.000000,50.000000,NOV-DEC-2018,0,0,0,0,8
20140692,64.70,20,85.00,A,NOV-DEC,2018,NORMAL,IT1761,1.5,WEB TECHNOLOGY & WEB SERVICES LAB,90.000000,82.000000,74.000000,66.000000,58.000000,50.000000,NOV-DEC-2018,0,0,0,0,8
201500009,67.65,19,87.00,A,NOV-DEC,2018,NORMAL,IT1761,1.5,WEB TECHNOLOGY & WEB SERVICES LAB,90.000000,82.000000,74.000000,66.000000,58.000000,50.000000,NOV-DEC-2018,0,0,0,0,8
201500022,72.40,20,93.00,S,NOV-DEC,2018,NORMAL,IT1761,1.5,WEB TECHNOLOGY & WEB SERVICES LAB,90.000000,82.000000,74.000000,66.000000,58.000000,50.000000,NOV-DEC-2018,0,0,0,0,8
201500301,72.90,21,94.00,S,NOV-DEC,2018,NORMAL,IT1761,1.5,WEB TECHNOLOGY & WEB SERVICES LAB,90.000000,82.000000,74.000000,66.000000,58.000000,50.000000,NOV-DEC-2018,0,0,0,0,8
201500413,71.65,21,93.00,S,NOV-DEC,2018,NORMAL,IT1761,1.5,WEB TECHNOLOGY & WEB SERVICES LAB,90.000000,82.000000,74.000000,66.000000,58.000000,50.000000,NOV-DEC-2018,0,0,0,0,8
201500417,71.80,21,93.00,S,NOV-DEC,2018,NORMAL,IT1761,1.5,WEB TECHNOLOGY & WEB SERVICES LAB,90.000000,82.000000,74.000000,66.000000,58.000000,50.000000,NOV-DEC-2018,0,0,0,0,8
201500529,67.65,21,89.00,A,NOV-DEC,2018,NORMAL,IT1761,1.5,WEB TECHNOLOGY & WEB SERVICES LAB,90.000000,82.000000,74.000000,66.000000,58.000000,50.000000,NOV-DEC-2018,0,0,0,0,8
