Reg_No,Internal,External,Total,Grade,Time,Year,Type,Code,Credit,Title,Cut-Off-S,Cut-Off-A,Cut-Off-B,Cut-Off-C,Cut-Off-D,Cut-Off-E,Directory,Absentees,Malpractices,Detentions,NA,appeared
20140674,32.80,31,64.00,C,NOV-DEC,2018,NORMAL,IT1701,4.0,CRYPTOGRAPHY & NETWORK SECURITY,81.000000,74.000000,67.000000,59.000000,52.000000,45.000000,NOV-DEC-2018,0,0,0,0,8
20140692,34.80,19,54.00,D,NOV-DEC,2018,NORMAL,IT1701,4.0,CRYPTOGRAPHY & NETWORK SECURITY,81.000000,74.000000,67.000000,59.000000,52.000000,45.000000,NOV-DEC-2018,0,0,0,0,8
201500009,38.40,30,69.00,B,NOV-DEC,2018,NORMAL,IT1701,4.0,CRYPTOGRAPHY & NETWORK SECURITY,81.000000,74.000000,67.000000,59.000000,52.000000,45.000000,NOV-DEC-2018,0,0,0,0,8
201500022,37.70,41.5,80.00,A,NOV-DEC,2018,NORMAL,IT1701,4.0,CRYPTOGRAPHY & NETWORK SECURITY,81.000000,74.000000,67.000000,59.000000,52.000000,45.000000,NOV-DEC-2018,0,0,0,0,8
201500301,32.30,27,60.00,C,NOV-DEC,2018,NORMAL,IT1701,4.0,CRYPTOGRAPHY & NETWORK SECURITY,81.000000,74.000000,67.000000,59.000000,52.000000,45.000000,NOV-DEC-2018,0,0,0,0,8
201500413,39.50,37.5,77.00,A,NOV-DEC,2018,NORMAL,IT1701,4.0,CRYPTOGRAPHY & NETWORK SECURITY,81.000000,74.000000,67.000000,59.000000,52.000000,45.000000,NOV-DEC-2018,0,0,0,0,8
201500417,36.95,36,73.00,B,NOV-DEC,2018,NORMAL,IT1701,4.0,CRYPTOGRAPHY & NETWORK SECURITY,81.000000,74.000000,67.000000,59.000000,52.000000,45.000000,NOV-DEC-2018,0,0,0,0,8
201500529,38.40,18.5,57.00,D,NOV-DEC,2018,NORMAL,IT1701,4.0,CRYPTOGRAPHY & NETWORK SECURITY,81.000000,74.000000,67.000000,59.000000,52.000000,45.000000,NOV-DEC-2018,0,0,0,0,8
