Reg_No,Internal,External,Total,Grade,Time,Year,Type,Code,Credit,Title,Cut-Off-S,Cut-Off-A,Cut-Off-B,Cut-Off-C,Cut-Off-D,Cut-Off-E,Directory,Absentees,Malpractices,Detentions,NA,appeared
20140674,40.15,29.5,70.00,B,NOV-DEC,2018,NORMAL,IT1704,4.0,MULTIMEDIA COMPUTING & COMMUNICATIONS,86.000000,78.000000,70.000000,61.000000,53.000000,45.000000,NOV-DEC-2018,0,0,0,0,8
20140692,32.40,15.5,48.00,E,NOV-DEC,2018,NORMAL,IT1704,4.0,MULTIMEDIA COMPUTING & COMMUNICATIONS,86.000000,78.000000,70.000000,61.000000,53.000000,45.000000,NOV-DEC-2018,0,0,0,0,8
201500009,33.05,32.25,66.00,C,NOV-DEC,2018,NORMAL,IT1704,4.0,MULTIMEDIA COMPUTING & COMMUNICATIONS,86.000000,78.000000,70.000000,61.000000,53.000000,45.000000,NOV-DEC-2018,0,0,0,0,8
201500022,41.10,40,82.00,A,NOV-DEC,2018,NORMAL,IT1704,4.0,MULTIMEDIA COMPUTING & COMMUNICATIONS,86.000000,78.000000,70.000000,61.000000,53.000000,45.000000,NOV-DEC-2018,0,0,0,0,8
201500301,31.45,27,59.00,D,NOV-DEC,2018,NORMAL,IT1704,4.0,MULTIMEDIA COMPUTING & COMMUNICATIONS,86.000000,78.000000,70.000000,61.000000,53.000000,45.000000,NOV-DEC-2018,0,0,0,0,8
201500413,36.70,32,69.00,C,NOV-DEC,2018,NORMAL,IT1704,4.0,MULTIMEDIA COMPUTING & COMMUNICATIONS,86.000000,78.000000,70.000000,61.000000,53.000000,45.000000,NOV-DEC-2018,0,0,0,0,8
201500417,39.65,43,83.00,A,NOV-DEC,2018,NORMAL,IT1704,4.0,MULTIMEDIA COMPUTING & COMMUNICATIONS,86.000000,78.000000,70.000000,61.000000,53.000000,45.000000,NOV-DEC-2018,0,0,0,0,8
201500529,34.65,35.5,71.00,B,NOV-DEC,2018,NORMAL,IT1704,4.0,MULTIMEDIA COMPUTING & COMMUNICATIONS,86.000000,78.000000,70.000000,61.000000,53.000000,45.000000,NOV-DEC-2018,0,0,0,0,8
