Reg_No,Internal,External,Total,Grade,Time,Year,Type,Code,Credit,Title,Cut-Off-S,Cut-Off-A,Cut-Off-B,Cut-Off-C,Cut-Off-D,Cut-Off-E,Directory,Absentees,Malpractices,Detentions,NA,appeared
20140674,40.57,43.5,85.00,A,NOV-DEC,2018,NORMAL,IT1771,2.0,MINI PROJECT,90.000000,82.000000,74.000000,66.000000,58.000000,50.000000,NOV-DEC-2018,0,0,0,0,8
20140692,40.29,43.5,84.00,A,NOV-DEC,2018,NORMAL,IT1771,2.0,MINI PROJECT,90.000000,82.000000,74.000000,66.000000,58.000000,50.000000,NOV-DEC-2018,0,0,0,0,8
201500009,40.29,43.25,84.00,A,NOV-DEC,2018,NORMAL,IT1771,2.0,MINI PROJECT,90.000000,82.000000,74.000000,66.000000,58.000000,50.000000,NOV-DEC-2018,0,0,0,0,8
201500022,43.86,45.5,90.00,S,NOV-DEC,2018,NORMAL,IT1771,2.0,MINI PROJECT,90.000000,82.000000,74.000000,66.000000,58.000000,50.000000,NOV-DEC-2018,0,0,0,0,8
201500301,41.29,45,87.00,A,NOV-DEC,2018,NORMAL,IT1771,2.0,MINI PROJECT,90.000000,82.000000,74.000000,66.000000,58.000000,50.000000,NOV-DEC-2018,0,0,0,0,8
201500413,41.29,45,87.00,A,NOV-DEC,2018,NORMAL,IT1771,2.0,MINI PROJECT,90.000000,82.000000,74.000000,66.000000,58.000000,50.000000,NOV-DEC-2018,0,0,0,0,8
201500417,43.71,45.5,90.00,S,NOV-DEC,2018,NORMAL,IT1771,2.0,MINI PROJECT,90.000000,82.000000,74.000000,66.000000,58.000000,50.000000,NOV-DEC-2018,0,0,0,0,8
201500529,40.00,43.25,84.00,A,NOV-DEC,2018,NORMAL,IT1771,2.0,MINI PROJECT,90.000000,82.000000,74.000000,66.000000,58.000000,50.000000,NOV-DEC-2018,0,0,0,0,8
