Reg_No,Internal,External,Total,Grade,Time,Year,Type,Code,Credit,Title,Cut-Off-S,Cut-Off-A,Cut-Off-B,Cut-Off-C,Cut-Off-D,Cut-Off-E,Directory,Absentees,Malpractices,Detentions,NA,appeared
20140674,36.55,38.25,75.00,B,NOV-DEC,2018,NORMAL,IT1705,4.0,CLOUD COMPUTING,85.000000,76.000000,66.000000,57.000000,47.000000,38.000000,NOV-DEC-2018,0,0,0,0,8
20140692,30.55,15.5,47.00,D,NOV-DEC,2018,NORMAL,IT1705,4.0,CLOUD COMPUTING,85.000000,76.000000,66.000000,57.000000,47.000000,38.000000,NOV-DEC-2018,0,0,0,0,8
201500009,34.95,26.5,62.00,C,NOV-DEC,2018,NORMAL,IT1705,4.0,CLOUD COMPUTING,85.000000,76.000000,66.000000,57.000000,47.000000,38.000000,NOV-DEC-2018,0,0,0,0,8
201500022,41.70,38,80.00,A,NOV-DEC,2018,NORMAL,IT1705,4.0,CLOUD COMPUTING,85.000000,76.000000,66.000000,57.000000,47.000000,38.000000,NOV-DEC-2018,0,0,0,0,8
201500301,35.60,15.75,52.00,D,NOV-DEC,2018,NORMAL,IT1705,4.0,CLOUD COMPUTING,85.000000,76.000000,66.000000,57.000000,47.000000,38.000000,NOV-DEC-2018,0,0,0,0,8
201500413,36.10,21.25,58.00,C,NOV-DEC,2018,NORMAL,IT1705,4.0,CLOUD COMPUTING,85.000000,76.000000,66.000000,57.000000,47.000000,38.000000,NOV-DEC-2018,0,0,0,0,8
201500417,43.30,40,84.00,A,NOV-DEC,2018,NORMAL,IT1705,4.0,CLOUD COMPUTING,85.000000,76.000000,66.000000,57.000000,47.000000,38.000000,NOV-DEC-2018,0,0,0,0,8
201500529,35.05,23.5,59.00,C,NOV-DEC,2018,NORMAL,IT1705,4.0,CLOUD COMPUTING,85.000000,76.000000,66.000000,57.000000,47.000000,38.000000,NOV-DEC-2018,0,0,0,0,8
