Reg_No,Internal,External,Total,Grade,Time,Year,Type,Code,Credit,Title,Cut-Off-S,Cut-Off-A,Cut-Off-B,Cut-Off-C,Cut-Off-D,Cut-Off-E,Directory,Absentees,Malpractices,Detentions,NA,appeared
20130242,12.50,AB,0.00,I,NOV-DEC,2018,BACK,MA1302,4.0,ENGINEERING MATHEMATICS III _12 13 14 15 16_,80.000000,71.000000,62.000000,53.000000,44.000000,35.000000,NOV-DEC-2018,0,0,0,0,0
20130248,5.60,38.5,45.00,D,NOV-DEC,2018,BACK,MA1302,4.0,ENGINEERING MATHEMATICS III _12 13 14 15 16_,80.000000,71.000000,62.000000,53.000000,44.000000,35.000000,NOV-DEC-2018,0,0,0,0,0
20130470,13.30,AB,0.00,I,NOV-DEC,2018,BACK,MA1302,4.0,ENGINEERING MATHEMATICS III _12 13 14 15 16_,80.000000,71.000000,62.000000,53.000000,44.000000,35.000000,NOV-DEC-2018,0,0,0,0,0
20130716,8.90,27,36.00,E,NOV-DEC,2018,BACK,MA1302,4.0,ENGINEERING MATHEMATICS III _12 13 14 15 16_,80.000000,71.000000,62.000000,53.000000,44.000000,35.000000,NOV-DEC-2018,0,0,0,0,0
20140552,6.60,28.5,36.00,E,NOV-DEC,2018,BACK,MA1302,4.0,ENGINEERING MATHEMATICS III _12 13 14 15 16_,80.000000,71.000000,62.000000,53.000000,44.000000,35.000000,NOV-DEC-2018,0,0,0,0,0
20140692,16.00,3.5,20.00,F,NOV-DEC,2018,BACK,MA1302,4.0,ENGINEERING MATHEMATICS III _12 13 14 15 16_,80.000000,71.000000,62.000000,53.000000,44.000000,35.000000,NOV-DEC-2018,0,0,0,0,0
