Reg_No,Internal,External,Total,Grade,Time,Year,Type,Code,Credit,Title,Cut-Off-S,Cut-Off-A,Cut-Off-B,Cut-Off-C,Cut-Off-D,Cut-Off-E,Directory,Absentees,Malpractices,Detentions,NA,appeared
20130335,16.70,7.5,25.00,F,NOV-DEC,2018,BACK,MA1501,4.0,STOCHASTIC PROCESSES AND NUMERICAL METHODS _15 16_,90.000000,79.000000,68.000000,57.000000,46.000000,35.000000,NOV-DEC-2018,0,0,0,0,0
20130437,17.30,17,35.00,E,NOV-DEC,2018,BACK,MA1501,4.0,STOCHASTIC PROCESSES AND NUMERICAL METHODS _15 16_,90.000000,79.000000,68.000000,57.000000,46.000000,35.000000,NOV-DEC-2018,0,0,0,0,0
20140655,12.70,14.5,28.00,F,NOV-DEC,2018,BACK,MA1501,4.0,STOCHASTIC PROCESSES AND NUMERICAL METHODS _15 16_,90.000000,79.000000,68.000000,57.000000,46.000000,35.000000,NOV-DEC-2018,0,0,0,0,0
201500061,17.60,1,19.00,F,NOV-DEC,2018,BACK,MA1501,4.0,STOCHASTIC PROCESSES AND NUMERICAL METHODS _15 16_,90.000000,79.000000,68.000000,57.000000,46.000000,35.000000,NOV-DEC-2018,0,0,0,0,0
201611506,12.50,11,24.00,F,NOV-DEC,2018,BACK,MA1501,4.0,STOCHASTIC PROCESSES AND NUMERICAL METHODS _15 16_,90.000000,79.000000,68.000000,57.000000,46.000000,35.000000,NOV-DEC-2018,0,0,0,0,0
