Reg_No,Internal,External,Total,Grade,Time,Year,Type,Code,Credit,Title,Cut-Off-S,Cut-Off-A,Cut-Off-B,Cut-Off-C,Cut-Off-D,Cut-Off-E,Directory,Absentees,Malpractices,Detentions,NA,appeared
20140742,18.10,AB,0.00,I,NOV-DEC,2018,BACK,ME1502,4.0,HEAT TRANSFER _11 12 13 14 15 16_,83.000000,74.000000,64.000000,55.000000,45.000000,35.000000,NOV-DEC-2018,0,0,0,0,0
201500270,21.20,19.5,41.00,E,NOV-DEC,2018,BACK,ME1502,4.0,HEAT TRANSFER _11 12 13 14 15 16_,83.000000,74.000000,64.000000,55.000000,45.000000,35.000000,NOV-DEC-2018,0,0,0,0,0
201500281,10.20,AB,0.00,I,NOV-DEC,2018,BACK,ME1502,4.0,HEAT TRANSFER _11 12 13 14 15 16_,83.000000,74.000000,64.000000,55.000000,45.000000,35.000000,NOV-DEC-2018,0,0,0,0,0
201500443,16.50,08,25.00,F,NOV-DEC,2018,BACK,ME1502,4.0,HEAT TRANSFER _11 12 13 14 15 16_,83.000000,74.000000,64.000000,55.000000,45.000000,35.000000,NOV-DEC-2018,0,0,0,0,0
