Reg_No,Internal,External,Total,Grade,Time,Year,Type,Code,Credit,Title,Cut-Off-S,Cut-Off-A,Cut-Off-B,Cut-Off-C,Cut-Off-D,Cut-Off-E,Directory,Absentees,Malpractices,Detentions,NA,appeared
20130070,12.50,4,17.00,F,NOV-DEC,2018,BACK,ME1701,4.0,MECHANICAL VIBRATIONS _11 12 13 14 15_,80.000000,71.000000,62.000000,53.000000,44.000000,35.000000,NOV-DEC-2018,0,0,0,0,0
20140055,10.30,30.5,41.00,E,NOV-DEC,2018,BACK,ME1701,4.0,MECHANICAL VIBRATIONS _11 12 13 14 15_,80.000000,71.000000,62.000000,53.000000,44.000000,35.000000,NOV-DEC-2018,0,0,0,0,0
20140234,18.50,0,19.00,F,NOV-DEC,2018,BACK,ME1701,4.0,MECHANICAL VIBRATIONS _11 12 13 14 15_,80.000000,71.000000,62.000000,53.000000,44.000000,35.000000,NOV-DEC-2018,0,0,0,0,0
