Reg_No,Internal,External,Total,Grade,Time,Year,Type,Code,Credit,Title,Cut-Off-S,Cut-Off-A,Cut-Off-B,Cut-Off-C,Cut-Off-D,Cut-Off-E,Directory,Absentees,Malpractices,Detentions,NA,appeared
201319014,17.17,35.5,53.00,C,MAY-JUNE,2016,BACK,BA1406,4.0,PROJECT MANAGEMENT _13 14_,82.000000,72.000000,63.000000,53.000000,44.000000,35.000000,MAY-JUNE-2016,0,0,0,0,0
201319015,17.28,30.5,48.00,D,MAY-JUNE,2016,BACK,BA1406,4.0,PROJECT MANAGEMENT _13 14_,82.000000,72.000000,63.000000,53.000000,44.000000,35.000000,MAY-JUNE-2016,0,0,0,0,0
201319021,12.12,AB,0.00,I,MAY-JUNE,2016,BACK,BA1406,4.0,PROJECT MANAGEMENT _13 14_,82.000000,72.000000,63.000000,53.000000,44.000000,35.000000,MAY-JUNE-2016,0,0,0,0,0
201319024,18.14,29.25,48.00,D,MAY-JUNE,2016,BACK,BA1406,4.0,PROJECT MANAGEMENT _13 14_,82.000000,72.000000,63.000000,53.000000,44.000000,35.000000,MAY-JUNE-2016,0,0,0,0,0
201319031,10.82,31.5,43.00,E,MAY-JUNE,2016,BACK,BA1406,4.0,PROJECT MANAGEMENT _13 14_,82.000000,72.000000,63.000000,53.000000,44.000000,35.000000,MAY-JUNE-2016,0,0,0,0,0
