Reg_No,Internal,External,Total,Grade,Time,Year,Type,Code,Credit,Title,Cut-Off-S,Cut-Off-A,Cut-Off-B,Cut-Off-C,Cut-Off-D,Cut-Off-E,Directory,Absentees,Malpractices,Detentions,NA,appeared
201423018,12.00,14.5,27.00,F,MAY-JUNE,2016,BACK,BA2202,4.0,FINANCIAL MANAGEMENT _12 13 14 15_,82.000000,72.000000,63.000000,53.000000,44.000000,35.000000,MAY-JUNE-2016,0,0,0,0,0
201423003,14.20,09,24.00,F,MAY-JUNE,2016,BACK,BA2202,4.0,FINANCIAL MANAGEMENT _12 13 14 15_,82.000000,72.000000,63.000000,53.000000,44.000000,35.000000,MAY-JUNE-2016,0,0,0,0,0
201423014,15.00,22,37.00,E,MAY-JUNE,2016,BACK,BA2202,4.0,FINANCIAL MANAGEMENT _12 13 14 15_,82.000000,72.000000,63.000000,53.000000,44.000000,35.000000,MAY-JUNE-2016,0,0,0,0,0
