Reg_No,Internal,External,Total,Grade,Time,Year,Type,Code,Credit,Title,Cut-Off-S,Cut-Off-A,Cut-Off-B,Cut-Off-C,Cut-Off-D,Cut-Off-E,Directory,Absentees,Malpractices,Detentions,NA,appeared
20120256,16.60,04.00,21.00,F,MAY-JUNE,2016,BACK,CE601,4.0,GEOTECHNICAL ENGINEERING II _9 10 11 12_,80.000000,71.000000,62.000000,53.000000,44.000000,35.000000,MAY-JUNE-2016,0,0,0,0,0
20120123,11.90,9.75,22.00,F,MAY-JUNE,2016,BACK,CE601,4.0,GEOTECHNICAL ENGINEERING II _9 10 11 12_,80.000000,71.000000,62.000000,53.000000,44.000000,35.000000,MAY-JUNE-2016,0,0,0,0,0
20110323,10.40,15.00,26.00,F,MAY-JUNE,2016,BACK,CE601,4.0,GEOTECHNICAL ENGINEERING II _9 10 11 12_,80.000000,71.000000,62.000000,53.000000,44.000000,35.000000,MAY-JUNE-2016,0,0,0,0,0
20120714,18.60,10.00,29.00,F,MAY-JUNE,2016,BACK,CE601,4.0,GEOTECHNICAL ENGINEERING II _9 10 11 12_,80.000000,71.000000,62.000000,53.000000,44.000000,35.000000,MAY-JUNE-2016,0,0,0,0,0
201318514,9.70,22.00,32.00,F,MAY-JUNE,2016,BACK,CE601,4.0,GEOTECHNICAL ENGINEERING II _9 10 11 12_,80.000000,71.000000,62.000000,53.000000,44.000000,35.000000,MAY-JUNE-2016,0,0,0,0,0
