Reg_No,Internal,External,Total,Grade,Time,Year,Type,Code,Credit,Title,Cut-Off-S,Cut-Off-A,Cut-Off-B,Cut-Off-C,Cut-Off-D,Cut-Off-E,Directory,Absentees,Malpractices,Detentions,NA,appeared
20130649,21.00,25,46.00,D,MAY-JUNE,2016,BACK,CH1111,2.0,ENVIRONMENTAL SCIENCE _13 14 15_,85.000000,75.000000,65.000000,55.000000,45.000000,35.000000,MAY-JUNE-2016,0,0,0,0,0
201500188,20.10,18,39.00,E,MAY-JUNE,2016,BACK,CH1111,2.0,ENVIRONMENTAL SCIENCE _13 14 15_,85.000000,75.000000,65.000000,55.000000,45.000000,35.000000,MAY-JUNE-2016,0,0,0,0,0
201500263,13.40,15,29.00,F,MAY-JUNE,2016,BACK,CH1111,2.0,ENVIRONMENTAL SCIENCE _13 14 15_,85.000000,75.000000,65.000000,55.000000,45.000000,35.000000,MAY-JUNE-2016,0,0,0,0,0
201500320,13.90,21.5,36.00,E,MAY-JUNE,2016,BACK,CH1111,2.0,ENVIRONMENTAL SCIENCE _13 14 15_,85.000000,75.000000,65.000000,55.000000,45.000000,35.000000,MAY-JUNE-2016,0,0,0,0,0
201500698,10.80,23.5,35.00,E,MAY-JUNE,2016,BACK,CH1111,2.0,ENVIRONMENTAL SCIENCE _13 14 15_,85.000000,75.000000,65.000000,55.000000,45.000000,35.000000,MAY-JUNE-2016,0,0,0,0,0
