Reg_No,Internal,External,Total,Grade,Time,Year,Type,Code,Credit,Title,Cut-Off-S,Cut-Off-A,Cut-Off-B,Cut-Off-C,Cut-Off-D,Cut-Off-E,Directory,Absentees,Malpractices,Detentions,NA,appeared
20130289,20.60,24.5,46.00,D,MAY-JUNE,2016,BACK,EE1406,4.0,ANALOG SYSTEMS DESIGN _9 10 11 12 13 14_,80.000000,71.000000,62.000000,53.000000,44.000000,35.000000,MAY-JUNE-2016,0,0,0,0,0
20130482,22.60,19.5,43.00,E,MAY-JUNE,2016,BACK,EE1406,4.0,ANALOG SYSTEMS DESIGN _9 10 11 12 13 14_,80.000000,71.000000,62.000000,53.000000,44.000000,35.000000,MAY-JUNE-2016,0,0,0,0,0
20130655,20.70,10.5,32.00,F,MAY-JUNE,2016,BACK,EE1406,4.0,ANALOG SYSTEMS DESIGN _9 10 11 12 13 14_,80.000000,71.000000,62.000000,53.000000,44.000000,35.000000,MAY-JUNE-2016,0,0,0,0,0
