Reg_No,Internal,External,Total,Grade,Time,Year,Type,Code,Credit,Title,Cut-Off-S,Cut-Off-A,Cut-Off-B,Cut-Off-C,Cut-Off-D,Cut-Off-E,Directory,Absentees,Malpractices,Detentions,NA,appeared
201416012,17.90,AB,0.00,I,MAY-JUNE,2016,BACK,MA1204,4.0,MATHEMATICS II _12 13 14 15_,80.000000,71.000000,62.000000,53.000000,44.000000,35.000000,MAY-JUNE-2016,0,0,0,0,0
201416015,18.00,25,43.00,E,MAY-JUNE,2016,BACK,MA1204,4.0,MATHEMATICS II _12 13 14 15_,80.000000,71.000000,62.000000,53.000000,44.000000,35.000000,MAY-JUNE-2016,0,0,0,0,0
201416017,16.60,18,35.00,E,MAY-JUNE,2016,BACK,MA1204,4.0,MATHEMATICS II _12 13 14 15_,80.000000,71.000000,62.000000,53.000000,44.000000,35.000000,MAY-JUNE-2016,0,0,0,0,0
201416025,9.90,13,23.00,F,MAY-JUNE,2016,BACK,MA1204,4.0,MATHEMATICS II _12 13 14 15_,80.000000,71.000000,62.000000,53.000000,44.000000,35.000000,MAY-JUNE-2016,0,0,0,0,0
201316023,17.20,00,18.00,F,MAY-JUNE,2016,BACK,MA1204,4.0,MATHEMATICS II _12 13 14 15_,80.000000,71.000000,62.000000,53.000000,44.000000,35.000000,MAY-JUNE-2016,0,0,0,0,0
