Reg_No,Internal,External,Total,Grade,Time,Year,Type,Code,Credit,Title,Cut-Off-S,Cut-Off-A,Cut-Off-B,Cut-Off-C,Cut-Off-D,Cut-Off-E,Directory,Absentees,Malpractices,Detentions,NA,appeared
201319014,18.30,6.5,25.00,F,MAY-JUNE,2016,BACK,MA1205,4.0,BUSINESS MATHEMATICS _10 11 12 13 14 15_,80.000000,71.000000,62.000000,53.000000,44.000000,35.000000,MAY-JUNE-2016,0,0,0,0,0
201319024,17.30,00,18.00,F,MAY-JUNE,2016,BACK,MA1205,4.0,BUSINESS MATHEMATICS _10 11 12 13 14 15_,80.000000,71.000000,62.000000,53.000000,44.000000,35.000000,MAY-JUNE-2016,0,0,0,0,0
201319027,13.00,AB,0.00,I,MAY-JUNE,2016,BACK,MA1205,4.0,BUSINESS MATHEMATICS _10 11 12 13 14 15_,80.000000,71.000000,62.000000,53.000000,44.000000,35.000000,MAY-JUNE-2016,0,0,0,0,0
201319038,15.20,0.5,16.00,F,MAY-JUNE,2016,BACK,MA1205,4.0,BUSINESS MATHEMATICS _10 11 12 13 14 15_,80.000000,71.000000,62.000000,53.000000,44.000000,35.000000,MAY-JUNE-2016,0,0,0,0,0
201319036,13.60,12.5,27.00,F,MAY-JUNE,2016,BACK,MA1205,4.0,BUSINESS MATHEMATICS _10 11 12 13 14 15_,80.000000,71.000000,62.000000,53.000000,44.000000,35.000000,MAY-JUNE-2016,0,0,0,0,0
