Reg_No,Internal,External,Total,Grade,Time,Year,Type,Code,Credit,Title,Cut-Off-S,Cut-Off-A,Cut-Off-B,Cut-Off-C,Cut-Off-D,Cut-Off-E,Directory,Absentees,Malpractices,Detentions,NA,appeared
20122417,17.20,AB,0.00,I,MAY_JUNE,2015,BACK,BBA201,4.0,BUSINESS MATHEMATICS,80.000000,71.000000,62.000000,53.000000,44.000000,35.000000,MAY_JUNE_2015,0,0,0,0,0
20122435,14.90,AB,0.00,I,MAY_JUNE,2015,BACK,BBA201,4.0,BUSINESS MATHEMATICS,80.000000,71.000000,62.000000,53.000000,44.000000,35.000000,MAY_JUNE_2015,0,0,0,0,0
201319002,9.80,08,18.00,F,MAY_JUNE,2015,BACK,BBA201,4.0,BUSINESS MATHEMATICS,80.000000,71.000000,62.000000,53.000000,44.000000,35.000000,MAY_JUNE_2015,0,0,0,0,0
201319014,18.30,03,22.00,F,MAY_JUNE,2015,BACK,BBA201,4.0,BUSINESS MATHEMATICS,80.000000,71.000000,62.000000,53.000000,44.000000,35.000000,MAY_JUNE_2015,0,0,0,0,0
201319024,17.30,0.5,18.00,F,MAY_JUNE,2015,BACK,BBA201,4.0,BUSINESS MATHEMATICS,80.000000,71.000000,62.000000,53.000000,44.000000,35.000000,MAY_JUNE_2015,0,0,0,0,0
201319033,9.60,AB,0.00,I,MAY_JUNE,2015,BACK,BBA201,4.0,BUSINESS MATHEMATICS,80.000000,71.000000,62.000000,53.000000,44.000000,35.000000,MAY_JUNE_2015,0,0,0,0,0
201319038,15.20,2.5,18.00,F,MAY_JUNE,2015,BACK,BBA201,4.0,BUSINESS MATHEMATICS,80.000000,71.000000,62.000000,53.000000,44.000000,35.000000,MAY_JUNE_2015,0,0,0,0,0
