Reg_No,Internal,External,Total,Grade,Time,Year,Type,Code,Credit,Title,Cut-Off-S,Cut-Off-A,Cut-Off-B,Cut-Off-C,Cut-Off-D,Cut-Off-E,Directory,Absentees,Malpractices,Detentions,NA,appeared
201319010,13.40,10.5,24.00,F,MAY_JUNE,2015,BACK,BBA204,4.0,ORGANIZATIONAL BEHAVIOUR,84.000000,74.000000,65.000000,55.000000,45.000000,35.000000,MAY_JUNE_2015,0,0,0,0,0
201319021,14.80,20.25,36.00,E,MAY_JUNE,2015,BACK,BBA204,4.0,ORGANIZATIONAL BEHAVIOUR,84.000000,74.000000,65.000000,55.000000,45.000000,35.000000,MAY_JUNE_2015,0,0,0,0,0
201319025,19.20,18,38.00,E,MAY_JUNE,2015,BACK,BBA204,4.0,ORGANIZATIONAL BEHAVIOUR,84.000000,74.000000,65.000000,55.000000,45.000000,35.000000,MAY_JUNE_2015,0,0,0,0,0
201319031,20.50,14.5,35.00,E,MAY_JUNE,2015,BACK,BBA204,4.0,ORGANIZATIONAL BEHAVIOUR,84.000000,74.000000,65.000000,55.000000,45.000000,35.000000,MAY_JUNE_2015,0,0,0,0,0
201319037,18.70,25,44.00,E,MAY_JUNE,2015,BACK,BBA204,4.0,ORGANIZATIONAL BEHAVIOUR,84.000000,74.000000,65.000000,55.000000,45.000000,35.000000,MAY_JUNE_2015,0,0,0,0,0
