Reg_No,Internal,External,Total,Grade,Time,Year,Type,Code,Credit,Title,Cut-Off-S,Cut-Off-A,Cut-Off-B,Cut-Off-C,Cut-Off-D,Cut-Off-E,Directory,Absentees,Malpractices,Detentions,NA,appeared
20121925,18.30,11.5,30.00,F,MAY_JUNE,2015,BACK,BCA202,4.0,C PROGRAMMING II,81.000000,72.000000,62.000000,53.000000,44.000000,35.000000,MAY_JUNE_2015,0,0,0,0,0
201316005,8.90,AB,0.00,I,MAY_JUNE,2015,BACK,BCA202,4.0,C PROGRAMMING II,81.000000,72.000000,62.000000,53.000000,44.000000,35.000000,MAY_JUNE_2015,0,0,0,0,0
201316014,9.50,AB,0.00,I,MAY_JUNE,2015,BACK,BCA202,4.0,C PROGRAMMING II,81.000000,72.000000,62.000000,53.000000,44.000000,35.000000,MAY_JUNE_2015,0,0,0,0,0
201316020,12.50,19.00,32.00,F,MAY_JUNE,2015,BACK,BCA202,4.0,C PROGRAMMING II,81.000000,72.000000,62.000000,53.000000,44.000000,35.000000,MAY_JUNE_2015,0,0,0,0,0
201316021,15.50,13.5,29.00,F,MAY_JUNE,2015,BACK,BCA202,4.0,C PROGRAMMING II,81.000000,72.000000,62.000000,53.000000,44.000000,35.000000,MAY_JUNE_2015,0,0,0,0,0
201316022,10.50,AB,0.00,I,MAY_JUNE,2015,BACK,BCA202,4.0,C PROGRAMMING II,81.000000,72.000000,62.000000,53.000000,44.000000,35.000000,MAY_JUNE_2015,0,0,0,0,0
201316023,23.15,3.75,27.00,F,MAY_JUNE,2015,BACK,BCA202,4.0,C PROGRAMMING II,81.000000,72.000000,62.000000,53.000000,44.000000,35.000000,MAY_JUNE_2015,0,0,0,0,0
