Reg_No,Internal,External,Total,Grade,Time,Year,Type,Code,Credit,Title,Cut-Off-S,Cut-Off-A,Cut-Off-B,Cut-Off-C,Cut-Off-D,Cut-Off-E,Directory,Absentees,Malpractices,Detentions,NA,appeared
20110541,10.65,25.00,36.00,E,MAY_JUNE,2015,BACK,CE403,4.0,STRUCTURAL ANALYSIS II,90.000000,79.000000,68.000000,57.000000,46.000000,35.000000,MAY_JUNE_2015,0,0,0,0,0
20120021,9.80,16.00,26.00,F,MAY_JUNE,2015,BACK,CE403,4.0,STRUCTURAL ANALYSIS II,90.000000,79.000000,68.000000,57.000000,46.000000,35.000000,MAY_JUNE_2015,0,0,0,0,0
20120232,7.80,AB,0.00,I,MAY_JUNE,2015,BACK,CE403,4.0,STRUCTURAL ANALYSIS II,90.000000,79.000000,68.000000,57.000000,46.000000,35.000000,MAY_JUNE_2015,0,0,0,0,0
20120591,6.00,6.50,13.00,F,MAY_JUNE,2015,BACK,CE403,4.0,STRUCTURAL ANALYSIS II,90.000000,79.000000,68.000000,57.000000,46.000000,35.000000,MAY_JUNE_2015,0,0,0,0,0
