Reg_No,Internal,External,Total,Grade,Time,Year,Type,Code,Credit,Title,Cut-Off-S,Cut-Off-A,Cut-Off-B,Cut-Off-C,Cut-Off-D,Cut-Off-E,Directory,Absentees,Malpractices,Detentions,NA,appeared
201018019,14.00,4.5,19.00,F,MAY_JUNE,2015,BACK,CE402,4.0,FLUID MECHANICS II,84.000000,74.000000,65.000000,55.000000,45.000000,35.000000,MAY_JUNE_2015,0,0,0,0,0
20110184,9.85,AB,0.00,I,MAY_JUNE,2015,BACK,CE402,4.0,FLUID MECHANICS II,84.000000,74.000000,65.000000,55.000000,45.000000,35.000000,MAY_JUNE_2015,0,0,0,0,0
20110360,14.25,AB,0.00,I,MAY_JUNE,2015,BACK,CE402,4.0,FLUID MECHANICS II,84.000000,74.000000,65.000000,55.000000,45.000000,35.000000,MAY_JUNE_2015,0,0,0,0,0
20120065,11.50,14.75,27.00,F,MAY_JUNE,2015,BACK,CE402,4.0,FLUID MECHANICS II,84.000000,74.000000,65.000000,55.000000,45.000000,35.000000,MAY_JUNE_2015,0,0,0,0,0
20120591,12.60,00,13.00,F,MAY_JUNE,2015,BACK,CE402,4.0,FLUID MECHANICS II,84.000000,74.000000,65.000000,55.000000,45.000000,35.000000,MAY_JUNE_2015,0,0,0,0,0
