Reg_No,Internal,External,Total,Grade,Time,Year,Type,Code,Credit,Title,Cut-Off-S,Cut-Off-A,Cut-Off-B,Cut-Off-C,Cut-Off-D,Cut-Off-E,Directory,Absentees,Malpractices,Detentions,NA,appeared
200712117,18.25,1.75,20.00,F,MAY_JUNE,2015,BACK,COA206_COB206,2.0,COMPUTER PROGRAMMING II_COMPUTER PROGRAMMING,80.000000,71.000000,62.000000,53.000000,44.000000,35.000000,MAY_JUNE_2015,0,0,0,0,0
200915059,17.80,20.5,39.00,E,MAY_JUNE,2015,BACK,COA206_COB206,2.0,COMPUTER PROGRAMMING II_COMPUTER PROGRAMMING,80.000000,71.000000,62.000000,53.000000,44.000000,35.000000,MAY_JUNE_2015,0,0,0,0,0
201012100,17.40,30,48.00,D,MAY_JUNE,2015,BACK,COA206_COB206,2.0,COMPUTER PROGRAMMING II_COMPUTER PROGRAMMING,80.000000,71.000000,62.000000,53.000000,44.000000,35.000000,MAY_JUNE_2015,0,0,0,0,0
201015027,24.05,17.5,42.00,E,MAY_JUNE,2015,BACK,COA206_COB206,2.0,COMPUTER PROGRAMMING II_COMPUTER PROGRAMMING,80.000000,71.000000,62.000000,53.000000,44.000000,35.000000,MAY_JUNE_2015,0,0,0,0,0
200913053,17.00,41.5,59.00,C,MAY_JUNE,2015,BACK,COA206_COB206,2.0,COMPUTER PROGRAMMING II_COMPUTER PROGRAMMING,80.000000,71.000000,62.000000,53.000000,44.000000,35.000000,MAY_JUNE_2015,0,0,0,0,0
200928013,19.10,AB,0.00,I,MAY_JUNE,2015,BACK,COA206_COB206,2.0,COMPUTER PROGRAMMING II_COMPUTER PROGRAMMING,80.000000,71.000000,62.000000,53.000000,44.000000,35.000000,MAY_JUNE_2015,0,0,0,0,0
201015006,20.10,21.5,42.00,E,MAY_JUNE,2015,BACK,COA206_COB206,2.0,COMPUTER PROGRAMMING II_COMPUTER PROGRAMMING,80.000000,71.000000,62.000000,53.000000,44.000000,35.000000,MAY_JUNE_2015,0,0,0,0,0
201028032,13.70,25.5,40.00,E,MAY_JUNE,2015,BACK,COA206_COB206,2.0,COMPUTER PROGRAMMING II_COMPUTER PROGRAMMING,80.000000,71.000000,62.000000,53.000000,44.000000,35.000000,MAY_JUNE_2015,0,0,0,0,0
