Reg_No,Internal,External,Total,Grade,Time,Year,Type,Code,Credit,Title,Cut-Off-S,Cut-Off-A,Cut-Off-B,Cut-Off-C,Cut-Off-D,Cut-Off-E,Directory,Absentees,Malpractices,Detentions,NA,appeared
20110184,17.95,14,32.00,F,MAY_JUNE,2015,BACK,COA205_COB105,4.0,COMPUTER PROGRAMMING _11_,81.000000,72.000000,62.000000,53.000000,44.000000,35.000000,MAY_JUNE_2015,0,0,0,0,0
20110266,16.90,AB,0.00,I,MAY_JUNE,2015,BACK,COA205_COB105,4.0,COMPUTER PROGRAMMING _11_,81.000000,72.000000,62.000000,53.000000,44.000000,35.000000,MAY_JUNE_2015,0,0,0,0,0
20110354,10.00,00,10.00,F,MAY_JUNE,2015,BACK,COA205_COB105,4.0,COMPUTER PROGRAMMING _11_,81.000000,72.000000,62.000000,53.000000,44.000000,35.000000,MAY_JUNE_2015,0,0,0,0,0
20110490,19.15,5.5,25.00,F,MAY_JUNE,2015,BACK,COA205_COB105,4.0,COMPUTER PROGRAMMING _11_,81.000000,72.000000,62.000000,53.000000,44.000000,35.000000,MAY_JUNE_2015,0,0,0,0,0
20110541,12.25,00,13.00,F,MAY_JUNE,2015,BACK,COA205_COB105,4.0,COMPUTER PROGRAMMING _11_,81.000000,72.000000,62.000000,53.000000,44.000000,35.000000,MAY_JUNE_2015,0,0,0,0,0
20110569,17.55,AB,0.00,I,MAY_JUNE,2015,BACK,COA205_COB105,4.0,COMPUTER PROGRAMMING _11_,81.000000,72.000000,62.000000,53.000000,44.000000,35.000000,MAY_JUNE_2015,0,0,0,0,0
20110348,19.35,02,22.00,F,MAY_JUNE,2015,BACK,COA205_COB105,4.0,COMPUTER PROGRAMMING _11_,81.000000,72.000000,62.000000,53.000000,44.000000,35.000000,MAY_JUNE_2015,0,0,0,0,0
20110396,19.30,09,29.00,F,MAY_JUNE,2015,BACK,COA205_COB105,4.0,COMPUTER PROGRAMMING _11_,81.000000,72.000000,62.000000,53.000000,44.000000,35.000000,MAY_JUNE_2015,0,0,0,0,0
20110421,15.80,18.5,35.00,E,MAY_JUNE,2015,BACK,COA205_COB105,4.0,COMPUTER PROGRAMMING _11_,81.000000,72.000000,62.000000,53.000000,44.000000,35.000000,MAY_JUNE_2015,0,0,0,0,0
