Reg_No,Internal,External,Total,Grade,Time,Year,Type,Code,Credit,Title,Cut-Off-S,Cut-Off-A,Cut-Off-B,Cut-Off-C,Cut-Off-D,Cut-Off-E,Directory,Absentees,Malpractices,Detentions,NA,appeared
20120326,19.40,AB,0.00,I,MAY_JUNE,2015,BACK,COA203_COB103,4.0,ENGINEERING CHEMISTRY _CH1108__13_,80.000000,71.000000,62.000000,53.000000,44.000000,35.000000,MAY_JUNE_2015,0,0,0,0,0
20130591,13.25,21.5,35.00,E,MAY_JUNE,2015,BACK,COA203_COB103,4.0,ENGINEERING CHEMISTRY _CH1108__13_,80.000000,71.000000,62.000000,53.000000,44.000000,35.000000,MAY_JUNE_2015,0,0,0,0,0
20130711,21.10,33.25,55.00,C,MAY_JUNE,2015,BACK,COA203_COB103,4.0,ENGINEERING CHEMISTRY _CH1108__13_,80.000000,71.000000,62.000000,53.000000,44.000000,35.000000,MAY_JUNE_2015,0,0,0,0,0
20131102,18.65,23.75,43.00,E,MAY_JUNE,2015,BACK,COA203_COB103,4.0,ENGINEERING CHEMISTRY _CH1108__13_,80.000000,71.000000,62.000000,53.000000,44.000000,35.000000,MAY_JUNE_2015,0,0,0,0,0
20130070,16.30,16.25,33.00,F,MAY_JUNE,2015,BACK,COA203_COB103,4.0,ENGINEERING CHEMISTRY _CH1108__13_,80.000000,71.000000,62.000000,53.000000,44.000000,35.000000,MAY_JUNE_2015,0,0,0,0,0
20130164,12.75,AB,0.00,I,MAY_JUNE,2015,BACK,COA203_COB103,4.0,ENGINEERING CHEMISTRY _CH1108__13_,80.000000,71.000000,62.000000,53.000000,44.000000,35.000000,MAY_JUNE_2015,0,0,0,0,0
20130191,10.10,4.5,15.00,F,MAY_JUNE,2015,BACK,COA203_COB103,4.0,ENGINEERING CHEMISTRY _CH1108__13_,80.000000,71.000000,62.000000,53.000000,44.000000,35.000000,MAY_JUNE_2015,0,0,0,0,0
20130704,21.40,AB,0.00,I,MAY_JUNE,2015,BACK,COA203_COB103,4.0,ENGINEERING CHEMISTRY _CH1108__13_,80.000000,71.000000,62.000000,53.000000,44.000000,35.000000,MAY_JUNE_2015,0,0,0,0,0
