Reg_No,Internal,External,Total,Grade,Time,Year,Type,Code,Credit,Title,Cut-Off-S,Cut-Off-A,Cut-Off-B,Cut-Off-C,Cut-Off-D,Cut-Off-E,Directory,Absentees,Malpractices,Detentions,NA,appeared
20120357,13.35,16.5,30.00,F,MAY_JUNE,2015,BACK,COA202_COB102,4.0,BASIC ELECTRONICS _EC1107_,80.000000,71.000000,62.000000,53.000000,44.000000,35.000000,MAY_JUNE_2015,0,0,0,0,0
20120259,13.80,11.5,26.00,F,MAY_JUNE,2015,BACK,COA202_COB102,4.0,BASIC ELECTRONICS _EC1107_,80.000000,71.000000,62.000000,53.000000,44.000000,35.000000,MAY_JUNE_2015,0,0,0,0,0
20120276,18.90,9.5,29.00,F,MAY_JUNE,2015,BACK,COA202_COB102,4.0,BASIC ELECTRONICS _EC1107_,80.000000,71.000000,62.000000,53.000000,44.000000,35.000000,MAY_JUNE_2015,0,0,0,0,0
20130513,15.00,7.00,22.00,F,MAY_JUNE,2015,BACK,COA202_COB102,4.0,BASIC ELECTRONICS _EC1107_,80.000000,71.000000,62.000000,53.000000,44.000000,35.000000,MAY_JUNE_2015,0,0,0,0,0
20130635,13.90,AB,0.00,I,MAY_JUNE,2015,BACK,COA202_COB102,4.0,BASIC ELECTRONICS _EC1107_,80.000000,71.000000,62.000000,53.000000,44.000000,35.000000,MAY_JUNE_2015,0,0,0,0,0
20130659,17.15,18.00,36.00,E,MAY_JUNE,2015,BACK,COA202_COB102,4.0,BASIC ELECTRONICS _EC1107_,80.000000,71.000000,62.000000,53.000000,44.000000,35.000000,MAY_JUNE_2015,0,0,0,0,0
20140645,23.25,AB,0.00,I,MAY_JUNE,2015,BACK,COA202_COB102,4.0,BASIC ELECTRONICS _EC1107_,80.000000,71.000000,62.000000,53.000000,44.000000,35.000000,MAY_JUNE_2015,0,0,0,0,0
