Reg_No,Internal,External,Total,Grade,Time,Year,Type,Code,Credit,Title,Cut-Off-S,Cut-Off-A,Cut-Off-B,Cut-Off-C,Cut-Off-D,Cut-Off-E,Directory,Absentees,Malpractices,Detentions,NA,appeared
201011043,15.40,AB,0.00,I,MAY_JUNE,2015,BACK,CSE405,4.0,DESIGN & ANALYSIS OF ALGORITHMS,83.000000,74.000000,64.000000,55.000000,45.000000,35.000000,MAY_JUNE_2015,0,0,0,0,0
20120357,6.80,2.5,10.00,F,MAY_JUNE,2015,BACK,CSE405,4.0,DESIGN & ANALYSIS OF ALGORITHMS,83.000000,74.000000,64.000000,55.000000,45.000000,35.000000,MAY_JUNE_2015,0,0,0,0,0
20120392,13.80,18.00,32.00,F,MAY_JUNE,2015,BACK,CSE405,4.0,DESIGN & ANALYSIS OF ALGORITHMS,83.000000,74.000000,64.000000,55.000000,45.000000,35.000000,MAY_JUNE_2015,0,0,0,0,0
20120460,16.30,27.00,44.00,E,MAY_JUNE,2015,BACK,CSE405,4.0,DESIGN & ANALYSIS OF ALGORITHMS,83.000000,74.000000,64.000000,55.000000,45.000000,35.000000,MAY_JUNE_2015,0,0,0,0,0
201311501,12.50,22.50,35.00,E,MAY_JUNE,2015,BACK,CSE405,4.0,DESIGN & ANALYSIS OF ALGORITHMS,83.000000,74.000000,64.000000,55.000000,45.000000,35.000000,MAY_JUNE_2015,0,0,0,0,0
