Reg_No,Internal,External,Total,Grade,Time,Year,Type,Code,Credit,Title,Cut-Off-S,Cut-Off-A,Cut-Off-B,Cut-Off-C,Cut-Off-D,Cut-Off-E,Directory,Absentees,Malpractices,Detentions,NA,appeared
200811003,15.00,11.5,27.00,F,MAY_JUNE,2015,BACK,CSE404,4.0,COMPUTER GRAPHICS,80.000000,71.000000,62.000000,53.000000,44.000000,35.000000,MAY_JUNE_2015,0,0,0,0,0
20110175,19.40,18.5,38.00,E,MAY_JUNE,2015,BACK,CSE404,4.0,COMPUTER GRAPHICS,80.000000,71.000000,62.000000,53.000000,44.000000,35.000000,MAY_JUNE_2015,0,0,0,0,0
20110444,20.80,13.5,35.00,E,MAY_JUNE,2015,BACK,CSE404,4.0,COMPUTER GRAPHICS,80.000000,71.000000,62.000000,53.000000,44.000000,35.000000,MAY_JUNE_2015,0,0,0,0,0
201011043,17.00,00,17.00,F,MAY_JUNE,2015,BACK,CSE404,4.0,COMPUTER GRAPHICS,80.000000,71.000000,62.000000,53.000000,44.000000,35.000000,MAY_JUNE_2015,0,0,0,0,0
20120460,16.80,AB,0.00,I,MAY_JUNE,2015,BACK,CSE404,4.0,COMPUTER GRAPHICS,80.000000,71.000000,62.000000,53.000000,44.000000,35.000000,MAY_JUNE_2015,0,0,0,0,0
20120713,15.10,20.5,36.00,E,MAY_JUNE,2015,BACK,CSE404,4.0,COMPUTER GRAPHICS,80.000000,71.000000,62.000000,53.000000,44.000000,35.000000,MAY_JUNE_2015,0,0,0,0,0
