Reg_No,Internal,External,Total,Grade,Time,Year,Type,Code,Credit,Title,Cut-Off-S,Cut-Off-A,Cut-Off-B,Cut-Off-C,Cut-Off-D,Cut-Off-E,Directory,Absentees,Malpractices,Detentions,NA,appeared
201011051,12.90,8.00,21.00,F,MAY_JUNE,2015,BACK,CSE604,4.0,FORMAL LANGUAGES & AUTOMATA THEORY,80.000000,71.000000,62.000000,53.000000,44.000000,35.000000,MAY_JUNE_2015,0,0,0,0,0
201011124,14.30,4.00,19.00,F,MAY_JUNE,2015,BACK,CSE604,4.0,FORMAL LANGUAGES & AUTOMATA THEORY,80.000000,71.000000,62.000000,53.000000,44.000000,35.000000,MAY_JUNE_2015,0,0,0,0,0
20110201,12.00,AB,0.00,I,MAY_JUNE,2015,BACK,CSE604,4.0,FORMAL LANGUAGES & AUTOMATA THEORY,80.000000,71.000000,62.000000,53.000000,44.000000,35.000000,MAY_JUNE_2015,0,0,0,0,0
20110578,13.30,16.5,30.00,F,MAY_JUNE,2015,BACK,CSE604,4.0,FORMAL LANGUAGES & AUTOMATA THEORY,80.000000,71.000000,62.000000,53.000000,44.000000,35.000000,MAY_JUNE_2015,0,0,0,0,0
20121703,12.30,8.5,21.00,F,MAY_JUNE,2015,BACK,CSE604,4.0,FORMAL LANGUAGES & AUTOMATA THEORY,80.000000,71.000000,62.000000,53.000000,44.000000,35.000000,MAY_JUNE_2015,0,0,0,0,0
20121710,9.30,17.00,27.00,F,MAY_JUNE,2015,BACK,CSE604,4.0,FORMAL LANGUAGES & AUTOMATA THEORY,80.000000,71.000000,62.000000,53.000000,44.000000,35.000000,MAY_JUNE_2015,0,0,0,0,0
201011018,20.20,11.5,32.00,F,MAY_JUNE,2015,BACK,CSE604,4.0,FORMAL LANGUAGES & AUTOMATA THEORY,80.000000,71.000000,62.000000,53.000000,44.000000,35.000000,MAY_JUNE_2015,0,0,0,0,0
20110346,17.80,20,38.00,E,MAY_JUNE,2015,BACK,CSE604,4.0,FORMAL LANGUAGES & AUTOMATA THEORY,80.000000,71.000000,62.000000,53.000000,44.000000,35.000000,MAY_JUNE_2015,0,0,0,0,0
