Reg_No,Internal,External,Total,Grade,Time,Year,Type,Code,Credit,Title,Cut-Off-S,Cut-Off-A,Cut-Off-B,Cut-Off-C,Cut-Off-D,Cut-Off-E,Directory,Absentees,Malpractices,Detentions,NA,appeared
20120327,20.20,16.5,37.00,E,MAY_JUNE,2015,BACK,EC401,4.0,ENGINEERING MATHEMATICS IV _12_,80.000000,71.000000,62.000000,53.000000,44.000000,35.000000,MAY_JUNE_2015,0,0,0,0,0
20121727,15.40,13.5,29.00,F,MAY_JUNE,2015,BACK,EC401,4.0,ENGINEERING MATHEMATICS IV _12_,80.000000,71.000000,62.000000,53.000000,44.000000,35.000000,MAY_JUNE_2015,0,0,0,0,0
20120026,17.10,9.5,27.00,F,MAY_JUNE,2015,BACK,EC401,4.0,ENGINEERING MATHEMATICS IV _12_,80.000000,71.000000,62.000000,53.000000,44.000000,35.000000,MAY_JUNE_2015,0,0,0,0,0
20120028,14.80,6.5,22.00,F,MAY_JUNE,2015,BACK,EC401,4.0,ENGINEERING MATHEMATICS IV _12_,80.000000,71.000000,62.000000,53.000000,44.000000,35.000000,MAY_JUNE_2015,0,0,0,0,0
20120161,17.20,AB,0.00,I,MAY_JUNE,2015,BACK,EC401,4.0,ENGINEERING MATHEMATICS IV _12_,80.000000,71.000000,62.000000,53.000000,44.000000,35.000000,MAY_JUNE_2015,0,0,0,0,0
20120233,13.10,AB,0.00,I,MAY_JUNE,2015,BACK,EC401,4.0,ENGINEERING MATHEMATICS IV _12_,80.000000,71.000000,62.000000,53.000000,44.000000,35.000000,MAY_JUNE_2015,0,0,0,0,0
20120236,12.00,17.00,29.00,F,MAY_JUNE,2015,BACK,EC401,4.0,ENGINEERING MATHEMATICS IV _12_,80.000000,71.000000,62.000000,53.000000,44.000000,35.000000,MAY_JUNE_2015,0,0,0,0,0
20120455,11.50,AB,0.00,I,MAY_JUNE,2015,BACK,EC401,4.0,ENGINEERING MATHEMATICS IV _12_,80.000000,71.000000,62.000000,53.000000,44.000000,35.000000,MAY_JUNE_2015,0,0,0,0,0
