Reg_No,Internal,External,Total,Grade,Time,Year,Type,Code,Credit,Title,Cut-Off-S,Cut-Off-A,Cut-Off-B,Cut-Off-C,Cut-Off-D,Cut-Off-E,Directory,Absentees,Malpractices,Detentions,NA,appeared
200717203,14.00,AB,0.00,I,MAY_JUNE,2015,BACK,EC605,4.0,POWER ELECTRONICS,84.000000,74.000000,65.000000,55.000000,45.000000,35.000000,MAY_JUNE_2015,0,0,0,0,0
20110240,16.30,34,51.00,D,MAY_JUNE,2015,BACK,EC605,4.0,POWER ELECTRONICS,84.000000,74.000000,65.000000,55.000000,45.000000,35.000000,MAY_JUNE_2015,0,0,0,0,0
20110296,4.50,37.5,42.00,E,MAY_JUNE,2015,BACK,EC605,4.0,POWER ELECTRONICS,84.000000,74.000000,65.000000,55.000000,45.000000,35.000000,MAY_JUNE_2015,0,0,0,0,0
20121727,13.10,29.00,43.00,E,MAY_JUNE,2015,BACK,EC605,4.0,POWER ELECTRONICS,84.000000,74.000000,65.000000,55.000000,45.000000,35.000000,MAY_JUNE_2015,0,0,0,0,0
