Reg_No,Internal,External,Total,Grade,Time,Year,Type,Code,Credit,Title,Cut-Off-S,Cut-Off-A,Cut-Off-B,Cut-Off-C,Cut-Off-D,Cut-Off-E,Directory,Absentees,Malpractices,Detentions,NA,appeared
20110561,19.27,22.00,42.00,E,MAY_JUNE,2015,BACK,EE403,4.0,ELECTRICAL MACHINES II,80.000000,71.000000,62.000000,53.000000,44.000000,35.000000,MAY_JUNE_2015,0,0,0,0,0
201013085,18.13,20.5,39.00,E,MAY_JUNE,2015,BACK,EE403,4.0,ELECTRICAL MACHINES II,80.000000,71.000000,62.000000,53.000000,44.000000,35.000000,MAY_JUNE_2015,0,0,0,0,0
20120259,19.00,AB,0.00,I,MAY_JUNE,2015,BACK,EE403,4.0,ELECTRICAL MACHINES II,80.000000,71.000000,62.000000,53.000000,44.000000,35.000000,MAY_JUNE_2015,0,0,0,0,0
20120319,19.60,AB,0.00,I,MAY_JUNE,2015,BACK,EE403,4.0,ELECTRICAL MACHINES II,80.000000,71.000000,62.000000,53.000000,44.000000,35.000000,MAY_JUNE_2015,0,0,0,0,0
20120384,9.80,25.5,36.00,E,MAY_JUNE,2015,BACK,EE403,4.0,ELECTRICAL MACHINES II,80.000000,71.000000,62.000000,53.000000,44.000000,35.000000,MAY_JUNE_2015,0,0,0,0,0
