Reg_No,Internal,External,Total,Grade,Time,Year,Type,Code,Credit,Title,Cut-Off-S,Cut-Off-A,Cut-Off-B,Cut-Off-C,Cut-Off-D,Cut-Off-E,Directory,Absentees,Malpractices,Detentions,NA,appeared
20120004,11.20,AB,0.00,I,MAY_JUNE,2015,BACK,ME402,4.0,APPLIED THERMODYNAMICS I,80.000000,71.000000,62.000000,53.000000,44.000000,35.000000,MAY_JUNE_2015,0,0,0,0,0
20120032,16.80,21.5,39.00,E,MAY_JUNE,2015,BACK,ME402,4.0,APPLIED THERMODYNAMICS I,80.000000,71.000000,62.000000,53.000000,44.000000,35.000000,MAY_JUNE_2015,0,0,0,0,0
20120056,12.15,AB,0.00,I,MAY_JUNE,2015,BACK,ME402,4.0,APPLIED THERMODYNAMICS I,80.000000,71.000000,62.000000,53.000000,44.000000,35.000000,MAY_JUNE_2015,0,0,0,0,0
20120159,17.40,17.5,35.00,E,MAY_JUNE,2015,BACK,ME402,4.0,APPLIED THERMODYNAMICS I,80.000000,71.000000,62.000000,53.000000,44.000000,35.000000,MAY_JUNE_2015,0,0,0,0,0
20120210,20.00,14.5,35.00,E,MAY_JUNE,2015,BACK,ME402,4.0,APPLIED THERMODYNAMICS I,80.000000,71.000000,62.000000,53.000000,44.000000,35.000000,MAY_JUNE_2015,0,0,0,0,0
20120363,18.35,3.00,22.00,F,MAY_JUNE,2015,BACK,ME402,4.0,APPLIED THERMODYNAMICS I,80.000000,71.000000,62.000000,53.000000,44.000000,35.000000,MAY_JUNE_2015,0,0,0,0,0
20120378,16.20,21.00,38.00,E,MAY_JUNE,2015,BACK,ME402,4.0,APPLIED THERMODYNAMICS I,80.000000,71.000000,62.000000,53.000000,44.000000,35.000000,MAY_JUNE_2015,0,0,0,0,0
20120388,20.05,AB,0.00,I,MAY_JUNE,2015,BACK,ME402,4.0,APPLIED THERMODYNAMICS I,80.000000,71.000000,62.000000,53.000000,44.000000,35.000000,MAY_JUNE_2015,0,0,0,0,0
201315502,14.65,23.00,38.00,E,MAY_JUNE,2015,BACK,ME402,4.0,APPLIED THERMODYNAMICS I,80.000000,71.000000,62.000000,53.000000,44.000000,35.000000,MAY_JUNE_2015,0,0,0,0,0
