Reg_No,Internal,External,Total,Grade,Time,Year,Type,Code,Credit,Title,Cut-Off-S,Cut-Off-A,Cut-Off-B,Cut-Off-C,Cut-Off-D,Cut-Off-E,Directory,Absentees,Malpractices,Detentions,NA,appeared
201115503,16.60,19.00,36.00,E,MAY_JUNE,2015,BACK,ME404,4.0,MACHINE DESIGN I,81.000000,72.000000,62.000000,53.000000,44.000000,35.000000,MAY_JUNE_2015,0,0,0,0,0
20110093,14.30,AB,0.00,I,MAY_JUNE,2015,BACK,ME404,4.0,MACHINE DESIGN I,81.000000,72.000000,62.000000,53.000000,44.000000,35.000000,MAY_JUNE_2015,0,0,0,0,0
20110122,18.00,3.50,22.00,F,MAY_JUNE,2015,BACK,ME404,4.0,MACHINE DESIGN I,81.000000,72.000000,62.000000,53.000000,44.000000,35.000000,MAY_JUNE_2015,0,0,0,0,0
20120032,15.30,00,16.00,F,MAY_JUNE,2015,BACK,ME404,4.0,MACHINE DESIGN I,81.000000,72.000000,62.000000,53.000000,44.000000,35.000000,MAY_JUNE_2015,0,0,0,0,0
20120115,15.40,16.50,32.00,F,MAY_JUNE,2015,BACK,ME404,4.0,MACHINE DESIGN I,81.000000,72.000000,62.000000,53.000000,44.000000,35.000000,MAY_JUNE_2015,0,0,0,0,0
20120243,16.20,5.5,22.00,F,MAY_JUNE,2015,BACK,ME404,4.0,MACHINE DESIGN I,81.000000,72.000000,62.000000,53.000000,44.000000,35.000000,MAY_JUNE_2015,0,0,0,0,0
201315502,21.50,14.50,36.00,E,MAY_JUNE,2015,BACK,ME404,4.0,MACHINE DESIGN I,81.000000,72.000000,62.000000,53.000000,44.000000,35.000000,MAY_JUNE_2015,0,0,0,0,0
