Reg_No,Internal,External,Total,Grade,Time,Year,Type,Code,Credit,Title,Cut-Off-S,Cut-Off-A,Cut-Off-B,Cut-Off-C,Cut-Off-D,Cut-Off-E,Directory,Absentees,Malpractices,Detentions,NA,appeared
20121901,15.90,19.25,36.00,E,JULY_AUGUST_AUG,2015,EXTRA,BA1210_BA3210,4.0,ACCOUNTING & FINANCIAL MANAGEMENT _BCA203_,80.000000,71.000000,62.000000,53.000000,44.000000,35.000000,JULY_AUGUST_AUG_2015,0,0,0,0,0
20121902,22.90,17.5,41.00,E,JULY_AUGUST_AUG,2015,EXTRA,BA1210_BA3210,4.0,ACCOUNTING & FINANCIAL MANAGEMENT _BCA203_,80.000000,71.000000,62.000000,53.000000,44.000000,35.000000,JULY_AUGUST_AUG_2015,0,0,0,0,0
20121935,14.30,23,38.00,E,JULY_AUGUST_AUG,2015,EXTRA,BA1210_BA3210,4.0,ACCOUNTING & FINANCIAL MANAGEMENT _BCA203_,80.000000,71.000000,62.000000,53.000000,44.000000,35.000000,JULY_AUGUST_AUG_2015,0,0,0,0,0
201316013,18.20,17,36.00,E,JULY_AUGUST_AUG,2015,EXTRA,BA1210_BA3210,4.0,ACCOUNTING & FINANCIAL MANAGEMENT _BCA203_,80.000000,71.000000,62.000000,53.000000,44.000000,35.000000,JULY_AUGUST_AUG_2015,0,0,0,0,0
201416006,17.80,17.5,36.00,E,JULY_AUGUST_AUG,2015,EXTRA,BA1210_BA3210,4.0,ACCOUNTING & FINANCIAL MANAGEMENT _BCA203_,80.000000,71.000000,62.000000,53.000000,44.000000,35.000000,JULY_AUGUST_AUG_2015,0,0,0,0,0
201416008,9.75,12.5,23.00,F,JULY_AUGUST_AUG,2015,EXTRA,BA1210_BA3210,4.0,ACCOUNTING & FINANCIAL MANAGEMENT _BCA203_,80.000000,71.000000,62.000000,53.000000,44.000000,35.000000,JULY_AUGUST_AUG_2015,0,0,0,0,0
