Reg_No,Internal,External,Total,Grade,Time,Year,Type,Code,Credit,Title,Cut-Off-S,Cut-Off-A,Cut-Off-B,Cut-Off-C,Cut-Off-D,Cut-Off-E,Directory,Absentees,Malpractices,Detentions,NA,appeared
20122433,33.62,25,59.00,C,JULY_AUGUST_AUG,2015,EXTRA,BA1304,4.0,ACCOUNTING FOR MANAGEMENT,80.000000,71.000000,62.000000,53.000000,44.000000,35.000000,JULY_AUGUST_AUG_2015,0,0,0,0,0
20122444,19.31,15,35.00,E,JULY_AUGUST_AUG,2015,EXTRA,BA1304,4.0,ACCOUNTING FOR MANAGEMENT,80.000000,71.000000,62.000000,53.000000,44.000000,35.000000,JULY_AUGUST_AUG_2015,0,0,0,0,0
20122448,36.32,25.5,62.00,B,JULY_AUGUST_AUG,2015,EXTRA,BA1304,4.0,ACCOUNTING FOR MANAGEMENT,80.000000,71.000000,62.000000,53.000000,44.000000,35.000000,JULY_AUGUST_AUG_2015,0,0,0,0,0
20122454,37.52,37.5,76.00,A,JULY_AUGUST_AUG,2015,EXTRA,BA1304,4.0,ACCOUNTING FOR MANAGEMENT,80.000000,71.000000,62.000000,53.000000,44.000000,35.000000,JULY_AUGUST_AUG_2015,0,0,0,0,0
201119001,15.21,31.5,47.00,D,JULY_AUGUST_AUG,2015,EXTRA,BA1304,4.0,ACCOUNTING FOR MANAGEMENT,80.000000,71.000000,62.000000,53.000000,44.000000,35.000000,JULY_AUGUST_AUG_2015,0,0,0,0,0
201119057,29.01,AB,0.00,I,JULY_AUGUST_AUG,2015,EXTRA,BA1304,4.0,ACCOUNTING FOR MANAGEMENT,80.000000,71.000000,62.000000,53.000000,44.000000,35.000000,JULY_AUGUST_AUG_2015,0,0,0,0,0
201319021,16.30,AB,0.00,I,JULY_AUGUST_AUG,2015,EXTRA,BA1304,4.0,ACCOUNTING FOR MANAGEMENT,80.000000,71.000000,62.000000,53.000000,44.000000,35.000000,JULY_AUGUST_AUG_2015,0,0,0,0,0
