Reg_No,Internal,External,Total,Grade,Time,Year,Type,Code,Credit,Title,Cut-Off-S,Cut-Off-A,Cut-Off-B,Cut-Off-C,Cut-Off-D,Cut-Off-E,Directory,Absentees,Malpractices,Detentions,NA,appeared
201119020,38.40,20,59.00,D,JULY_AUGUST_AUG,2015,EXTRA,BBA503,4.0,PROJECT PRESENTATION & SEMINAR,88.000000,80.000000,73.000000,65.000000,58.000000,50.000000,JULY_AUGUST_AUG_2015,0,0,0,0,0
201119044,38.40,16.6,56.00,E,JULY_AUGUST_AUG,2015,EXTRA,BBA503,4.0,PROJECT PRESENTATION & SEMINAR,88.000000,80.000000,73.000000,65.000000,58.000000,50.000000,JULY_AUGUST_AUG_2015,0,0,0,0,0
201119048,34.80,21,56.00,E,JULY_AUGUST_AUG,2015,EXTRA,BBA503,4.0,PROJECT PRESENTATION & SEMINAR,88.000000,80.000000,73.000000,65.000000,58.000000,50.000000,JULY_AUGUST_AUG_2015,0,0,0,0,0
201119049,42.60,20,63.00,D,JULY_AUGUST_AUG,2015,EXTRA,BBA503,4.0,PROJECT PRESENTATION & SEMINAR,88.000000,80.000000,73.000000,65.000000,58.000000,50.000000,JULY_AUGUST_AUG_2015,0,0,0,0,0
201119050,33.00,22,55.00,E,JULY_AUGUST_AUG,2015,EXTRA,BBA503,4.0,PROJECT PRESENTATION & SEMINAR,88.000000,80.000000,73.000000,65.000000,58.000000,50.000000,JULY_AUGUST_AUG_2015,0,0,0,0,0
201119052,45.60,16.6,63.00,D,JULY_AUGUST_AUG,2015,EXTRA,BBA503,4.0,PROJECT PRESENTATION & SEMINAR,88.000000,80.000000,73.000000,65.000000,58.000000,50.000000,JULY_AUGUST_AUG_2015,0,0,0,0,0
20122448,38.40,16.6,56.00,E,JULY_AUGUST_AUG,2015,EXTRA,BBA503,4.0,PROJECT PRESENTATION & SEMINAR,88.000000,80.000000,73.000000,65.000000,58.000000,50.000000,JULY_AUGUST_AUG_2015,0,0,0,0,0
20122452,38.40,16.6,56.00,E,JULY_AUGUST_AUG,2015,EXTRA,BBA503,4.0,PROJECT PRESENTATION & SEMINAR,88.000000,80.000000,73.000000,65.000000,58.000000,50.000000,JULY_AUGUST_AUG_2015,0,0,0,0,0
