Reg_No,Internal,External,Total,Grade,Time,Year,Type,Code,Credit,Title,Cut-Off-S,Cut-Off-A,Cut-Off-B,Cut-Off-C,Cut-Off-D,Cut-Off-E,Directory,Absentees,Malpractices,Detentions,NA,appeared
Subject,Title,:,MATHEMATICS,I,JULY_AUGUST_AUG,2015,EXTRA,BCA101,4.0,MATHEMATICS I _12 _ 14_,80.000000,71.000000,62.000000,53.000000,44.000000,35.000000,JULY_AUGUST_AUG_2015,0,0,0,0,0
20121902,11.70,2,14.00,F,JULY_AUGUST_AUG,2015,EXTRA,BCA101,4.0,MATHEMATICS I _12 _ 14_,80.000000,71.000000,62.000000,53.000000,44.000000,35.000000,JULY_AUGUST_AUG_2015,0,0,0,0,0
20121916,16.10,1,18.00,F,JULY_AUGUST_AUG,2015,EXTRA,BCA101,4.0,MATHEMATICS I _12 _ 14_,80.000000,71.000000,62.000000,53.000000,44.000000,35.000000,JULY_AUGUST_AUG_2015,0,0,0,0,0
20121919,16.70,1,18.00,F,JULY_AUGUST_AUG,2015,EXTRA,BCA101,4.0,MATHEMATICS I _12 _ 14_,80.000000,71.000000,62.000000,53.000000,44.000000,35.000000,JULY_AUGUST_AUG_2015,0,0,0,0,0
20121924,21.30,7.5,29.00,F,JULY_AUGUST_AUG,2015,EXTRA,BCA101,4.0,MATHEMATICS I _12 _ 14_,80.000000,71.000000,62.000000,53.000000,44.000000,35.000000,JULY_AUGUST_AUG_2015,0,0,0,0,0
201316006,18.80,4,23.00,F,JULY_AUGUST_AUG,2015,EXTRA,BCA101,4.0,MATHEMATICS I _12 _ 14_,80.000000,71.000000,62.000000,53.000000,44.000000,35.000000,JULY_AUGUST_AUG_2015,0,0,0,0,0
201316008,15.00,11.5,27.00,F,JULY_AUGUST_AUG,2015,EXTRA,BCA101,4.0,MATHEMATICS I _12 _ 14_,80.000000,71.000000,62.000000,53.000000,44.000000,35.000000,JULY_AUGUST_AUG_2015,0,0,0,0,0
201316027,16.40,6.5,23.00,F,JULY_AUGUST_AUG,2015,EXTRA,BCA101,4.0,MATHEMATICS I _12 _ 14_,80.000000,71.000000,62.000000,53.000000,44.000000,35.000000,JULY_AUGUST_AUG_2015,0,0,0,0,0
201316029,16.70,00,17.00,F,JULY_AUGUST_AUG,2015,EXTRA,BCA101,4.0,MATHEMATICS I _12 _ 14_,80.000000,71.000000,62.000000,53.000000,44.000000,35.000000,JULY_AUGUST_AUG_2015,0,0,0,0,0
