Reg_No,Internal,External,Total,Grade,Time,Year,Type,Code,Credit,Title,Cut-Off-S,Cut-Off-A,Cut-Off-B,Cut-Off-C,Cut-Off-D,Cut-Off-E,Directory,Absentees,Malpractices,Detentions,NA,appeared
200916032,16.10,0.5,17.00,F,JULY_AUGUST_AUG,2015,EXTRA,BCA201,4.0,MATHEMATICS II,86.000000,76.000000,66.000000,55.000000,45.000000,35.000000,JULY_AUGUST_AUG_2015,0,0,0,0,0
201016016,29.60,13,43.00,E,JULY_AUGUST_AUG,2015,EXTRA,BCA201,4.0,MATHEMATICS II,86.000000,76.000000,66.000000,55.000000,45.000000,35.000000,JULY_AUGUST_AUG_2015,0,0,0,0,0
201016020,27.80,17.5,46.00,D,JULY_AUGUST_AUG,2015,EXTRA,BCA201,4.0,MATHEMATICS II,86.000000,76.000000,66.000000,55.000000,45.000000,35.000000,JULY_AUGUST_AUG_2015,0,0,0,0,0
201116007,22.90,11.5,35.00,E,JULY_AUGUST_AUG,2015,EXTRA,BCA201,4.0,MATHEMATICS II,86.000000,76.000000,66.000000,55.000000,45.000000,35.000000,JULY_AUGUST_AUG_2015,0,0,0,0,0
201116015,22.60,11.5,35.00,E,JULY_AUGUST_AUG,2015,EXTRA,BCA201,4.0,MATHEMATICS II,86.000000,76.000000,66.000000,55.000000,45.000000,35.000000,JULY_AUGUST_AUG_2015,0,0,0,0,0
