Reg_No,Internal,External,Total,Grade,Time,Year,Type,Code,Credit,Title,Cut-Off-S,Cut-Off-A,Cut-Off-B,Cut-Off-C,Cut-Off-D,Cut-Off-E,Directory,Absentees,Malpractices,Detentions,NA,appeared
20121913,35.70,26.5,63.00,B,JULY_AUGUST_AUG,2015,EXTRA,BCA605,3.0,ADVANCE JAVA _ELECTIVE II_,80.000000,71.000000,62.000000,53.000000,44.000000,35.000000,JULY_AUGUST_AUG_2015,0,0,0,0,0
20121916,32.00,18.5,51.00,D,JULY_AUGUST_AUG,2015,EXTRA,BCA605,3.0,ADVANCE JAVA _ELECTIVE II_,80.000000,71.000000,62.000000,53.000000,44.000000,35.000000,JULY_AUGUST_AUG_2015,0,0,0,0,0
20121919,31.80,15,47.00,D,JULY_AUGUST_AUG,2015,EXTRA,BCA605,3.0,ADVANCE JAVA _ELECTIVE II_,80.000000,71.000000,62.000000,53.000000,44.000000,35.000000,JULY_AUGUST_AUG_2015,0,0,0,0,0
20121933,25.95,23,49.00,D,JULY_AUGUST_AUG,2015,EXTRA,BCA605,3.0,ADVANCE JAVA _ELECTIVE II_,80.000000,71.000000,62.000000,53.000000,44.000000,35.000000,JULY_AUGUST_AUG_2015,0,0,0,0,0
20121935,30.10,08,39.00,E,JULY_AUGUST_AUG,2015,EXTRA,BCA605,3.0,ADVANCE JAVA _ELECTIVE II_,80.000000,71.000000,62.000000,53.000000,44.000000,35.000000,JULY_AUGUST_AUG_2015,0,0,0,0,0
201016003,32.80,18,51.00,D,JULY_AUGUST_AUG,2015,EXTRA,BCA605,3.0,ADVANCE JAVA _ELECTIVE II_,80.000000,71.000000,62.000000,53.000000,44.000000,35.000000,JULY_AUGUST_AUG_2015,0,0,0,0,0
