Reg_No,Internal,External,Total,Grade,Time,Year,Type,Code,Credit,Title,Cut-Off-S,Cut-Off-A,Cut-Off-B,Cut-Off-C,Cut-Off-D,Cut-Off-E,Directory,Absentees,Malpractices,Detentions,NA,appeared
20121925,18.30,00,19.00,F,JULY_AUGUST_AUG,2015,EXTRA,CA1202_CA3202,4.0,C PROGRAMMING II _BCA202_,81.000000,72.000000,63.000000,53.000000,44.000000,35.000000,JULY_AUGUST_AUG_2015,0,0,0,0,0
201016003,38.35,14,53.00,C,JULY_AUGUST_AUG,2015,EXTRA,CA1202_CA3202,4.0,C PROGRAMMING II _BCA202_,81.000000,72.000000,63.000000,53.000000,44.000000,35.000000,JULY_AUGUST_AUG_2015,0,0,0,0,0
201316020,12.50,17.5,30.00,F,JULY_AUGUST_AUG,2015,EXTRA,CA1202_CA3202,4.0,C PROGRAMMING II _BCA202_,81.000000,72.000000,63.000000,53.000000,44.000000,35.000000,JULY_AUGUST_AUG_2015,0,0,0,0,0
201316021,15.50,1.5,17.00,F,JULY_AUGUST_AUG,2015,EXTRA,CA1202_CA3202,4.0,C PROGRAMMING II _BCA202_,81.000000,72.000000,63.000000,53.000000,44.000000,35.000000,JULY_AUGUST_AUG_2015,0,0,0,0,0
201316022,10.50,2,13.00,F,JULY_AUGUST_AUG,2015,EXTRA,CA1202_CA3202,4.0,C PROGRAMMING II _BCA202_,81.000000,72.000000,63.000000,53.000000,44.000000,35.000000,JULY_AUGUST_AUG_2015,0,0,0,0,0
201316023,23.15,3.75,27.00,F,JULY_AUGUST_AUG,2015,EXTRA,CA1202_CA3202,4.0,C PROGRAMMING II _BCA202_,81.000000,72.000000,63.000000,53.000000,44.000000,35.000000,JULY_AUGUST_AUG_2015,0,0,0,0,0
201416006,22.45,15,38.00,E,JULY_AUGUST_AUG,2015,EXTRA,CA1202_CA3202,4.0,C PROGRAMMING II _BCA202_,81.000000,72.000000,63.000000,53.000000,44.000000,35.000000,JULY_AUGUST_AUG_2015,0,0,0,0,0
