Reg_No,Internal,External,Total,Grade,Time,Year,Type,Code,Credit,Title,Cut-Off-S,Cut-Off-A,Cut-Off-B,Cut-Off-C,Cut-Off-D,Cut-Off-E,Directory,Absentees,Malpractices,Detentions,NA,appeared
Subject,Title,:,SURVEYING,I,JULY_AUGUST_AUG,2015,EXTRA,CE1305,4.0,SURVEYING I _09_13_,86.000000,76.000000,66.000000,55.000000,45.000000,35.000000,JULY_AUGUST_AUG_2015,0,0,0,0,0
20110541,36.65,37,74.00,B,JULY_AUGUST_AUG,2015,EXTRA,CE1305,4.0,SURVEYING I _09_13_,86.000000,76.000000,66.000000,55.000000,45.000000,35.000000,JULY_AUGUST_AUG_2015,0,0,0,0,0
20130056,14.90,23,38.00,E,JULY_AUGUST_AUG,2015,EXTRA,CE1305,4.0,SURVEYING I _09_13_,86.000000,76.000000,66.000000,55.000000,45.000000,35.000000,JULY_AUGUST_AUG_2015,0,0,0,0,0
201418511,4.00,36,40.00,E,JULY_AUGUST_AUG,2015,EXTRA,CE1305,4.0,SURVEYING I _09_13_,86.000000,76.000000,66.000000,55.000000,45.000000,35.000000,JULY_AUGUST_AUG_2015,0,0,0,0,0
201418514,11.40,AB,0.00,I,JULY_AUGUST_AUG,2015,EXTRA,CE1305,4.0,SURVEYING I _09_13_,86.000000,76.000000,66.000000,55.000000,45.000000,35.000000,JULY_AUGUST_AUG_2015,0,0,0,0,0
