Reg_No,Internal,External,Total,Grade,Time,Year,Type,Code,Credit,Title,Cut-Off-S,Cut-Off-A,Cut-Off-B,Cut-Off-C,Cut-Off-D,Cut-Off-E,Directory,Absentees,Malpractices,Detentions,NA,appeared
20110311,44.30,34,79.00,A,JULY_AUGUST_AUG,2015,EXTRA,CE1302,4.0,FLUID MECHANICS I _CE302_,90.000000,79.000000,68.000000,57.000000,46.000000,35.000000,JULY_AUGUST_AUG_2015,0,0,0,0,0
20120065,11.80,AB,0.00,I,JULY_AUGUST_AUG,2015,EXTRA,CE1302,4.0,FLUID MECHANICS I _CE302_,90.000000,79.000000,68.000000,57.000000,46.000000,35.000000,JULY_AUGUST_AUG_2015,0,0,0,0,0
20121806,20.70,23.5,45.00,E,JULY_AUGUST_AUG,2015,EXTRA,CE1302,4.0,FLUID MECHANICS I _CE302_,90.000000,79.000000,68.000000,57.000000,46.000000,35.000000,JULY_AUGUST_AUG_2015,0,0,0,0,0
20130157,19.70,11,31.00,F,JULY_AUGUST_AUG,2015,EXTRA,CE1302,4.0,FLUID MECHANICS I _CE302_,90.000000,79.000000,68.000000,57.000000,46.000000,35.000000,JULY_AUGUST_AUG_2015,0,0,0,0,0
20130546,13.35,32,46.00,D,JULY_AUGUST_AUG,2015,EXTRA,CE1302,4.0,FLUID MECHANICS I _CE302_,90.000000,79.000000,68.000000,57.000000,46.000000,35.000000,JULY_AUGUST_AUG_2015,0,0,0,0,0
20130605,9.00,19.5,29.00,F,JULY_AUGUST_AUG,2015,EXTRA,CE1302,4.0,FLUID MECHANICS I _CE302_,90.000000,79.000000,68.000000,57.000000,46.000000,35.000000,JULY_AUGUST_AUG_2015,0,0,0,0,0
201418511,1.50,AB,0.00,I,JULY_AUGUST_AUG,2015,EXTRA,CE1302,4.0,FLUID MECHANICS I _CE302_,90.000000,79.000000,68.000000,57.000000,46.000000,35.000000,JULY_AUGUST_AUG_2015,0,0,0,0,0
