Reg_No,Internal,External,Total,Grade,Time,Year,Type,Code,Credit,Title,Cut-Off-S,Cut-Off-A,Cut-Off-B,Cut-Off-C,Cut-Off-D,Cut-Off-E,Directory,Absentees,Malpractices,Detentions,NA,appeared
20130623,61.10,16,78.00,B,JULY_AUGUST_AUG,2015,EXTRA,CE1463,1.5,SURVEYING PRACTICE I,90.000000,82.000000,74.000000,66.000000,58.000000,50.000000,JULY_AUGUST_AUG_2015,0,0,0,0,0
20130360,54.30,13,68.00,C,JULY_AUGUST_AUG,2015,EXTRA,CE1463,1.5,SURVEYING PRACTICE I,90.000000,82.000000,74.000000,66.000000,58.000000,50.000000,JULY_AUGUST_AUG_2015,0,0,0,0,0
20130021,58.20,9,68.00,C,JULY_AUGUST_AUG,2015,EXTRA,CE1463,1.5,SURVEYING PRACTICE I,90.000000,82.000000,74.000000,66.000000,58.000000,50.000000,JULY_AUGUST_AUG_2015,0,0,0,0,0
20130112,55.60,14,70.00,C,JULY_AUGUST_AUG,2015,EXTRA,CE1463,1.5,SURVEYING PRACTICE I,90.000000,82.000000,74.000000,66.000000,58.000000,50.000000,JULY_AUGUST_AUG_2015,0,0,0,0,0
20130105,53.60,15,69.00,C,JULY_AUGUST_AUG,2015,EXTRA,CE1463,1.5,SURVEYING PRACTICE I,90.000000,82.000000,74.000000,66.000000,58.000000,50.000000,JULY_AUGUST_AUG_2015,0,0,0,0,0
20131002,51.50,12,64.00,D,JULY_AUGUST_AUG,2015,EXTRA,CE1463,1.5,SURVEYING PRACTICE I,90.000000,82.000000,74.000000,66.000000,58.000000,50.000000,JULY_AUGUST_AUG_2015,0,0,0,0,0
20130538,58.00,8,66.00,C,JULY_AUGUST_AUG,2015,EXTRA,CE1463,1.5,SURVEYING PRACTICE I,90.000000,82.000000,74.000000,66.000000,58.000000,50.000000,JULY_AUGUST_AUG_2015,0,0,0,0,0
