Reg_No,Internal,External,Total,Grade,Time,Year,Type,Code,Credit,Title,Cut-Off-S,Cut-Off-A,Cut-Off-B,Cut-Off-C,Cut-Off-D,Cut-Off-E,Directory,Absentees,Malpractices,Detentions,NA,appeared
20110061,11.40,14.5,26.00,F,JULY_AUGUST_AUG,2015,EXTRA,CE502,4.0,DESIGN OF ADVANCED RC STRUCTURES _11_12_,86.000000,76.000000,66.000000,55.000000,45.000000,35.000000,JULY_AUGUST_AUG_2015,0,0,0,0,0
20110141,44.10,37,82.00,A,JULY_AUGUST_AUG,2015,EXTRA,CE502,4.0,DESIGN OF ADVANCED RC STRUCTURES _11_12_,86.000000,76.000000,66.000000,55.000000,45.000000,35.000000,JULY_AUGUST_AUG_2015,0,0,0,0,0
20110348,9.45,AB,0.00,I,JULY_AUGUST_AUG,2015,EXTRA,CE502,4.0,DESIGN OF ADVANCED RC STRUCTURES _11_12_,86.000000,76.000000,66.000000,55.000000,45.000000,35.000000,JULY_AUGUST_AUG_2015,0,0,0,0,0
20110392,38.25,12.5,51.00,D,JULY_AUGUST_AUG,2015,EXTRA,CE502,4.0,DESIGN OF ADVANCED RC STRUCTURES _11_12_,86.000000,76.000000,66.000000,55.000000,45.000000,35.000000,JULY_AUGUST_AUG_2015,0,0,0,0,0
20110597,28.40,16,45.00,D,JULY_AUGUST_AUG,2015,EXTRA,CE502,4.0,DESIGN OF ADVANCED RC STRUCTURES _11_12_,86.000000,76.000000,66.000000,55.000000,45.000000,35.000000,JULY_AUGUST_AUG_2015,0,0,0,0,0
20120317,14.15,2.5,17.00,F,JULY_AUGUST_AUG,2015,EXTRA,CE502,4.0,DESIGN OF ADVANCED RC STRUCTURES _11_12_,86.000000,76.000000,66.000000,55.000000,45.000000,35.000000,JULY_AUGUST_AUG_2015,0,0,0,0,0
20121804,23.10,20.5,44.00,E,JULY_AUGUST_AUG,2015,EXTRA,CE502,4.0,DESIGN OF ADVANCED RC STRUCTURES _11_12_,86.000000,76.000000,66.000000,55.000000,45.000000,35.000000,JULY_AUGUST_AUG_2015,0,0,0,0,0
