Reg_No,Internal,External,Total,Grade,Time,Year,Type,Code,Credit,Title,Cut-Off-S,Cut-Off-A,Cut-Off-B,Cut-Off-C,Cut-Off-D,Cut-Off-E,Directory,Absentees,Malpractices,Detentions,NA,appeared
20120535,71.00,20,91.00,S,JULY_AUGUST_AUG,2015,EXTRA,CE608,1.5,ENVIRONMENTAL ENGINEERING LAB,89.000000,81.000000,73.000000,66.000000,58.000000,50.000000,JULY_AUGUST_AUG_2015,0,0,0,0,0
20120232,68.00,14,82.00,A,JULY_AUGUST_AUG,2015,EXTRA,CE608,1.5,ENVIRONMENTAL ENGINEERING LAB,89.000000,81.000000,73.000000,66.000000,58.000000,50.000000,JULY_AUGUST_AUG_2015,0,0,0,0,0
20120022,73.00,22,95.00,S,JULY_AUGUST_AUG,2015,EXTRA,CE608,1.5,ENVIRONMENTAL ENGINEERING LAB,89.000000,81.000000,73.000000,66.000000,58.000000,50.000000,JULY_AUGUST_AUG_2015,0,0,0,0,0
20120123,67.00,17,84.00,A,JULY_AUGUST_AUG,2015,EXTRA,CE608,1.5,ENVIRONMENTAL ENGINEERING LAB,89.000000,81.000000,73.000000,66.000000,58.000000,50.000000,JULY_AUGUST_AUG_2015,0,0,0,0,0
20120591,77.00,21,98.00,S,JULY_AUGUST_AUG,2015,EXTRA,CE608,1.5,ENVIRONMENTAL ENGINEERING LAB,89.000000,81.000000,73.000000,66.000000,58.000000,50.000000,JULY_AUGUST_AUG_2015,0,0,0,0,0
20120065,63.00,11,74.00,B,JULY_AUGUST_AUG,2015,EXTRA,CE608,1.5,ENVIRONMENTAL ENGINEERING LAB,89.000000,81.000000,73.000000,66.000000,58.000000,50.000000,JULY_AUGUST_AUG_2015,0,0,0,0,0
20121802,68.00,18,86.00,A,JULY_AUGUST_AUG,2015,EXTRA,CE608,1.5,ENVIRONMENTAL ENGINEERING LAB,89.000000,81.000000,73.000000,66.000000,58.000000,50.000000,JULY_AUGUST_AUG_2015,0,0,0,0,0
