Reg_No,Internal,External,Total,Grade,Time,Year,Type,Code,Credit,Title,Cut-Off-S,Cut-Off-A,Cut-Off-B,Cut-Off-C,Cut-Off-D,Cut-Off-E,Directory,Absentees,Malpractices,Detentions,NA,appeared
20120256,59.30,17,77.00,B,JULY_AUGUST_AUG,2015,EXTRA,CE607,3.0,STRUCTURAL DESIGN & DRAWING,90.000000,82.000000,74.000000,66.000000,58.000000,50.000000,JULY_AUGUST_AUG_2015,0,0,0,0,0
20120232,56.60,17,74.00,B,JULY_AUGUST_AUG,2015,EXTRA,CE607,3.0,STRUCTURAL DESIGN & DRAWING,90.000000,82.000000,74.000000,66.000000,58.000000,50.000000,JULY_AUGUST_AUG_2015,0,0,0,0,0
20120022,64.80,21,86.00,A,JULY_AUGUST_AUG,2015,EXTRA,CE607,3.0,STRUCTURAL DESIGN & DRAWING,90.000000,82.000000,74.000000,66.000000,58.000000,50.000000,JULY_AUGUST_AUG_2015,0,0,0,0,0
20120123,56.20,17,74.00,B,JULY_AUGUST_AUG,2015,EXTRA,CE607,3.0,STRUCTURAL DESIGN & DRAWING,90.000000,82.000000,74.000000,66.000000,58.000000,50.000000,JULY_AUGUST_AUG_2015,0,0,0,0,0
20120065,60.80,17,78.00,B,JULY_AUGUST_AUG,2015,EXTRA,CE607,3.0,STRUCTURAL DESIGN & DRAWING,90.000000,82.000000,74.000000,66.000000,58.000000,50.000000,JULY_AUGUST_AUG_2015,0,0,0,0,0
20120274,55.00,17,72.00,C,JULY_AUGUST_AUG,2015,EXTRA,CE607,3.0,STRUCTURAL DESIGN & DRAWING,90.000000,82.000000,74.000000,66.000000,58.000000,50.000000,JULY_AUGUST_AUG_2015,0,0,0,0,0
