Reg_No,Internal,External,Total,Grade,Time,Year,Type,Code,Credit,Title,Cut-Off-S,Cut-Off-A,Cut-Off-B,Cut-Off-C,Cut-Off-D,Cut-Off-E,Directory,Absentees,Malpractices,Detentions,NA,appeared
20110236,14.80,19.5,35.00,E,JULY_AUGUST_AUG,2015,EXTRA,COA103_COB203,4.0,ENGINEERING PHYSICS _07_11_,80.000000,71.000000,62.000000,53.000000,44.000000,35.000000,JULY_AUGUST_AUG_2015,0,0,0,0,0
20110332,31.80,20.75,53.00,C,JULY_AUGUST_AUG,2015,EXTRA,COA103_COB203,4.0,ENGINEERING PHYSICS _07_11_,80.000000,71.000000,62.000000,53.000000,44.000000,35.000000,JULY_AUGUST_AUG_2015,0,0,0,0,0
20110479,36.25,21.5,58.00,C,JULY_AUGUST_AUG,2015,EXTRA,COA103_COB203,4.0,ENGINEERING PHYSICS _07_11_,80.000000,71.000000,62.000000,53.000000,44.000000,35.000000,JULY_AUGUST_AUG_2015,0,0,0,0,0
200812133,10.40,AB,0.00,I,JULY_AUGUST_AUG,2015,EXTRA,COA103_COB203,4.0,ENGINEERING PHYSICS _07_11_,80.000000,71.000000,62.000000,53.000000,44.000000,35.000000,JULY_AUGUST_AUG_2015,0,0,0,0,0
201011040,17.90,18,36.00,E,JULY_AUGUST_AUG,2015,EXTRA,COA103_COB203,4.0,ENGINEERING PHYSICS _07_11_,80.000000,71.000000,62.000000,53.000000,44.000000,35.000000,JULY_AUGUST_AUG_2015,0,0,0,0,0
201012022,30.35,7,38.00,E,JULY_AUGUST_AUG,2015,EXTRA,COA103_COB203,4.0,ENGINEERING PHYSICS _07_11_,80.000000,71.000000,62.000000,53.000000,44.000000,35.000000,JULY_AUGUST_AUG_2015,0,0,0,0,0
