Reg_No,Internal,External,Total,Grade,Time,Year,Type,Code,Credit,Title,Cut-Off-S,Cut-Off-A,Cut-Off-B,Cut-Off-C,Cut-Off-D,Cut-Off-E,Directory,Absentees,Malpractices,Detentions,NA,appeared
200711042,37.70,12.5,51.00,D,JULY_AUGUST_AUG,2015,EXTRA,COA202_COB202,3.0,STRENGTH OF MATERIALS _07_10_,86.000000,76.000000,66.000000,55.000000,45.000000,35.000000,JULY_AUGUST_AUG_2015,0,0,0,0,0
200812133,9.40,AB,0.00,I,JULY_AUGUST_AUG,2015,EXTRA,COA202_COB202,3.0,STRENGTH OF MATERIALS _07_10_,86.000000,76.000000,66.000000,55.000000,45.000000,35.000000,JULY_AUGUST_AUG_2015,0,0,0,0,0
200911005,45.60,13.5,60.00,C,JULY_AUGUST_AUG,2015,EXTRA,COA202_COB202,3.0,STRENGTH OF MATERIALS _07_10_,86.000000,76.000000,66.000000,55.000000,45.000000,35.000000,JULY_AUGUST_AUG_2015,0,0,0,0,0
200913008,22.30,7.5,30.00,F,JULY_AUGUST_AUG,2015,EXTRA,COA202_COB202,3.0,STRENGTH OF MATERIALS _07_10_,86.000000,76.000000,66.000000,55.000000,45.000000,35.000000,JULY_AUGUST_AUG_2015,0,0,0,0,0
201011040,8.40,12.5,21.00,F,JULY_AUGUST_AUG,2015,EXTRA,COA202_COB202,3.0,STRENGTH OF MATERIALS _07_10_,86.000000,76.000000,66.000000,55.000000,45.000000,35.000000,JULY_AUGUST_AUG_2015,0,0,0,0,0
201011075,10.90,26,37.00,E,JULY_AUGUST_AUG,2015,EXTRA,COA202_COB202,3.0,STRENGTH OF MATERIALS _07_10_,86.000000,76.000000,66.000000,55.000000,45.000000,35.000000,JULY_AUGUST_AUG_2015,0,0,0,0,0
201012022,31.30,10.5,42.00,E,JULY_AUGUST_AUG,2015,EXTRA,COA202_COB202,3.0,STRENGTH OF MATERIALS _07_10_,86.000000,76.000000,66.000000,55.000000,45.000000,35.000000,JULY_AUGUST_AUG_2015,0,0,0,0,0
