Reg_No,Internal,External,Total,Grade,Time,Year,Type,Code,Credit,Title,Cut-Off-S,Cut-Off-A,Cut-Off-B,Cut-Off-C,Cut-Off-D,Cut-Off-E,Directory,Absentees,Malpractices,Detentions,NA,appeared
20110327,19.70,23.5,44.00,E,JULY_AUGUST_AUG,2015,EXTRA,COB106_COA206,2.0,ENVIRONMENTAL SCIENCE,83.000000,73.000000,64.000000,54.000000,45.000000,35.000000,JULY_AUGUST_AUG_2015,0,0,0,0,0
20110492,35.55,27.5,64.00,B,JULY_AUGUST_AUG,2015,EXTRA,COB106_COA206,2.0,ENVIRONMENTAL SCIENCE,83.000000,73.000000,64.000000,54.000000,45.000000,35.000000,JULY_AUGUST_AUG_2015,0,0,0,0,0
20111008,43.35,20.5,64.00,B,JULY_AUGUST_AUG,2015,EXTRA,COB106_COA206,2.0,ENVIRONMENTAL SCIENCE,83.000000,73.000000,64.000000,54.000000,45.000000,35.000000,JULY_AUGUST_AUG_2015,0,0,0,0,0
20111012,37.70,4.5,43.00,E,JULY_AUGUST_AUG,2015,EXTRA,COB106_COA206,2.0,ENVIRONMENTAL SCIENCE,83.000000,73.000000,64.000000,54.000000,45.000000,35.000000,JULY_AUGUST_AUG_2015,0,0,0,0,0
20120009,16.00,21.5,38.00,E,JULY_AUGUST_AUG,2015,EXTRA,COB106_COA206,2.0,ENVIRONMENTAL SCIENCE,83.000000,73.000000,64.000000,54.000000,45.000000,35.000000,JULY_AUGUST_AUG_2015,0,0,0,0,0
20120269,13.80,AB,0.00,I,JULY_AUGUST_AUG,2015,EXTRA,COB106_COA206,2.0,ENVIRONMENTAL SCIENCE,83.000000,73.000000,64.000000,54.000000,45.000000,35.000000,JULY_AUGUST_AUG_2015,0,0,0,0,0
20120295,15.10,AB,0.00,I,JULY_AUGUST_AUG,2015,EXTRA,COB106_COA206,2.0,ENVIRONMENTAL SCIENCE,83.000000,73.000000,64.000000,54.000000,45.000000,35.000000,JULY_AUGUST_AUG_2015,0,0,0,0,0
201013035,35.35,28,64.00,B,JULY_AUGUST_AUG,2015,EXTRA,COB106_COA206,2.0,ENVIRONMENTAL SCIENCE,83.000000,73.000000,64.000000,54.000000,45.000000,35.000000,JULY_AUGUST_AUG_2015,0,0,0,0,0
201018011,38.35,20.5,59.00,C,JULY_AUGUST_AUG,2015,EXTRA,COB106_COA206,2.0,ENVIRONMENTAL SCIENCE,83.000000,73.000000,64.000000,54.000000,45.000000,35.000000,JULY_AUGUST_AUG_2015,0,0,0,0,0
