Reg_No,Internal,External,Total,Grade,Time,Year,Type,Code,Credit,Title,Cut-Off-S,Cut-Off-A,Cut-Off-B,Cut-Off-C,Cut-Off-D,Cut-Off-E,Directory,Absentees,Malpractices,Detentions,NA,appeared
20110184,17.95,19,37.00,E,JULY_AUGUST_AUG,2015,EXTRA,COB105_COA205,4.0,COMPUTER PROGRAMMING,81.000000,72.000000,63.000000,53.000000,44.000000,35.000000,JULY_AUGUST_AUG_2015,0,0,0,0,0
20110266,16.90,05,22.00,F,JULY_AUGUST_AUG,2015,EXTRA,COB105_COA205,4.0,COMPUTER PROGRAMMING,81.000000,72.000000,63.000000,53.000000,44.000000,35.000000,JULY_AUGUST_AUG_2015,0,0,0,0,0
20110348,19.35,5.5,25.00,F,JULY_AUGUST_AUG,2015,EXTRA,COB105_COA205,4.0,COMPUTER PROGRAMMING,81.000000,72.000000,63.000000,53.000000,44.000000,35.000000,JULY_AUGUST_AUG_2015,0,0,0,0,0
20110354,34.20,09,44.00,D,JULY_AUGUST_AUG,2015,EXTRA,COB105_COA205,4.0,COMPUTER PROGRAMMING,81.000000,72.000000,63.000000,53.000000,44.000000,35.000000,JULY_AUGUST_AUG_2015,0,0,0,0,0
20110396,19.30,15.5,35.00,E,JULY_AUGUST_AUG,2015,EXTRA,COB105_COA205,4.0,COMPUTER PROGRAMMING,81.000000,72.000000,63.000000,53.000000,44.000000,35.000000,JULY_AUGUST_AUG_2015,0,0,0,0,0
20110402,17.60,08,26.00,F,JULY_AUGUST_AUG,2015,EXTRA,COB105_COA205,4.0,COMPUTER PROGRAMMING,81.000000,72.000000,63.000000,53.000000,44.000000,35.000000,JULY_AUGUST_AUG_2015,0,0,0,0,0
20110490,34.30,7.5,42.00,E,JULY_AUGUST_AUG,2015,EXTRA,COB105_COA205,4.0,COMPUTER PROGRAMMING,81.000000,72.000000,63.000000,53.000000,44.000000,35.000000,JULY_AUGUST_AUG_2015,0,0,0,0,0
20110541,34.90,14,49.00,D,JULY_AUGUST_AUG,2015,EXTRA,COB105_COA205,4.0,COMPUTER PROGRAMMING,81.000000,72.000000,63.000000,53.000000,44.000000,35.000000,JULY_AUGUST_AUG_2015,0,0,0,0,0
20110560,41.80,10,52.00,D,JULY_AUGUST_AUG,2015,EXTRA,COB105_COA205,4.0,COMPUTER PROGRAMMING,81.000000,72.000000,63.000000,53.000000,44.000000,35.000000,JULY_AUGUST_AUG_2015,0,0,0,0,0
