Reg_No,Internal,External,Total,Grade,Time,Year,Type,Code,Credit,Title,Cut-Off-S,Cut-Off-A,Cut-Off-B,Cut-Off-C,Cut-Off-D,Cut-Off-E,Directory,Absentees,Malpractices,Detentions,NA,appeared
20110155,21.50,32.5,54.00,D,JULY_AUGUST_AUG,2015,EXTRA,CSE502,4.0,OPERATING SYSTEMS _11 _ 12_,86.000000,76.000000,66.000000,55.000000,45.000000,35.000000,JULY_AUGUST_AUG_2015,0,0,0,0,0
20120064,16.95,AB,0.00,I,JULY_AUGUST_AUG,2015,EXTRA,CSE502,4.0,OPERATING SYSTEMS _11 _ 12_,86.000000,76.000000,66.000000,55.000000,45.000000,35.000000,JULY_AUGUST_AUG_2015,0,0,0,0,0
20120357,13.10,23.5,37.00,E,JULY_AUGUST_AUG,2015,EXTRA,CSE502,4.0,OPERATING SYSTEMS _11 _ 12_,86.000000,76.000000,66.000000,55.000000,45.000000,35.000000,JULY_AUGUST_AUG_2015,0,0,0,0,0
20120447,16.10,20,37.00,E,JULY_AUGUST_AUG,2015,EXTRA,CSE502,4.0,OPERATING SYSTEMS _11 _ 12_,86.000000,76.000000,66.000000,55.000000,45.000000,35.000000,JULY_AUGUST_AUG_2015,0,0,0,0,0
20120460,26.95,21,48.00,D,JULY_AUGUST_AUG,2015,EXTRA,CSE502,4.0,OPERATING SYSTEMS _11 _ 12_,86.000000,76.000000,66.000000,55.000000,45.000000,35.000000,JULY_AUGUST_AUG_2015,0,0,0,0,0
20120664,16.95,AB,0.00,I,JULY_AUGUST_AUG,2015,EXTRA,CSE502,4.0,OPERATING SYSTEMS _11 _ 12_,86.000000,76.000000,66.000000,55.000000,45.000000,35.000000,JULY_AUGUST_AUG_2015,0,0,0,0,0
200811030,14.00,AB,0.00,I,JULY_AUGUST_AUG,2015,EXTRA,CSE502,4.0,OPERATING SYSTEMS _11 _ 12_,86.000000,76.000000,66.000000,55.000000,45.000000,35.000000,JULY_AUGUST_AUG_2015,0,0,0,0,0
201311501,10.10,32.5,43.00,E,JULY_AUGUST_AUG,2015,EXTRA,CSE502,4.0,OPERATING SYSTEMS _11 _ 12_,86.000000,76.000000,66.000000,55.000000,45.000000,35.000000,JULY_AUGUST_AUG_2015,0,0,0,0,0
