Reg_No,Internal,External,Total,Grade,Time,Year,Type,Code,Credit,Title,Cut-Off-S,Cut-Off-A,Cut-Off-B,Cut-Off-C,Cut-Off-D,Cut-Off-E,Directory,Absentees,Malpractices,Detentions,NA,appeared
20110155,27.50,31,59.00,C,JULY_AUGUST_AUG,2015,EXTRA,CSE503,4.0,SYSTEM PROGRAMMING _07_12_,82.000000,73.000000,63.000000,54.000000,44.000000,35.000000,JULY_AUGUST_AUG_2015,0,0,0,0,0
20110596,14.50,25,40.00,E,JULY_AUGUST_AUG,2015,EXTRA,CSE503,4.0,SYSTEM PROGRAMMING _07_12_,82.000000,73.000000,63.000000,54.000000,44.000000,35.000000,JULY_AUGUST_AUG_2015,0,0,0,0,0
20120357,12.60,24,37.00,E,JULY_AUGUST_AUG,2015,EXTRA,CSE503,4.0,SYSTEM PROGRAMMING _07_12_,82.000000,73.000000,63.000000,54.000000,44.000000,35.000000,JULY_AUGUST_AUG_2015,0,0,0,0,0
20120460,22.00,22,44.00,D,JULY_AUGUST_AUG,2015,EXTRA,CSE503,4.0,SYSTEM PROGRAMMING _07_12_,82.000000,73.000000,63.000000,54.000000,44.000000,35.000000,JULY_AUGUST_AUG_2015,0,0,0,0,0
20121703,15.05,29.5,45.00,D,JULY_AUGUST_AUG,2015,EXTRA,CSE503,4.0,SYSTEM PROGRAMMING _07_12_,82.000000,73.000000,63.000000,54.000000,44.000000,35.000000,JULY_AUGUST_AUG_2015,0,0,0,0,0
200911005,12.95,30,43.00,E,JULY_AUGUST_AUG,2015,EXTRA,CSE503,4.0,SYSTEM PROGRAMMING _07_12_,82.000000,73.000000,63.000000,54.000000,44.000000,35.000000,JULY_AUGUST_AUG_2015,0,0,0,0,0
