Reg_No,Internal,External,Total,Grade,Time,Year,Type,Code,Credit,Title,Cut-Off-S,Cut-Off-A,Cut-Off-B,Cut-Off-C,Cut-Off-D,Cut-Off-E,Directory,Absentees,Malpractices,Detentions,NA,appeared
20110201,19.95,26,46.00,D,JULY_AUGUST_AUG,2015,EXTRA,CSE504,4.0,SOFTWARE ENGINEERING,80.000000,71.000000,62.000000,53.000000,44.000000,35.000000,JULY_AUGUST_AUG_2015,0,0,0,0,0
20120357,10.60,AB,0.00,I,JULY_AUGUST_AUG,2015,EXTRA,CSE504,4.0,SOFTWARE ENGINEERING,80.000000,71.000000,62.000000,53.000000,44.000000,35.000000,JULY_AUGUST_AUG_2015,0,0,0,0,0
20120460,32.10,25,58.00,C,JULY_AUGUST_AUG,2015,EXTRA,CSE504,4.0,SOFTWARE ENGINEERING,80.000000,71.000000,62.000000,53.000000,44.000000,35.000000,JULY_AUGUST_AUG_2015,0,0,0,0,0
20120604,23.60,34,58.00,C,JULY_AUGUST_AUG,2015,EXTRA,CSE504,4.0,SOFTWARE ENGINEERING,80.000000,71.000000,62.000000,53.000000,44.000000,35.000000,JULY_AUGUST_AUG_2015,0,0,0,0,0
20120664,17.90,AB,0.00,I,JULY_AUGUST_AUG,2015,EXTRA,CSE504,4.0,SOFTWARE ENGINEERING,80.000000,71.000000,62.000000,53.000000,44.000000,35.000000,JULY_AUGUST_AUG_2015,0,0,0,0,0
201311504,19.80,18.5,39.00,E,JULY_AUGUST_AUG,2015,EXTRA,CSE504,4.0,SOFTWARE ENGINEERING,80.000000,71.000000,62.000000,53.000000,44.000000,35.000000,JULY_AUGUST_AUG_2015,0,0,0,0,0
