Reg_No,Internal,External,Total,Grade,Time,Year,Type,Code,Credit,Title,Cut-Off-S,Cut-Off-A,Cut-Off-B,Cut-Off-C,Cut-Off-D,Cut-Off-E,Directory,Absentees,Malpractices,Detentions,NA,appeared
20120029,22.55,24.5,48.00,D,JULY_AUGUST_AUG,2015,EXTRA,CSE605,4.0,JAVA PROGRAMMING _ELECTIVE I_,87.000000,77.000000,66.000000,56.000000,45.000000,35.000000,JULY_AUGUST_AUG_2015,0,0,0,0,0
20120080,25.70,27,53.00,D,JULY_AUGUST_AUG,2015,EXTRA,CSE605,4.0,JAVA PROGRAMMING _ELECTIVE I_,87.000000,77.000000,66.000000,56.000000,45.000000,35.000000,JULY_AUGUST_AUG_2015,0,0,0,0,0
20120154,9.10,25.5,35.00,E,JULY_AUGUST_AUG,2015,EXTRA,CSE605,4.0,JAVA PROGRAMMING _ELECTIVE I_,87.000000,77.000000,66.000000,56.000000,45.000000,35.000000,JULY_AUGUST_AUG_2015,0,0,0,0,0
20120447,16.50,18.5,35.00,E,JULY_AUGUST_AUG,2015,EXTRA,CSE605,4.0,JAVA PROGRAMMING _ELECTIVE I_,87.000000,77.000000,66.000000,56.000000,45.000000,35.000000,JULY_AUGUST_AUG_2015,0,0,0,0,0
20120642,7.55,AB,0.00,I,JULY_AUGUST_AUG,2015,EXTRA,CSE605,4.0,JAVA PROGRAMMING _ELECTIVE I_,87.000000,77.000000,66.000000,56.000000,45.000000,35.000000,JULY_AUGUST_AUG_2015,0,0,0,0,0
20120679,10.90,14.5,26.00,F,JULY_AUGUST_AUG,2015,EXTRA,CSE605,4.0,JAVA PROGRAMMING _ELECTIVE I_,87.000000,77.000000,66.000000,56.000000,45.000000,35.000000,JULY_AUGUST_AUG_2015,0,0,0,0,0
201311509,11.80,13.5,26.00,F,JULY_AUGUST_AUG,2015,EXTRA,CSE605,4.0,JAVA PROGRAMMING _ELECTIVE I_,87.000000,77.000000,66.000000,56.000000,45.000000,35.000000,JULY_AUGUST_AUG_2015,0,0,0,0,0
