Reg_No,Internal,External,Total,Grade,Time,Year,Type,Code,Credit,Title,Cut-Off-S,Cut-Off-A,Cut-Off-B,Cut-Off-C,Cut-Off-D,Cut-Off-E,Directory,Absentees,Malpractices,Detentions,NA,appeared
20110014,32.80,38.5,72.00,A,JULY_AUGUST_AUG,2015,EXTRA,CSE702,4.0,SOFT COMPUTING _11_,80.000000,71.000000,62.000000,53.000000,44.000000,35.000000,JULY_AUGUST_AUG_2015,0,0,0,0,0
20110074,41.30,47,89.00,S,JULY_AUGUST_AUG,2015,EXTRA,CSE702,4.0,SOFT COMPUTING _11_,80.000000,71.000000,62.000000,53.000000,44.000000,35.000000,JULY_AUGUST_AUG_2015,0,0,0,0,0
20110201,27.75,17,45.00,D,JULY_AUGUST_AUG,2015,EXTRA,CSE702,4.0,SOFT COMPUTING _11_,80.000000,71.000000,62.000000,53.000000,44.000000,35.000000,JULY_AUGUST_AUG_2015,0,0,0,0,0
200911005,16.40,28,45.00,D,JULY_AUGUST_AUG,2015,EXTRA,CSE702,4.0,SOFT COMPUTING _11_,80.000000,71.000000,62.000000,53.000000,44.000000,35.000000,JULY_AUGUST_AUG_2015,0,0,0,0,0
201011501,7.30,31.5,39.00,E,JULY_AUGUST_AUG,2015,EXTRA,CSE702,4.0,SOFT COMPUTING _11_,80.000000,71.000000,62.000000,53.000000,44.000000,35.000000,JULY_AUGUST_AUG_2015,0,0,0,0,0
