Reg_No,Internal,External,Total,Grade,Time,Year,Type,Code,Credit,Title,Cut-Off-S,Cut-Off-A,Cut-Off-B,Cut-Off-C,Cut-Off-D,Cut-Off-E,Directory,Absentees,Malpractices,Detentions,NA,appeared
20120585,14.95,29.5,45.00,E,JULY_AUGUST_AUG,2015,EXTRA,EC1402,4.0,LINEAR IC SYSTEM,88.000000,77.000000,67.000000,56.000000,46.000000,35.000000,JULY_AUGUST_AUG_2015,0,0,0,0,0
20130010,15.70,19,35.00,E,JULY_AUGUST_AUG,2015,EXTRA,EC1402,4.0,LINEAR IC SYSTEM,88.000000,77.000000,67.000000,56.000000,46.000000,35.000000,JULY_AUGUST_AUG_2015,0,0,0,0,0
20130031,18.20,28.5,47.00,D,JULY_AUGUST_AUG,2015,EXTRA,EC1402,4.0,LINEAR IC SYSTEM,88.000000,77.000000,67.000000,56.000000,46.000000,35.000000,JULY_AUGUST_AUG_2015,0,0,0,0,0
20130555,14.80,36,51.00,D,JULY_AUGUST_AUG,2015,EXTRA,EC1402,4.0,LINEAR IC SYSTEM,88.000000,77.000000,67.000000,56.000000,46.000000,35.000000,JULY_AUGUST_AUG_2015,0,0,0,0,0
201312502,14.50,33.5,48.00,D,JULY_AUGUST_AUG,2015,EXTRA,EC1402,4.0,LINEAR IC SYSTEM,88.000000,77.000000,67.000000,56.000000,46.000000,35.000000,JULY_AUGUST_AUG_2015,0,0,0,0,0
