Reg_No,Internal,External,Total,Grade,Time,Year,Type,Code,Credit,Title,Cut-Off-S,Cut-Off-A,Cut-Off-B,Cut-Off-C,Cut-Off-D,Cut-Off-E,Directory,Absentees,Malpractices,Detentions,NA,appeared
20130401,72.30,20,93.00,S,JULY_AUGUST_AUG,2015,EXTRA,EC1463,1.5,DIGITAL SYSTEM LABORATORY,90.000000,82.000000,74.000000,66.000000,58.000000,50.000000,JULY_AUGUST_AUG_2015,0,0,0,0,0
20120360,0.00,DT,0.00,DT,JULY_AUGUST_AUG,2015,EXTRA,EC1463,1.5,DIGITAL SYSTEM LABORATORY,90.000000,82.000000,74.000000,66.000000,58.000000,50.000000,JULY_AUGUST_AUG_2015,0,0,0,0,0
20121101,60.30,17,78.00,B,JULY_AUGUST_AUG,2015,EXTRA,EC1463,1.5,DIGITAL SYSTEM LABORATORY,90.000000,82.000000,74.000000,66.000000,58.000000,50.000000,JULY_AUGUST_AUG_2015,0,0,0,0,0
20120478,53.40,08,62.00,D,JULY_AUGUST_AUG,2015,EXTRA,EC1463,1.5,DIGITAL SYSTEM LABORATORY,90.000000,82.000000,74.000000,66.000000,58.000000,50.000000,JULY_AUGUST_AUG_2015,0,0,0,0,0
20120455,58.10,08,67.00,C,JULY_AUGUST_AUG,2015,EXTRA,EC1463,1.5,DIGITAL SYSTEM LABORATORY,90.000000,82.000000,74.000000,66.000000,58.000000,50.000000,JULY_AUGUST_AUG_2015,0,0,0,0,0
20120362,65.30,19,85.00,A,JULY_AUGUST_AUG,2015,EXTRA,EC1463,1.5,DIGITAL SYSTEM LABORATORY,90.000000,82.000000,74.000000,66.000000,58.000000,50.000000,JULY_AUGUST_AUG_2015,0,0,0,0,0
20120067,57.50,15,73.00,C,JULY_AUGUST_AUG,2015,EXTRA,EC1463,1.5,DIGITAL SYSTEM LABORATORY,90.000000,82.000000,74.000000,66.000000,58.000000,50.000000,JULY_AUGUST_AUG_2015,0,0,0,0,0
20120396,59.30,16,76.00,B,JULY_AUGUST_AUG,2015,EXTRA,EC1463,1.5,DIGITAL SYSTEM LABORATORY,90.000000,82.000000,74.000000,66.000000,58.000000,50.000000,JULY_AUGUST_AUG_2015,0,0,0,0,0
20111001,68.00,18,86.00,A,JULY_AUGUST_AUG,2015,EXTRA,EC1463,1.5,DIGITAL SYSTEM LABORATORY,90.000000,82.000000,74.000000,66.000000,58.000000,50.000000,JULY_AUGUST_AUG_2015,0,0,0,0,0
