Reg_No,Internal,External,Total,Grade,Time,Year,Type,Code,Credit,Title,Cut-Off-S,Cut-Off-A,Cut-Off-B,Cut-Off-C,Cut-Off-D,Cut-Off-E,Directory,Absentees,Malpractices,Detentions,NA,appeared
20110266,18.70,20,39.00,E,JULY_AUGUST_AUG,2015,EXTRA,EC505,4.0,DIGITAL SIGNAL PROCESSING,90.000000,79.000000,68.000000,58.000000,47.000000,36.000000,JULY_AUGUST_AUG_2015,0,0,0,0,0
20110313,14.80,42,57.00,D,JULY_AUGUST_AUG,2015,EXTRA,EC505,4.0,DIGITAL SIGNAL PROCESSING,90.000000,79.000000,68.000000,58.000000,47.000000,36.000000,JULY_AUGUST_AUG_2015,0,0,0,0,0
20121721,23.00,36,59.00,C,JULY_AUGUST_AUG,2015,EXTRA,EC505,4.0,DIGITAL SIGNAL PROCESSING,90.000000,79.000000,68.000000,58.000000,47.000000,36.000000,JULY_AUGUST_AUG_2015,0,0,0,0,0
20121727,38.60,33.5,73.00,B,JULY_AUGUST_AUG,2015,EXTRA,EC505,4.0,DIGITAL SIGNAL PROCESSING,90.000000,79.000000,68.000000,58.000000,47.000000,36.000000,JULY_AUGUST_AUG_2015,0,0,0,0,0
200912104,28.80,22.5,52.00,D,JULY_AUGUST_AUG,2015,EXTRA,EC505,4.0,DIGITAL SIGNAL PROCESSING,90.000000,79.000000,68.000000,58.000000,47.000000,36.000000,JULY_AUGUST_AUG_2015,0,0,0,0,0
201012100,35.40,28,64.00,C,JULY_AUGUST_AUG,2015,EXTRA,EC505,4.0,DIGITAL SIGNAL PROCESSING,90.000000,79.000000,68.000000,58.000000,47.000000,36.000000,JULY_AUGUST_AUG_2015,0,0,0,0,0
201112506,40.70,25,66.00,C,JULY_AUGUST_AUG,2015,EXTRA,EC505,4.0,DIGITAL SIGNAL PROCESSING,90.000000,79.000000,68.000000,58.000000,47.000000,36.000000,JULY_AUGUST_AUG_2015,0,0,0,0,0
