Reg_No,Internal,External,Total,Grade,Time,Year,Type,Code,Credit,Title,Cut-Off-S,Cut-Off-A,Cut-Off-B,Cut-Off-C,Cut-Off-D,Cut-Off-E,Directory,Absentees,Malpractices,Detentions,NA,appeared
20110034,31.85,06,38.00,E,JULY_AUGUST_AUG,2015,EXTRA,EC506,4.0,OBJECT ORIENTED PROGRAMMING,85.000000,75.000000,65.000000,55.000000,45.000000,35.000000,JULY_AUGUST_AUG_2015,0,0,0,0,0
20110234,23.70,13.5,38.00,E,JULY_AUGUST_AUG,2015,EXTRA,EC506,4.0,OBJECT ORIENTED PROGRAMMING,85.000000,75.000000,65.000000,55.000000,45.000000,35.000000,JULY_AUGUST_AUG_2015,0,0,0,0,0
20121721,21.00,14,35.00,E,JULY_AUGUST_AUG,2015,EXTRA,EC506,4.0,OBJECT ORIENTED PROGRAMMING,85.000000,75.000000,65.000000,55.000000,45.000000,35.000000,JULY_AUGUST_AUG_2015,0,0,0,0,0
20121727,36.30,20,57.00,C,JULY_AUGUST_AUG,2015,EXTRA,EC506,4.0,OBJECT ORIENTED PROGRAMMING,85.000000,75.000000,65.000000,55.000000,45.000000,35.000000,JULY_AUGUST_AUG_2015,0,0,0,0,0
20110152,38.70,20.5,60.00,C,JULY_AUGUST_AUG,2015,EXTRA,EC506,4.0,OBJECT ORIENTED PROGRAMMING,85.000000,75.000000,65.000000,55.000000,45.000000,35.000000,JULY_AUGUST_AUG_2015,0,0,0,0,0
20120585,22.40,12.5,35.00,E,JULY_AUGUST_AUG,2015,EXTRA,EC506,4.0,OBJECT ORIENTED PROGRAMMING,85.000000,75.000000,65.000000,55.000000,45.000000,35.000000,JULY_AUGUST_AUG_2015,0,0,0,0,0
