Reg_No,Internal,External,Total,Grade,Time,Year,Type,Code,Credit,Title,Cut-Off-S,Cut-Off-A,Cut-Off-B,Cut-Off-C,Cut-Off-D,Cut-Off-E,Directory,Absentees,Malpractices,Detentions,NA,appeared
20110152,30.20,10.5,41.00,E,JULY_AUGUST_AUG,2015,EXTRA,EC501,4.0,ANTENNA,87.000000,77.000000,66.000000,56.000000,45.000000,35.000000,JULY_AUGUST_AUG_2015,0,0,0,0,0
20120478,21.90,22,44.00,E,JULY_AUGUST_AUG,2015,EXTRA,EC501,4.0,ANTENNA,87.000000,77.000000,66.000000,56.000000,45.000000,35.000000,JULY_AUGUST_AUG_2015,0,0,0,0,0
20120571,11.40,AB,0.00,I,JULY_AUGUST_AUG,2015,EXTRA,EC501,4.0,ANTENNA,87.000000,77.000000,66.000000,56.000000,45.000000,35.000000,JULY_AUGUST_AUG_2015,0,0,0,0,0
201012022,18.50,34.5,53.00,D,JULY_AUGUST_AUG,2015,EXTRA,EC501,4.0,ANTENNA,87.000000,77.000000,66.000000,56.000000,45.000000,35.000000,JULY_AUGUST_AUG_2015,0,0,0,0,0
201312501,17.70,AB,0.00,I,JULY_AUGUST_AUG,2015,EXTRA,EC501,4.0,ANTENNA,87.000000,77.000000,66.000000,56.000000,45.000000,35.000000,JULY_AUGUST_AUG_2015,0,0,0,0,0
