Reg_No,Internal,External,Total,Grade,Time,Year,Type,Code,Credit,Title,Cut-Off-S,Cut-Off-A,Cut-Off-B,Cut-Off-C,Cut-Off-D,Cut-Off-E,Directory,Absentees,Malpractices,Detentions,NA,appeared
20110266,19.30,8,28.00,F,JULY_AUGUST_AUG,2015,EXTRA,EC601,4.0,MICROWAVE ENGINEERING _09 _ 12_,90.000000,79.000000,68.000000,57.000000,46.000000,35.000000,JULY_AUGUST_AUG_2015,0,0,0,0,0
20110304,16.00,30,46.00,D,JULY_AUGUST_AUG,2015,EXTRA,EC601,4.0,MICROWAVE ENGINEERING _09 _ 12_,90.000000,79.000000,68.000000,57.000000,46.000000,35.000000,JULY_AUGUST_AUG_2015,0,0,0,0,0
20120138,15.00,30,45.00,E,JULY_AUGUST_AUG,2015,EXTRA,EC601,4.0,MICROWAVE ENGINEERING _09 _ 12_,90.000000,79.000000,68.000000,57.000000,46.000000,35.000000,JULY_AUGUST_AUG_2015,0,0,0,0,0
20120255,33.00,27,60.00,C,JULY_AUGUST_AUG,2015,EXTRA,EC601,4.0,MICROWAVE ENGINEERING _09 _ 12_,90.000000,79.000000,68.000000,57.000000,46.000000,35.000000,JULY_AUGUST_AUG_2015,0,0,0,0,0
20120455,19.40,27.5,47.00,D,JULY_AUGUST_AUG,2015,EXTRA,EC601,4.0,MICROWAVE ENGINEERING _09 _ 12_,90.000000,79.000000,68.000000,57.000000,46.000000,35.000000,JULY_AUGUST_AUG_2015,0,0,0,0,0
20120478,20.45,23.5,44.00,E,JULY_AUGUST_AUG,2015,EXTRA,EC601,4.0,MICROWAVE ENGINEERING _09 _ 12_,90.000000,79.000000,68.000000,57.000000,46.000000,35.000000,JULY_AUGUST_AUG_2015,0,0,0,0,0
20120571,15.60,00,16.00,F,JULY_AUGUST_AUG,2015,EXTRA,EC601,4.0,MICROWAVE ENGINEERING _09 _ 12_,90.000000,79.000000,68.000000,57.000000,46.000000,35.000000,JULY_AUGUST_AUG_2015,0,0,0,0,0
200812133,20.00,2,22.00,F,JULY_AUGUST_AUG,2015,EXTRA,EC601,4.0,MICROWAVE ENGINEERING _09 _ 12_,90.000000,79.000000,68.000000,57.000000,46.000000,35.000000,JULY_AUGUST_AUG_2015,0,0,0,0,0
