Reg_No,Internal,External,Total,Grade,Time,Year,Type,Code,Credit,Title,Cut-Off-S,Cut-Off-A,Cut-Off-B,Cut-Off-C,Cut-Off-D,Cut-Off-E,Directory,Absentees,Malpractices,Detentions,NA,appeared
20110035,36.10,36.5,73.00,A,JULY_AUGUST_AUG,2015,EXTRA,EC702,4.0,ADAPTIVE SIGNAL PROCESSING,80.000000,71.000000,62.000000,53.000000,44.000000,35.000000,JULY_AUGUST_AUG_2015,0,0,0,0,0
20110062,8.30,26,35.00,E,JULY_AUGUST_AUG,2015,EXTRA,EC702,4.0,ADAPTIVE SIGNAL PROCESSING,80.000000,71.000000,62.000000,53.000000,44.000000,35.000000,JULY_AUGUST_AUG_2015,0,0,0,0,0
20110152,35.20,28,64.00,B,JULY_AUGUST_AUG,2015,EXTRA,EC702,4.0,ADAPTIVE SIGNAL PROCESSING,80.000000,71.000000,62.000000,53.000000,44.000000,35.000000,JULY_AUGUST_AUG_2015,0,0,0,0,0
20110247,36.80,28,65.00,B,JULY_AUGUST_AUG,2015,EXTRA,EC702,4.0,ADAPTIVE SIGNAL PROCESSING,80.000000,71.000000,62.000000,53.000000,44.000000,35.000000,JULY_AUGUST_AUG_2015,0,0,0,0,0
20110304,33.70,31,65.00,B,JULY_AUGUST_AUG,2015,EXTRA,EC702,4.0,ADAPTIVE SIGNAL PROCESSING,80.000000,71.000000,62.000000,53.000000,44.000000,35.000000,JULY_AUGUST_AUG_2015,0,0,0,0,0
20121722,23.60,25.5,50.00,D,JULY_AUGUST_AUG,2015,EXTRA,EC702,4.0,ADAPTIVE SIGNAL PROCESSING,80.000000,71.000000,62.000000,53.000000,44.000000,35.000000,JULY_AUGUST_AUG_2015,0,0,0,0,0
201112506,29.50,20.5,50.00,D,JULY_AUGUST_AUG,2015,EXTRA,EC702,4.0,ADAPTIVE SIGNAL PROCESSING,80.000000,71.000000,62.000000,53.000000,44.000000,35.000000,JULY_AUGUST_AUG_2015,0,0,0,0,0
