Reg_No,Internal,External,Total,Grade,Time,Year,Type,Code,Credit,Title,Cut-Off-S,Cut-Off-A,Cut-Off-B,Cut-Off-C,Cut-Off-D,Cut-Off-E,Directory,Absentees,Malpractices,Detentions,NA,appeared
20110312,16.00,AB,0.00,I,JULY_AUGUST_AUG,2015,EXTRA,EE1304,4.0,ELECTRICAL MEASUREMENT,87.000000,77.000000,66.000000,56.000000,45.000000,35.000000,JULY_AUGUST_AUG_2015,0,0,0,0,0
20110327,22.00,32,54.00,D,JULY_AUGUST_AUG,2015,EXTRA,EE1304,4.0,ELECTRICAL MEASUREMENT,87.000000,77.000000,66.000000,56.000000,45.000000,35.000000,JULY_AUGUST_AUG_2015,0,0,0,0,0
20120259,13.30,7.5,21.00,F,JULY_AUGUST_AUG,2015,EXTRA,EE1304,4.0,ELECTRICAL MEASUREMENT,87.000000,77.000000,66.000000,56.000000,45.000000,35.000000,JULY_AUGUST_AUG_2015,0,0,0,0,0
20120270,11.30,32.5,44.00,E,JULY_AUGUST_AUG,2015,EXTRA,EE1304,4.0,ELECTRICAL MEASUREMENT,87.000000,77.000000,66.000000,56.000000,45.000000,35.000000,JULY_AUGUST_AUG_2015,0,0,0,0,0
20120520,12.90,26,39.00,E,JULY_AUGUST_AUG,2015,EXTRA,EE1304,4.0,ELECTRICAL MEASUREMENT,87.000000,77.000000,66.000000,56.000000,45.000000,35.000000,JULY_AUGUST_AUG_2015,0,0,0,0,0
20130184,14.70,15.5,31.00,F,JULY_AUGUST_AUG,2015,EXTRA,EE1304,4.0,ELECTRICAL MEASUREMENT,87.000000,77.000000,66.000000,56.000000,45.000000,35.000000,JULY_AUGUST_AUG_2015,0,0,0,0,0
