Reg_No,Internal,External,Total,Grade,Time,Year,Type,Code,Credit,Title,Cut-Off-S,Cut-Off-A,Cut-Off-B,Cut-Off-C,Cut-Off-D,Cut-Off-E,Directory,Absentees,Malpractices,Detentions,NA,appeared
20120283,16.20,19,36.00,E,JULY_AUGUST_AUG,2015,EXTRA,EE1306,4.0,ANALOG ELECTRONIC CIRCUIT,90.000000,79.000000,68.000000,57.000000,46.000000,35.000000,JULY_AUGUST_AUG_2015,0,0,0,0,0
20120319,16.90,22.5,40.00,E,JULY_AUGUST_AUG,2015,EXTRA,EE1306,4.0,ANALOG ELECTRONIC CIRCUIT,90.000000,79.000000,68.000000,57.000000,46.000000,35.000000,JULY_AUGUST_AUG_2015,0,0,0,0,0
20120487,16.10,12.5,29.00,F,JULY_AUGUST_AUG,2015,EXTRA,EE1306,4.0,ANALOG ELECTRONIC CIRCUIT,90.000000,79.000000,68.000000,57.000000,46.000000,35.000000,JULY_AUGUST_AUG_2015,0,0,0,0,0
20120719,14.30,11,26.00,F,JULY_AUGUST_AUG,2015,EXTRA,EE1306,4.0,ANALOG ELECTRONIC CIRCUIT,90.000000,79.000000,68.000000,57.000000,46.000000,35.000000,JULY_AUGUST_AUG_2015,0,0,0,0,0
20130003,15.10,26.5,42.00,E,JULY_AUGUST_AUG,2015,EXTRA,EE1306,4.0,ANALOG ELECTRONIC CIRCUIT,90.000000,79.000000,68.000000,57.000000,46.000000,35.000000,JULY_AUGUST_AUG_2015,0,0,0,0,0
20130034,18.90,16.5,36.00,E,JULY_AUGUST_AUG,2015,EXTRA,EE1306,4.0,ANALOG ELECTRONIC CIRCUIT,90.000000,79.000000,68.000000,57.000000,46.000000,35.000000,JULY_AUGUST_AUG_2015,0,0,0,0,0
20130161,16.40,24.5,41.00,E,JULY_AUGUST_AUG,2015,EXTRA,EE1306,4.0,ANALOG ELECTRONIC CIRCUIT,90.000000,79.000000,68.000000,57.000000,46.000000,35.000000,JULY_AUGUST_AUG_2015,0,0,0,0,0
20130667,19.80,23.5,44.00,E,JULY_AUGUST_AUG,2015,EXTRA,EE1306,4.0,ANALOG ELECTRONIC CIRCUIT,90.000000,79.000000,68.000000,57.000000,46.000000,35.000000,JULY_AUGUST_AUG_2015,0,0,0,0,0
