Reg_No,Internal,External,Total,Grade,Time,Year,Type,Code,Credit,Title,Cut-Off-S,Cut-Off-A,Cut-Off-B,Cut-Off-C,Cut-Off-D,Cut-Off-E,Directory,Absentees,Malpractices,Detentions,NA,appeared
20120031,11.40,20.5,32.00,F,JULY_AUGUST_AUG,2015,EXTRA,EE1305,4.0,DIGITAL ELECTRONICS,80.000000,71.000000,62.000000,53.000000,44.000000,35.000000,JULY_AUGUST_AUG_2015,0,0,0,0,0
20120270,12.90,18.5,32.00,F,JULY_AUGUST_AUG,2015,EXTRA,EE1305,4.0,DIGITAL ELECTRONICS,80.000000,71.000000,62.000000,53.000000,44.000000,35.000000,JULY_AUGUST_AUG_2015,0,0,0,0,0
20130003,15.35,35.5,51.00,D,JULY_AUGUST_AUG,2015,EXTRA,EE1305,4.0,DIGITAL ELECTRONICS,80.000000,71.000000,62.000000,53.000000,44.000000,35.000000,JULY_AUGUST_AUG_2015,0,0,0,0,0
20130176,7.75,AB,0.00,I,JULY_AUGUST_AUG,2015,EXTRA,EE1305,4.0,DIGITAL ELECTRONICS,80.000000,71.000000,62.000000,53.000000,44.000000,35.000000,JULY_AUGUST_AUG_2015,0,0,0,0,0
20130165,10.10,15,26.00,F,JULY_AUGUST_AUG,2015,EXTRA,EE1305,4.0,DIGITAL ELECTRONICS,80.000000,71.000000,62.000000,53.000000,44.000000,35.000000,JULY_AUGUST_AUG_2015,0,0,0,0,0
