Reg_No,Internal,External,Total,Grade,Time,Year,Type,Code,Credit,Title,Cut-Off-S,Cut-Off-A,Cut-Off-B,Cut-Off-C,Cut-Off-D,Cut-Off-E,Directory,Absentees,Malpractices,Detentions,NA,appeared
20110085,17.20,28,46.00,E,JULY_AUGUST_AUG,2015,EXTRA,EE1302,4.0,CIRCUITS & NETWORKS _EE302_,90.000000,80.000000,70.000000,59.000000,49.000000,39.000000,JULY_AUGUST_AUG_2015,0,0,0,0,0
20110358,48.00,30.5,79.00,B,JULY_AUGUST_AUG,2015,EXTRA,EE1302,4.0,CIRCUITS & NETWORKS _EE302_,90.000000,80.000000,70.000000,59.000000,49.000000,39.000000,JULY_AUGUST_AUG_2015,0,0,0,0,0
20121751,45.70,23.5,70.00,B,JULY_AUGUST_AUG,2015,EXTRA,EE1302,4.0,CIRCUITS & NETWORKS _EE302_,90.000000,80.000000,70.000000,59.000000,49.000000,39.000000,JULY_AUGUST_AUG_2015,0,0,0,0,0
200913016,41.40,6.5,48.00,E,JULY_AUGUST_AUG,2015,EXTRA,EE1302,4.0,CIRCUITS & NETWORKS _EE302_,90.000000,80.000000,70.000000,59.000000,49.000000,39.000000,JULY_AUGUST_AUG_2015,0,0,0,0,0
201113508,19.70,AB,0.00,I,JULY_AUGUST_AUG,2015,EXTRA,EE1302,4.0,CIRCUITS & NETWORKS _EE302_,90.000000,80.000000,70.000000,59.000000,49.000000,39.000000,JULY_AUGUST_AUG_2015,0,0,0,0,0
