Reg_No,Internal,External,Total,Grade,Time,Year,Type,Code,Credit,Title,Cut-Off-S,Cut-Off-A,Cut-Off-B,Cut-Off-C,Cut-Off-D,Cut-Off-E,Directory,Absentees,Malpractices,Detentions,NA,appeared
20110167,19.50,39,59.00,C,JULY_AUGUST_AUG,2015,EXTRA,EE1404,4.0,ELECTRONICS MEAS. & INSTRUMENTATION,85.000000,75.000000,65.000000,55.000000,45.000000,35.000000,JULY_AUGUST_AUG_2015,0,0,0,0,0
20120283,18.80,30,49.00,D,JULY_AUGUST_AUG,2015,EXTRA,EE1404,4.0,ELECTRONICS MEAS. & INSTRUMENTATION,85.000000,75.000000,65.000000,55.000000,45.000000,35.000000,JULY_AUGUST_AUG_2015,0,0,0,0,0
20120719,17.10,18.5,36.00,E,JULY_AUGUST_AUG,2015,EXTRA,EE1404,4.0,ELECTRONICS MEAS. & INSTRUMENTATION,85.000000,75.000000,65.000000,55.000000,45.000000,35.000000,JULY_AUGUST_AUG_2015,0,0,0,0,0
20130034,11.80,32.5,45.00,D,JULY_AUGUST_AUG,2015,EXTRA,EE1404,4.0,ELECTRONICS MEAS. & INSTRUMENTATION,85.000000,75.000000,65.000000,55.000000,45.000000,35.000000,JULY_AUGUST_AUG_2015,0,0,0,0,0
20130071,11.10,33.5,45.00,D,JULY_AUGUST_AUG,2015,EXTRA,EE1404,4.0,ELECTRONICS MEAS. & INSTRUMENTATION,85.000000,75.000000,65.000000,55.000000,45.000000,35.000000,JULY_AUGUST_AUG_2015,0,0,0,0,0
20130161,12.00,08.5,21.00,F,JULY_AUGUST_AUG,2015,EXTRA,EE1404,4.0,ELECTRONICS MEAS. & INSTRUMENTATION,85.000000,75.000000,65.000000,55.000000,45.000000,35.000000,JULY_AUGUST_AUG_2015,0,0,0,0,0
20130749,15.10,26,42.00,E,JULY_AUGUST_AUG,2015,EXTRA,EE1404,4.0,ELECTRONICS MEAS. & INSTRUMENTATION,85.000000,75.000000,65.000000,55.000000,45.000000,35.000000,JULY_AUGUST_AUG_2015,0,0,0,0,0
20120487,11.80,25.5,38.00,E,JULY_AUGUST_AUG,2015,EXTRA,EE1404,4.0,ELECTRONICS MEAS. & INSTRUMENTATION,85.000000,75.000000,65.000000,55.000000,45.000000,35.000000,JULY_AUGUST_AUG_2015,0,0,0,0,0
