Reg_No,Internal,External,Total,Grade,Time,Year,Type,Code,Credit,Title,Cut-Off-S,Cut-Off-A,Cut-Off-B,Cut-Off-C,Cut-Off-D,Cut-Off-E,Directory,Absentees,Malpractices,Detentions,NA,appeared
20110373,30.60,15.5,47.00,D,JULY_AUGUST_AUG,2015,EXTRA,EE301,4.0,ENGINEERING MATHEMATICS III,83.000000,73.000000,64.000000,54.000000,45.000000,35.000000,JULY_AUGUST_AUG_2015,0,0,0,0,0
20110610,30.60,14.5,46.00,D,JULY_AUGUST_AUG,2015,EXTRA,EE301,4.0,ENGINEERING MATHEMATICS III,83.000000,73.000000,64.000000,54.000000,45.000000,35.000000,JULY_AUGUST_AUG_2015,0,0,0,0,0
20121743,30.30,19.5,50.00,D,JULY_AUGUST_AUG,2015,EXTRA,EE301,4.0,ENGINEERING MATHEMATICS III,83.000000,73.000000,64.000000,54.000000,45.000000,35.000000,JULY_AUGUST_AUG_2015,0,0,0,0,0
20121755,17.80,6.5,25.00,F,JULY_AUGUST_AUG,2015,EXTRA,EE301,4.0,ENGINEERING MATHEMATICS III,83.000000,73.000000,64.000000,54.000000,45.000000,35.000000,JULY_AUGUST_AUG_2015,0,0,0,0,0
200613026,0.00,DT,0.00,DT,JULY_AUGUST_AUG,2015,EXTRA,EE301,4.0,ENGINEERING MATHEMATICS III,83.000000,73.000000,64.000000,54.000000,45.000000,35.000000,JULY_AUGUST_AUG_2015,0,0,0,0,0
200913016,32.90,18.5,52.00,D,JULY_AUGUST_AUG,2015,EXTRA,EE301,4.0,ENGINEERING MATHEMATICS III,83.000000,73.000000,64.000000,54.000000,45.000000,35.000000,JULY_AUGUST_AUG_2015,0,0,0,0,0
200913055,19.50,1.5,21.00,F,JULY_AUGUST_AUG,2015,EXTRA,EE301,4.0,ENGINEERING MATHEMATICS III,83.000000,73.000000,64.000000,54.000000,45.000000,35.000000,JULY_AUGUST_AUG_2015,0,0,0,0,0
201113508,20.30,00,21.00,F,JULY_AUGUST_AUG,2015,EXTRA,EE301,4.0,ENGINEERING MATHEMATICS III,83.000000,73.000000,64.000000,54.000000,45.000000,35.000000,JULY_AUGUST_AUG_2015,0,0,0,0,0
20110085,21.30,06,28.00,F,JULY_AUGUST_AUG,2015,EXTRA,EE301,4.0,ENGINEERING MATHEMATICS III,83.000000,73.000000,64.000000,54.000000,45.000000,35.000000,JULY_AUGUST_AUG_2015,0,0,0,0,0
