Reg_No,Internal,External,Total,Grade,Time,Year,Type,Code,Credit,Title,Cut-Off-S,Cut-Off-A,Cut-Off-B,Cut-Off-C,Cut-Off-D,Cut-Off-E,Directory,Absentees,Malpractices,Detentions,NA,appeared
20110450,33.90,14.5,49.00,D,JULY_AUGUST_AUG,2015,EXTRA,IE301,4.0,ENGINEERING MATHEMATICS III,80.000000,71.000000,62.000000,53.000000,44.000000,35.000000,JULY_AUGUST_AUG_2015,0,0,0,0,0
20110492,24.65,9.5,35.00,E,JULY_AUGUST_AUG,2015,EXTRA,IE301,4.0,ENGINEERING MATHEMATICS III,80.000000,71.000000,62.000000,53.000000,44.000000,35.000000,JULY_AUGUST_AUG_2015,0,0,0,0,0
20110499,27.50,7,35.00,E,JULY_AUGUST_AUG,2015,EXTRA,IE301,4.0,ENGINEERING MATHEMATICS III,80.000000,71.000000,62.000000,53.000000,44.000000,35.000000,JULY_AUGUST_AUG_2015,0,0,0,0,0
20110550,29.50,16.5,46.00,D,JULY_AUGUST_AUG,2015,EXTRA,IE301,4.0,ENGINEERING MATHEMATICS III,80.000000,71.000000,62.000000,53.000000,44.000000,35.000000,JULY_AUGUST_AUG_2015,0,0,0,0,0
20110605,32.20,9.5,42.00,E,JULY_AUGUST_AUG,2015,EXTRA,IE301,4.0,ENGINEERING MATHEMATICS III,80.000000,71.000000,62.000000,53.000000,44.000000,35.000000,JULY_AUGUST_AUG_2015,0,0,0,0,0
200928013,23.80,13.5,38.00,E,JULY_AUGUST_AUG,2015,EXTRA,IE301,4.0,ENGINEERING MATHEMATICS III,80.000000,71.000000,62.000000,53.000000,44.000000,35.000000,JULY_AUGUST_AUG_2015,0,0,0,0,0
201028004,31.80,10.5,43.00,E,JULY_AUGUST_AUG,2015,EXTRA,IE301,4.0,ENGINEERING MATHEMATICS III,80.000000,71.000000,62.000000,53.000000,44.000000,35.000000,JULY_AUGUST_AUG_2015,0,0,0,0,0
201028018,30.00,15,45.00,D,JULY_AUGUST_AUG,2015,EXTRA,IE301,4.0,ENGINEERING MATHEMATICS III,80.000000,71.000000,62.000000,53.000000,44.000000,35.000000,JULY_AUGUST_AUG_2015,0,0,0,0,0
