Reg_No,Internal,External,Total,Grade,Time,Year,Type,Code,Credit,Title,Cut-Off-S,Cut-Off-A,Cut-Off-B,Cut-Off-C,Cut-Off-D,Cut-Off-E,Directory,Absentees,Malpractices,Detentions,NA,appeared
20110460,14.00,14,28.00,F,JULY_AUGUST_AUG,2015,EXTRA,IT401,4.0,PROBABILITY & STATISTICS _09_11_,80.000000,71.000000,62.000000,53.000000,44.000000,35.000000,JULY_AUGUST_AUG_2015,0,0,0,0,0
20110485,43.20,19.5,63.00,B,JULY_AUGUST_AUG,2015,EXTRA,IT401,4.0,PROBABILITY & STATISTICS _09_11_,80.000000,71.000000,62.000000,53.000000,44.000000,35.000000,JULY_AUGUST_AUG_2015,0,0,0,0,0
20121761,29.40,8,38.00,E,JULY_AUGUST_AUG,2015,EXTRA,IT401,4.0,PROBABILITY & STATISTICS _09_11_,80.000000,71.000000,62.000000,53.000000,44.000000,35.000000,JULY_AUGUST_AUG_2015,0,0,0,0,0
201014040,11.50,14.5,26.00,F,JULY_AUGUST_AUG,2015,EXTRA,IT401,4.0,PROBABILITY & STATISTICS _09_11_,80.000000,71.000000,62.000000,53.000000,44.000000,35.000000,JULY_AUGUST_AUG_2015,0,0,0,0,0
201014502,12.60,4,17.00,F,JULY_AUGUST_AUG,2015,EXTRA,IT401,4.0,PROBABILITY & STATISTICS _09_11_,80.000000,71.000000,62.000000,53.000000,44.000000,35.000000,JULY_AUGUST_AUG_2015,0,0,0,0,0
