Reg_No,Internal,External,Total,Grade,Time,Year,Type,Code,Credit,Title,Cut-Off-S,Cut-Off-A,Cut-Off-B,Cut-Off-C,Cut-Off-D,Cut-Off-E,Directory,Absentees,Malpractices,Detentions,NA,appeared
20110509,31.80,25.5,58.00,C,JULY_AUGUST_AUG,2015,EXTRA,IT503,4.0,MICROPROCESSOR,80.000000,71.000000,62.000000,53.000000,44.000000,35.000000,JULY_AUGUST_AUG_2015,0,0,0,0,0
20111105,30.25,20,51.00,D,JULY_AUGUST_AUG,2015,EXTRA,IT503,4.0,MICROPROCESSOR,80.000000,71.000000,62.000000,53.000000,44.000000,35.000000,JULY_AUGUST_AUG_2015,0,0,0,0,0
20120335,19.15,24.5,44.00,D,JULY_AUGUST_AUG,2015,EXTRA,IT503,4.0,MICROPROCESSOR,80.000000,71.000000,62.000000,53.000000,44.000000,35.000000,JULY_AUGUST_AUG_2015,0,0,0,0,0
201014006,31.80,28.5,61.00,C,JULY_AUGUST_AUG,2015,EXTRA,IT503,4.0,MICROPROCESSOR,80.000000,71.000000,62.000000,53.000000,44.000000,35.000000,JULY_AUGUST_AUG_2015,0,0,0,0,0
201014040,40.15,34.5,75.00,A,JULY_AUGUST_AUG,2015,EXTRA,IT503,4.0,MICROPROCESSOR,80.000000,71.000000,62.000000,53.000000,44.000000,35.000000,JULY_AUGUST_AUG_2015,0,0,0,0,0
201014051,20.45,6,27.00,F,JULY_AUGUST_AUG,2015,EXTRA,IT503,4.0,MICROPROCESSOR,80.000000,71.000000,62.000000,53.000000,44.000000,35.000000,JULY_AUGUST_AUG_2015,0,0,0,0,0
