Reg_No,Internal,External,Total,Grade,Time,Year,Type,Code,Credit,Title,Cut-Off-S,Cut-Off-A,Cut-Off-B,Cut-Off-C,Cut-Off-D,Cut-Off-E,Directory,Absentees,Malpractices,Detentions,NA,appeared
20110474,11.90,34,46.00,D,JULY_AUGUST_AUG,2015,EXTRA,IT603,4.0,MICROCONTROLLER,80.000000,71.000000,62.000000,53.000000,44.000000,35.000000,JULY_AUGUST_AUG_2015,0,0,0,0,0
20120267,18.00,36,54.00,C,JULY_AUGUST_AUG,2015,EXTRA,IT603,4.0,MICROCONTROLLER,80.000000,71.000000,62.000000,53.000000,44.000000,35.000000,JULY_AUGUST_AUG_2015,0,0,0,0,0
20120298,14.55,44,59.00,C,JULY_AUGUST_AUG,2015,EXTRA,IT603,4.0,MICROCONTROLLER,80.000000,71.000000,62.000000,53.000000,44.000000,35.000000,JULY_AUGUST_AUG_2015,0,0,0,0,0
20120453,19.10,39.5,59.00,C,JULY_AUGUST_AUG,2015,EXTRA,IT603,4.0,MICROCONTROLLER,80.000000,71.000000,62.000000,53.000000,44.000000,35.000000,JULY_AUGUST_AUG_2015,0,0,0,0,0
201014040,17.70,36.5,55.00,C,JULY_AUGUST_AUG,2015,EXTRA,IT603,4.0,MICROCONTROLLER,80.000000,71.000000,62.000000,53.000000,44.000000,35.000000,JULY_AUGUST_AUG_2015,0,0,0,0,0
