Reg_No,Internal,External,Total,Grade,Time,Year,Type,Code,Credit,Title,Cut-Off-S,Cut-Off-A,Cut-Off-B,Cut-Off-C,Cut-Off-D,Cut-Off-E,Directory,Absentees,Malpractices,Detentions,NA,appeared
20122417,16.20,15.5,32.00,F,JULY_AUGUST_AUG,2015,EXTRA,MA1205,4.0,BUSINESS MATHEMATICS _BBA201_,80.000000,71.000000,62.000000,53.000000,44.000000,35.000000,JULY_AUGUST_AUG_2015,0,0,0,0,0
20122430,14.00,9,23.00,F,JULY_AUGUST_AUG,2015,EXTRA,MA1205,4.0,BUSINESS MATHEMATICS _BBA201_,80.000000,71.000000,62.000000,53.000000,44.000000,35.000000,JULY_AUGUST_AUG_2015,0,0,0,0,0
20122433,15.00,19.5,35.00,E,JULY_AUGUST_AUG,2015,EXTRA,MA1205,4.0,BUSINESS MATHEMATICS _BBA201_,80.000000,71.000000,62.000000,53.000000,44.000000,35.000000,JULY_AUGUST_AUG_2015,0,0,0,0,0
20122435,16.30,15.5,32.00,F,JULY_AUGUST_AUG,2015,EXTRA,MA1205,4.0,BUSINESS MATHEMATICS _BBA201_,80.000000,71.000000,62.000000,53.000000,44.000000,35.000000,JULY_AUGUST_AUG_2015,0,0,0,0,0
20122444,13.20,2,16.00,F,JULY_AUGUST_AUG,2015,EXTRA,MA1205,4.0,BUSINESS MATHEMATICS _BBA201_,80.000000,71.000000,62.000000,53.000000,44.000000,35.000000,JULY_AUGUST_AUG_2015,0,0,0,0,0
20122448,19.30,21.5,41.00,E,JULY_AUGUST_AUG,2015,EXTRA,MA1205,4.0,BUSINESS MATHEMATICS _BBA201_,80.000000,71.000000,62.000000,53.000000,44.000000,35.000000,JULY_AUGUST_AUG_2015,0,0,0,0,0
20122452,18.20,29.5,48.00,D,JULY_AUGUST_AUG,2015,EXTRA,MA1205,4.0,BUSINESS MATHEMATICS _BBA201_,80.000000,71.000000,62.000000,53.000000,44.000000,35.000000,JULY_AUGUST_AUG_2015,0,0,0,0,0
201319033,9.60,19,29.00,F,JULY_AUGUST_AUG,2015,EXTRA,MA1205,4.0,BUSINESS MATHEMATICS _BBA201_,80.000000,71.000000,62.000000,53.000000,44.000000,35.000000,JULY_AUGUST_AUG_2015,0,0,0,0,0
201419011,17.70,12.5,31.00,F,JULY_AUGUST_AUG,2015,EXTRA,MA1205,4.0,BUSINESS MATHEMATICS _BBA201_,80.000000,71.000000,62.000000,53.000000,44.000000,35.000000,JULY_AUGUST_AUG_2015,0,0,0,0,0
