Reg_No,Internal,External,Total,Grade,Time,Year,Type,Code,Credit,Title,Cut-Off-S,Cut-Off-A,Cut-Off-B,Cut-Off-C,Cut-Off-D,Cut-Off-E,Directory,Absentees,Malpractices,Detentions,NA,appeared
20110392,29.60,15.5,46.00,D,JULY_AUGUST_AUG,2015,EXTRA,MA1301,4.0,ENGINEERING MATHEMATICS III _09_13_,80.000000,71.000000,62.000000,53.000000,44.000000,35.000000,JULY_AUGUST_AUG_2015,0,0,0,0,0
20120274,17.80,1,19.00,F,JULY_AUGUST_AUG,2015,EXTRA,MA1301,4.0,ENGINEERING MATHEMATICS III _09_13_,80.000000,71.000000,62.000000,53.000000,44.000000,35.000000,JULY_AUGUST_AUG_2015,0,0,0,0,0
20121804,20.60,18,39.00,E,JULY_AUGUST_AUG,2015,EXTRA,MA1301,4.0,ENGINEERING MATHEMATICS III _09_13_,80.000000,71.000000,62.000000,53.000000,44.000000,35.000000,JULY_AUGUST_AUG_2015,0,0,0,0,0
20121806,18.40,5,24.00,F,JULY_AUGUST_AUG,2015,EXTRA,MA1301,4.0,ENGINEERING MATHEMATICS III _09_13_,80.000000,71.000000,62.000000,53.000000,44.000000,35.000000,JULY_AUGUST_AUG_2015,0,0,0,0,0
20121810,19.50,AB,0.00,I,JULY_AUGUST_AUG,2015,EXTRA,MA1301,4.0,ENGINEERING MATHEMATICS III _09_13_,80.000000,71.000000,62.000000,53.000000,44.000000,35.000000,JULY_AUGUST_AUG_2015,0,0,0,0,0
20121812,20.40,6.5,27.00,F,JULY_AUGUST_AUG,2015,EXTRA,MA1301,4.0,ENGINEERING MATHEMATICS III _09_13_,80.000000,71.000000,62.000000,53.000000,44.000000,35.000000,JULY_AUGUST_AUG_2015,0,0,0,0,0
20130538,18.40,5.5,24.00,F,JULY_AUGUST_AUG,2015,EXTRA,MA1301,4.0,ENGINEERING MATHEMATICS III _09_13_,80.000000,71.000000,62.000000,53.000000,44.000000,35.000000,JULY_AUGUST_AUG_2015,0,0,0,0,0
201318502,17.90,AB,0.00,I,JULY_AUGUST_AUG,2015,EXTRA,MA1301,4.0,ENGINEERING MATHEMATICS III _09_13_,80.000000,71.000000,62.000000,53.000000,44.000000,35.000000,JULY_AUGUST_AUG_2015,0,0,0,0,0
201418502,12.50,12.5,25.00,F,JULY_AUGUST_AUG,2015,EXTRA,MA1301,4.0,ENGINEERING MATHEMATICS III _09_13_,80.000000,71.000000,62.000000,53.000000,44.000000,35.000000,JULY_AUGUST_AUG_2015,0,0,0,0,0
