Reg_No,Internal,External,Total,Grade,Time,Year,Type,Code,Credit,Title,Cut-Off-S,Cut-Off-A,Cut-Off-B,Cut-Off-C,Cut-Off-D,Cut-Off-E,Directory,Absentees,Malpractices,Detentions,NA,appeared
201421407,18.50,21,40.00,E,JULY_AUGUST_AUG,2015,EXTRA,MA2102,4.0,ALGEBRA,90.000000,80.000000,70.000000,60.000000,50.000000,40.000000,JULY_AUGUST_AUG_2015,0,0,0,0,0
201421409,17.10,17.5,35.00,F,JULY_AUGUST_AUG,2015,EXTRA,MA2102,4.0,ALGEBRA,90.000000,80.000000,70.000000,60.000000,50.000000,40.000000,JULY_AUGUST_AUG_2015,0,0,0,0,0
201421413,14.10,25,40.00,E,JULY_AUGUST_AUG,2015,EXTRA,MA2102,4.0,ALGEBRA,90.000000,80.000000,70.000000,60.000000,50.000000,40.000000,JULY_AUGUST_AUG_2015,0,0,0,0,0
201421415,14.30,AB,0.00,I,JULY_AUGUST_AUG,2015,EXTRA,MA2102,4.0,ALGEBRA,90.000000,80.000000,70.000000,60.000000,50.000000,40.000000,JULY_AUGUST_AUG_2015,0,0,0,0,0
201421418,17.40,13,31.00,F,JULY_AUGUST_AUG,2015,EXTRA,MA2102,4.0,ALGEBRA,90.000000,80.000000,70.000000,60.000000,50.000000,40.000000,JULY_AUGUST_AUG_2015,0,0,0,0,0
201121410,15.15,8.5,24.00,F,JULY_AUGUST_AUG,2015,EXTRA,MA2102,4.0,ALGEBRA,90.000000,80.000000,70.000000,60.000000,50.000000,40.000000,JULY_AUGUST_AUG_2015,0,0,0,0,0
