Reg_No,Internal,External,Total,Grade,Time,Year,Type,Code,Credit,Title,Cut-Off-S,Cut-Off-A,Cut-Off-B,Cut-Off-C,Cut-Off-D,Cut-Off-E,Directory,Absentees,Malpractices,Detentions,NA,appeared
201321405,26.10,13.5,40.00,E,JULY_AUGUST_AUG,2015,EXTRA,MA2204,4.0,TOPOLOGY _MMT204_,90.000000,80.000000,70.000000,60.000000,50.000000,40.000000,JULY_AUGUST_AUG_2015,0,0,0,0,0
201421409,19.80,20,40.00,E,JULY_AUGUST_AUG,2015,EXTRA,MA2204,4.0,TOPOLOGY _MMT204_,90.000000,80.000000,70.000000,60.000000,50.000000,40.000000,JULY_AUGUST_AUG_2015,0,0,0,0,0
201421411,19.80,20,40.00,E,JULY_AUGUST_AUG,2015,EXTRA,MA2204,4.0,TOPOLOGY _MMT204_,90.000000,80.000000,70.000000,60.000000,50.000000,40.000000,JULY_AUGUST_AUG_2015,0,0,0,0,0
201421412,19.60,16,36.00,F,JULY_AUGUST_AUG,2015,EXTRA,MA2204,4.0,TOPOLOGY _MMT204_,90.000000,80.000000,70.000000,60.000000,50.000000,40.000000,JULY_AUGUST_AUG_2015,0,0,0,0,0
201421413,20.00,30,50.00,D,JULY_AUGUST_AUG,2015,EXTRA,MA2204,4.0,TOPOLOGY _MMT204_,90.000000,80.000000,70.000000,60.000000,50.000000,40.000000,JULY_AUGUST_AUG_2015,0,0,0,0,0
201421415,15.90,3,19.00,F,JULY_AUGUST_AUG,2015,EXTRA,MA2204,4.0,TOPOLOGY _MMT204_,90.000000,80.000000,70.000000,60.000000,50.000000,40.000000,JULY_AUGUST_AUG_2015,0,0,0,0,0
201421416,18.00,16.5,35.00,F,JULY_AUGUST_AUG,2015,EXTRA,MA2204,4.0,TOPOLOGY _MMT204_,90.000000,80.000000,70.000000,60.000000,50.000000,40.000000,JULY_AUGUST_AUG_2015,0,0,0,0,0
