Reg_No,Internal,External,Total,Grade,Time,Year,Type,Code,Credit,Title,Cut-Off-S,Cut-Off-A,Cut-Off-B,Cut-Off-C,Cut-Off-D,Cut-Off-E,Directory,Absentees,Malpractices,Detentions,NA,appeared
201321405,20.60,30,51.00,D,JULY_AUGUST_AUG,2015,EXTRA,MA2203,4.0,FLUID MECHANICS,90.000000,80.000000,70.000000,60.000000,50.000000,40.000000,JULY_AUGUST_AUG_2015,0,0,0,0,0
201421409,20.90,20,41.00,E,JULY_AUGUST_AUG,2015,EXTRA,MA2203,4.0,FLUID MECHANICS,90.000000,80.000000,70.000000,60.000000,50.000000,40.000000,JULY_AUGUST_AUG_2015,0,0,0,0,0
201421412,24.50,12.5,37.00,F,JULY_AUGUST_AUG,2015,EXTRA,MA2203,4.0,FLUID MECHANICS,90.000000,80.000000,70.000000,60.000000,50.000000,40.000000,JULY_AUGUST_AUG_2015,0,0,0,0,0
201421415,13.60,AB,0.00,I,JULY_AUGUST_AUG,2015,EXTRA,MA2203,4.0,FLUID MECHANICS,90.000000,80.000000,70.000000,60.000000,50.000000,40.000000,JULY_AUGUST_AUG_2015,0,0,0,0,0
201421416,18.10,22,41.00,E,JULY_AUGUST_AUG,2015,EXTRA,MA2203,4.0,FLUID MECHANICS,90.000000,80.000000,70.000000,60.000000,50.000000,40.000000,JULY_AUGUST_AUG_2015,0,0,0,0,0
201421418,17.50,15,33.00,F,JULY_AUGUST_AUG,2015,EXTRA,MA2203,4.0,FLUID MECHANICS,90.000000,80.000000,70.000000,60.000000,50.000000,40.000000,JULY_AUGUST_AUG_2015,0,0,0,0,0
