Reg_No,Internal,External,Total,Grade,Time,Year,Type,Code,Credit,Title,Cut-Off-S,Cut-Off-A,Cut-Off-B,Cut-Off-C,Cut-Off-D,Cut-Off-E,Directory,Absentees,Malpractices,Detentions,NA,appeared
20130167,0.00,DT,0.00,DT,JULY_AUGUST_AUG,2015,EXTRA,ME1161,1.5,WORKSHOP PRACTICE LAB _REF CODE: COB208_,90.000000,82.000000,74.000000,66.000000,58.000000,50.000000,JULY_AUGUST_AUG_2015,0,0,0,0,0
20130016,0.00,DT,0.00,DT,JULY_AUGUST_AUG,2015,EXTRA,ME1161,1.5,WORKSHOP PRACTICE LAB _REF CODE: COB208_,90.000000,82.000000,74.000000,66.000000,58.000000,50.000000,JULY_AUGUST_AUG_2015,0,0,0,0,0
20140465,63.20,18,82.00,A,JULY_AUGUST_AUG,2015,EXTRA,ME1161,1.5,WORKSHOP PRACTICE LAB _REF CODE: COB208_,90.000000,82.000000,74.000000,66.000000,58.000000,50.000000,JULY_AUGUST_AUG_2015,0,0,0,0,0
20130456,63.46,17,81.00,B,JULY_AUGUST_AUG,2015,EXTRA,ME1161,1.5,WORKSHOP PRACTICE LAB _REF CODE: COB208_,90.000000,82.000000,74.000000,66.000000,58.000000,50.000000,JULY_AUGUST_AUG_2015,0,0,0,0,0
20120312,65.98,17,83.00,A,JULY_AUGUST_AUG,2015,EXTRA,ME1161,1.5,WORKSHOP PRACTICE LAB _REF CODE: COB208_,90.000000,82.000000,74.000000,66.000000,58.000000,50.000000,JULY_AUGUST_AUG_2015,0,0,0,0,0
20120260,64.66,19,84.00,A,JULY_AUGUST_AUG,2015,EXTRA,ME1161,1.5,WORKSHOP PRACTICE LAB _REF CODE: COB208_,90.000000,82.000000,74.000000,66.000000,58.000000,50.000000,JULY_AUGUST_AUG_2015,0,0,0,0,0
20120444,66.10,17,84.00,A,JULY_AUGUST_AUG,2015,EXTRA,ME1161,1.5,WORKSHOP PRACTICE LAB _REF CODE: COB208_,90.000000,82.000000,74.000000,66.000000,58.000000,50.000000,JULY_AUGUST_AUG_2015,0,0,0,0,0
20120096,61.46,18,80.00,B,JULY_AUGUST_AUG,2015,EXTRA,ME1161,1.5,WORKSHOP PRACTICE LAB _REF CODE: COB208_,90.000000,82.000000,74.000000,66.000000,58.000000,50.000000,JULY_AUGUST_AUG_2015,0,0,0,0,0
20120302,62.46,16,79.00,B,JULY_AUGUST_AUG,2015,EXTRA,ME1161,1.5,WORKSHOP PRACTICE LAB _REF CODE: COB208_,90.000000,82.000000,74.000000,66.000000,58.000000,50.000000,JULY_AUGUST_AUG_2015,0,0,0,0,0
