Reg_No,Internal,External,Total,Grade,Time,Year,Type,Code,Credit,Title,Cut-Off-S,Cut-Off-A,Cut-Off-B,Cut-Off-C,Cut-Off-D,Cut-Off-E,Directory,Absentees,Malpractices,Detentions,NA,appeared
20110093,31.30,17.5,49.00,D,JULY_AUGUST_AUG,2015,EXTRA,ME1303,4.0,MANUFACTURING PROCESS I _ME303_,90.000000,79.000000,68.000000,57.000000,46.000000,35.000000,JULY_AUGUST_AUG_2015,0,0,0,0,0
20110241,11.50,28,40.00,E,JULY_AUGUST_AUG,2015,EXTRA,ME1303,4.0,MANUFACTURING PROCESS I _ME303_,90.000000,79.000000,68.000000,57.000000,46.000000,35.000000,JULY_AUGUST_AUG_2015,0,0,0,0,0
20110276,35.90,35.5,72.00,B,JULY_AUGUST_AUG,2015,EXTRA,ME1303,4.0,MANUFACTURING PROCESS I _ME303_,90.000000,79.000000,68.000000,57.000000,46.000000,35.000000,JULY_AUGUST_AUG_2015,0,0,0,0,0
20110339,21.60,40.5,63.00,C,JULY_AUGUST_AUG,2015,EXTRA,ME1303,4.0,MANUFACTURING PROCESS I _ME303_,90.000000,79.000000,68.000000,57.000000,46.000000,35.000000,JULY_AUGUST_AUG_2015,0,0,0,0,0
20111008,38.00,35,73.00,B,JULY_AUGUST_AUG,2015,EXTRA,ME1303,4.0,MANUFACTURING PROCESS I _ME303_,90.000000,79.000000,68.000000,57.000000,46.000000,35.000000,JULY_AUGUST_AUG_2015,0,0,0,0,0
20130417,17.30,32,50.00,D,JULY_AUGUST_AUG,2015,EXTRA,ME1303,4.0,MANUFACTURING PROCESS I _ME303_,90.000000,79.000000,68.000000,57.000000,46.000000,35.000000,JULY_AUGUST_AUG_2015,0,0,0,0,0
20130493,24.50,29,54.00,D,JULY_AUGUST_AUG,2015,EXTRA,ME1303,4.0,MANUFACTURING PROCESS I _ME303_,90.000000,79.000000,68.000000,57.000000,46.000000,35.000000,JULY_AUGUST_AUG_2015,0,0,0,0,0
20130596,28.10,22,51.00,D,JULY_AUGUST_AUG,2015,EXTRA,ME1303,4.0,MANUFACTURING PROCESS I _ME303_,90.000000,79.000000,68.000000,57.000000,46.000000,35.000000,JULY_AUGUST_AUG_2015,0,0,0,0,0
