Reg_No,Internal,External,Total,Grade,Time,Year,Type,Code,Credit,Title,Cut-Off-S,Cut-Off-A,Cut-Off-B,Cut-Off-C,Cut-Off-D,Cut-Off-E,Directory,Absentees,Malpractices,Detentions,NA,appeared
20130099,36.70,39.5,77.00,B,JULY_AUGUST_AUG,2015,EXTRA,ME1405,4.0,MATERIAL SCIENCE _09_13_,90.000000,79.000000,68.000000,57.000000,46.000000,35.000000,JULY_AUGUST_AUG_2015,0,0,0,0,0
20130356,27.55,AB,0.00,I,JULY_AUGUST_AUG,2015,EXTRA,ME1405,4.0,MATERIAL SCIENCE _09_13_,90.000000,79.000000,68.000000,57.000000,46.000000,35.000000,JULY_AUGUST_AUG_2015,0,0,0,0,0
20130485,26.30,38.5,65.00,C,JULY_AUGUST_AUG,2015,EXTRA,ME1405,4.0,MATERIAL SCIENCE _09_13_,90.000000,79.000000,68.000000,57.000000,46.000000,35.000000,JULY_AUGUST_AUG_2015,0,0,0,0,0
20130493,15.15,25,41.00,E,JULY_AUGUST_AUG,2015,EXTRA,ME1405,4.0,MATERIAL SCIENCE _09_13_,90.000000,79.000000,68.000000,57.000000,46.000000,35.000000,JULY_AUGUST_AUG_2015,0,0,0,0,0
20130755,27.90,32.5,61.00,C,JULY_AUGUST_AUG,2015,EXTRA,ME1405,4.0,MATERIAL SCIENCE _09_13_,90.000000,79.000000,68.000000,57.000000,46.000000,35.000000,JULY_AUGUST_AUG_2015,0,0,0,0,0
201415504,10.80,24,35.00,E,JULY_AUGUST_AUG,2015,EXTRA,ME1405,4.0,MATERIAL SCIENCE _09_13_,90.000000,79.000000,68.000000,57.000000,46.000000,35.000000,JULY_AUGUST_AUG_2015,0,0,0,0,0
201415506,17.55,29.5,48.00,D,JULY_AUGUST_AUG,2015,EXTRA,ME1405,4.0,MATERIAL SCIENCE _09_13_,90.000000,79.000000,68.000000,57.000000,46.000000,35.000000,JULY_AUGUST_AUG_2015,0,0,0,0,0
201415508,12.50,AB,0.00,I,JULY_AUGUST_AUG,2015,EXTRA,ME1405,4.0,MATERIAL SCIENCE _09_13_,90.000000,79.000000,68.000000,57.000000,46.000000,35.000000,JULY_AUGUST_AUG_2015,0,0,0,0,0
