Reg_No,Internal,External,Total,Grade,Time,Year,Type,Code,Credit,Title,Cut-Off-S,Cut-Off-A,Cut-Off-B,Cut-Off-C,Cut-Off-D,Cut-Off-E,Directory,Absentees,Malpractices,Detentions,NA,appeared
20110100,28.80,21,50.00,D,JULY_AUGUST_AUG,2015,EXTRA,ME401,4.0,ENGINEERING MATHEMATICS IV _9_11_,86.000000,76.000000,66.000000,55.000000,45.000000,35.000000,JULY_AUGUST_AUG_2015,0,0,0,0,0
20110229,27.90,26.5,55.00,C,JULY_AUGUST_AUG,2015,EXTRA,ME401,4.0,ENGINEERING MATHEMATICS IV _9_11_,86.000000,76.000000,66.000000,55.000000,45.000000,35.000000,JULY_AUGUST_AUG_2015,0,0,0,0,0
20110241,16.70,21.5,39.00,E,JULY_AUGUST_AUG,2015,EXTRA,ME401,4.0,ENGINEERING MATHEMATICS IV _9_11_,86.000000,76.000000,66.000000,55.000000,45.000000,35.000000,JULY_AUGUST_AUG_2015,0,0,0,0,0
20121789,23.20,15,39.00,E,JULY_AUGUST_AUG,2015,EXTRA,ME401,4.0,ENGINEERING MATHEMATICS IV _9_11_,86.000000,76.000000,66.000000,55.000000,45.000000,35.000000,JULY_AUGUST_AUG_2015,0,0,0,0,0
20121791,21.50,18,40.00,E,JULY_AUGUST_AUG,2015,EXTRA,ME401,4.0,ENGINEERING MATHEMATICS IV _9_11_,86.000000,76.000000,66.000000,55.000000,45.000000,35.000000,JULY_AUGUST_AUG_2015,0,0,0,0,0
20121793,21.20,13.5,35.00,E,JULY_AUGUST_AUG,2015,EXTRA,ME401,4.0,ENGINEERING MATHEMATICS IV _9_11_,86.000000,76.000000,66.000000,55.000000,45.000000,35.000000,JULY_AUGUST_AUG_2015,0,0,0,0,0
201115501,29.30,18.5,48.00,D,JULY_AUGUST_AUG,2015,EXTRA,ME401,4.0,ENGINEERING MATHEMATICS IV _9_11_,86.000000,76.000000,66.000000,55.000000,45.000000,35.000000,JULY_AUGUST_AUG_2015,0,0,0,0,0
201115503,25.00,20,45.00,D,JULY_AUGUST_AUG,2015,EXTRA,ME401,4.0,ENGINEERING MATHEMATICS IV _9_11_,86.000000,76.000000,66.000000,55.000000,45.000000,35.000000,JULY_AUGUST_AUG_2015,0,0,0,0,0
