Reg_No,Internal,External,Total,Grade,Time,Year,Type,Code,Credit,Title,Cut-Off-S,Cut-Off-A,Cut-Off-B,Cut-Off-C,Cut-Off-D,Cut-Off-E,Directory,Absentees,Malpractices,Detentions,NA,appeared
20110093,39.60,02,42.00,E,JULY_AUGUST_AUG,2015,EXTRA,ME506,4.0,MECHANICS OF SOLID II _11 12__MECHANICS OF SOLID _07_10_,90.000000,79.000000,68.000000,57.000000,46.000000,35.000000,JULY_AUGUST_AUG_2015,0,0,0,0,0
20110100,16.60,23.5,41.00,E,JULY_AUGUST_AUG,2015,EXTRA,ME506,4.0,MECHANICS OF SOLID II _11 12__MECHANICS OF SOLID _07_10_,90.000000,79.000000,68.000000,57.000000,46.000000,35.000000,JULY_AUGUST_AUG_2015,0,0,0,0,0
20110122,25.30,32.5,58.00,C,JULY_AUGUST_AUG,2015,EXTRA,ME506,4.0,MECHANICS OF SOLID II _11 12__MECHANICS OF SOLID _07_10_,90.000000,79.000000,68.000000,57.000000,46.000000,35.000000,JULY_AUGUST_AUG_2015,0,0,0,0,0
20110535,22.50,28.5,51.00,D,JULY_AUGUST_AUG,2015,EXTRA,ME506,4.0,MECHANICS OF SOLID II _11 12__MECHANICS OF SOLID _07_10_,90.000000,79.000000,68.000000,57.000000,46.000000,35.000000,JULY_AUGUST_AUG_2015,0,0,0,0,0
20120175,18.50,16,35.00,E,JULY_AUGUST_AUG,2015,EXTRA,ME506,4.0,MECHANICS OF SOLID II _11 12__MECHANICS OF SOLID _07_10_,90.000000,79.000000,68.000000,57.000000,46.000000,35.000000,JULY_AUGUST_AUG_2015,0,0,0,0,0
20120672,18.50,08,27.00,F,JULY_AUGUST_AUG,2015,EXTRA,ME506,4.0,MECHANICS OF SOLID II _11 12__MECHANICS OF SOLID _07_10_,90.000000,79.000000,68.000000,57.000000,46.000000,35.000000,JULY_AUGUST_AUG_2015,0,0,0,0,0
201115501,18.70,28,47.00,D,JULY_AUGUST_AUG,2015,EXTRA,ME506,4.0,MECHANICS OF SOLID II _11 12__MECHANICS OF SOLID _07_10_,90.000000,79.000000,68.000000,57.000000,46.000000,35.000000,JULY_AUGUST_AUG_2015,0,0,0,0,0
201115503,33.80,14.5,49.00,D,JULY_AUGUST_AUG,2015,EXTRA,ME506,4.0,MECHANICS OF SOLID II _11 12__MECHANICS OF SOLID _07_10_,90.000000,79.000000,68.000000,57.000000,46.000000,35.000000,JULY_AUGUST_AUG_2015,0,0,0,0,0
