Reg_No,Internal,External,Total,Grade,Time,Year,Type,Code,Credit,Title,Cut-Off-S,Cut-Off-A,Cut-Off-B,Cut-Off-C,Cut-Off-D,Cut-Off-E,Directory,Absentees,Malpractices,Detentions,NA,appeared
20110100,23.40,23,47.00,D,JULY_AUGUST_AUG,2015,EXTRA,ME603,4.0,MACHINE DESIGN II,90.000000,79.000000,68.000000,57.000000,46.000000,35.000000,JULY_AUGUST_AUG_2015,0,0,0,0,0
20110229,25.30,27,53.00,D,JULY_AUGUST_AUG,2015,EXTRA,ME603,4.0,MACHINE DESIGN II,90.000000,79.000000,68.000000,57.000000,46.000000,35.000000,JULY_AUGUST_AUG_2015,0,0,0,0,0
20110235,45.50,39.5,85.00,A,JULY_AUGUST_AUG,2015,EXTRA,ME603,4.0,MACHINE DESIGN II,90.000000,79.000000,68.000000,57.000000,46.000000,35.000000,JULY_AUGUST_AUG_2015,0,0,0,0,0
20120363,24.30,16.5,41.00,E,JULY_AUGUST_AUG,2015,EXTRA,ME603,4.0,MACHINE DESIGN II,90.000000,79.000000,68.000000,57.000000,46.000000,35.000000,JULY_AUGUST_AUG_2015,0,0,0,0,0
201115501,39.90,10,50.00,D,JULY_AUGUST_AUG,2015,EXTRA,ME603,4.0,MACHINE DESIGN II,90.000000,79.000000,68.000000,57.000000,46.000000,35.000000,JULY_AUGUST_AUG_2015,0,0,0,0,0
