Reg_No,Internal,External,Total,Grade,Time,Year,Type,Code,Credit,Title,Cut-Off-S,Cut-Off-A,Cut-Off-B,Cut-Off-C,Cut-Off-D,Cut-Off-E,Directory,Absentees,Malpractices,Detentions,NA,appeared
20111012,26.38,17,44.00,E,JULY_AUGUST_AUG,2015,EXTRA,ME602,4.0,APPLIED THERMODYNAMICS II,90.000000,79.000000,68.000000,57.000000,46.000000,35.000000,JULY_AUGUST_AUG_2015,0,0,0,0,0
20120363,15.23,4,20.00,F,JULY_AUGUST_AUG,2015,EXTRA,ME602,4.0,APPLIED THERMODYNAMICS II,90.000000,79.000000,68.000000,57.000000,46.000000,35.000000,JULY_AUGUST_AUG_2015,0,0,0,0,0
201315501,18.49,6.5,25.00,F,JULY_AUGUST_AUG,2015,EXTRA,ME602,4.0,APPLIED THERMODYNAMICS II,90.000000,79.000000,68.000000,57.000000,46.000000,35.000000,JULY_AUGUST_AUG_2015,0,0,0,0,0
201315503,27.65,26.5,55.00,D,JULY_AUGUST_AUG,2015,EXTRA,ME602,4.0,APPLIED THERMODYNAMICS II,90.000000,79.000000,68.000000,57.000000,46.000000,35.000000,JULY_AUGUST_AUG_2015,0,0,0,0,0
201315504,29.35,23.75,54.00,D,JULY_AUGUST_AUG,2015,EXTRA,ME602,4.0,APPLIED THERMODYNAMICS II,90.000000,79.000000,68.000000,57.000000,46.000000,35.000000,JULY_AUGUST_AUG_2015,0,0,0,0,0
201315505,18.45,18.75,38.00,E,JULY_AUGUST_AUG,2015,EXTRA,ME602,4.0,APPLIED THERMODYNAMICS II,90.000000,79.000000,68.000000,57.000000,46.000000,35.000000,JULY_AUGUST_AUG_2015,0,0,0,0,0
201315507,28.20,23.75,52.00,D,JULY_AUGUST_AUG,2015,EXTRA,ME602,4.0,APPLIED THERMODYNAMICS II,90.000000,79.000000,68.000000,57.000000,46.000000,35.000000,JULY_AUGUST_AUG_2015,0,0,0,0,0
